X,Y,NAD_X,NAD_Y,FC,HFI,pop
456469.765,5392969.168,2423286.089,632333.0566,0.987323378,1576.139904,0
457469.765,5392969.168,2426564.051,632496.6944,0.979468153,1205.640337,0
458469.765,5392969.168,2429842.018,632660.3273,0.990847769,1511.687603,0
459469.765,5392969.168,2433119.988,632823.9552,0.953257938,2366.719039,0
460469.765,5392969.168,2436397.961,632987.5781,0.83537105,2138.9568,0
461469.765,5392969.168,2439675.938,633151.196,0.84943258,1339.007074,0
462469.765,5392969.168,2442953.919,633314.8089,0.974217484,2942.054348,0
463469.765,5392969.168,2446231.902,633478.4169,0.882765118,2740.15204,0
454469.765,5391969.168,2416893.823,628727.8156,0.978054483,989.7776157,0
455469.765,5391969.168,2420171.773,628891.4595,0.991589986,1758.012944,0
456469.765,5391969.168,2423449.727,629055.0984,0.985911956,1934.285324,0
457469.765,5391969.168,2426727.685,629218.7324,0.989877353,1727.063058,0
458469.765,5391969.168,2430005.646,629382.3616,0.997215831,1572.05268,0
459469.765,5391969.168,2433283.611,629545.9859,0.996718008,1564.01477,0
460469.765,5391969.168,2436561.58,629709.6053,0.931292653,1618.713034,0
461469.765,5391969.168,2439839.552,629873.2198,0.938772334,2316.60438,0
462469.765,5391969.168,2443117.527,630036.8294,0.957291228,3508.037347,0
463469.765,5391969.168,2446395.506,630200.434,0.903484189,3092.289982,0
464469.765,5391969.168,2449673.488,630364.0338,0.900204779,2589.408174,0
465469.765,5391969.168,2452951.473,630527.6287,0.894241505,3197.174574,0
452469.765,5390969.168,2410501.589,625122.5759,0.982504179,2388.622996,0
453469.765,5390969.168,2413779.526,625286.2254,0.968276508,2529.813331,0
454469.765,5390969.168,2417057.468,625449.8701,0.968060056,1615.760255,0
455469.765,5390969.168,2420335.413,625613.5099,0.985191391,1175.431909,0.039276574
456469.765,5390969.168,2423613.362,625777.145,0.977852149,771.2610442,0.039276574
457469.765,5390969.168,2426891.315,625940.7753,0.983745422,731.9201604,0
458469.765,5390969.168,2430169.271,626104.4008,0.995133582,395.4215222,0
459469.765,5390969.168,2433447.231,626268.0215,0.999803514,235.189071,0
460469.765,5390969.168,2436725.195,626431.6374,0.998113712,295.6279621,0
461469.765,5390969.168,2440003.162,626595.2485,0.992476483,1047.37222,0
462469.765,5390969.168,2443281.133,626758.8547,0.956062128,2168.924604,0
463469.765,5390969.168,2446559.107,626922.4561,0.948660804,2762.39136,0
464469.765,5390969.168,2449837.084,627086.0527,0.872384816,3481.579187,0
465469.765,5390969.168,2453115.064,627249.6444,0.801749602,4518.717071,0
466469.765,5390969.168,2456393.047,627413.2314,0.878286345,3842.171314,0
467469.765,5390969.168,2459671.034,627576.8134,0.960326084,2010.385654,0.122539192
451469.765,5389969.168,2407387.311,621680.9931,0.860470045,3843.385274,0
452469.765,5389969.168,2410665.239,621844.6432,0.921535132,4042.690515,0
453469.765,5389969.168,2413943.172,622008.2886,0.973139433,2630.046656,0
454469.765,5389969.168,2417221.108,622171.9292,0.994816355,1261.700401,0
455469.765,5389969.168,2420499.048,622335.5652,0.986165923,256.6275082,0.039276574
456469.765,5389969.168,2423776.993,622499.1965,0.98427559,48.86611872,0
457469.765,5389969.168,2427054.941,622662.823,0.995166431,382.3722202,0
458469.765,5389969.168,2430332.892,622826.4448,0.991780687,738.4500729,0
459469.765,5389969.168,2433610.848,622990.0619,0.998944071,568.9479053,0
460469.765,5389969.168,2436888.807,623153.6743,0.999637323,72.80568203,0
461469.765,5389969.168,2440166.769,623317.282,0.999191955,196.8752731,0
462469.765,5389969.168,2443444.735,623480.8849,0.995608414,1034.593146,0.26639998
463469.765,5389969.168,2446722.704,623644.483,0.968187377,2430.654946,0
464469.765,5389969.168,2450000.676,623808.0764,0.815851532,3833.680816,0.069661155
465469.765,5389969.168,2453278.652,623971.6651,0.720239651,3651.457112,0
466469.765,5389969.168,2456556.63,624135.249,0.841969315,3047.261939,0
467469.765,5389969.168,2459834.612,624298.8281,0.924367653,1951.532664,0
468469.765,5389969.168,2463112.596,624462.4025,0.95979806,502.8536763,0
415469.765,5388969.168,2289549.134,612508.7836,0.756400479,754.46102,2.66E-13
416469.765,5388969.168,2292826.855,612672.5924,0.806599863,1189.168275,3.901957038
417469.765,5388969.168,2296104.584,612836.3968,0.764183787,3688.297868,21.13647938
418469.765,5388969.168,2299382.319,613000.1967,0.22887744,2905.327438,32.60948586
419469.765,5388969.168,2302660.061,613163.9921,0.06837213,2131.317634,0
420469.765,5388969.168,2305937.811,613327.7831,0.556845431,4011.236045,0.136331145
450469.765,5388969.168,2404273.042,618239.4187,0.860538759,4053.509936,0
451469.765,5388969.168,2407550.961,618403.0692,0.766264002,4623.522056,0
452469.765,5388969.168,2410828.885,618566.7151,0.857174694,4252.84175,0
453469.765,5388969.168,2414106.813,618730.3565,0.997920987,1724.719701,0
454469.765,5388969.168,2417384.744,618893.9931,0.996892071,1419.023519,0
455469.765,5388969.168,2420662.68,619057.6252,0.984001862,1183.78226,0
456469.765,5388969.168,2423940.62,619221.2526,0.970800265,627.8986511,0
457469.765,5388969.168,2427218.563,619384.8754,0.98640581,1290.132701,0.509961575
458469.765,5388969.168,2430496.51,619548.4936,0.981880049,1964.046986,0.509961575
459469.765,5388969.168,2433774.461,619712.1071,0.998526392,1590.928259,0
460469.765,5388969.168,2437052.415,619875.716,1,821.682638,0
461469.765,5388969.168,2440330.373,620039.3202,0.990091489,1610.148297,1.243052959
462469.765,5388969.168,2443608.334,620202.9198,0.944323281,3550.993981,1.670687795
463469.765,5388969.168,2446886.298,620366.5147,0.902840901,4124.9144,0.959824377
464469.765,5388969.168,2450164.266,620530.1049,0.888203405,3743.997995,0.069661155
465469.765,5388969.168,2453442.237,620693.6904,0.854311305,2221.075269,0
466469.765,5388969.168,2456720.21,620857.2713,0.923135788,2733.194789,0
467469.765,5388969.168,2459998.187,621020.8475,0.974338985,1829.890975,0
468469.765,5388969.168,2463276.167,621184.419,0.953225699,516.0876617,0
469469.765,5388969.168,2466554.149,621347.9859,0.926882568,354.2383382,0
412469.765,5387969.168,2279879.833,608739.6367,0.808306007,2795.004192,0
413469.765,5387969.168,2283157.528,608903.4515,0.819054335,1306.806957,0.005525378
414469.765,5387969.168,2286435.231,609067.2619,0.814701469,342.799016,0.173648185
415469.765,5387969.168,2289712.941,609231.0679,0.626295794,143.5823615,0.289166421
416469.765,5387969.168,2292990.658,609394.8696,0.75662014,1180.884903,13.50953476
417469.765,5387969.168,2296268.382,609558.6669,0.582013785,3939.150583,13.95804439
418469.765,5387969.168,2299546.113,609722.4599,0.099110161,2465.527525,2.29587644
419469.765,5387969.168,2302823.851,609886.2486,0.033183321,1674.450082,0
420469.765,5387969.168,2306101.596,610050.0328,0.489624465,4098.360898,1.173341534
421469.765,5387969.168,2309379.347,610213.8127,0.927440386,2952.553956,2.2752648
422469.765,5387969.168,2312657.106,610377.5882,0.994574054,2070.075032,0.223422337
450469.765,5387969.168,2404436.692,614961.5036,0.969259442,3394.720489,0
451469.765,5387969.168,2407714.607,615125.1499,0.907468619,3235.03048,0
452469.765,5387969.168,2410992.526,615288.7917,0.961137459,2585.488419,0
453469.765,5387969.168,2414270.45,615452.429,0.997424772,892.6735289,0
454469.765,5387969.168,2417548.377,615616.0617,0.993191846,1328.172803,0
455469.765,5387969.168,2420826.308,615779.6898,0.98053365,1993.665695,0
456469.765,5387969.168,2424104.243,615943.3134,0.973045536,1705.640853,0
457469.765,5387969.168,2427382.182,616106.9325,0.983287106,1815.358965,0.509961575
458469.765,5387969.168,2430660.124,616270.547,0.988133707,2463.699909,0.241308808
459469.765,5387969.168,2433938.07,616434.1569,0.998722025,2479.952633,2.29E-24
460469.765,5387969.168,2437216.02,616597.7623,0.984658106,2854.1793,2.67E-13
461469.765,5387969.168,2440493.973,616761.3631,0.923336064,3922.893567,0.957807578
462469.765,5387969.168,2443771.929,616924.9593,0.914602366,3847.631819,1.454748114
463469.765,5387969.168,2447049.889,617088.551,0.932463599,2149.531193,1.751618187
464469.765,5387969.168,2450327.852,617252.138,0.987712332,1136.335403,0
465469.765,5387969.168,2453605.818,617415.7205,0.929346112,1043.813695,0
466469.765,5387969.168,2456883.787,617579.2984,0.894769575,1997.172954,0
467469.765,5387969.168,2460161.76,617742.8716,0.961716917,1009.799089,0
468469.765,5387969.168,2463439.735,617906.4403,0.978431455,273.7610716,0
469469.765,5387969.168,2466717.712,618070.0044,0.96504001,426.3416545,0
470469.765,5387969.168,2469995.693,618233.5638,0.986033908,532.5378167,0
411469.765,5386969.168,2276765.962,605298.1354,0.944677466,1751.046647,0
412469.765,5386969.168,2280043.646,605461.9471,0.890821981,942.2331087,0
413469.765,5386969.168,2283321.337,605625.7545,0.896492607,785.4784985,3.29E-13
414469.765,5386969.168,2286599.036,605789.5576,0.820163003,427.570438,0.190852493
415469.765,5386969.168,2289876.741,605953.3565,0.725403764,317.3491513,0.254469991
416469.765,5386969.168,2293154.454,606117.1511,0.773424339,2858.523705,3.921457177
417469.765,5386969.168,2296432.174,606280.9415,0.453171834,5488.653482,13.52665087
418469.765,5386969.168,2299709.901,606444.7276,0.192857932,3148.950246,18.76920721
419469.765,5386969.168,2302987.634,606608.5094,0.055498833,1474.017678,3.783897976
420469.765,5386969.168,2306265.375,606772.2869,0.354145534,4161.143847,1.113458828
421469.765,5386969.168,2309543.122,606936.0601,0.836986862,3755.624499,7.300987543
422469.765,5386969.168,2312820.876,607099.829,0.961507024,1459.588739,1.682327509
423469.765,5386969.168,2316098.636,607263.5936,0.948661605,2128.691075,0.15394865
424469.765,5386969.168,2319376.403,607427.3539,0.928410208,1972.321864,4.723232786
425469.765,5386969.168,2322654.176,607591.1099,0.899991388,2034.362691,2.582815462
426469.765,5386969.168,2325931.955,607754.8616,0.84155753,1821.691002,1.088677014
427469.765,5386969.168,2329209.741,607918.6089,0.894264531,1824.400693,1.312982842
428469.765,5386969.168,2332487.533,608082.352,0.937682698,2164.441547,0.918021171
429469.765,5386969.168,2335765.33,608246.0907,0.931946374,1503.762712,1.51017189
430469.765,5386969.168,2339043.134,608409.825,0.778304567,3068.602515,25.88022331
431469.765,5386969.168,2342320.944,608573.555,0.362488958,5439.476399,23.91442422
432469.765,5386969.168,2345598.759,608737.2807,0.498165996,4112.927687,4.81972998
433469.765,5386969.168,2348876.581,608901.002,0.814458453,2453.389031,2.334415581
434469.765,5386969.168,2352154.407,609064.7189,0.855761484,2434.79519,1.417654639
435469.765,5386969.168,2355432.24,609228.4315,0.798037061,1249.30922,0.148758582
436469.765,5386969.168,2358710.078,609392.1397,0.71261708,13.16037908,0
449469.765,5386969.168,2401322.433,611519.9466,0.986761605,2061.676755,0
450469.765,5386969.168,2404600.339,611683.5931,0.991348606,3517.359007,0
451469.765,5386969.168,2407878.249,611847.2352,0.98753528,3035.798942,0
452469.765,5386969.168,2411156.164,612010.8728,0.983124897,1543.752963,0
453469.765,5386969.168,2414434.082,612174.506,0.998028431,559.0300875,0
454469.765,5386969.168,2417712.005,612338.1347,0.969268631,841.90924,0
455469.765,5386969.168,2420989.932,612501.759,0.959466649,924.73689,0
456469.765,5386969.168,2424267.862,612665.3788,0.989953412,1269.624453,0
457469.765,5386969.168,2427545.797,612828.9941,0.998118711,1968.203609,0
458469.765,5386969.168,2430823.735,612992.6049,0.999313446,2367.511399,0.241308808
459469.765,5386969.168,2434101.676,613156.2113,0.962543654,3362.223579,2.060513973
460469.765,5386969.168,2437379.621,613319.8132,0.852372867,4479.757239,2.667376722
461469.765,5386969.168,2440657.57,613483.4106,0.828372208,3727.984147,0.73233549
462469.765,5386969.168,2443935.522,613647.0035,0.886748818,2018.55884,0.819161206
463469.765,5386969.168,2447213.477,613810.5919,0.984496713,1112.422003,0
464469.765,5386969.168,2450491.435,613974.1758,1,169.5259799,0
465469.765,5386969.168,2453769.397,614137.7551,0.979922494,266.4367711,0
466469.765,5386969.168,2457047.362,614301.33,0.939653475,746.564663,0
467469.765,5386969.168,2460325.329,614464.9004,0.993357455,143.3353981,0
468469.765,5386969.168,2463603.3,614628.4662,0.987756309,3.516217201,0
469469.765,5386969.168,2466881.273,614792.0275,0.980112209,110.5631723,0
470469.765,5386969.168,2470159.249,614955.5843,0.968346623,214.4582117,0
410469.765,5385969.168,2273652.1,601856.6489,0.998717786,2438.017678,0
411469.765,5385969.168,2276929.772,602020.4573,0.985567067,1896.366138,0
412469.765,5385969.168,2280207.452,602184.2616,0.94836803,1082.92723,0
413469.765,5385969.168,2283485.139,602348.0617,0.9716509,881.4258888,3.29E-13
414469.765,5385969.168,2286762.833,602511.8576,0.974966705,724.722131,0.190852493
415469.765,5385969.168,2290040.534,602675.6494,0.922568041,1663.295276,3.670048036
416469.765,5385969.168,2293318.243,602839.4369,0.712226998,4490.022263,12.12055177
417469.765,5385969.168,2296595.959,603003.2203,0.305357007,7126.590197,32.7139581
418469.765,5385969.168,2299873.681,603166.9995,0.387211882,6508.414239,35.51026149
419469.765,5385969.168,2303151.411,603330.7744,0.266600118,3181.039141,5.539075375
420469.765,5385969.168,2306429.147,603494.5452,0.26686013,4596.979588,11.12505817
421469.765,5385969.168,2309706.89,603658.3118,0.689125743,4718.690303,12.5860061
422469.765,5385969.168,2312984.639,603822.0741,0.901372355,2734.559118,1.357228365
423469.765,5385969.168,2316262.395,603985.8322,0.787612798,2208.194424,2.808929756
424469.765,5385969.168,2319540.158,604149.5861,0.775560803,2097.226958,7.697164464
425469.765,5385969.168,2322817.926,604313.3358,0.729158506,2387.921072,6.772205642
426469.765,5385969.168,2326095.702,604477.0812,0.668764165,2025.236453,1.774021174
427469.765,5385969.168,2329373.483,604640.8224,0.753073096,2472.434568,1.187770176
428469.765,5385969.168,2332651.27,604804.5593,0.894763366,1909.453783,0.19234284
429469.765,5385969.168,2335929.064,604968.292,0.946862405,1208.686896,0.278744357
430469.765,5385969.168,2339206.863,605132.0204,0.828387574,2637.285116,10.8290352
431469.765,5385969.168,2342484.669,605295.7446,0.522865487,3861.96612,16.17287548
432469.765,5385969.168,2345762.48,605459.4645,0.769188335,2468.16773,3.815446524
433469.765,5385969.168,2349040.297,605623.1801,0.95798209,2733.908876,1.206450681
434469.765,5385969.168,2352318.119,605786.8914,0.864353437,1967.49143,0.968645201
435469.765,5385969.168,2355595.948,605950.5985,0.732429675,414.2596171,0.004956441
436469.765,5385969.168,2358873.781,606114.3013,0.741845966,145.9099854,0
437469.765,5385969.168,2362151.62,606277.9997,0.809760866,837.5995261,6.096725464
438469.765,5385969.168,2365429.464,606441.6939,0.887900241,961.5033741,3.775372863
449469.765,5385969.168,2401486.079,608242.0448,0.876247534,3706.758106,0
450469.765,5385969.168,2404763.981,608405.687,0.932616938,4462.589865,0
451469.765,5385969.168,2408041.887,608569.3249,0.911839616,4075.776765,0
452469.765,5385969.168,2411319.797,608732.9584,0.950250331,1135.999453,0
453469.765,5385969.168,2414597.711,608896.5875,0.998783896,592.9795844,0
454469.765,5385969.168,2417875.63,609060.2123,0.976064927,941.9077988,0
455469.765,5385969.168,2421153.552,609223.8326,0.972695157,811.3135933,0
456469.765,5385969.168,2424431.478,609387.4486,0.995494294,964.993072,0
457469.765,5385969.168,2427709.408,609551.0602,0.999178772,1525.344953,0
458469.765,5385969.168,2430987.341,609714.6674,0.993312298,2220.410734,0.615070701
459469.765,5385969.168,2434265.279,609878.2702,0.816016527,3737.803685,2.564142108
460469.765,5385969.168,2437543.219,610041.8686,0.738146364,3950.244578,3.500434339
461469.765,5385969.168,2440821.163,610205.4626,0.738552567,2081.420918,0.536750048
462469.765,5385969.168,2444099.111,610369.0521,0.623510144,1780.606375,0.56561929
463469.765,5385969.168,2447377.062,610532.6373,0.88959309,1624.451048,0
464469.765,5385969.168,2450655.016,610696.218,0.999492876,702.5254423,0
465469.765,5385969.168,2453932.973,610859.7943,0.99938737,24.16532993,0
466469.765,5385969.168,2457210.933,611023.3662,0.999144238,11.25132034,0
467469.765,5385969.168,2460488.896,611186.9336,0.998618178,2.516393443,0
468469.765,5385969.168,2463766.862,611350.4966,0.997640767,2.168549563,0
469469.765,5385969.168,2467044.83,611514.0551,0.994500742,0.969519985,0
470469.765,5385969.168,2470322.802,611677.6092,0.969262864,2.478847557,0
471469.765,5385969.168,2473600.776,611841.1589,0.94248676,337.0536496,0.467641658
409469.765,5384969.168,2270538.246,598415.1774,0.997247106,3561.288241,0
410469.765,5384969.168,2273815.907,598578.9825,0.983172746,2297.809124,0
411469.765,5384969.168,2277093.575,598742.7834,0.99097224,1781.301605,0
412469.765,5384969.168,2280371.25,598906.5803,0.986069101,1635.774376,0
413469.765,5384969.168,2283648.933,599070.3731,0.99202554,1137.35795,0.201518312
414469.765,5384969.168,2286926.623,599234.1618,0.996449153,1054.675848,0.201518312
415469.765,5384969.168,2290204.321,599397.9464,0.966502777,2641.696041,1.595295303
416469.765,5384969.168,2293482.025,599561.7269,0.568895498,4069.10866,10.28267399
417469.765,5384969.168,2296759.736,599725.5033,0.282582265,5541.938593,33.78004283
418469.765,5384969.168,2300037.455,599889.2756,0.589692125,7066.569892,41.67133944
419469.765,5384969.168,2303315.18,600053.0437,0.664523116,5620.515113,30.30545028
420469.765,5384969.168,2306592.912,600216.8078,0.448618492,6964.054847,46.07333533
421469.765,5384969.168,2309870.651,600380.5677,0.438647217,7775.624407,149.7253536
422469.765,5384969.168,2313148.396,600544.3234,0.445954515,6779.562591,56.40307351
423469.765,5384969.168,2316426.148,600708.0751,0.34562077,5677.544858,10.37974475
424469.765,5384969.168,2319703.906,600871.8225,0.361606019,3878.984873,12.15806198
425469.765,5384969.168,2322981.671,601035.5659,0.451238991,2256.203097,7.595623414
426469.765,5384969.168,2326259.442,601199.3051,0.506974655,2639.388484,0.973787308
427469.765,5384969.168,2329537.219,601363.0401,0.651511065,2858.915755,0.793112159
428469.765,5384969.168,2332815.002,601526.7709,0.883928043,1810.56414,0.352367312
429469.765,5384969.168,2336092.792,601690.4976,0.972696831,1060.728251,0.36394241
430469.765,5384969.168,2339370.587,601854.2201,0.824508542,2958.200182,10.30803549
431469.765,5384969.168,2342648.388,602017.9384,0.598360919,4098.081588,6.676142713
432469.765,5384969.168,2345926.195,602181.6525,0.839970247,1311.780715,0.847586029
433469.765,5384969.168,2349204.008,602345.3625,0.818632867,2726.156752,2.410352768
434469.765,5384969.168,2352481.826,602509.0682,0.756012401,1932.690146,3.345111734
435469.765,5384969.168,2355759.65,602672.7698,0.699726171,116.1428571,0.139391795
436469.765,5384969.168,2359037.479,602836.4671,0.694124597,242.4580751,7.21E-13
437469.765,5384969.168,2362315.314,603000.1602,0.848789698,1010.012213,3.17239343
438469.765,5384969.168,2365593.154,603163.8491,0.846454616,1786.689825,5.744746628
439469.765,5384969.168,2368870.999,603327.5338,0.859647239,2113.424485,6.480113089
449469.765,5384969.168,2401649.721,604964.1474,0.873133822,4814.704939,0
450469.765,5384969.168,2404927.619,605127.7853,0.904506064,5065.559905,0
451469.765,5384969.168,2408205.521,605291.419,0.877894561,3692.8998,0.943372726
452469.765,5384969.168,2411483.426,605455.0483,0.946474418,1147.918003,3.801161766
453469.765,5384969.168,2414761.336,605618.6734,0.995037577,605.5734329,0
454469.765,5384969.168,2418039.25,605782.2942,0.998472912,1082.952207,0
455469.765,5384969.168,2421317.168,605945.9106,0.999526442,1053.142362,0
456469.765,5384969.168,2424595.09,606109.5228,0.998791242,882.2176449,0
457469.765,5384969.168,2427873.015,606273.1307,0.990623668,1272.594856,0
458469.765,5384969.168,2431150.945,606436.7342,0.929415195,1787.147236,1.119384925
459469.765,5384969.168,2434428.877,606600.3335,0.712644984,3901.69228,2.62847696
460469.765,5384969.168,2437706.814,606763.9284,0.751637256,2882.760933,1.467091918
461469.765,5384969.168,2440984.753,606927.5189,0.816009591,1304.150638,0
462469.765,5384969.168,2444262.697,607091.1052,0.725816851,1316.444546,0
463469.765,5384969.168,2447540.643,607254.6871,0.932854772,1236.170923,0
464469.765,5384969.168,2450818.592,607418.2647,0.998972971,1018.204338,1.10E-12
465469.765,5384969.168,2454096.545,607581.8379,0.99606929,69.71243618,1.10E-12
466469.765,5384969.168,2457374.501,607745.4068,0.990134778,0,0
467469.765,5384969.168,2460652.46,607908.9713,0.961389265,4.654820485,0
468469.765,5384969.168,2463930.421,608072.5314,0.953135395,181.7685016,0
469469.765,5384969.168,2467208.385,608236.0872,0.9947601,93.92652689,0
470469.765,5384969.168,2470486.352,608399.6387,0.997395318,0.372216137,0
471469.765,5384969.168,2473764.322,608563.1857,0.986385756,166.3229927,0.467641658
408469.765,5383969.168,2267424.4,594973.7212,0.994277541,3800.100747,0
409469.765,5383969.168,2270702.049,595137.5226,0.995907275,3102.687591,0
410469.765,5383969.168,2273979.706,595301.3201,0.975132513,985.5859175,0
411469.765,5383969.168,2277257.37,595465.1136,0.981976807,1050.494433,0.007081203
412469.765,5383969.168,2280535.041,595628.9031,0.999466151,1578.598797,0.004966941
413469.765,5383969.168,2283812.72,595792.6886,0.999370863,1453.708371,0.201518312
414469.765,5383969.168,2287090.406,595956.4701,0.997155902,1460.173501,0.105627108
415469.765,5383969.168,2290368.1,596120.2476,0.922046523,3228.222445,0.988337005
416469.765,5383969.168,2293645.8,596284.021,0.463797437,3659.533151,0.978018501
417469.765,5383969.168,2296923.507,596447.7904,0.413018156,5154.91981,24.52799011
418469.765,5383969.168,2300201.222,596611.5558,0.780662223,5414.414861,23.95946153
419469.765,5383969.168,2303478.943,596775.3172,0.807602311,5602.697157,37.00658703
420469.765,5383969.168,2306756.671,596939.0745,0.605118842,7493.165604,80.64949581
421469.765,5383969.168,2310034.405,597102.8277,0.284937221,8579.003467,171.0190969
422469.765,5383969.168,2313312.146,597266.5769,0.138829366,8283.020989,138.3354475
423469.765,5383969.168,2316589.894,597430.3221,0.301876639,6672.044161,25.4916368
424469.765,5383969.168,2319867.648,597594.0631,0.323658375,5207.783931,11.57024586
425469.765,5383969.168,2323145.409,597757.8001,0.254378515,4163.09457,9.172871624
426469.765,5383969.168,2326423.176,597921.5331,0.379546447,3427.986159,7.55979538
427469.765,5383969.168,2329700.949,598085.2619,0.601602531,2822.200875,3.139779735
428469.765,5383969.168,2332978.728,598248.9867,0.827074099,2123.514942,3.054987341
429469.765,5383969.168,2336256.513,598412.7074,0.889412456,1146.481502,0.704734623
430469.765,5383969.168,2339534.304,598576.4239,0.606272527,4019.041917,18.65466881
431469.765,5383969.168,2342812.101,598740.1364,0.52419235,4802.531062,20.0673542
432469.765,5383969.168,2346089.904,598903.8448,0.893329827,1928.068695,0.243229598
433469.765,5383969.168,2349367.713,599067.5491,0.604983088,4166.431802,2.334764274
434469.765,5383969.168,2352645.527,599231.2492,0.539595521,4343.982475,3.458268608
435469.765,5383969.168,2355923.346,599394.9453,0.7160804,1987.474539,2.73247385
436469.765,5383969.168,2359201.172,599558.6372,0.613982056,1033.42917,2.689065695
437469.765,5383969.168,2362479.002,599722.3249,0.73229265,797.7803279,1.776165791
438469.765,5383969.168,2365756.838,599886.0086,0.823515962,1647.070348,11.47898103
439469.765,5383969.168,2369034.679,600049.6881,0.728336489,3100.735241,15.04006498
440469.765,5383969.168,2372312.525,600213.3634,0.82683665,4662.332604,6.093486249
449469.765,5383969.168,2401813.359,601686.2543,0.944787477,4424.733928,0
450469.765,5383969.168,2405091.253,601849.8879,0.893948478,3466.83221,0.636853218
451469.765,5383969.168,2408369.15,602013.5173,0.838500409,2092.781381,1.392322731
452469.765,5383969.168,2411647.052,602177.1425,0.883041172,1696.913765,1.937962675
453469.765,5383969.168,2414924.957,602340.7636,0.951069995,1294.908279,0.572058558
454469.765,5383969.168,2418202.867,602504.3804,0.993111872,932.9369074,0
455469.765,5383969.168,2421480.781,602667.993,0.999435816,799.6694004,0
456469.765,5383969.168,2424758.698,602831.6013,0.999792283,839.2930563,0.502023458
457469.765,5383969.168,2428036.619,602995.2055,0.999261176,994.5417426,0
458469.765,5383969.168,2431314.544,603158.8054,0.881902047,2345.552516,2.128013372
459469.765,5383969.168,2434592.473,603322.401,0.743136776,4080.653236,2.718171582
460469.765,5383969.168,2437870.405,603485.9925,0.847937756,2063.960262,2.865711134
461469.765,5383969.168,2441148.34,603649.5797,0.930247954,820.137862,0
462469.765,5383969.168,2444426.279,603813.1626,0.826837071,1358.43529,0
463469.765,5383969.168,2447704.221,603976.7413,0.958379946,842.387179,0
464469.765,5383969.168,2450982.166,604140.3157,0.997438874,946.317171,0.020179061
465469.765,5383969.168,2454260.115,604303.8858,0.995895758,101.2227497,1.10E-12
466469.765,5383969.168,2457538.066,604467.4517,0.989831867,0,0
467469.765,5383969.168,2460816.02,604631.0133,0.963496881,30.1006381,0
468469.765,5383969.168,2464093.978,604794.5707,0.952193554,679.0895849,0
469469.765,5383969.168,2467371.938,604958.1237,0.99155689,617.8832635,0
470469.765,5383969.168,2470649.9,605121.6725,0.998569262,5.741800292,0
471469.765,5383969.168,2473927.866,605285.2169,0.99871044,124.9622745,0
408469.765,5382969.168,2267588.2,591696.078,0.984793802,3551.673897,0
409469.765,5382969.168,2270865.845,591859.8718,0.994238752,3458.130974,0
410469.765,5382969.168,2274143.498,592023.6618,0.989079337,2224.002737,0.039687529
411469.765,5382969.168,2277421.158,592187.4478,0.990253054,2862.813504,0.028063172
412469.765,5382969.168,2280698.825,592351.2299,0.989492493,3729.320335,0.014488868
413469.765,5382969.168,2283976.5,592515.0081,0.992705616,3966.192385,0.004840955
414469.765,5382969.168,2287254.182,592678.7824,0.978756096,4142.385134,0.07140246
415469.765,5382969.168,2290531.872,592842.5528,0.846311117,4157.02842,0.418320708
416469.765,5382969.168,2293809.568,593006.3191,0.388427346,2616.523888,0.74528629
417469.765,5382969.168,2297087.271,593170.0816,0.512026596,4234.384433,27.0951746
418469.765,5382969.168,2300364.982,593333.8401,0.821342719,5100.319541,25.14345868
419469.765,5382969.168,2303642.699,593497.5946,0.827723299,4725.194753,51.32867751
420469.765,5382969.168,2306920.423,593661.3452,0.7671534,6170.621671,99.69513035
421469.765,5382969.168,2310198.153,593825.0918,0.651005675,6768.309011,92.74637604
422469.765,5382969.168,2313475.89,593988.8344,0.384756731,7202.118978,30.94611295
423469.765,5382969.168,2316753.634,594152.5731,0.32949523,6010.854357,10.31798639
424469.765,5382969.168,2320031.384,594316.3078,0.367815663,5882.205866,3.785592437
425469.765,5382969.168,2323309.141,594480.0385,0.438861087,5999.826467,6.682837623
426469.765,5382969.168,2326586.904,594643.7652,0.538000731,5698.601823,11.10259342
427469.765,5382969.168,2329864.673,594807.4879,0.540736045,4609.024599,13.90673608
428469.765,5382969.168,2333142.448,594971.2065,0.693245547,2594.984139,11.39436408
429469.765,5382969.168,2336420.229,595134.9212,0.631979959,2416.818862,4.314514936
430469.765,5382969.168,2339698.016,595298.6319,0.312597235,5121.855866,9.963836066
431469.765,5382969.168,2342975.809,595462.3385,0.517108868,4578.132835,7.488315598
432469.765,5382969.168,2346253.608,595626.0412,0.933237496,1814.063183,0.214259461
433469.765,5382969.168,2349531.412,595789.7398,0.72472566,3381.762937,1.364504742
434469.765,5382969.168,2352809.222,595953.4343,0.400756686,5257.980853,7.597342734
435469.765,5382969.168,2356087.038,596117.1249,0.569785738,4481.263945,8.338617393
436469.765,5382969.168,2359364.859,596280.8113,0.545719102,2724.701348,5.37813139
437469.765,5382969.168,2362642.685,596444.4938,0.669386994,1035.71949,1.241910484
438469.765,5382969.168,2365920.517,596608.1721,0.720660396,2208.429196,14.46066909
439469.765,5382969.168,2369198.354,596771.8465,0.607504039,5180.158826,20.3890449
440469.765,5382969.168,2372476.196,596935.5167,0.769083338,5181.097339,11.16698732
441469.765,5382969.168,2375754.043,597099.1829,0.918761504,2635.743113,0.580559569
442469.765,5382969.168,2379031.895,597262.845,0.877692867,1062.443715,0
443469.765,5382969.168,2382309.752,597426.503,0.868615415,468.7602989,0
444469.765,5382969.168,2385587.614,597590.157,0.954244013,101.2690485,0
445469.765,5382969.168,2388865.481,597753.8069,0.984102279,715.0783528,0
446469.765,5382969.168,2392143.352,597917.4526,0.982233316,1944.357807,0
447469.765,5382969.168,2395421.228,598081.0943,0.990010907,1570.465803,0
448469.765,5382969.168,2398699.108,598244.7319,0.983371593,2662.018593,0
449469.765,5382969.168,2401976.993,598408.3653,0.974535413,2421.448634,0
450469.765,5382969.168,2405254.882,598571.9947,0.971419838,630.9105321,0.500933543
451469.765,5382969.168,2408532.775,598735.6199,0.940354769,985.6254327,0.52345027
452469.765,5382969.168,2411810.673,598899.241,0.929411769,1587.391685,1.36628858
453469.765,5382969.168,2415088.574,599062.858,0.945526622,1368.889456,0.572058558
454469.765,5382969.168,2418366.48,599226.4708,0.962469123,865.3664902,0
455469.765,5382969.168,2421644.389,599390.0795,0.993556133,365.9648131,0.013424488
456469.765,5382969.168,2424922.302,599553.6841,0.98907994,362.3709442,0.257723973
457469.765,5382969.168,2428200.219,599717.2845,0.999691003,592.619785,0.502023458
458469.765,5382969.168,2431478.14,599880.8808,0.959910534,2892.90871,0
459469.765,5382969.168,2434756.064,600044.4729,0.856567868,3617.616688,1.86065042
460469.765,5382969.168,2438033.992,600208.0608,0.926674103,1524.540619,0.157857224
461469.765,5382969.168,2441311.924,600371.6446,0.901607411,999.1946064,0
462469.765,5382969.168,2444589.858,600535.2242,0.865643222,1219.95992,0
463469.765,5382969.168,2447867.796,600698.7997,0.972949384,963.7798834,0
464469.765,5382969.168,2451145.737,600862.371,0.999294224,1029.285506,0.060537182
465469.765,5382969.168,2454423.681,601025.938,0.998194944,175.4353456,0
466469.765,5382969.168,2457701.628,601189.5009,0.999406974,0.817235713,0
467469.765,5382969.168,2460979.578,601353.0596,0.999590763,223.1629603,0
468469.765,5382969.168,2464257.531,601516.6141,0.992123934,1738.6043,0
469469.765,5382969.168,2467535.487,601680.1645,0.989516244,1647.391439,0
470469.765,5382969.168,2470813.446,601843.7106,0.997000971,54.44499089,0
471469.765,5382969.168,2474091.407,602007.2524,0.996736027,36.40957931,0
407469.765,5381969.168,2264474.358,588254.6486,0.994294566,4089.451248,0.032589331
408469.765,5381969.168,2267751.992,588418.4387,0.988252031,4732.949381,0.055427756
409469.765,5381969.168,2271029.633,588582.2249,0.991899909,5238.594171,0
410469.765,5381969.168,2274307.282,588746.0073,0.988396066,4374.799344,0.039687529
411469.765,5381969.168,2277584.938,588909.7859,0.988063408,3970.574371,0.038554156
412469.765,5381969.168,2280862.602,589073.5607,0.98743019,3213.284699,0.024010795
413469.765,5381969.168,2284140.273,589237.3316,0.99456712,2541.999271,1.552183152
414469.765,5381969.168,2287417.951,589401.0987,0.926014842,4335.876617,1.401264131
415469.765,5381969.168,2290695.636,589564.8619,0.765971993,4585.048643,2.306604164
416469.765,5381969.168,2293973.329,589728.6212,0.372524567,1329.356102,1.145746946
417469.765,5381969.168,2297251.028,589892.3767,0.457898682,1743.872492,12.31518986
418469.765,5381969.168,2300528.735,590056.1283,0.877556053,2865.870049,7.424365175
419469.765,5381969.168,2303806.448,590219.876,0.839986037,3714.612833,17.56928696
420469.765,5381969.168,2307084.168,590383.6199,0.778324975,5658.93422,35.52732495
421469.765,5381969.168,2310361.895,590547.3599,0.792836522,4925.378713,39.91992797
422469.765,5381969.168,2313639.628,590711.0959,0.366418335,6179.042077,15.09127578
423469.765,5381969.168,2316917.368,590874.8281,0.163649876,6259.831389,4.679637194
424469.765,5381969.168,2320195.114,591038.5564,0.205661342,6249.706064,3.795716243
425469.765,5381969.168,2323472.866,591202.2808,0.375930057,6049.254009,6.868500165
426469.765,5381969.168,2326750.625,591366.0012,0.487744498,6752.93111,11.92099495
427469.765,5381969.168,2330028.39,591529.7178,0.458235405,6621.385134,13.25467221
428469.765,5381969.168,2333306.161,591693.4304,0.563454767,5761.147236,17.46245986
429469.765,5381969.168,2336583.938,591857.1391,0.35625159,5956.997811,19.51528434
430469.765,5381969.168,2339861.722,592020.8439,0.208528613,6575.553001,14.1570672
431469.765,5381969.168,2343139.511,592184.5447,0.630114001,4652.509114,8.217551426
432469.765,5381969.168,2346417.305,592348.2416,0.95210233,1954.43357,4.170511732
433469.765,5381969.168,2349695.106,592511.9345,0.923170045,1387.446913,0.431290421
434469.765,5381969.168,2352972.912,592675.6235,0.526789055,3997.358497,7.192446375
435469.765,5381969.168,2356250.723,592839.3085,0.660733853,4210.590893,21.57059058
436469.765,5381969.168,2359528.541,593002.9896,0.859292029,2953.953908,6.642670544
437469.765,5381969.168,2362806.363,593166.6667,0.712913872,3530.463752,2.325202715
438469.765,5381969.168,2366084.191,593330.3398,0.604229854,4794.445032,11.02473321
439469.765,5381969.168,2369362.024,593494.0089,0.733858248,4832.015486,13.57285074
440469.765,5381969.168,2372639.862,593657.6741,0.846969502,2765.469816,4.117765871
441469.765,5381969.168,2375917.705,593821.3352,0.911948605,1286.00511,0.074304631
442469.765,5381969.168,2379195.553,593984.9924,0.882503001,952.3723773,0
443469.765,5381969.168,2382473.406,594148.6456,0.885361376,590.3522976,0
444469.765,5381969.168,2385751.264,594312.2948,0.936452988,677.3143325,0
445469.765,5381969.168,2389029.126,594475.94,0.955507115,1302.879621,0
446469.765,5381969.168,2392306.994,594639.5811,0.984345115,2313.803171,0
447469.765,5381969.168,2395584.865,594803.2183,0.988899696,2446.535155,0
448469.765,5381969.168,2398862.742,594966.8514,0.991029675,2823.992709,0
449469.765,5381969.168,2402140.622,595130.4805,0.996143428,1343.038833,0
450469.765,5381969.168,2405418.507,595294.1055,0.996689506,38.44325014,0.365013868
451469.765,5381969.168,2408696.396,595457.7266,0.996601128,481.8906706,0.256787568
452469.765,5381969.168,2411974.29,595621.3435,0.997816598,1969.956815,0
453469.765,5381969.168,2415252.187,595784.9565,0.964343583,2188.751187,0
454469.765,5381969.168,2418530.089,595948.5654,0.956535297,625.0505198,0
455469.765,5381969.168,2421807.994,596112.1702,0.984186528,44.58043359,0.007744628
456469.765,5381969.168,2425085.903,596275.771,0.983450385,9.10740943,0.820583859
457469.765,5381969.168,2428363.816,596439.3677,0.989384814,349.9526153,1.63342309
458469.765,5381969.168,2431641.733,596602.9603,0.96254277,2857.39949,0
459469.765,5381969.168,2434919.653,596766.5489,0.903483796,2503.143404,0
460469.765,5381969.168,2438197.576,596930.1334,0.919514088,1731.680102,0
461469.765,5381969.168,2441475.504,597093.7138,0.9422937,1178.969553,0
462469.765,5381969.168,2444753.434,597257.2901,0.989330901,147.5963537,0
463469.765,5381969.168,2448031.368,597420.8623,0.999654502,492.211265,0
464469.765,5381969.168,2451309.305,597584.4304,0.997752063,1049.509572,0
465469.765,5381969.168,2454587.245,597747.9944,0.998226783,180.970996,0
466469.765,5381969.168,2457865.188,597911.5544,0.999251752,23.80783956,0
467469.765,5381969.168,2461143.134,598075.1102,0.997082601,694.399198,0
468469.765,5381969.168,2464421.082,598238.6618,0.994021576,2767.569374,0
469469.765,5381969.168,2467699.034,598402.2094,0.989208539,2224.116876,0
470469.765,5381969.168,2470976.988,598565.7529,0.992082366,58.95700492,0
471469.765,5381969.168,2474254.945,598729.2922,0.998005276,7.849699399,0
407469.765,5380969.168,2264638.147,584977.0208,0.997204075,3637.919052,0.044008544
408469.765,5380969.168,2267915.776,585140.8032,0.997549071,3466.995627,0.044008544
409469.765,5380969.168,2271193.414,585304.5818,0.997427385,2463.668488,0
410469.765,5380969.168,2274471.059,585468.3567,0.994436374,1686.379599,0
411469.765,5380969.168,2277748.711,585632.1279,0.996979736,1198.954107,0
412469.765,5380969.168,2281026.371,585795.8953,0.99494831,519.9863313,0
413469.765,5380969.168,2284304.038,585959.6589,0.996038477,324.9948989,3.093765497
414469.765,5380969.168,2287581.712,586123.4188,0.859545489,2819.046829,2.648363401
415469.765,5380969.168,2290859.394,586287.1748,0.567639732,3749.724458,2.646094471
416469.765,5380969.168,2294137.083,586450.9272,0.211772467,1120.379329,0.17875421
417469.765,5380969.168,2297414.778,586614.6757,0.197880306,1469.266606,0.702892778
418469.765,5380969.168,2300692.481,586778.4204,0.62844276,3304.193066,0.35214956
419469.765,5380969.168,2303970.19,586942.1614,0.699851631,4784.734683,4.559592361
420469.765,5380969.168,2307247.906,587105.8985,0.735500287,5387.541811,8.260608062
421469.765,5380969.168,2310525.629,587269.6318,0.735201571,4107.843323,9.673574984
422469.765,5380969.168,2313803.359,587433.3614,0.488138465,4244.373246,9.536322628
423469.765,5380969.168,2317081.095,587597.0871,0.549355924,3671.921662,2.066006041
424469.765,5380969.168,2320358.837,587760.809,0.666216553,3117.764813,3.397090902
425469.765,5380969.168,2323636.586,587924.527,0.593837136,3177.363653,5.717382729
426469.765,5380969.168,2326914.341,588088.2413,0.472201487,4568.445579,6.193664918
427469.765,5380969.168,2330192.102,588251.9516,0.501823281,5764.715561,9.38398885
428469.765,5380969.168,2333469.869,588415.6582,0.499509897,6359.422271,25.9681917
429469.765,5380969.168,2336747.642,588579.3609,0.279311674,7495.144317,26.73818398
430469.765,5380969.168,2340025.421,588743.0598,0.268929729,7363.482589,15.72884132
431469.765,5380969.168,2343303.207,588906.7548,0.729441471,4648.276371,10.57485256
432469.765,5380969.168,2346580.997,589070.4459,0.974484429,1752.276421,6.414622148
433469.765,5380969.168,2349858.794,589234.1332,0.973996397,533.8040393,0.411973596
434469.765,5380969.168,2353136.596,589397.8166,0.610334381,3485.712256,16.28559814
435469.765,5380969.168,2356414.404,589561.4961,0.530472681,5148.099672,26.91353414
436469.765,5380969.168,2359692.217,589725.1718,0.762185262,4225.35946,10.87476913
437469.765,5380969.168,2362970.035,589888.8435,0.614842047,5484.908759,5.82011589
438469.765,5380969.168,2366247.859,590052.5114,0.708293512,4404.500273,7.030086031
439469.765,5380969.168,2369525.688,590216.1754,0.854753791,2501.955531,2.413597805
440469.765,5380969.168,2372803.522,590379.8354,0.7780991,1918.778487,2.771833835
441469.765,5380969.168,2376081.362,590543.4916,0.839930455,1842.264127,3.517153377
442469.765,5380969.168,2379359.206,590707.1438,0.852772053,1357.794895,0
443469.765,5380969.168,2382637.055,590870.7922,0.935399433,457.6274367,0
444469.765,5380969.168,2385914.909,591034.4366,0.892994562,1404.884657,0
445469.765,5380969.168,2389192.767,591198.0771,0.918142915,2075.865185,0
446469.765,5380969.168,2392470.63,591361.7136,0.991466878,2458.590677,0
447469.765,5380969.168,2395748.498,591525.3463,0.983294231,2067.944039,0
448469.765,5380969.168,2399026.37,591688.9749,0.976235467,1853.618544,0
449469.765,5380969.168,2402304.247,591852.5997,0.988257834,774.576902,0
450469.765,5380969.168,2405582.128,592016.2204,0.993743306,426.8282902,0
451469.765,5380969.168,2408860.013,592179.8373,0.998003907,680.6053542,0
452469.765,5380969.168,2412137.903,592343.4501,0.972012239,2490.968659,0
453469.765,5380969.168,2415415.796,592507.059,0.95813857,2398.185165,0.004592482
454469.765,5380969.168,2418693.693,592670.664,0.959624528,385.7421177,0.06638852
455469.765,5380969.168,2421971.595,592834.2649,0.978151506,95.36131852,0.001032384
456469.765,5380969.168,2425249.5,592997.8619,0.992330174,2.719569971,0.736950275
457469.765,5380969.168,2428527.409,593161.4549,0.946624139,570.4954446,0
458469.765,5380969.168,2431805.321,593325.0439,0.955855429,2810.724772,0.026799981
459469.765,5380969.168,2435083.238,593488.629,0.901730974,3054.811304,0.026799981
460469.765,5380969.168,2438361.157,593652.21,0.979586591,2032.297628,0.205934793
461469.765,5380969.168,2441639.08,593815.787,0.997907428,1415.672747,0.013816443
462469.765,5380969.168,2444917.007,593979.36,0.999790424,67.6086798,0
463469.765,5380969.168,2448194.936,594142.929,1,725.9006743,0
464469.765,5380969.168,2451472.869,594306.494,0.999202281,1022.40412,0
465469.765,5380969.168,2454750.805,594470.0549,0.999321981,100.3774822,0
466469.765,5380969.168,2458028.744,594633.6119,0.999384527,118.7383859,0
467469.765,5380969.168,2461306.686,594797.1648,0.997866892,567.6453552,0
468469.765,5380969.168,2464584.631,594960.7137,0.992843046,2414.528532,0
469469.765,5380969.168,2467862.578,595124.2585,0.988533364,2354.965756,0
470469.765,5380969.168,2471140.528,595287.7993,0.991533543,47.63762304,0
471469.765,5380969.168,2474418.481,595451.336,0.98371294,0.997265767,0
406469.765,5379969.168,2261524.309,581535.6184,0.996196011,943.295351,0
407469.765,5379969.168,2264801.927,581699.3968,0.997517283,1879.8866,0
408469.765,5379969.168,2268079.553,581863.1715,0.996035419,1241.638747,0
409469.765,5379969.168,2271357.187,582026.9425,0.990286675,317.6713401,0
410469.765,5379969.168,2274634.828,582190.7099,0.988060177,275.9249408,0
411469.765,5379969.168,2277912.477,582354.4736,0.99461901,109.86227,0
412469.765,5379969.168,2281190.133,582518.2336,0.993917913,304.9452954,0.75405407
413469.765,5379969.168,2284467.796,582681.99,0.994599395,480.4152218,0.679005027
414469.765,5379969.168,2287745.467,582845.7426,0.893847424,2197.070908,3.192228993
415469.765,5379969.168,2291023.145,583009.4916,0.46363819,2052.663448,1.033149862
416469.765,5379969.168,2294300.83,583173.2369,0.095350997,904.8188776,0.001789132
417469.765,5379969.168,2297578.522,583336.9784,0.299715285,3304.009296,3.284745485
418469.765,5379969.168,2300856.22,583500.7163,0.686709351,4063.141998,1.866140982
419469.765,5379969.168,2304133.926,583664.4505,0.822065604,4300.649052,1.999942362
420469.765,5379969.168,2307411.638,583828.1809,0.870698159,4211.870445,5.143811315
421469.765,5379969.168,2310689.357,583991.9076,0.822292063,2949.8998,5.897392193
422469.765,5379969.168,2313967.083,584155.6306,0.802351675,1982.220259,10.01961833
423469.765,5379969.168,2317244.815,584319.3498,0.867332889,1323.565178,1.150472403
424469.765,5379969.168,2320522.554,584483.0653,0.934740508,986.0370438,3.915040414
425469.765,5379969.168,2323800.299,584646.7771,0.899928081,1005.597007,4.497534116
426469.765,5379969.168,2327078.05,584810.4851,0.841659581,2796.954247,5.361035681
427469.765,5379969.168,2330355.807,584974.1893,0.796828952,4032.565756,11.28830628
428469.765,5379969.168,2333633.571,585137.8898,0.660238144,4797.748907,30.07684171
429469.765,5379969.168,2336911.34,585301.5866,0.519274804,6304.355373,18.99114286
430469.765,5379969.168,2340189.115,585465.2795,0.402441783,7370.863703,19.01798341
431469.765,5379969.168,2343466.897,585628.9687,0.699645321,5565.737024,26.72406728
432469.765,5379969.168,2346744.684,585792.6541,0.89822897,2970.375592,17.45600054
433469.765,5379969.168,2350022.476,585956.3358,0.939340341,1368.472131,0.958365719
434469.765,5379969.168,2353300.275,586120.0136,0.696739081,3103.235787,7.464107207
435469.765,5379969.168,2356578.079,586283.6876,0.39366802,4862.971382,16.86059313
436469.765,5379969.168,2359855.888,586447.3578,0.643130743,3740.327977,11.40667937
437469.765,5379969.168,2363133.703,586611.0243,0.635280252,3398.196826,8.218436956
438469.765,5379969.168,2366411.523,586774.6869,0.808896257,1733.662837,2.476727545
439469.765,5379969.168,2369689.348,586938.3457,0.723589256,1745.268004,3.95553569
440469.765,5379969.168,2372967.178,587102.0007,0.693210555,2168.556526,5.27617047
441469.765,5379969.168,2376245.013,587265.6518,0.780385229,1529.503918,3.515624573
442469.765,5379969.168,2379522.854,587429.2992,0.829926633,578.7869241,3.35078454
443469.765,5379969.168,2382800.699,587592.9427,0.903393099,236.5428207,0
444469.765,5379969.168,2386078.549,587756.5823,0.870644886,1345.737974,0
445469.765,5379969.168,2389356.403,587920.2181,0.902922471,2410.364912,0
446469.765,5379969.168,2392634.263,588083.8501,0.967356613,2017.318149,0
447469.765,5379969.168,2395912.127,588247.4782,0.936983005,1511.334853,0
448469.765,5379969.168,2399189.995,588411.1024,0.929319686,1212.538223,0
449469.765,5379969.168,2402467.868,588574.7228,0.947673245,422.4827523,0
450469.765,5379969.168,2405745.745,588738.3393,0.978385579,1116.010574,0.044997931
451469.765,5379969.168,2409023.626,588901.952,0.96280259,2037.888828,0
452469.765,5379969.168,2412301.511,589065.5607,0.947023059,1977.586081,0
453469.765,5379969.168,2415579.401,589229.1656,0.872956888,1938.536417,0.045789841
454469.765,5379969.168,2418857.294,589392.7666,0.918134861,1004.54153,0.06638852
455469.765,5379969.168,2422135.192,589556.3637,0.990658773,718.8040824,1.75E-12
456469.765,5379969.168,2425413.093,589719.9569,0.967412181,256.7556932,0.090456806
457469.765,5379969.168,2428690.998,589883.5462,0.86991746,779.092019,0.102928902
458469.765,5379969.168,2431968.907,590047.1315,0.877829692,3069.793336,0.019740777
459469.765,5379969.168,2435246.819,590210.713,0.878443293,3997.19446,0.116367387
460469.765,5379969.168,2438524.734,590374.2906,0.857795167,3166.308703,0.129620893
461469.765,5379969.168,2441802.654,590537.8642,0.819829093,2485.932324,0.031863743
462469.765,5379969.168,2445080.576,590701.4339,0.94208537,813.7197812,0.013816443
463469.765,5379969.168,2448358.502,590864.9997,0.995772932,1241.014762,2.04E-13
464469.765,5379969.168,2451636.431,591028.5616,0.995093555,990.0741753,0.019044854
465469.765,5379969.168,2454914.363,591192.1195,0.995558045,38.78870674,0
466469.765,5379969.168,2458192.298,591355.6734,0.999128195,256.2583349,0
467469.765,5379969.168,2461470.235,591519.2235,0.993952558,536.8565439,0
468469.765,5379969.168,2464748.176,591682.7695,0.989145084,2729.526354,0
469469.765,5379969.168,2468026.12,591846.3116,0.987077002,3041.845145,0
470469.765,5379969.168,2471304.066,592009.8498,0.987079207,701.4442623,0
471469.765,5379969.168,2474582.015,592173.3839,0.976511529,45.03316327,0
472469.765,5379969.168,2477859.966,592336.9142,0.894796998,363.2017512,0
473469.765,5379969.168,2481137.92,592500.4404,0.803516533,3302.603904,6.991042733
474469.765,5379969.168,2484415.876,592663.9626,0.692090603,5011.414114,8.259806236
475469.765,5379969.168,2487693.834,592827.4809,0.833974236,2999.886844,5.851512611
476469.765,5379969.168,2490971.795,592990.9952,0.77203802,1981.821279,0
477469.765,5379969.168,2494249.758,593154.5055,0.720130459,2198.459184,0
406469.765,5378969.168,2261688.085,578258.0058,0.993408145,1196.845145,0.063638829
407469.765,5378969.168,2264965.7,578421.7764,0.986736123,1878.267675,0.063638829
408469.765,5378969.168,2268243.322,578585.5434,0.994173999,1473.898651,0
409469.765,5378969.168,2271520.952,578749.3068,0.993460106,1344.928754,0
410469.765,5378969.168,2274798.59,578913.0667,0.991715958,1253.405942,0
411469.765,5378969.168,2278076.235,579076.823,0.992588703,406.2561999,1.419135094
412469.765,5378969.168,2281353.887,579240.5756,0.994531357,993.9580215,2.03677454
413469.765,5378969.168,2284631.547,579404.3247,0.911458128,2532.553083,5.009545147
414469.765,5378969.168,2287909.214,579568.0702,0.709295421,2433.493341,5.942094237
415469.765,5378969.168,2291186.888,579731.8121,0.287377469,774.3816724,0.745251716
416469.765,5378969.168,2294464.57,579895.5503,0.232650941,2352.320693,4.70948273
417469.765,5378969.168,2297742.258,580059.2849,0.628089992,3746.204736,5.607046723
418469.765,5378969.168,2301019.953,580223.0159,0.923543247,2408.963213,3.194869697
419469.765,5378969.168,2304297.655,580386.7433,0.93574996,2601.570179,3.643795086
420469.765,5378969.168,2307575.364,580550.467,0.956843154,3301.195264,4.520746922
421469.765,5378969.168,2310853.079,580714.1871,0.981749787,1816.325556,0.811592117
422469.765,5378969.168,2314130.801,580877.9035,0.958555336,257.2397522,0.489838177
423469.765,5378969.168,2317408.529,581041.6163,0.957617916,124.7001458,0
424469.765,5378969.168,2320686.264,581205.3254,0.987862724,164.3815261,0
425469.765,5378969.168,2323964.005,581369.0309,0.989391356,2178.690581,0.894261773
426469.765,5378969.168,2327241.753,581532.7327,0.952369765,4045.460208,1.176468639
427469.765,5378969.168,2330519.506,581696.4308,0.84501244,4764.54355,9.243061674
428469.765,5378969.168,2333797.266,581860.1253,0.827709937,3904.33953,13.35707704
429469.765,5378969.168,2337075.032,582023.816,0.76788662,4055.693037,5.045391374
430469.765,5378969.168,2340352.804,582187.5031,0.503324541,6318.657013,12.01084438
431469.765,5378969.168,2343630.581,582351.1865,0.407832154,7139.766679,36.97030031
432469.765,5378969.168,2346908.364,582514.8661,0.495281583,6194.617754,91.97440006
433469.765,5378969.168,2350186.153,582678.5421,0.688688935,4057.797923,194.7916512
434469.765,5378969.168,2353463.948,582842.2144,0.637441458,4171.969774,57.83955952
435469.765,5378969.168,2356741.748,583005.8829,0.432490312,4603.460627,25.42232674
436469.765,5378969.168,2360019.554,583169.5477,0.608136643,3794.115005,6.378546228
437469.765,5378969.168,2363297.364,583333.2088,0.684762558,2979.680175,3.883653159
438469.765,5378969.168,2366575.181,583496.8662,0.751925783,1274.268502,1.985696188
439469.765,5378969.168,2369853.002,583660.5199,0.753948215,1847.88381,5.37245363
440469.765,5378969.168,2373130.829,583824.1698,0.722026805,2234.942977,5.275051246
441469.765,5378969.168,2376408.66,583987.8159,0.8211066,1617.518309,3.477809203
442469.765,5378969.168,2379686.497,584151.4583,0.832054287,787.5414465,1.799545787
443469.765,5378969.168,2382964.338,584315.097,0.902326834,1184.974303,0.126790717
444469.765,5378969.168,2386242.184,584478.7319,0.839607148,2715.440554,0.351053447
445469.765,5378969.168,2389520.035,584642.363,0.841026543,2605.255606,0
446469.765,5378969.168,2392797.89,584805.9904,0.839827176,1852.425292,0
447469.765,5378969.168,2396075.751,584969.614,0.838205622,2295.669522,0
448469.765,5378969.168,2399353.615,585133.2338,0.957820662,1710.5433,0
449469.765,5378969.168,2402631.484,585296.8498,0.978421656,1132.025894,0.060750657
450469.765,5378969.168,2405909.357,585460.4621,0.926249493,2344.962983,0.262184708
451469.765,5378969.168,2409187.235,585624.0705,0.872825133,3222.515383,0.378695327
452469.765,5378969.168,2412465.116,585787.6752,0.946562428,2301.604262,0.208848462
453469.765,5378969.168,2415743.002,585951.276,0.875520943,1794.073211,0.177819976
454469.765,5378969.168,2419020.892,586114.8731,0.905154682,1426.976863,0.736333039
455469.765,5378969.168,2422298.785,586278.4663,0.998204488,1136.225565,0.005318901
456469.765,5378969.168,2425576.682,586442.0557,0.933371564,1248.272628,0.061708297
457469.765,5378969.168,2428854.583,586605.6413,0.807105618,1490.659679,0.024944192
458469.765,5378969.168,2432132.488,586769.2231,0.884839143,3374.987605,0.019740777
459469.765,5378969.168,2435410.397,586932.801,0.848645395,4312.538994,0.014537362
460469.765,5378969.168,2438688.308,587096.3751,0.73245455,3634.177243,0
461469.765,5378969.168,2441966.224,587259.9454,0.655945868,3437.096809,0.028467793
462469.765,5378969.168,2445244.142,587423.5118,0.884370122,1637.817784,0
463469.765,5378969.168,2448522.064,587587.0744,0.996669928,1893.209624,0.009522427
464469.765,5378969.168,2451799.989,587750.6331,0.990733881,1203.108034,0.009522427
465469.765,5378969.168,2455077.917,587914.1879,0.993524401,345.2398907,0.020604679
466469.765,5378969.168,2458355.848,588077.7389,0.996073792,533.9952615,0.06721843
467469.765,5378969.168,2461633.782,588241.2861,0.992625113,528.3149635,0
468469.765,5378969.168,2464911.719,588404.8293,0.986318334,2188.794816,0
469469.765,5378969.168,2468189.659,588568.3687,0.982511517,3254.816889,0
470469.765,5378969.168,2471467.601,588731.9042,0.972381378,1887.324891,2.37E-14
471469.765,5378969.168,2474745.546,588895.4358,0.932926771,589.1251594,4.65E-13
472469.765,5378969.168,2478023.493,589058.9636,0.853103428,540.3224631,0
473469.765,5378969.168,2481301.443,589222.4874,0.748107704,3495.412655,9.393938065
474469.765,5378969.168,2484579.395,589386.0073,0.697812268,5291.206746,8.21273613
475469.765,5378969.168,2487857.35,589549.5234,0.808490972,3452.34907,4.994545579
476469.765,5378969.168,2491135.306,589713.0355,0.82863461,2405.393625,2.957556963
477469.765,5378969.168,2494413.265,589876.5437,0.844169684,1855.559038,0
478469.765,5378969.168,2497691.226,590040.048,0.689346655,2155.151421,0
479469.765,5378969.168,2500969.189,590203.5484,0.763196776,2399.689234,0
406469.765,5377969.168,2261851.853,574980.3967,0.975970546,715.0052852,0.063638829
407469.765,5377969.168,2265129.465,575144.1595,0.973789538,936.9739336,0.063638829
408469.765,5377969.168,2268407.083,575307.9189,0.991831899,1898.425652,0
409469.765,5377969.168,2271684.71,575471.6748,0.99659583,2723.788812,0.120292448
410469.765,5377969.168,2274962.344,575635.4271,0.994317556,2002.741665,0.120292448
411469.765,5377969.168,2278239.986,575799.1759,0.99738652,438.6174594,1.419135094
412469.765,5377969.168,2281517.635,575962.9213,0.971749469,1425.31193,1.107324457
413469.765,5377969.168,2284795.291,576126.6631,0.860227198,3170.232032,6.957847873
414469.765,5377969.168,2288072.954,576290.4014,0.675182261,2282.657247,10.41765473
415469.765,5377969.168,2291350.625,576454.1361,0.344022581,884.5135775,4.309477032
416469.765,5377969.168,2294628.302,576617.8673,0.566264734,3383.81258,4.478515455
417469.765,5377969.168,2297905.987,576781.595,0.88045042,3224.658528,5.755743516
418469.765,5377969.168,2301183.679,576945.3192,0.950888296,1828.281706,1.257246965
419469.765,5377969.168,2304461.377,577109.0397,0.946554744,2521.78035,2.077848217
420469.765,5377969.168,2307739.082,577272.7568,0.971424366,2202.945073,0.422081106
421469.765,5377969.168,2311016.794,577436.4702,0.995649053,1513.471832,0.505408068
422469.765,5377969.168,2314294.512,577600.1801,0.929525319,300.9531449,0.505408068
423469.765,5377969.168,2317572.237,577763.8865,0.930727188,215.1874317,0
424469.765,5377969.168,2320849.968,577927.5892,0.977399249,580.3729493,1.847857833
425469.765,5377969.168,2324127.706,578091.2884,0.966973515,2466.053226,1.883914528
426469.765,5377969.168,2327405.45,578254.984,0.932070898,3743.296317,4.443335689
427469.765,5377969.168,2330683.2,578418.6759,0.908527658,3974.623611,6.840212159
428469.765,5377969.168,2333960.956,578582.3643,0.923699839,3669.397704,9.418060504
429469.765,5377969.168,2337238.718,578746.0491,0.933753997,3127.651913,7.393344255
430469.765,5377969.168,2340516.486,578909.7303,0.524154575,5199.636049,10.82026734
431469.765,5377969.168,2343794.26,579073.4079,0.183569872,7680.518613,8.242443407
432469.765,5377969.168,2347072.039,579237.0818,0.125606537,8702.12062,236.2526773
433469.765,5377969.168,2350349.825,579400.7522,0.242245345,8232.063081,388.3021949
434469.765,5377969.168,2353627.616,579564.4189,0.26277527,7873.730454,143.2815569
435469.765,5377969.168,2356905.412,579728.0819,0.159726633,7492.809151,55.0047245
436469.765,5377969.168,2360183.214,579891.7414,0.394674507,6779.567183,8.207531134
437469.765,5377969.168,2363461.021,580055.3971,0.596786797,4948.633066,19.4343358
438469.765,5377969.168,2366738.834,580219.0493,0.614409729,3686.13416,23.1975263
439469.765,5377969.168,2370016.651,580382.6978,0.668255409,3418.785818,9.91707061
440469.765,5377969.168,2373294.474,580546.3426,0.81348891,2052.102368,3.545843941
441469.765,5377969.168,2376572.302,580709.9838,0.847079307,1694.9501,3.224167694
442469.765,5377969.168,2379850.135,580873.6213,0.819009027,1543.306669,2.615347099
443469.765,5377969.168,2383127.972,581037.2551,0.833254934,1986.938846,0.228020643
444469.765,5377969.168,2386405.815,581200.8852,0.887704727,2754.491244,0.238922082
445469.765,5377969.168,2389683.662,581364.5117,0.922023649,1943.917229,0
446469.765,5377969.168,2392961.514,581528.1345,0.913805093,1184.094388,0
447469.765,5377969.168,2396239.37,581691.7535,0.915724291,1751.969377,0
448469.765,5377969.168,2399517.231,581855.3689,0.96149946,962.9772064,0
449469.765,5377969.168,2402795.096,582018.9806,0.961974302,1396.94242,0.093307488
450469.765,5377969.168,2406072.965,582182.5886,0.901680612,2581.699471,0.479371484
451469.765,5377969.168,2409350.839,582346.1929,0.76926667,3200.324645,0.966297653
452469.765,5377969.168,2412628.717,582509.7934,0.906094409,2358.417957,1.060446575
453469.765,5377969.168,2415906.599,582673.3903,0.848487713,1957.439118,0.778984436
454469.765,5377969.168,2419184.485,582836.9834,0.867623734,1647.777474,0.725074802
455469.765,5377969.168,2422462.374,583000.5727,0.954500906,1284.973175,0.010637801
456469.765,5377969.168,2425740.268,583164.1584,0.836001643,2409.0104,0.055281773
457469.765,5377969.168,2429018.165,583327.7403,0.722324294,3999.060401,0.024944192
458469.765,5377969.168,2432296.066,583491.3184,0.788839436,4869.851886,0.019740777
459469.765,5377969.168,2435573.971,583654.8928,0.870741725,3662.965743,0
460469.765,5377969.168,2438851.879,583818.4635,0.840072066,2613.325624,0
461469.765,5377969.168,2442129.79,583982.0304,0.875786321,2053.125706,0.028467793
462469.765,5377969.168,2445407.705,584145.5935,0.979176779,1451.508839,0
463469.765,5377969.168,2448685.623,584309.1529,0.99788308,2235.947148,0
464469.765,5377969.168,2451963.544,584472.7085,0.996784123,2032.672863,0
465469.765,5377969.168,2455241.468,584636.2603,0.99708214,1572.616478,0.043911555
466469.765,5377969.168,2458519.396,584799.8083,0.991774604,1546.523705,0.043911555
467469.765,5377969.168,2461797.326,584963.3526,0.97932157,2086.512956,0
468469.765,5377969.168,2465075.259,585126.893,0.983592847,2855.452372,0
469469.765,5377969.168,2468353.195,585290.4297,0.973557949,2729.888321,0
470469.765,5377969.168,2471631.133,585453.9625,0.941064128,2435.45645,0.001728805
471469.765,5377969.168,2474909.074,585617.4916,0.899670173,1371.972673,0.295319418
472469.765,5377969.168,2478187.018,585781.0169,0.898090816,518.0380692,0.048994485
473469.765,5377969.168,2481464.964,585944.5383,0.865537535,2820.564004,2.414810796
474469.765,5377969.168,2484742.912,586108.0559,0.740251239,5006.4375,4.590112809
475469.765,5377969.168,2488020.863,586271.5697,0.697991472,5217.181984,4.93431288
476469.765,5377969.168,2491298.815,586435.0797,0.748059155,4142.812249,4.094793091
477469.765,5377969.168,2494576.77,586598.5858,0.81055416,3397.24344,0.199091569
478469.765,5377969.168,2497854.727,586762.0881,0.757598615,3087.393547,0.002012773
479469.765,5377969.168,2501132.686,586925.5866,0.857980455,2267.444566,0
480469.765,5377969.168,2504410.647,587089.0812,0.844068364,2229.048549,0
406469.765,5376969.168,2262015.614,571702.7911,0.920801813,62.36133382,0
407469.765,5376969.168,2265293.222,571866.5462,0.882411321,49.40445337,0
408469.765,5376969.168,2268570.837,572030.2979,0.954054338,1151.978467,0
409469.765,5376969.168,2271848.46,572194.0462,0.995155147,2071.618248,0.120292448
410469.765,5376969.168,2275126.091,572357.791,0.995358682,1757.082589,0.120292448
411469.765,5376969.168,2278403.729,572521.5324,0.94458012,1590.345362,3.215108911
412469.765,5376969.168,2281681.374,572685.2704,0.885087853,2421.956086,7.84095482
413469.765,5376969.168,2284959.027,572849.005,0.85451496,2637.857664,6.807420045
414469.765,5376969.168,2288236.687,573012.7361,0.610145343,1291.749863,8.587593138
415469.765,5376969.168,2291514.354,573176.4637,0.321283688,1357.159985,3.377192974
416469.765,5376969.168,2294792.028,573340.1879,0.672072285,3886.59239,6.317726056
417469.765,5376969.168,2298069.71,573503.9087,0.8571389,2164.488156,6.151501921
418469.765,5376969.168,2301347.398,573667.6259,0.847903425,705.465112,2.22651344
419469.765,5376969.168,2304625.092,573831.3398,0.936532296,1723.067701,1.506148531
420469.765,5376969.168,2307902.794,573995.0501,0.966835469,1946.669038,0.144104102
421469.765,5376969.168,2311180.502,574158.7569,0.977053031,919.4874088,1.737870216
422469.765,5376969.168,2314458.217,574322.4603,0.893502657,318.4093642,0.012894547
423469.765,5376969.168,2317735.938,574486.1602,0.919394336,708.2788409,1.457278848
424469.765,5376969.168,2321013.666,574649.8566,0.981229193,1598.794573,1.210777853
425469.765,5376969.168,2324291.4,574813.5494,0.9747083,1936.457923,1.441587351
426469.765,5376969.168,2327569.14,574977.2388,0.96436662,1982.110929,7.273263085
427469.765,5376969.168,2330846.887,575140.9247,0.934178048,2916.349973,8.971755028
428469.765,5376969.168,2334124.639,575304.607,0.886502292,3993.895552,15.74393105
429469.765,5376969.168,2337402.398,575468.2859,0.874341733,4787.530002,19.78201365
430469.765,5376969.168,2340680.162,575631.9612,0.499070645,5953.301495,18.68840408
431469.765,5376969.168,2343957.933,575795.6329,0.099386145,7271.408834,10.22323481
432469.765,5376969.168,2347235.709,575959.3012,0.051942187,8726.36362,85.57095194
433469.765,5376969.168,2350513.49,576122.9658,0.066639728,9455.134672,360.2190323
434469.765,5376969.168,2353791.278,576286.627,0.073376381,9095.138616,229.4623133
435469.765,5376969.168,2357069.071,576450.2846,0.12671355,8539.452459,81.7166721
436469.765,5376969.168,2360346.869,576613.9386,0.44941828,6867.932617,11.21001196
437469.765,5376969.168,2363624.672,576777.5891,0.76289806,5632.511306,24.37342117
438469.765,5376969.168,2366902.481,576941.236,0.605504882,6243.932896,46.31434713
439469.765,5376969.168,2370180.295,577104.8793,0.609497825,4926.748997,20.82079081
440469.765,5376969.168,2373458.115,577268.5191,0.848485932,1323.431226,1.743678021
441469.765,5376969.168,2376735.939,577432.1553,0.85122929,420.7954463,0.639559242
442469.765,5376969.168,2380013.768,577595.7878,0.902672281,1167.92382,0.101617552
443469.765,5376969.168,2383291.602,577759.4168,0.884285247,1388.89969,0.732533932
444469.765,5376969.168,2386569.441,577923.0422,0.957005815,1464.15751,1.001729131
445469.765,5376969.168,2389847.284,578086.664,0.998096267,1384.657185,0.37587068
446469.765,5376969.168,2393125.132,578250.2822,0.994654039,1377.387997,0.004192528
447469.765,5376969.168,2396402.985,578413.8968,0.99079414,1472.184949,0
448469.765,5376969.168,2399680.842,578577.5078,0.958728217,198.1656643,0.156743348
449469.765,5376969.168,2402958.704,578741.1151,0.951799003,815.9039373,0.295309062
450469.765,5376969.168,2406236.569,578904.7189,0.892800603,2696.776664,1.6538201
451469.765,5376969.168,2409514.439,579068.3189,0.767262974,2827.2236,1.296357996
452469.765,5376969.168,2412792.314,579231.9154,0.838953723,2068.750547,1.384564078
453469.765,5376969.168,2416070.192,579395.5082,0.769407055,2298.722931,0.634836912
454469.765,5376969.168,2419348.074,579559.0974,0.75763627,2722.384503,0.121250094
455469.765,5376969.168,2422625.96,579722.6829,0.768179916,3606.708736,6.645148277
456469.765,5376969.168,2425903.85,579886.2648,0.800199757,4390.485766,0
457469.765,5376969.168,2429181.744,580049.843,0.871602208,4319.363006,0
458469.765,5376969.168,2432459.641,580213.4175,0.928835316,3349.015494,0
459469.765,5376969.168,2435737.542,580376.9884,0.962870152,2163.685485,0
460469.765,5376969.168,2439015.446,580540.5556,0.9820273,1633.250501,0.139676273
461469.765,5376969.168,2442293.354,580704.1192,0.986695495,1348.148533,0.139676273
462469.765,5376969.168,2445571.265,580867.679,0.995333468,1500.611891,0
463469.765,5376969.168,2448849.179,581031.2352,0.975937092,2297.144526,0
464469.765,5376969.168,2452127.096,581194.7876,0.993510945,2661.910467,0
465469.765,5376969.168,2455405.017,581358.3364,0.998717561,1678.285636,0.217504511
466469.765,5376969.168,2458682.94,581521.8815,0.994451335,938.2239431,0.233042428
467469.765,5376969.168,2461960.867,581685.4228,0.989621771,1727.606088,0
468469.765,5376969.168,2465238.796,581848.9605,0.987698985,2763.827435,0
469469.765,5376969.168,2468516.728,582012.4945,0.97625751,3203.187899,0.261830479
470469.765,5376969.168,2471794.663,582176.0247,0.967868413,2418.270507,0.408823964
471469.765,5376969.168,2475072.6,582339.5512,0.908451069,1865.064504,0.445572335
472469.765,5376969.168,2478350.54,582503.074,0.9236658,2042.880102,0
473469.765,5376969.168,2481628.482,582666.593,0.919609886,2491.827046,5.521731578
474469.765,5376969.168,2484906.427,582830.1083,0.930120398,3240.15658,0.01171868
475469.765,5376969.168,2488184.373,582993.6199,0.818290999,4364.025917,3.072316428
476469.765,5376969.168,2491462.322,583157.1277,0.731813523,5288.389345,0.977212528
477469.765,5376969.168,2494740.273,583320.6318,0.689910423,5028.97922,0.446143336
478469.765,5376969.168,2498018.227,583484.1321,0.839963601,3455.857065,0.149901613
479469.765,5376969.168,2501296.182,583647.6287,0.937513996,2646.522135,0.397122264
480469.765,5376969.168,2504574.139,583811.1215,0.9667885,1828.368737,0
481469.765,5376969.168,2507852.097,583974.6105,0.976895377,610.9590015,0
406469.765,5375969.168,2262179.367,568425.189,0.876239438,14.58615665,0
407469.765,5375969.168,2265456.971,568588.9363,0.872984308,4.853026988,0
408469.765,5375969.168,2268734.583,568752.6803,0.947591426,549.9154647,0
409469.765,5375969.168,2272012.203,568916.421,0.997420525,1776.22646,0
410469.765,5375969.168,2275289.83,569080.1584,0.986144623,1629.877164,0
411469.765,5375969.168,2278567.465,569243.8924,0.828335555,2410.875797,11.42330354
412469.765,5375969.168,2281845.107,569407.623,0.729819462,4049.301148,14.88669292
413469.765,5375969.168,2285122.756,569571.3503,0.509900898,1993.317536,11.24603815
414469.765,5375969.168,2288400.413,569735.0742,0.198588177,416.8128303,5.399865985
415469.765,5375969.168,2291678.077,569898.7948,0.146934938,2083.095203,1.613644167
416469.765,5375969.168,2294955.747,570062.512,0.633974031,3803.76016,3.721510903
417469.765,5375969.168,2298233.425,570226.2258,0.742233267,1897.148816,3.125948101
418469.765,5375969.168,2301511.11,570389.9362,0.720647332,961.9099362,2.424278839
419469.765,5375969.168,2304788.801,570553.6432,0.887056769,713.9815794,0.083339613
420469.765,5375969.168,2308066.499,570717.3469,0.966582095,1823.286131,0.214859799
421469.765,5375969.168,2311344.204,570881.0471,0.966462941,1815.637988,0
422469.765,5375969.168,2314621.916,571044.744,0.853693289,912.4167274,0
423469.765,5375969.168,2317899.633,571208.4374,0.920399416,1205.50091,1.457278848
424469.765,5375969.168,2321177.358,571372.1274,0.989980666,1352.01731,1.457278848
425469.765,5375969.168,2324455.088,571535.814,0.992081142,571.1922376,0.009607418
426469.765,5375969.168,2327732.825,571699.4972,0.990298333,331.7025155,0
427469.765,5375969.168,2331010.568,571863.1769,0.98131188,1013.69823,6.226644516
428469.765,5375969.168,2334288.317,572026.8532,0.929420006,2042.65031,27.46038342
429469.765,5375969.168,2337566.072,572190.5261,0.932791429,2960.268235,9.39178545
430469.765,5375969.168,2340843.833,572354.1955,0.627591585,4961.886256,8.668567883
431469.765,5375969.168,2344121.6,572517.8615,0.164479642,6630.545504,8.622915927
432469.765,5375969.168,2347399.372,572681.524,0.096218158,7644.756431,16.00639038
433469.765,5375969.168,2350677.15,572845.1831,0.124051191,8689.071103,224.4597656
434469.765,5375969.168,2353954.934,573008.8387,0.131152831,8335.603426,286.8930632
435469.765,5375969.168,2357232.724,573172.4908,0.212294351,7714.905413,68.08150506
436469.765,5375969.168,2360510.518,573336.1394,0.574765958,5292.237297,8.367860392
437469.765,5375969.168,2363788.318,573499.7846,0.739177121,4109.878782,4.436105423
438469.765,5375969.168,2367066.124,573663.4263,0.710983064,5237.397885,26.15979304
439469.765,5375969.168,2370343.934,573827.0645,0.804847216,4821.029745,20.26764427
440469.765,5375969.168,2373621.75,573990.6991,0.786166645,1863.344274,4.443916329
441469.765,5375969.168,2376899.571,574154.3303,0.763180874,684.7074371,0.348991971
442469.765,5375969.168,2380177.396,574317.958,0.923290419,817.1808414,0.065756594
443469.765,5375969.168,2383455.227,574481.5822,0.972097349,1767.425501,1.33685093
444469.765,5375969.168,2386733.062,574645.2029,0.99161786,2327.3701,5.097659151
445469.765,5375969.168,2390010.902,574808.82,0.984371456,1979.385457,2.892865511
446469.765,5375969.168,2393288.746,574972.4336,0.985882958,1963.482501,1.053338336
447469.765,5375969.168,2396566.596,575136.0437,0.98618736,1568.077988,0
448469.765,5375969.168,2399844.449,575299.6503,0.995418496,467.3730419,0.156743348
449469.765,5375969.168,2403122.307,575463.2533,0.958302058,1025.993624,0.068679764
450469.765,5375969.168,2406400.169,575626.8527,0.779476322,2287.974448,1.830970317
451469.765,5375969.168,2409678.036,575790.4486,0.790453722,1957.918096,1.809178371
452469.765,5375969.168,2412955.906,575954.041,0.827766527,2470.304983,1.434903905
453469.765,5375969.168,2416233.781,576117.6298,0.819528947,3987.429743,1.415426071
454469.765,5375969.168,2419511.659,576281.2151,0.839517926,4214.172194,0.927900689
455469.765,5375969.168,2422789.542,576444.7967,0.859881956,4258.727952,2.779076534
456469.765,5375969.168,2426067.428,576608.3748,0.905038934,3342.360605,3.364559408
457469.765,5375969.168,2429345.318,576771.9494,0.984822368,1564.519883,0
458469.765,5375969.168,2432623.212,576935.5203,0.999014215,913.2413919,0
459469.765,5375969.168,2435901.109,577099.0877,0.990535354,950.2513661,0
460469.765,5375969.168,2439179.01,577262.6514,0.973212541,1606.944596,0.139676273
461469.765,5375969.168,2442456.914,577426.2116,0.980031212,2222.593659,0.139676273
462469.765,5375969.168,2445734.821,577589.7682,0.978891606,1990.918416,0
463469.765,5375969.168,2449012.732,577753.3211,0.958628909,1767.562466,0
464469.765,5375969.168,2452290.645,577916.8705,0.984622245,2119.829015,0
465469.765,5375969.168,2455568.562,578080.4162,0.999996737,1698.848314,0.373937897
466469.765,5375969.168,2458846.482,578243.9583,0.99991274,682.5272462,0.059081348
467469.765,5375969.168,2462124.405,578407.4968,0.99731677,1503.545007,0
468469.765,5375969.168,2465402.33,578571.0317,0.98633592,3437.198797,0
469469.765,5375969.168,2468680.259,578734.5629,0.974748792,3020.417168,0.261830479
470469.765,5375969.168,2471958.19,578898.0905,0.970996045,1420.984332,0.133508447
471469.765,5375969.168,2475236.123,579061.6145,0.951946341,1808.963915,0.885958254
472469.765,5375969.168,2478514.059,579225.1348,0.866454785,2186.223538,10.84299374
473469.765,5375969.168,2481791.998,579388.6515,0.851995694,1920.850219,10.84299374
474469.765,5375969.168,2485069.939,579552.1645,0.922536179,1218.64575,0
475469.765,5375969.168,2488347.882,579715.6738,0.868053522,2131.042495,0
476469.765,5375969.168,2491625.827,579879.1795,0.873709819,3577.665876,0.051200735
477469.765,5375969.168,2494903.775,580042.6815,0.707009105,4742.123952,0.433187799
478469.765,5375969.168,2498181.724,580206.1799,0.840623299,2868.032052,0.493579395
479469.765,5375969.168,2501459.675,580369.6745,0.970280417,2424.186008,0.202179724
480469.765,5375969.168,2504737.629,580533.1655,0.986045313,1800.043716,0
481469.765,5375969.168,2508015.584,580696.6528,0.95097529,407.5743945,0
482469.765,5375969.168,2511293.54,580860.1364,0.930399901,394.1098761,0.059516296
405469.765,5374969.168,2259065.519,564983.8473,0.896897052,1315.074553,0
406469.765,5374969.168,2262343.112,565147.5901,0.900562798,435.7971226,0
407469.765,5374969.168,2265620.713,565311.3297,0.935486587,3.134997267,0
408469.765,5374969.168,2268898.322,565475.0661,0.989161802,624.502552,0
409469.765,5374969.168,2272175.938,565638.7992,0.929935118,1382.086584,0
410469.765,5374969.168,2275453.562,565802.529,0.890517746,995.1362725,0.18492417
411469.765,5374969.168,2278731.194,565966.2556,0.767598799,2007.898179,10.82442132
412469.765,5374969.168,2282008.832,566129.9789,0.487137465,3485.705432,13.40041018
413469.765,5374969.168,2285286.478,566293.699,0.148653137,1141.386285,4.373568535
414469.765,5374969.168,2288564.132,566457.4157,0.000732916,522.5746582,0
415469.765,5374969.168,2291841.792,566621.1292,0.317331116,3005.339234,0.009836892
416469.765,5374969.168,2295119.459,566784.8394,0.834538465,3153.352855,0.829408582
417469.765,5374969.168,2298397.134,566948.5463,0.895738049,1742.006199,2.178751075
418469.765,5374969.168,2301674.815,567112.2499,0.832483241,1724.071051,2.185794032
419469.765,5374969.168,2304952.503,567275.9501,0.904339396,591.1313297,2.468190908
420469.765,5374969.168,2308230.198,567439.6471,0.941841299,1313.841655,0
421469.765,5374969.168,2311507.899,567603.3407,0.941488423,2213.542404,0
422469.765,5374969.168,2314785.607,567767.0311,0.848596632,2128.963902,0
423469.765,5374969.168,2318063.322,567930.718,0.917884721,1720.372063,0.11812669
424469.765,5374969.168,2321341.043,568094.4017,0.996099728,760.8897996,0.11812669
425469.765,5374969.168,2324618.77,568258.082,0.974793355,57.90069242,0
426469.765,5374969.168,2327896.503,568421.759,0.926270797,646.6217843,0
427469.765,5374969.168,2331174.243,568585.4326,0.908460262,2072.499818,0
428469.765,5374969.168,2334451.989,568749.1029,0.882169209,1831.822295,0
429469.765,5374969.168,2337729.74,568912.7698,0.910859938,1566.097903,0.076579876
430469.765,5374969.168,2341007.498,569076.4334,0.853117474,3569.478483,5.773397269
431469.765,5374969.168,2344285.261,569240.0935,0.363692486,6200.735921,5.04814119
432469.765,5374969.168,2347563.03,569403.7504,0.136617063,7242.17988,3.59773224
433469.765,5374969.168,2350840.805,569567.4038,0.247832087,7419.910548,32.11361341
434469.765,5374969.168,2354118.585,569731.0538,0.251206378,6425.96191,36.654556
435469.765,5374969.168,2357396.371,569894.7005,0.271153598,7085.671827,21.30734696
436469.765,5374969.168,2360674.163,570058.3437,0.515368503,5784.418261,10.36161935
437469.765,5374969.168,2363951.959,570221.9836,0.614795877,4268.348943,6.081334968
438469.765,5374969.168,2367229.761,570385.62,0.644183444,4198.127737,9.924737706
439469.765,5374969.168,2370507.568,570549.2531,0.5966687,5408.97282,14.62387271
440469.765,5374969.168,2373785.38,570712.8827,0.631133919,3741.040518,9.365278204
441469.765,5374969.168,2377063.198,570876.5089,0.539363915,2239.983968,4.647131244
442469.765,5374969.168,2380341.02,571040.1317,0.657957208,1834.903426,1.907252848
443469.765,5374969.168,2383618.847,571203.7511,0.893949676,2547.553796,1.353921711
444469.765,5374969.168,2386896.679,571367.367,0.896602403,3383.166241,6.750082056
445469.765,5374969.168,2390174.515,571530.9795,0.822564582,2648.911245,9.142122289
446469.765,5374969.168,2393452.356,571694.5885,0.955496097,2466.882246,2.823171765
447469.765,5374969.168,2396730.202,571858.1941,0.981009689,1846.803464,0.005622367
448469.765,5374969.168,2400008.052,572021.7963,0.938373547,1907.715015,7.03847599
449469.765,5374969.168,2403285.906,572185.3949,0.912987063,2459.918929,1.409793892
450469.765,5374969.168,2406563.765,572348.9902,0.820982257,1493.918687,0.41470195
451469.765,5374969.168,2409841.628,572512.5819,0.771361383,2015.302975,0.688178668
452469.765,5374969.168,2413119.495,572676.1702,0.837801064,3902.594087,6.021894415
453469.765,5374969.168,2416397.366,572839.755,0.882110951,4140.529798,4.017519021
454469.765,5374969.168,2419675.241,573003.3363,0.95995013,2810.707157,0
455469.765,5374969.168,2422953.12,573166.9141,0.986053057,1487.112891,0
456469.765,5374969.168,2426231.003,573330.4885,0.997570876,1266.871356,0
457469.765,5374969.168,2429508.889,573494.0593,1,818.6616254,0
458469.765,5374969.168,2432786.779,573657.6267,0.999127227,362.7522334,0
459469.765,5374969.168,2436064.673,573821.1905,0.99481401,737.3053226,0
460469.765,5374969.168,2439342.57,573984.7508,0.994585961,1321.039534,0
461469.765,5374969.168,2442620.47,574148.3076,0.99128237,2248.719103,0
462469.765,5374969.168,2445898.374,574311.8609,0.968058687,2286.908461,0
463469.765,5374969.168,2449176.281,574475.4107,0.969856132,1772.769806,0
464469.765,5374969.168,2452454.191,574638.957,0.99798268,1795.327438,0
465469.765,5374969.168,2455732.105,574802.4997,0.998931454,1884.008015,0.117064819
466469.765,5374969.168,2459010.021,574966.0388,0.998449206,930.1029144,0.117064819
467469.765,5374969.168,2462287.94,575129.5745,0.997785277,1429.078367,0
468469.765,5374969.168,2465565.862,575293.1065,0.991105751,3441.806887,0
469469.765,5374969.168,2468843.787,575456.6351,0.939836808,1621.724257,0
470469.765,5374969.168,2472121.714,575620.16,0.973161404,572.3719234,0
471469.765,5374969.168,2475399.644,575783.6815,0.977987789,1265.702644,0
472469.765,5374969.168,2478677.577,575947.1993,0.878667675,1810.699052,0
473469.765,5374969.168,2481955.512,576110.7136,0.838709475,1885.160379,10.84299374
474469.765,5374969.168,2485233.449,576274.2243,0.891496964,1183.493163,0
475469.765,5374969.168,2488511.388,576437.7314,0.857359265,1161.706494,3.072870294
476469.765,5374969.168,2491789.33,576601.235,0.833097071,2004.454396,3.359585208
477469.765,5374969.168,2495067.274,576764.7349,0.742167656,4045.948625,2.655886009
478469.765,5374969.168,2498345.22,576928.2313,0.754061806,3705.565598,1.677528031
479469.765,5374969.168,2501623.167,577091.7241,0.961987769,2174.9303,0.914302023
480469.765,5374969.168,2504901.117,577255.2132,0.965472979,1345.149025,1.75809896
481469.765,5374969.168,2508179.068,577418.6988,0.920633138,693.3777332,0
482469.765,5374969.168,2511457.021,577582.1808,0.889784709,608.0040117,0.059516296
405469.765,5373969.168,2259229.259,561706.2595,0.968190235,1526.563172,0
406469.765,5373969.168,2262506.849,561869.9945,0.942261123,685.5395552,0
407469.765,5373969.168,2265784.447,562033.7264,0.962548352,49.51529497,0
408469.765,5373969.168,2269062.053,562197.4551,0.901418616,332.128121,1.35E-13
409469.765,5373969.168,2272339.666,562361.1806,0.676063608,578.1243627,0.191330951
410469.765,5373969.168,2275617.287,562524.903,0.708630624,1142.885246,0.170541788
411469.765,5373969.168,2278894.915,562688.6222,0.783599879,2341.643833,5.184958382
412469.765,5373969.168,2282172.55,562852.3382,0.432500508,2410.123063,9.056957364
413469.765,5373969.168,2285450.193,563016.051,0.014214544,404.5325196,4.373568535
414469.765,5373969.168,2288727.843,563179.7606,0.143536344,2013.462338,0.003030159
415469.765,5373969.168,2292005.5,563343.4669,0.633719442,3613.813504,0.88817996
416469.765,5373969.168,2295283.165,563507.1701,0.985364718,2006.746852,0.749684743
417469.765,5373969.168,2298560.836,563670.8701,0.971002315,1302.706783,0.418432862
418469.765,5373969.168,2301838.514,563834.5668,0.936519138,2031.615623,0.78412421
419469.765,5373969.168,2305116.198,563998.2603,0.967299842,922.1682754,1.149815559
420469.765,5373969.168,2308393.89,564161.9506,0.945068547,460.2028431,0
421469.765,5373969.168,2311671.588,564325.6377,0.915181516,831.953518,0
422469.765,5373969.168,2314949.293,564489.3215,0.923666935,1159.092252,0
423469.765,5373969.168,2318227.004,564653.002,0.984491178,657.6240204,0.292291075
424469.765,5373969.168,2321504.722,564816.6793,0.969903891,992.2182315,0.46645546
425469.765,5373969.168,2324782.445,564980.3534,0.89013941,1803.794568,0.07424064
426469.765,5373969.168,2328060.176,565144.0242,0.8243568,2586.943472,0.198637386
427469.765,5373969.168,2331337.912,565307.6917,0.875808694,2994.071728,0.298277421
428469.765,5373969.168,2334615.654,565471.3559,0.858281025,2166.02427,0.087773442
429469.765,5373969.168,2337893.402,565635.0169,0.91575127,1637.288265,0.054987605
430469.765,5373969.168,2341171.157,565798.6746,0.903377646,2563.084153,4.523799541
431469.765,5373969.168,2344448.917,565962.329,0.401434008,5509.502642,7.008611808
432469.765,5373969.168,2347726.683,566125.9801,0.098877567,7204.473588,2.587093771
433469.765,5373969.168,2351004.454,566289.6279,0.302793111,6485.322939,10.44558435
434469.765,5373969.168,2354282.231,566453.2724,0.416613071,4687.269364,12.40760541
435469.765,5373969.168,2357560.014,566616.9136,0.376881662,5447.741524,13.25820037
436469.765,5373969.168,2360837.801,566780.5514,0.528460371,5681.163418,9.473393361
437469.765,5373969.168,2364115.595,566944.186,0.568198098,3518.096792,4.795605342
438469.765,5373969.168,2367393.393,567107.8172,0.691974156,1958.163049,0.509457457
439469.765,5373969.168,2370671.197,567271.4451,0.719353636,3155.174088,6.645646153
440469.765,5373969.168,2373949.006,567435.0697,0.661372537,4668.537297,7.803158692
441469.765,5373969.168,2377226.82,567598.6909,0.548502431,4486.945882,6.389269045
442469.765,5373969.168,2380504.638,567762.3088,0.586916772,4375.972485,3.732494465
443469.765,5373969.168,2383782.462,567925.9234,0.716342217,4224.721341,3.512826655
444469.765,5373969.168,2387060.29,568089.5346,0.721686606,4669.804882,6.291444957
445469.765,5373969.168,2390338.123,568253.1424,0.623878495,4939.895169,11.87652906
446469.765,5373969.168,2393615.961,568416.7469,0.754140488,4396.613574,11.25940166
447469.765,5373969.168,2396893.803,568580.348,0.962078657,3004.364732,3.497577007
448469.765,5373969.168,2400171.65,568743.9457,0.908450053,4098.853081,3.620837427
449469.765,5373969.168,2403449.501,568907.5401,0.90989687,4311.192784,3.015957654
450469.765,5373969.168,2406727.356,569071.1311,0.909328249,3166.249362,1.694018709
451469.765,5373969.168,2410005.216,569234.7186,0.845400318,4068.349617,1.959519104
452469.765,5373969.168,2413283.079,569398.3028,0.765722974,3941.092964,5.975282805
453469.765,5373969.168,2416560.947,569561.8836,0.917958419,1635.02551,3.679585192
454469.765,5373969.168,2419838.819,569725.461,0.992322555,678.8275046,0
455469.765,5373969.168,2423116.694,569889.035,0.998517013,179.1629603,0
456469.765,5373969.168,2426394.573,570052.6056,0.995758913,696.3778911,0
457469.765,5373969.168,2429672.456,570216.1728,0.99816369,666.7127233,0
458469.765,5373969.168,2432950.343,570379.7365,0.999888123,70.20208105,0
459469.765,5373969.168,2436228.233,570543.2969,0.999224422,323.2841241,0
460469.765,5373969.168,2439506.127,570706.8538,0.999141909,539.7083485,0
461469.765,5373969.168,2442784.024,570870.4072,0.987542279,906.7712621,0
462469.765,5373969.168,2446061.924,571033.9572,0.892438065,1447.036241,0
463469.765,5373969.168,2449339.828,571197.5038,0.89413569,2191.334244,0.13248308
464469.765,5373969.168,2452617.734,571361.047,0.966143024,2202.587678,0.13248308
465469.765,5373969.168,2455895.644,571524.5866,0.997521007,1749.374181,0
466469.765,5373969.168,2459173.557,571688.1229,0.99456687,1328.587646,0
467469.765,5373969.168,2462451.473,571851.6556,0.992171015,1286.72454,0
468469.765,5373969.168,2465729.391,572015.1849,0.974472016,2970.375251,0
469469.765,5373969.168,2469007.312,572178.7108,0.918194577,1380.206161,0
470469.765,5373969.168,2472285.236,572342.2331,0.941882979,20.9833881,0
471469.765,5373969.168,2475563.163,572505.752,0.984435908,319.8374384,0
472469.765,5373969.168,2478841.092,572669.2674,0.928452962,1109.587571,0
473469.765,5373969.168,2482119.023,572832.7793,0.867482435,1781.310062,0
474469.765,5373969.168,2485396.957,572996.2877,0.912562968,992.3870262,0
475469.765,5373969.168,2488674.893,573159.7926,0.884863097,526.7352888,4.260689735
476469.765,5373969.168,2491952.831,573323.294,0.841307307,1532.252962,5.768967589
477469.765,5373969.168,2495230.771,573486.7919,0.787991785,3181.73689,3.218297065
478469.765,5373969.168,2498508.713,573650.2863,0.677976652,4433.182796,2.936372496
479469.765,5373969.168,2501786.657,573813.7772,0.77406067,3910.641777,1.761598796
480469.765,5373969.168,2505064.603,573977.2646,0.941220595,1550.769189,0.909479909
481469.765,5373969.168,2508342.551,574140.7484,0.914435804,768.0503007,0.052054137
482469.765,5373969.168,2511620.501,574304.2287,0.836854128,929.1485673,0
483469.765,5373969.168,2514898.452,574467.7055,0.843141347,997.1373336,0
404469.765,5372969.168,2256115.413,558264.9445,0.980169509,1842.355033,0
405469.765,5372969.168,2259392.992,558428.6748,0.990347317,1488.056102,0
406469.765,5372969.168,2262670.579,558592.4021,0.898282028,895.9226006,0
407469.765,5372969.168,2265948.174,558756.1262,0.897088492,742.0467613,0
408469.765,5372969.168,2269225.776,558919.8473,0.886194506,751.5703879,0.034544107
409469.765,5372969.168,2272503.386,559083.5653,0.67591074,1854.366436,0.260658296
410469.765,5372969.168,2275781.004,559247.2801,0.576800558,3453.936019,0.360099926
411469.765,5372969.168,2279058.629,559410.9919,0.573605734,3837.884124,1.224417247
412469.765,5372969.168,2282336.261,559574.7006,0.268118324,2045.746992,3.261367291
413469.765,5372969.168,2285613.901,559738.4061,0.022239208,1003.790231,0.412618516
414469.765,5372969.168,2288891.548,559902.1086,0.449081347,3222.839198,0.876113323
415469.765,5372969.168,2292169.202,560065.8079,0.902646822,3069.063446,1.119750056
416469.765,5372969.168,2295446.863,560229.5041,0.922792413,1054.339956,1.914147031
417469.765,5372969.168,2298724.531,560393.1971,0.946730152,1175.012755,0.909216873
418469.765,5372969.168,2302002.205,560556.887,0.923860065,3043.637887,1.176458687
419469.765,5372969.168,2305279.887,560720.5738,0.951000381,2455.272595,0.271735643
420469.765,5372969.168,2308557.575,560884.2574,0.855765566,1598.774358,0.018656898
421469.765,5372969.168,2311835.27,561047.9378,0.869705028,1036.329202,0
422469.765,5372969.168,2315112.972,561211.6151,0.897895658,370.8517707,0
423469.765,5372969.168,2318390.68,561375.2892,0.897547839,598.1228326,0.46645546
424469.765,5372969.168,2321668.394,561538.9602,0.93696529,1952.144394,0.341717509
425469.765,5372969.168,2324946.115,561702.628,0.913750062,3713.792934,0.11324991
426469.765,5372969.168,2328223.842,561866.2926,0.901083569,2688.003279,0.290247923
427469.765,5372969.168,2331501.575,562029.954,0.961763549,2068.362543,0.387100089
428469.765,5372969.168,2334779.314,562193.6122,0.964935599,1944.714103,4.684103979
429469.765,5372969.168,2338057.059,562357.2672,0.979431442,1551.003643,4.670086403
430469.765,5372969.168,2341334.81,562520.919,0.961830589,1662.300766,3.134831499
431469.765,5372969.168,2344612.567,562684.5677,0.503391321,4442.495717,6.282121726
432469.765,5372969.168,2347890.329,562848.2131,0.133416945,7178.901804,2.270904483
433469.765,5372969.168,2351168.097,563011.8552,0.293516541,6710.492439,6.041708757
434469.765,5372969.168,2354445.871,563175.4942,0.549167794,3771.16019,5.442430392
435469.765,5372969.168,2357723.65,563339.1299,0.705588529,3232.458311,8.64573305
436469.765,5372969.168,2361001.435,563502.7624,0.722188869,4111.300638,8.750829841
437469.765,5372969.168,2364279.225,563666.3917,0.669943096,3444.833121,4.852111697
438469.765,5372969.168,2367557.02,563830.0177,0.836020209,1251.330295,1.55783542
439469.765,5372969.168,2370834.821,563993.6405,0.774538784,1505.443068,1.286749511
440469.765,5372969.168,2374112.626,564157.26,0.684379558,3313.302533,7.405283834
441469.765,5372969.168,2377390.437,564320.8763,0.603575011,3220.025492,6.209836185
442469.765,5372969.168,2380668.252,564484.4893,0.637429792,2703.412933,1.708786562
443469.765,5372969.168,2383946.072,564648.099,0.55531712,2839.359876,3.377514437
444469.765,5372969.168,2387223.898,564811.7055,0.380499782,3543.599672,4.646389405
445469.765,5372969.168,2390501.727,564975.3087,0.342567272,5271.163749,7.720877818
446469.765,5372969.168,2393779.562,565138.9086,0.655057084,5109.430943,6.639989342
447469.765,5372969.168,2397057.4,565302.5052,0.929623485,4841.232061,3.604834674
448469.765,5372969.168,2400335.244,565466.0986,0.945484143,3443.927243,2.379017033
449469.765,5372969.168,2403613.091,565629.6886,0.924880511,3569.657429,2.093889076
450469.765,5372969.168,2406890.943,565793.2753,0.912921452,4817.246585,2.022838279
451469.765,5372969.168,2410168.8,565956.8588,0.905252692,3957.296283,3.420252204
452469.765,5372969.168,2413446.66,566120.4389,0.77372831,1649.057174,2.067596401
453469.765,5372969.168,2416724.524,566284.0157,0.85812508,466.7278527,1.109698482
454469.765,5372969.168,2420002.392,566447.5892,0.994262274,438.1264808,0
455469.765,5372969.168,2423280.264,566611.1593,0.99945788,374.2578353,0
456469.765,5372969.168,2426558.14,566774.7262,0.996386367,50.49544295,0
457469.765,5372969.168,2429836.02,566938.2897,0.987099459,319.3399563,0
458469.765,5372969.168,2433113.903,567101.8498,0.994411587,196.4252874,0
459469.765,5372969.168,2436391.79,567265.4066,0.997870881,193.2687112,0
460469.765,5372969.168,2439669.68,567428.9601,0.99630639,224.6290558,0
461469.765,5372969.168,2442947.574,567592.5102,0.993670298,73.14267493,0
462469.765,5372969.168,2446225.471,567756.057,0.931574051,456.0236794,0
463469.765,5372969.168,2449503.371,567919.6004,0.949756001,1517.659985,0.13248308
464469.765,5372969.168,2452781.274,568083.1404,0.975949772,2057.054625,0.13248308
465469.765,5372969.168,2456059.181,568246.6771,0.99893417,1988.478403,0
466469.765,5372969.168,2459337.09,568410.2104,0.994005597,2168.45337,0
467469.765,5372969.168,2462615.002,568573.7403,0.988704324,1898.752868,0
468469.765,5372969.168,2465892.917,568737.2668,0.984682457,1844.786781,0
469469.765,5372969.168,2469170.835,568900.7899,0.949510093,710.6765725,0
470469.765,5372969.168,2472448.756,569064.3096,0.963630464,3.350364964,0
471469.765,5372969.168,2475726.679,569227.826,0.972177196,173.9200438,0
472469.765,5372969.168,2479004.604,569391.3389,0.93841923,1128.957711,0
473469.765,5372969.168,2482282.532,569554.8485,0.865142408,2470.791113,0
474469.765,5372969.168,2485560.462,569718.3546,0.919766105,1023.514936,0.026687993
475469.765,5372969.168,2488838.395,569881.8573,0.91458108,245.8144236,0.026687993
476469.765,5372969.168,2492116.329,570045.3566,0.922709527,718.9675656,1.40859735
477469.765,5372969.168,2495394.266,570208.8524,0.97046472,918.1954421,0.433052054
478469.765,5372969.168,2498672.205,570372.3448,0.855428604,2336.480496,1.004010426
479469.765,5372969.168,2501950.146,570535.8338,0.720635938,4294.269679,3.126612699
480469.765,5372969.168,2505228.088,570699.3194,0.74675061,3165.079599,2.07814626
481469.765,5372969.168,2508506.032,570862.8015,0.876175263,1350.07618,0.312393477
482469.765,5372969.168,2511783.978,571026.2802,0.799322053,1549.958569,0.143213868
483469.765,5372969.168,2515061.926,571189.7554,0.795295237,1591.618935,0
404469.765,5371969.168,2256279.141,554987.3708,0.993671353,2032.403899,0
405469.765,5371969.168,2259556.717,555151.0933,0.986866465,1726.521668,0
406469.765,5371969.168,2262834.301,555314.8127,0.93215448,1322.597668,0
407469.765,5371969.168,2266111.893,555478.5291,0.906258879,909.7149099,0
408469.765,5371969.168,2269389.492,555642.2426,0.993007364,1081.309164,0.114217632
409469.765,5371969.168,2272667.099,555805.953,0.888015177,3134.329748,2.077206747
410469.765,5371969.168,2275944.713,555969.6604,0.676884758,4675.65924,2.701443673
411469.765,5371969.168,2279222.335,556133.3648,0.302297619,3363.964064,0.700523403
412469.765,5371969.168,2282499.965,556297.0661,0.07979509,1278.178337,0.249610544
413469.765,5371969.168,2285777.601,556460.7644,0.148202172,2591.115588,1.049623728
414469.765,5371969.168,2289055.245,556624.4597,0.695185462,3324.528127,1.290517658
415469.765,5371969.168,2292332.896,556788.1519,0.910219474,1784.508932,2.121994838
416469.765,5371969.168,2295610.554,556951.8411,0.851013376,856.5946832,1.879831084
417469.765,5371969.168,2298888.219,557115.5273,0.863038759,826.6734099,0.761735439
418469.765,5371969.168,2302165.89,557279.2103,0.851593019,2189.390813,0.780801469
419469.765,5371969.168,2305443.569,557442.8903,0.884000395,1906.333333,0.08897048
420469.765,5371969.168,2308721.254,557606.5673,0.84817662,1184.036808,0.15019308
421469.765,5371969.168,2311998.946,557770.2411,0.910358371,900.2476763,0
422469.765,5371969.168,2315276.644,557933.9119,0.939491761,244.8153622,0
423469.765,5371969.168,2318554.349,558097.5796,0.896772578,899.4031404,2.303615193
424469.765,5371969.168,2321832.06,558261.2442,0.951138249,1739.696682,2.573832237
425469.765,5371969.168,2325109.778,558424.9058,0.961345647,2099.058481,2.735623926
426469.765,5371969.168,2328387.502,558588.5642,0.895384931,1953.06646,3.643282938
427469.765,5371969.168,2331665.231,558752.2195,0.894247506,1410.934062,7.215774965
428469.765,5371969.168,2334942.967,558915.8717,0.906698641,2668.193918,15.06692775
429469.765,5371969.168,2338220.709,559079.5208,0.9357013,2060.725898,13.65852833
430469.765,5371969.168,2341498.457,559243.1667,0.985354332,1718.73037,3.467106978
431469.765,5371969.168,2344776.211,559406.8096,0.626473061,4388.037726,2.886720037
432469.765,5371969.168,2348053.97,559570.4493,0.15997246,7500.880896,2.864778164
433469.765,5371969.168,2351331.735,559734.0859,0.342328113,6278.944931,3.710681892
434469.765,5371969.168,2354609.506,559897.7193,0.684813931,3164.349024,3.645391176
435469.765,5371969.168,2357887.282,560061.3496,0.903166528,2019.687226,3.734278214
436469.765,5371969.168,2361165.063,560224.9767,0.932236388,2521.075492,4.590408966
437469.765,5371969.168,2364442.85,560388.6007,0.798004982,3193.924563,7.509089017
438469.765,5371969.168,2367720.642,560552.2215,0.690502566,2924.431148,4.011344309
439469.765,5371969.168,2370998.439,560715.8391,0.494360012,3272.794096,7.041331877
440469.765,5371969.168,2374276.242,560879.4536,0.456163745,3370.928389,10.41100857
441469.765,5371969.168,2377554.049,561043.0649,0.605454879,2470.373132,10.01758366
442469.765,5371969.168,2380831.861,561206.673,0.701793196,1496.053418,5.049518773
443469.765,5371969.168,2384109.678,561370.278,0.646393145,1537.041743,3.880989611
444469.765,5371969.168,2387387.5,561533.8797,0.347141428,3612.719075,5.337507367
445469.765,5371969.168,2390665.327,561697.4783,0.33742513,3971.942206,5.60006852
446469.765,5371969.168,2393943.158,561861.0736,0.59192175,3259.646651,3.350059116
447469.765,5371969.168,2397220.993,562024.6658,0.877023253,3281.943472,2.649121922
448469.765,5371969.168,2400498.833,562188.2547,0.9800852,1862.766357,0.530120927
449469.765,5371969.168,2403776.678,562351.8404,0.972936904,1991.556203,0.076348402
450469.765,5371969.168,2407054.526,562515.4229,0.936004767,2769.67571,0.002614705
451469.765,5371969.168,2410332.379,562679.0022,0.876293305,1347.588632,0
452469.765,5371969.168,2413610.236,562842.5782,0.820363755,187.7485881,0
453469.765,5371969.168,2416888.097,563006.1511,0.930749809,8.238963882,0
454469.765,5371969.168,2420165.962,563169.7206,0.982413396,233.1176578,0
455469.765,5371969.168,2423443.831,563333.287,0.970205343,446.7575205,0
456469.765,5371969.168,2426721.704,563496.85,0.994925937,98.25546647,0
457469.765,5371969.168,2429999.58,563660.4099,0.974733809,172.2309515,0
458469.765,5371969.168,2433277.46,563823.9665,0.961873505,240.1063093,0
459469.765,5371969.168,2436555.343,563987.5198,0.970116869,212.0293528,0
460469.765,5371969.168,2439833.23,564151.0698,0.983412417,489.3640839,0
461469.765,5371969.168,2443111.121,564314.6166,0.932372636,945.296357,0
462469.765,5371969.168,2446389.014,564478.1601,0.907985396,1343.551284,0
463469.765,5371969.168,2449666.911,564641.7003,0.990659181,1083.591365,0
464469.765,5371969.168,2452944.811,564805.2372,0.993414266,1328.39756,0
465469.765,5371969.168,2456222.714,564968.7709,0.988197455,2026.747265,0
466469.765,5371969.168,2459500.62,565132.3012,0.993473847,2386.222892,0
467469.765,5371969.168,2462778.529,565295.8283,0.991895158,2074.204778,0
468469.765,5371969.168,2466056.441,565459.352,0.966024237,952.1377802,0
469469.765,5371969.168,2469334.355,565622.8725,0.948983474,139.6933868,0
470469.765,5371969.168,2472612.272,565786.3896,0.96358048,219.0510204,0
471469.765,5371969.168,2475890.192,565949.9034,0.985736824,425.1562443,0
472469.765,5371969.168,2479168.114,566113.4139,0.964829402,1473.912536,0
473469.765,5371969.168,2482446.039,566276.921,0.927380102,2616.358484,0
474469.765,5371969.168,2485723.966,566440.4249,0.910680369,1388.43882,0.045982319
475469.765,5371969.168,2489001.895,566603.9254,0.918171302,90.53805535,0.039550877
476469.765,5371969.168,2492279.826,566767.4225,0.934971347,17.69042844,1.90E-22
477469.765,5371969.168,2495557.759,566930.9163,0.9317937,553.1624384,0.038231292
478469.765,5371969.168,2498835.695,567094.4068,0.893651512,1518.768486,0.063718821
479469.765,5371969.168,2502113.632,567257.8939,0.730364823,3569.815895,2.42363131
480469.765,5371969.168,2505391.571,567421.3777,0.72222012,4268.216979,3.809276307
481469.765,5371969.168,2508669.512,567584.8581,0.894631869,1662.765306,0.442563146
482469.765,5371969.168,2511947.455,567748.3351,0.800780796,1078.094587,0.143213868
483469.765,5371969.168,2515225.399,567911.8088,0.814752031,1378.608862,0
403469.765,5370969.168,2253165.295,551546.0827,0.998412084,1135.039723,0
404469.765,5370969.168,2256442.861,551709.8002,0.989452544,1717.186042,0
405469.765,5370969.168,2259720.434,551873.5147,0.975090258,2345.213999,0.9197704
406469.765,5370969.168,2262998.015,552037.2263,0.984132486,1638.334427,1.15534088
407469.765,5370969.168,2266275.604,552200.9351,0.985579014,201.6432866,0
408469.765,5370969.168,2269553.2,552364.6409,0.982603076,749.4965404,0.184432723
409469.765,5370969.168,2272830.804,552528.3437,0.878339672,2946.873291,4.046273097
410469.765,5370969.168,2276108.416,552692.0436,0.552266496,4036.823325,3.60507331
411469.765,5370969.168,2279386.035,552855.7406,0.134657172,1517.144761,3.276399016
412469.765,5370969.168,2282663.661,553019.4347,0.198415151,1447.563514,0.478861034
413469.765,5370969.168,2285941.294,553183.1257,0.462427119,3994.917319,2.564548825
414469.765,5370969.168,2289218.935,553346.8139,0.833514758,2998.779822,2.266411282
415469.765,5370969.168,2292496.583,553510.499,0.930507255,1292.472217,1.42445826
416469.765,5370969.168,2295774.238,553674.1812,0.883379455,540.5594826,0.844041764
417469.765,5370969.168,2299051.9,553837.8605,0.893790312,629.163202,0.766407204
418469.765,5370969.168,2302329.568,554001.5367,0.899397381,1029.219953,0.931896882
419469.765,5370969.168,2305607.244,554165.21,0.890623667,396.7808569,0.021764548
420469.765,5370969.168,2308884.926,554328.8803,0.845737084,185.0865525,0
421469.765,5370969.168,2312162.615,554492.5476,0.955730139,449.4234415,0
422469.765,5370969.168,2315440.31,554656.2118,0.979875261,396.6371762,5.554814339
423469.765,5370969.168,2318718.012,554819.8731,0.944984583,1301.486053,6.190883785
424469.765,5370969.168,2321995.72,554983.5314,0.907311317,2582.741706,5.157132854
425469.765,5370969.168,2325273.435,555147.1867,0.873868681,2417.825865,7.141854168
426469.765,5370969.168,2328551.155,555310.8389,0.727997233,2654.92571,10.31547204
427469.765,5370969.168,2331828.882,555474.4881,0.777693812,3064.815301,12.01128616
428469.765,5370969.168,2335106.615,555638.1343,0.801406392,3755.961013,12.41926273
429469.765,5370969.168,2338384.354,555801.7774,0.942077374,2496.974102,6.208658246
430469.765,5370969.168,2341662.099,555965.4176,0.919898966,3008.889031,10.46378814
431469.765,5370969.168,2344939.849,556129.0546,0.575629211,5528.226618,25.85844374
432469.765,5370969.168,2348217.605,556292.6886,0.23780415,7455.649845,18.3270997
433469.765,5370969.168,2351495.367,556456.3196,0.5119397,6114.528522,6.281971515
434469.765,5370969.168,2354773.135,556619.9475,0.683229361,3255.205979,1.558285229
435469.765,5370969.168,2358050.908,556783.5723,0.741649056,2299.349982,1.258896885
436469.765,5370969.168,2361328.686,556947.1941,0.889368929,2224.914723,1.067774773
437469.765,5370969.168,2364606.47,557110.8128,0.845180443,2864.152388,3.389269571
438469.765,5370969.168,2367884.259,557274.4284,0.612832754,4092.66357,3.201782548
439469.765,5370969.168,2371162.053,557438.0409,0.432216224,4173.316144,9.8204672
440469.765,5370969.168,2374439.852,557601.6504,0.429943369,3445.413202,10.83303785
441469.765,5370969.168,2377717.656,557765.2567,0.581547604,3279.158394,11.38447293
442469.765,5370969.168,2380995.465,557928.86,0.685018084,2910.336558,8.289715358
443469.765,5370969.168,2384273.279,558092.4601,0.703154231,2532.251823,5.301871568
444469.765,5370969.168,2387551.098,558256.0571,0.6616137,3083.746084,5.071275509
445469.765,5370969.168,2390828.921,558419.651,0.574351385,2733.203791,3.367155799
446469.765,5370969.168,2394106.749,558583.2418,0.638896389,1433.569503,2.238606994
447469.765,5370969.168,2397384.582,558746.8295,0.835379962,1769.302296,1.63820461
448469.765,5370969.168,2400662.418,558910.4141,0.979620453,2200.541978,0.74841595
449469.765,5370969.168,2403940.26,559073.9955,0.997070528,1974.169976,0.182597935
450469.765,5370969.168,2407218.105,559237.5737,0.985490058,1035.563229,0.350046575
451469.765,5370969.168,2410495.955,559401.1489,0.896233757,442.0650036,0
452469.765,5370969.168,2413773.809,559564.7208,0.903378205,127.34846,0
453469.765,5370969.168,2417051.666,559728.2897,0.970778918,124.0833942,0
454469.765,5370969.168,2420329.528,559891.8553,0.923709227,585.0738647,0
455469.765,5370969.168,2423607.394,560055.4178,0.870963518,765.9259394,0
456469.765,5370969.168,2426885.263,560218.9772,0.970895286,195.425656,0
457469.765,5370969.168,2430163.136,560382.5334,0.986144803,66.43458455,0
458469.765,5370969.168,2433441.013,560546.0863,0.977305784,183.8530806,0
459469.765,5370969.168,2436718.893,560709.6362,0.962114132,583.8173042,0
460469.765,5370969.168,2439996.777,560873.1828,0.97153561,1424.169856,0
461469.765,5370969.168,2443274.664,561036.7262,0.809061045,2414.328535,0
462469.765,5370969.168,2446552.555,561200.2665,0.768819202,2827.51148,0
463469.765,5370969.168,2449830.448,561363.8035,0.930032523,1448.226676,0
464469.765,5370969.168,2453108.345,561527.3373,0.985685252,556.5830447,0
465469.765,5370969.168,2456386.245,561690.868,0.98799369,1080.842307,0
466469.765,5370969.168,2459664.147,561854.3954,0.992363948,1702.869184,0
467469.765,5370969.168,2462942.053,562017.9196,0.991429898,1830.994525,0.032925289
468469.765,5370969.168,2466219.961,562181.4406,0.919729606,1532.074708,0.032925289
469469.765,5370969.168,2469497.873,562344.9583,0.910032783,1273.636778,0
470469.765,5370969.168,2472775.786,562508.4728,0.96256518,1406.963739,0
471469.765,5370969.168,2476053.703,562671.9841,0.980613522,1153.27223,0
472469.765,5370969.168,2479331.622,562835.4922,0.987545123,1440.151322,0
473469.765,5370969.168,2482609.543,562998.997,0.956191778,2375.053936,0
474469.765,5370969.168,2485887.467,563162.4985,0.965254081,1411.240612,0.065276645
475469.765,5370969.168,2489165.392,563325.9968,0.948543243,598.7485412,0.065276645
476469.765,5370969.168,2492443.32,563489.4918,0.954438284,127.6204885,0
477469.765,5370969.168,2495721.25,563652.9836,0.899432945,668.0271947,0.095578231
478469.765,5370969.168,2498999.182,563816.4721,0.855615537,1587.313024,0.191156462
479469.765,5370969.168,2502277.116,563979.9574,0.798202962,3488.622445,3.165688969
480469.765,5370969.168,2505555.052,564143.4393,0.717749009,4110.621242,3.836495399
481469.765,5370969.168,2508832.99,564306.918,0.90507137,1239.643886,2.968047619
482469.765,5370969.168,2512110.929,564470.3934,0.880199873,131.1752277,0
483469.765,5370969.168,2515388.87,564633.8655,0.871509625,409.8719912,0
484469.765,5370969.168,2518666.812,564797.3343,0.847592963,1195.07984,0
403469.765,5369969.168,2253329.01,548268.5229,0.989981597,483.2071038,0
404469.765,5369969.168,2256606.573,548432.2324,0.984341736,682.2281757,0
405469.765,5369969.168,2259884.143,548595.9391,0.955426928,1888.186017,0.9197704
406469.765,5369969.168,2263161.721,548759.6429,0.93972877,1477.702629,1.114097524
407469.765,5369969.168,2266439.307,548923.3439,0.975173774,253.4897029,0.706233442
408469.765,5369969.168,2269716.901,549087.0421,0.980280629,90.96956443,0
409469.765,5369969.168,2272994.502,549250.7374,0.936748147,1613.597632,0
410469.765,5369969.168,2276272.11,549414.4298,0.463508844,2294.948596,0.594043761
411469.765,5369969.168,2279549.726,549578.1194,0.196286264,460.5578045,0.927534036
412469.765,5369969.168,2282827.35,549741.8062,0.509804338,2710.000182,3.322923011
413469.765,5369969.168,2286104.98,549905.49,0.803175195,4658.62967,3.334771856
414469.765,5369969.168,2289382.618,550069.171,0.919813509,2293.098525,2.299743671
415469.765,5369969.168,2292660.263,550232.8491,0.894072844,1155.371996,2.42070411
416469.765,5369969.168,2295937.915,550396.5243,0.835945297,1286.543019,2.593997339
417469.765,5369969.168,2299215.574,550560.1967,0.886223152,1639.18985,2.079607857
418469.765,5369969.168,2302493.24,550723.8661,0.891819491,1700.156484,1.993535563
419469.765,5369969.168,2305770.912,550887.5326,0.893246556,1204.493982,0.780704445
420469.765,5369969.168,2309048.592,551051.1962,0.908466308,326.6821578,0.10006173
421469.765,5369969.168,2312326.277,551214.857,0.967776433,795.0027342,0.140856639
422469.765,5369969.168,2315603.97,551378.5147,0.965779984,962.2225665,3.722335517
423469.765,5369969.168,2318881.669,551542.1696,0.926821985,2589.82204,8.146651554
424469.765,5369969.168,2322159.374,551705.8216,0.871005886,4134.344689,6.960139656
425469.765,5369969.168,2325437.085,551869.4706,0.666602571,3850.745216,11.80347773
426469.765,5369969.168,2328714.803,552033.1166,0.663879023,3113.136976,21.02647018
427469.765,5369969.168,2331992.527,552196.7598,0.746825015,3353.203245,16.52294946
428469.765,5369969.168,2335270.257,552360.3999,0.736818555,4286.169158,7.001940273
429469.765,5369969.168,2338547.993,552524.0372,0.824680036,4431.086345,4.751232794
430469.765,5369969.168,2341825.734,552687.6714,0.868522285,4368.714885,10.7391798
431469.765,5369969.168,2345103.482,552851.3027,0.692300763,5271.308225,29.4982113
432469.765,5369969.168,2348381.235,553014.9311,0.392659907,6681.505829,7.580785587
433469.765,5369969.168,2351658.994,553178.5564,0.458681896,7060.310734,5.35736964
434469.765,5369969.168,2354936.758,553342.1788,0.437492399,5874.455556,11.53171722
435469.765,5369969.168,2358214.528,553505.7982,0.415893369,3620.292114,6.974738825
436469.765,5369969.168,2361492.304,553669.4146,0.522726223,3991.632039,7.748812485
437469.765,5369969.168,2364770.084,553833.028,0.748222432,4392.875205,2.642605466
438469.765,5369969.168,2368047.87,553996.6384,0.702463151,4669.948433,1.760082144
439469.765,5369969.168,2371325.661,554160.2458,0.607178239,3699.829264,4.793738531
440469.765,5369969.168,2374603.457,554323.8502,0.756171405,2542.672074,6.493741698
441469.765,5369969.168,2377881.259,554487.4516,0.534723547,3948.967147,7.487086058
442469.765,5369969.168,2381159.065,554651.05,0.341982971,4714.864101,5.735874961
443469.765,5369969.168,2384436.875,554814.6453,0.571691809,3356.994168,4.509238803
444469.765,5369969.168,2387714.691,554978.2377,0.906059391,947.3852041,3.288499122
445469.765,5369969.168,2390992.511,555141.8269,0.928626932,1172.474586,1.411786169
446469.765,5369969.168,2394270.336,555305.4132,0.873444817,1687.53252,2.243295497
447469.765,5369969.168,2397548.165,555468.9964,0.952656256,2013.144471,1.030283619
448469.765,5369969.168,2400825.999,555632.5765,0.99243401,2509.216837,0.055199183
449469.765,5369969.168,2404103.837,555796.1536,0.996248651,1890.61188,0.1473929
450469.765,5369969.168,2407381.68,555959.7277,0.988731449,535.6712204,0
451469.765,5369969.168,2410659.526,556123.2987,0.967132305,437.2528673,0
452469.765,5369969.168,2413937.377,556286.8666,0.969207535,503.5417426,0
453469.765,5369969.168,2417215.232,556450.4314,0.979597394,1520.199599,0
454469.765,5369969.168,2420493.09,556613.9932,0.93922557,2180.600037,0
455469.765,5369969.168,2423770.953,556777.5519,0.884843815,1644.090246,0
456469.765,5369969.168,2427048.819,556941.1075,0.966682975,667.2460361,0
457469.765,5369969.168,2430326.689,557104.66,0.960037522,553.6616254,0
458469.765,5369969.168,2433604.563,557268.2094,0.985268437,273.5677596,0
459469.765,5369969.168,2436882.44,557431.7557,0.963200605,1096.380423,0
460469.765,5369969.168,2440160.32,557595.299,0.929670719,1943.790231,0
461469.765,5369969.168,2443438.204,557758.8391,0.887933722,1615.924872,0
462469.765,5369969.168,2446716.092,557922.376,0.855574591,2195.212906,0
463469.765,5369969.168,2449993.982,558085.9099,0.973457104,875.0788994,0.035736974
464469.765,5369969.168,2453271.876,558249.4407,0.982409748,553.8565439,0.005393392
465469.765,5369969.168,2456549.772,558412.9683,0.992973789,675.5829989,0
466469.765,5369969.168,2459827.672,558576.4928,0.998643187,993.6189347,0
467469.765,5369969.168,2463105.574,558740.0141,0.997940228,1277.19369,0.032925289
468469.765,5369969.168,2466383.479,558903.5323,0.961088507,1503.986149,0.032925289
469469.765,5369969.168,2469661.387,559067.0474,0.931560069,1572.142102,0
470469.765,5369969.168,2472939.298,559230.5593,0.976785134,1489.90929,0
471469.765,5369969.168,2476217.211,559394.0681,0.961905324,1092.249909,0
472469.765,5369969.168,2479495.127,559557.5737,0.960329297,1626.774294,0
473469.765,5369969.168,2482773.045,559721.0761,0.958664395,2434.181022,0
474469.765,5369969.168,2486050.965,559884.5754,0.97166635,1229.522429,0
475469.765,5369969.168,2489328.888,560048.0715,0.973735248,1271.034835,0
476469.765,5369969.168,2492606.813,560211.5644,0.956049481,1184.625592,0.19942154
477469.765,5369969.168,2495884.74,560375.0542,0.949412486,1829.929262,0.734664269
478469.765,5369969.168,2499162.668,560538.5407,0.870546267,2868.928506,1.923453355
479469.765,5369969.168,2502440.599,560702.0241,0.710029563,4113.642479,3.153222164
480469.765,5369969.168,2505718.532,560865.5043,0.706829128,3653.446855,3.733167283
481469.765,5369969.168,2508996.466,561028.9812,0.849362404,916.2363338,2.968047619
482469.765,5369969.168,2512274.402,561192.455,0.902663982,354.8888686,0
483469.765,5369969.168,2515552.34,561355.9256,0.928832051,498.8707384,0
484469.765,5369969.168,2518830.279,561519.3929,0.934767034,261.2317651,0
403469.765,5368969.168,2253492.717,544990.9659,0.988243302,749.289205,0
404469.765,5368969.168,2256770.277,545154.6674,0.984764177,417.3878556,0
405469.765,5368969.168,2260047.844,545318.3662,0.949912087,837.3271267,0.461323024
406469.765,5368969.168,2263325.42,545482.0623,0.898702953,1289.175999,0.565051839
407469.765,5368969.168,2266603.003,545645.7556,0.953395913,388.5880314,0.440557867
408469.765,5368969.168,2269880.594,545809.4461,0.98260748,130.7976321,0
409469.765,5368969.168,2273158.192,545973.1339,0.798686971,1505.250638,0
410469.765,5368969.168,2276435.798,546136.8189,0.242279224,1684.747223,0.010837778
411469.765,5368969.168,2279713.411,546300.5011,0.35770996,1078.381222,1.763434645
412469.765,5368969.168,2282991.031,546464.1805,0.729646162,4229.588514,3.992553643
413469.765,5368969.168,2286268.659,546627.8572,0.835417545,4204.29949,4.095418317
414469.765,5368969.168,2289546.294,546791.531,0.698817378,3078.273092,4.168549299
415469.765,5368969.168,2292823.936,546955.2021,0.742718029,2464.141504,4.046998858
416469.765,5368969.168,2296101.585,547118.8703,0.860566273,1853.36183,2.780940275
417469.765,5368969.168,2299379.242,547282.5358,0.913545757,1549.224229,2.313633699
418469.765,5368969.168,2302656.904,547446.1984,0.850956016,1417.525461,1.956049805
419469.765,5368969.168,2305934.574,547609.8582,0.878749661,1388.236281,1.957739227
420469.765,5368969.168,2309212.25,547773.5151,0.962538414,1296.104265,2.956291783
421469.765,5368969.168,2312489.933,547937.1693,0.980303603,1613.282929,1.44241
422469.765,5368969.168,2315767.623,548100.8206,0.984221566,1091.192532,1.823843956
423469.765,5368969.168,2319045.319,548264.469,0.941151982,2668.106635,6.615514239
424469.765,5368969.168,2322323.021,548428.1147,0.915671751,3337.616114,5.09387878
425469.765,5368969.168,2325600.73,548591.7574,0.847687448,1916.786834,7.931968842
426469.765,5368969.168,2328878.445,548755.3973,0.909588875,1067.941134,8.0421388
427469.765,5368969.168,2332156.165,548919.0344,0.933216228,903.9256695,7.078410139
428469.765,5368969.168,2335433.892,549082.6685,0.914773952,2200.586006,1.201899842
429469.765,5368969.168,2338711.625,549246.2998,0.852439575,4559.126095,6.783890092
430469.765,5368969.168,2341989.364,549409.9283,0.874489021,4021.372424,7.535158481
431469.765,5368969.168,2345267.109,549573.5538,0.9443863,3404.960985,2.5609231
432469.765,5368969.168,2348544.859,549737.1764,0.593501261,5462.890488,7.539074341
433469.765,5368969.168,2351822.615,549900.7962,0.457013584,7071.168246,9.123773813
434469.765,5368969.168,2355100.377,550064.4131,0.507048039,6983.567888,49.46968695
435469.765,5368969.168,2358378.144,550228.027,0.408599459,5940.221898,49.65816273
436469.765,5368969.168,2361655.916,550391.6381,0.552748629,5155.330356,15.57472308
437469.765,5368969.168,2364933.694,550555.2462,0.843515661,3324.04708,7.16605553
438469.765,5368969.168,2368211.477,550718.8514,0.884801324,2881.598395,1.613426208
439469.765,5368969.168,2371489.265,550882.4537,0.760535466,3324.263858,1.626631068
440469.765,5368969.168,2374767.058,551046.0531,0.837016678,1815.936418,2.460904745
441469.765,5368969.168,2378044.856,551209.6495,0.731889034,2720.098797,4.208917631
442469.765,5368969.168,2381322.659,551373.243,0.589983126,3940.235509,4.184012741
443469.765,5368969.168,2384600.467,551536.8336,0.660934743,2789.103209,3.265335983
444469.765,5368969.168,2387878.279,551700.4212,0.85814678,1761.266849,2.199160643
445469.765,5368969.168,2391156.097,551864.0059,0.927363769,1846.212022,2.421837428
446469.765,5368969.168,2394433.919,552027.5876,0.961847433,1631.839039,1.805160642
447469.765,5368969.168,2397711.745,552191.1663,0.979653692,1200.521501,0
448469.765,5368969.168,2400989.576,552354.7421,0.974171306,1457.689108,0.006912221
449469.765,5368969.168,2404267.411,552518.3149,0.934612776,1743.217843,0.006912221
450469.765,5368969.168,2407545.25,552681.8847,0.953701725,917.8563093,0
451469.765,5368969.168,2410823.094,552845.4516,0.986442864,96.21308786,0
452469.765,5368969.168,2414100.941,553009.0154,0.997839458,655.8866825,0
453469.765,5368969.168,2417378.793,553172.5763,0.989178785,2956.787862,0
454469.765,5368969.168,2420656.649,553336.1342,0.978060082,3058.501276,0
455469.765,5368969.168,2423934.508,553499.689,0.973329627,2052.841655,0
456469.765,5368969.168,2427212.371,553663.2409,0.970248299,1695.383297,0
457469.765,5368969.168,2430490.238,553826.7898,0.950361513,989.1304189,0
458469.765,5368969.168,2433768.109,553990.3356,0.960365617,471.7256831,0
459469.765,5368969.168,2437045.983,554153.8784,0.943884142,741.8113723,0
460469.765,5368969.168,2440323.86,554317.4182,0.907010053,1535.999818,0
461469.765,5368969.168,2443601.741,554480.955,0.921508202,1630.812774,0
462469.765,5368969.168,2446879.625,554644.4887,0.996298413,1137.52792,0
463469.765,5368969.168,2450157.513,554808.0195,0.995470215,336.8080219,0.035736974
464469.765,5368969.168,2453435.403,554971.5471,0.991839452,246.7765628,0.020565183
465469.765,5368969.168,2456713.297,555135.0717,0.998069088,547.0165816,0.005393392
466469.765,5368969.168,2459991.193,555298.5933,0.999876215,745.5754373,0
467469.765,5368969.168,2463269.093,555462.1118,0.999593214,624.2473118,0
468469.765,5368969.168,2466546.995,555625.6273,0.971823332,287.9672012,0
469469.765,5368969.168,2469824.9,555789.1397,0.961927273,865.7014028,0.119606532
470469.765,5368969.168,2473102.807,555952.649,0.975484277,1332.622562,0.119606532
471469.765,5368969.168,2476380.717,556116.1552,0.979186986,1037.340864,0
472469.765,5368969.168,2479658.63,556279.6584,0.981577481,1654.40365,0
473469.765,5368969.168,2482936.545,556443.1585,0.964638532,2770.886741,0
474469.765,5368969.168,2486214.462,556606.6555,0.968650426,1808.038504,0
475469.765,5368969.168,2489492.381,556770.1494,0.991521044,1824.323004,0
476469.765,5368969.168,2492770.303,556933.6402,0.954281959,3524.211812,11.1029201
477469.765,5368969.168,2496048.227,557097.1279,0.740799954,4335.791075,10.42773858
478469.765,5368969.168,2499326.152,557260.6125,0.660868678,4660.524608,5.245435456
479469.765,5368969.168,2502604.08,557424.094,0.700869676,4543.382905,4.453446695
480469.765,5368969.168,2505882.009,557587.5724,0.809271432,2125.416834,1.998951107
481469.765,5368969.168,2509159.941,557751.0477,0.812948896,638.8371923,0
482469.765,5368969.168,2512437.873,557914.5198,0.82657781,841.5843659,0
483469.765,5368969.168,2515715.808,558077.9888,0.912964371,791.3270177,0
484469.765,5368969.168,2518993.744,558241.4547,0.983382624,654.3705528,0
403469.765,5367969.168,2253656.416,541713.4116,0.993001427,851.8157127,0
404469.765,5367969.168,2256933.973,541877.1052,0.997911058,967.2181122,0
405469.765,5367969.168,2260211.538,542040.7962,0.90996802,1230.588117,0.692265437
406469.765,5367969.168,2263489.111,542204.4845,0.803106402,1585.936713,1.761413318
407469.765,5367969.168,2266766.691,542368.1701,0.929958959,864.2136737,0.849428052
408469.765,5367969.168,2270044.279,542531.853,0.990128224,208.7632155,0.007269181
409469.765,5367969.168,2273321.874,542695.5332,0.694247399,1698.732459,0.011937656
410469.765,5367969.168,2276599.478,542859.2107,0.126496272,1157.304498,0.011937656
411469.765,5367969.168,2279877.088,543022.8856,0.412971755,2121.074162,3.426898003
412469.765,5367969.168,2283154.706,543186.5577,0.736081348,4890.187557,4.986551625
413469.765,5367969.168,2286432.331,543350.2271,0.710841864,4261.830657,5.1039445
414469.765,5367969.168,2289709.963,543513.8939,0.571989362,3708.479854,4.552828099
415469.765,5367969.168,2292987.603,543677.5579,0.772860161,2477.46883,3.520420342
416469.765,5367969.168,2296265.249,543841.2191,0.98896681,1000.183391,0.492013773
417469.765,5367969.168,2299542.902,544004.8777,0.951225391,1264.293132,0.741647777
418469.765,5367969.168,2302820.562,544168.5335,0.846708597,1978.390884,2.159782388
419469.765,5367969.168,2306098.229,544332.1865,0.841215462,1613.104227,1.678783746
420469.765,5367969.168,2309375.903,544495.8369,0.898368579,2292.995988,2.142388667
421469.765,5367969.168,2312653.583,544659.4844,0.966629318,2434.428233,0.955974799
422469.765,5367969.168,2315931.27,544823.1293,0.994021443,1840.828082,1.26432253
423469.765,5367969.168,2319208.963,544986.7713,0.962261963,3253.603354,3.985038662
424469.765,5367969.168,2322486.662,545150.4106,0.97136035,2458.910235,5.062197844
425469.765,5367969.168,2325764.368,545314.0471,0.984442218,1155.60449,3.87846899
426469.765,5367969.168,2329042.08,545477.6809,0.988346437,838.9516776,5.091369808
427469.765,5367969.168,2332319.798,545641.3118,0.983233632,1090.815929,3.547223638
428469.765,5367969.168,2335597.522,545804.94,0.966511609,2335.820004,1.783023979
429469.765,5367969.168,2338875.252,545968.5654,0.940681194,2848.840839,3.203913438
430469.765,5367969.168,2342152.988,546132.188,0.969800608,2135.313582,3.918418923
431469.765,5367969.168,2345430.73,546295.8077,0.970443843,2754.312739,2.228051817
432469.765,5367969.168,2348708.478,546459.4247,0.820835857,4033.091141,6.28329914
433469.765,5367969.168,2351986.231,546623.0389,0.686470047,5292.141635,10.66324166
434469.765,5367969.168,2355263.989,546786.6502,0.459765252,7340.463557,59.25256888
435469.765,5367969.168,2358541.753,546950.2588,0.381820862,7094.183458,94.62771861
436469.765,5367969.168,2361819.523,547113.8645,0.707030122,3951.206934,22.61143606
437469.765,5367969.168,2365097.298,547277.4673,0.8667811,1546.143222,6.095728576
438469.765,5367969.168,2368375.078,547441.0674,0.960045484,1046.839781,0
439469.765,5367969.168,2371652.863,547604.6646,0.852012609,2099.784621,1.208064375
440469.765,5367969.168,2374930.653,547768.2589,0.939026081,783.6044096,0.806881413
441469.765,5367969.168,2378208.448,547931.8504,0.94935124,1621.816609,1.529501205
442469.765,5367969.168,2381486.249,548095.439,0.931511561,1960.126185,2.911141619
443469.765,5367969.168,2384764.054,548259.0248,0.898054061,735.0375433,2.773677905
444469.765,5367969.168,2388041.863,548422.6077,0.917782785,1310.689322,3.500862136
445469.765,5367969.168,2391319.678,548586.1878,0.902452005,2256.844444,3.564211078
446469.765,5367969.168,2394597.497,548749.7649,0.916204264,1785.585232,2.255154065
447469.765,5367969.168,2397875.32,548913.3392,0.970975414,884.4296134,0.149901124
448469.765,5367969.168,2401153.148,549076.9106,0.972963782,415.2392336,0.03001762
449469.765,5367969.168,2404430.98,549240.4791,0.923291641,732.2386944,5.46E-13
450469.765,5367969.168,2407708.816,549404.0447,0.964660631,1072.647016,0
451469.765,5367969.168,2410986.657,549567.6074,0.998831642,567.2807945,0
452469.765,5367969.168,2414264.502,549731.1672,0.999436631,151.6617459,0
453469.765,5367969.168,2417542.35,549894.7241,0.997950024,1232.045347,0
454469.765,5367969.168,2420820.203,550058.2781,0.987301915,945.6041933,0
455469.765,5367969.168,2424098.06,550221.8292,0.9885412,366.3473108,0
456469.765,5367969.168,2427375.92,550385.3773,0.994214595,562.762035,0
457469.765,5367969.168,2430653.784,550548.9225,0.973814653,639.160685,0
458469.765,5367969.168,2433931.651,550712.4648,0.91078144,893.0550191,0
459469.765,5367969.168,2437209.522,550876.0041,0.86706129,920.2077259,0
460469.765,5367969.168,2440487.397,551039.5405,0.898525884,1318.260989,0
461469.765,5367969.168,2443765.275,551203.074,0.936323626,1397.860193,0
462469.765,5367969.168,2447043.156,551366.6045,0.965856894,272.3268248,0
463469.765,5367969.168,2450321.04,551530.132,0.987433039,84.55322639,0.035736974
464469.765,5367969.168,2453598.928,551693.6566,0.994425918,495.0686578,0.020858984
465469.765,5367969.168,2456876.818,551857.1782,0.995010865,443.6901075,0.021446584
466469.765,5367969.168,2460154.712,552020.6969,0.995008735,411.0076545,0
467469.765,5367969.168,2463432.608,552184.2126,0.995475521,465.6787536,0
468469.765,5367969.168,2466710.507,552347.7253,0.987119058,435.4004739,0
469469.765,5367969.168,2469988.409,552511.235,0.978763819,532.4456601,0
470469.765,5367969.168,2473266.314,552674.7417,0.969029339,1017.911261,0.119606532
471469.765,5367969.168,2476544.221,552838.2454,0.982912787,1158.937101,0
472469.765,5367969.168,2479822.13,553001.7462,0.99767,1637.585339,0
473469.765,5367969.168,2483100.042,553165.2439,0.974704593,2394.000547,0
474469.765,5367969.168,2486377.956,553328.7386,0.960861361,2021.432142,0
475469.765,5367969.168,2489655.873,553492.2303,0.983510854,2447.781421,1.204413831
476469.765,5367969.168,2492933.791,553655.719,0.868416424,3639.075382,9.861546889
477469.765,5367969.168,2496211.712,553819.2047,0.6009199,3541.627551,11.49105323
478469.765,5367969.168,2499489.635,553982.6874,0.736555522,3985.996539,6.441550186
479469.765,5367969.168,2502767.559,554146.167,0.931221723,2914.29783,3.692194019
480469.765,5367969.168,2506045.485,554309.6436,0.910129637,1318.396973,2.9483428
481469.765,5367969.168,2509323.413,554473.1172,0.793487434,1052.086584,0
482469.765,5367969.168,2512601.343,554636.5877,0.814635172,951.7357872,0
483469.765,5367969.168,2515879.275,554800.0552,0.883839592,974.071793,0
484469.765,5367969.168,2519157.207,554963.5196,0.961483461,1325.642414,0
485469.765,5367969.168,2522435.142,555126.981,0.887094062,1015.281752,0
403469.765,5366969.168,2253820.107,538435.86,0.983803759,1112.190702,0
404469.765,5366969.168,2257097.661,538599.5457,0.995540443,946.0534087,0.109146707
405469.765,5366969.168,2260375.224,538763.2288,0.893731901,988.1366369,0.660746571
406469.765,5366969.168,2263652.794,538926.9093,0.797168877,1890.490067,2.957384745
407469.765,5366969.168,2266930.371,539090.5872,0.941758128,1486.230909,2.687611885
408469.765,5366969.168,2270207.957,539254.2625,0.968956291,1370.673105,0.266449328
409469.765,5366969.168,2273485.55,539417.9352,0.623071588,1778.625342,0.021845739
410469.765,5366969.168,2276763.15,539581.6053,0.088363267,924.5553126,0.045905828
411469.765,5366969.168,2280040.758,539745.2727,0.466857086,3154.426463,1.190769191
412469.765,5366969.168,2283318.373,539908.9376,0.589425935,5695.661861,4.538537318
413469.765,5366969.168,2286595.995,540072.5998,0.670574276,4194.655902,5.615002811
414469.765,5366969.168,2289873.625,540236.2594,0.770142685,2394.566162,2.451787692
415469.765,5366969.168,2293151.262,540399.9163,0.9461438,1243.96867,1.408084126
416469.765,5366969.168,2296428.905,540563.5707,0.937072734,1300.154758,0.669718057
417469.765,5366969.168,2299706.556,540727.2223,0.750049917,1743.381056,1.295300913
418469.765,5366969.168,2302984.213,540890.8713,0.642987293,2225.212944,2.533609712
419469.765,5366969.168,2306261.877,541054.5177,0.845875309,1573.944232,1.389223127
420469.765,5366969.168,2309539.548,541218.1613,0.959913426,1552.255695,0.206854534
421469.765,5366969.168,2312817.226,541381.8024,0.984890111,2085.68701,0.206397154
422469.765,5366969.168,2316094.91,541545.4407,0.991314749,2663.02842,1.68184222
423469.765,5366969.168,2319372.6,541709.0763,0.987895348,3008.279883,4.123003483
424469.765,5366969.168,2322650.297,541872.7093,0.964200426,2508.255699,4.327958872
425469.765,5366969.168,2325928,542036.3396,0.964344514,1278.264099,2.683026722
426469.765,5366969.168,2329205.709,542199.9672,0.974582548,1062.27213,3.302245192
427469.765,5366969.168,2332483.425,542363.5921,0.902699422,2703.141633,6.251905978
428469.765,5366969.168,2335761.146,542527.2142,0.839843431,3736.853343,5.307156608
429469.765,5366969.168,2339038.873,542690.8337,0.947083931,1803.439584,0.758650035
430469.765,5366969.168,2342316.607,542854.4505,0.998681822,2358.290011,0.111062489
431469.765,5366969.168,2345594.346,543018.0645,0.9579481,2178.704392,0.236738659
432469.765,5366969.168,2348872.09,543181.6758,0.881475764,2040.170345,7.010362144
433469.765,5366969.168,2352149.841,543345.2844,0.791775613,3983.678571,9.758198897
434469.765,5366969.168,2355427.596,543508.8902,0.456183022,6973.152795,31.97397195
435469.765,5366969.168,2358705.358,543672.4933,0.383484882,6898.61673,53.77726483
436469.765,5366969.168,2361983.125,543836.0937,0.815473748,3316.523158,15.51138508
437469.765,5366969.168,2365260.897,543999.6913,0.948696346,1190.84708,2.863675848
438469.765,5366969.168,2368538.674,544163.2861,0.912404748,812.6638701,3.452746789
439469.765,5366969.168,2371816.456,544326.8782,0.911105648,463.4980864,0.609004378
440469.765,5366969.168,2375094.244,544490.4676,0.982872639,93.70593591,0.003203639
441469.765,5366969.168,2378372.036,544654.0541,0.990781373,1168.328111,0.18588306
442469.765,5366969.168,2381649.833,544817.6379,0.995297403,1573.964279,0.959912896
443469.765,5366969.168,2384927.636,544981.2189,0.999995102,416.6448496,0
444469.765,5366969.168,2388205.442,545144.7971,0.998134917,214.6287851,0
445469.765,5366969.168,2391483.254,545308.3725,0.981301956,891.7273059,0
446469.765,5366969.168,2394761.07,545471.9451,0.870237203,1973.034998,0.220592405
447469.765,5366969.168,2398038.891,545635.515,0.875208453,1682.018238,0.284703267
448469.765,5366969.168,2401316.716,545799.082,0.967978604,1200.448659,0.03001762
449469.765,5366969.168,2404594.545,545962.6462,0.997915291,564.6633212,0.06003524
450469.765,5366969.168,2407872.379,546126.2076,0.99044474,1006.32823,0
451469.765,5366969.168,2411150.216,546289.7662,0.997696533,926.4296647,0
452469.765,5366969.168,2414428.058,546453.3219,0.998273554,56.94131584,0
453469.765,5366969.168,2417705.904,546616.8749,0.989511771,9.495626822,0
454469.765,5366969.168,2420983.754,546780.425,0.992622796,7.790816327,0
455469.765,5366969.168,2424261.607,546943.9722,0.995993755,0.623997082,0
456469.765,5366969.168,2427539.465,547107.5166,0.998661515,0.783068783,0
457469.765,5366969.168,2430817.326,547271.0582,0.996902607,48.67238234,0
458469.765,5366969.168,2434095.19,547434.5969,0.934287871,460.6495991,0
459469.765,5366969.168,2437373.059,547598.1328,0.919947826,732.8727008,0
460469.765,5366969.168,2440650.93,547761.6658,0.969531614,1686.300109,0
461469.765,5366969.168,2443928.805,547925.1959,0.927691497,1551.010943,0
462469.765,5366969.168,2447206.683,548088.7232,0.926172216,87.35909588,0
463469.765,5366969.168,2450484.565,548252.2476,0.961265044,759.5327988,0
464469.765,5366969.168,2453762.449,548415.7691,0.979286075,1403.751776,0.062962905
465469.765,5366969.168,2457040.337,548579.2877,0.99170315,1273.185779,0.057298878
466469.765,5366969.168,2460318.228,548742.8034,0.982317407,1095.283944,0.087487146
467469.765,5366969.168,2463596.121,548906.3163,0.966270067,1248.612509,0
468469.765,5366969.168,2466874.017,549069.8262,0.975338919,1389.032111,0
469469.765,5366969.168,2470151.916,549233.3333,0.983382245,1285.331326,0
470469.765,5366969.168,2473429.818,549396.8374,0.973915455,1359.539738,0
471469.765,5366969.168,2476707.722,549560.3386,0.980684349,1391.339949,0.024638224
472469.765,5366969.168,2479985.628,549723.8369,0.991522719,1287.532981,0
473469.765,5366969.168,2483263.537,549887.3323,0.975684238,1298.659861,0
474469.765,5366969.168,2486541.448,550050.8248,0.962838226,1835.016217,0
475469.765,5366969.168,2489819.362,550214.3143,0.965193337,3224.495264,1.386533499
476469.765,5366969.168,2493097.277,550377.8009,0.894816015,2942.36352,1.522878804
477469.765,5366969.168,2496375.195,550541.2846,0.569178416,1794.614712,8.074867737
478469.765,5366969.168,2499653.115,550704.7653,0.749858998,3188.108438,6.551499208
479469.765,5366969.168,2502931.036,550868.2431,0.972859241,2453.159286,0.55437919
480469.765,5366969.168,2506208.96,551031.7179,0.789118491,804.8340635,0
481469.765,5366969.168,2509486.885,551195.1898,0.640281505,787.6327313,0
482469.765,5366969.168,2512764.811,551358.6587,0.873678617,949.8047758,0
483469.765,5366969.168,2516042.74,551522.1246,0.891077882,1175.092019,0
484469.765,5366969.168,2519320.67,551685.5876,0.734291519,1042.823615,0
485469.765,5366969.168,2522598.601,551849.0476,0.594171665,948.831086,0
403469.765,5365969.168,2253983.79,535158.311,0.986588344,1235.219308,0
404469.765,5365969.168,2257261.342,535321.9888,0.991430825,641.2394828,0
405469.765,5365969.168,2260538.901,535485.664,0.996179829,570.3527697,1.212346435
406469.765,5365969.168,2263816.469,535649.3367,0.956510336,1212.726461,2.145369376
407469.765,5365969.168,2267094.044,535813.0069,0.957825705,1683.552334,2.50444822
408469.765,5365969.168,2270371.627,535976.6746,0.946910281,2466.361663,0.002739691
409469.765,5365969.168,2273649.217,536140.3398,0.550461109,2377.846462,0.016377155
410469.765,5365969.168,2276926.815,536304.0024,0.10194559,1142.209184,0.023195887
411469.765,5365969.168,2280204.42,536467.6625,0.365842949,2941.958447,0.036475889
412469.765,5365969.168,2283482.033,536631.3201,0.435855559,4721.796097,1.778145485
413469.765,5365969.168,2286759.653,536794.9751,0.520731932,4067.128149,1.844262281
414469.765,5365969.168,2290037.28,536958.6276,0.615147526,2407.163202,2.190084321
415469.765,5365969.168,2293314.914,537122.2775,0.796505077,1272.620332,2.460368526
416469.765,5365969.168,2296592.555,537285.9248,0.864270952,2340.010026,2.594821364
417469.765,5365969.168,2299870.203,537449.5696,0.721039609,2670.794311,1.872307554
418469.765,5365969.168,2303147.858,537613.2118,0.597568572,3197.567602,2.125640022
419469.765,5365969.168,2306425.519,537776.8514,0.803280875,2958.185813,1.537253816
420469.765,5365969.168,2309703.187,537940.4885,0.986070807,2444.626596,1.473951998
421469.765,5365969.168,2312980.862,538104.1229,0.988092554,3279.372195,2.176727533
422469.765,5365969.168,2316258.544,538267.7548,0.968574728,3005.44898,1.863010883
423469.765,5365969.168,2319536.231,538431.3841,0.984830483,1477.866145,1.482244968
424469.765,5365969.168,2322813.925,538595.0107,0.95149235,2709.519227,3.418584516
425469.765,5365969.168,2326091.626,538758.6348,0.937475594,2664.693416,4.030680845
426469.765,5365969.168,2329369.332,538922.2562,0.97471015,1726.903955,3.054812501
427469.765,5365969.168,2332647.045,539085.875,0.874691525,2781.885569,6.932083939
428469.765,5365969.168,2335924.764,539249.4912,0.794526971,4209.159621,8.955141683
429469.765,5365969.168,2339202.489,539413.1048,0.94824182,2295.323974,1.836305588
430469.765,5365969.168,2342480.219,539576.7157,0.998884057,2235.033923,0.111062489
431469.765,5365969.168,2345757.955,539740.324,0.960385398,1363.645697,2.912570904
432469.765,5365969.168,2349035.697,539903.9296,0.882902086,2539.620482,5.720911643
433469.765,5365969.168,2352313.445,540067.5326,0.831385736,3694.92521,5.312247276
434469.765,5365969.168,2355591.198,540231.133,0.541626762,5469.686657,6.595533959
435469.765,5365969.168,2358868.957,540394.7307,0.351560246,6881.733649,9.108998477
436469.765,5365969.168,2362146.721,540558.3257,0.812434068,3984.080707,7.229032459
437469.765,5365969.168,2365424.49,540721.918,0.959189435,1361.202843,5.598482989
438469.765,5365969.168,2368702.265,540885.5077,0.886972996,1431.190737,6.02615577
439469.765,5365969.168,2371980.044,541049.0947,0.886173202,922.0023701,2.991632761
440469.765,5365969.168,2375257.829,541212.679,0.957342612,922.3111799,1.171308564
441469.765,5365969.168,2378535.619,541376.2606,0.985649552,1895.144054,0.488052035
442469.765,5365969.168,2381813.413,541539.8395,0.994841009,1984.487703,0.572897978
443469.765,5365969.168,2385091.213,541703.4157,0.999231145,1103.932677,0
444469.765,5365969.168,2388369.017,541866.9893,0.99733154,426.0045604,0
445469.765,5365969.168,2391646.826,542030.5601,0.999049198,914.7117561,0
446469.765,5365969.168,2394924.639,542194.1282,0.941398714,1686.952598,0.116230913
447469.765,5365969.168,2398202.457,542357.6935,0.906459628,1895.636148,0.116230913
448469.765,5365969.168,2401480.279,542521.2562,0.981936395,2037.611334,0
449469.765,5365969.168,2404758.106,542684.8161,0.995798407,1907.179632,0
450469.765,5365969.168,2408035.936,542848.3733,0.984482437,1733.04191,0
451469.765,5365969.168,2411313.771,543011.9278,0.991830338,1006.088326,0
452469.765,5365969.168,2414591.61,543175.4795,0.990942063,163.1632653,0
453469.765,5365969.168,2417869.454,543339.0285,0.975474299,212.8824708,0
454469.765,5365969.168,2421147.3,543502.5747,0.983795199,322.9477327,0
455469.765,5365969.168,2424425.151,543666.1181,0.999381411,65.26866216,0
456469.765,5365969.168,2427703.006,543829.6588,1,1.626367615,0
457469.765,5365969.168,2430980.864,543993.1968,0.999761805,0.947627737,0
458469.765,5365969.168,2434258.726,544156.7319,0.998188739,95.12613926,0
459469.765,5365969.168,2437536.591,544320.2643,0.988742846,502.0960452,0
460469.765,5365969.168,2440814.46,544483.7939,0.975719832,2221.178025,0
461469.765,5365969.168,2444092.332,544647.3207,0.912368764,1641.787459,0
462469.765,5365969.168,2447370.208,544810.8447,0.924061504,228.552924,0
463469.765,5365969.168,2450648.086,544974.366,0.923914326,1118.313968,0
464469.765,5365969.168,2453925.968,545137.8844,0.969907893,1093.250046,0
465469.765,5365969.168,2457203.853,545301.4001,0.995402204,736.1996354,0
466469.765,5365969.168,2460481.74,545464.9129,0.975193152,1221.271004,0
467469.765,5365969.168,2463759.631,545628.4229,0.961817574,1269.078775,0
468469.765,5365969.168,2467037.524,545791.9301,0.97001774,1013.468077,0
469469.765,5365969.168,2470315.42,545955.4345,0.982493071,1496.945793,0
470469.765,5365969.168,2473593.319,546118.936,0.97921273,1685.861597,0
471469.765,5365969.168,2476871.22,546282.4347,0.980350997,935.6544064,0.024638224
472469.765,5365969.168,2480149.124,546445.9306,0.973748553,835.7845173,0
473469.765,5365969.168,2483427.03,546609.4237,0.982596621,361.4723133,0
474469.765,5365969.168,2486704.938,546772.9139,0.975037301,1690.199563,0.040363953
475469.765,5365969.168,2489982.849,546936.4012,0.961199455,3846.435575,10.73771971
476469.765,5365969.168,2493260.762,547099.8857,0.916748129,3132.837675,8.446016431
477469.765,5365969.168,2496538.676,547263.3674,0.557268502,610.0672254,0.335769176
478469.765,5365969.168,2499816.593,547426.8462,0.607410045,1856.605244,4.80E-13
479469.765,5365969.168,2503094.512,547590.3221,0.946720072,2363.049563,4.80E-13
480469.765,5365969.168,2506372.432,547753.7952,0.841851024,477.0656934,0
481469.765,5365969.168,2509650.354,547917.2653,0.69592467,313.2452107,0
482469.765,5365969.168,2512928.278,548080.7326,0.83495269,1133.272744,0
483469.765,5365969.168,2516206.203,548244.197,0.777516194,1266.263704,0
484469.765,5365969.168,2519484.13,548407.6586,0.554539282,800.556932,0
485469.765,5365969.168,2522762.059,548571.1172,0.325307551,691.5604736,0
403469.765,5364969.168,2254147.465,531880.7645,0.986865328,1089.142545,0
404469.765,5364969.168,2257425.014,532044.4343,0.985488258,895.5317909,0
405469.765,5364969.168,2260702.572,532208.1017,0.999452309,683.6966661,0
406469.765,5364969.168,2263980.137,532371.7667,0.999841576,705.5842901,0.050092354
407469.765,5364969.168,2267257.709,532535.4292,0.999454559,835.0623405,0.050092354
408469.765,5364969.168,2270535.29,532699.0893,0.975200454,2349.049462,1.048458427
409469.765,5364969.168,2273812.877,532862.7469,0.667911198,2870.173326,2.170485904
410469.765,5364969.168,2277090.473,533026.4021,0.118311575,1459.724836,0.113943169
411469.765,5364969.168,2280368.076,533190.0549,0.225541185,813.7188411,0
412469.765,5364969.168,2283645.686,533353.7052,0.33519473,2693.019683,28.10879129
413469.765,5364969.168,2286923.303,533517.353,0.399618301,5077.87286,18.29305422
414469.765,5364969.168,2290200.927,533680.9983,0.435513947,4242.794643,6.274520993
415469.765,5364969.168,2293478.559,533844.6412,0.686628932,2774.698835,4.369323293
416469.765,5364969.168,2296756.197,534008.2816,0.896173142,3111.53252,3.034608543
417469.765,5364969.168,2300033.843,534171.9195,0.951311126,2825.835277,1.921257575
418469.765,5364969.168,2303311.495,534335.5549,0.751641882,2544.512657,2.844447928
419469.765,5364969.168,2306589.154,534499.1878,0.824483189,2918.05073,2.974772835
420469.765,5364969.168,2309866.82,534662.8182,0.958042517,3377.553692,2.473314166
421469.765,5364969.168,2313144.492,534826.4461,0.977676003,2991.744708,2.873059452
422469.765,5364969.168,2316422.171,534990.0715,0.914051613,2457.332422,0
423469.765,5364969.168,2319699.856,535153.6944,0.930317481,1200.05758,0.95749861
424469.765,5364969.168,2322977.548,535317.3147,0.953536016,1566.943523,2.38981696
425469.765,5364969.168,2326255.246,535480.9326,0.926209197,3357.201094,4.765562952
426469.765,5364969.168,2329532.95,535644.5479,0.938528387,3631.458819,8.579259495
427469.765,5364969.168,2332810.66,535808.1606,0.867627767,4071.660168,8.852305512
428469.765,5364969.168,2336088.376,535971.7708,0.846527061,4346.971929,7.146674484
429469.765,5364969.168,2339366.098,536135.3785,0.946116428,3519.051404,3.192068666
430469.765,5364969.168,2342643.826,536298.9836,0.982419696,1728.016579,0
431469.765,5364969.168,2345921.559,536462.5861,0.95105251,761.1458523,4.720642567
432469.765,5364969.168,2349199.299,536626.1861,0.820740481,2911.276095,7.262640814
433469.765,5364969.168,2352477.044,536789.7835,0.641542994,3836.786053,4.958374852
434469.765,5364969.168,2355754.794,536953.3784,0.521932325,4512.839409,2.343790227
435469.765,5364969.168,2359032.551,537116.9706,0.305184743,6992.520757,6.992131129
436469.765,5364969.168,2362310.312,537280.5603,0.523922129,5650.102022,8.099214128
437469.765,5364969.168,2365588.079,537444.1474,0.851392271,2476.107182,12.4972251
438469.765,5364969.168,2368865.85,537607.7319,0.866047105,1838.685324,5.848602057
439469.765,5364969.168,2372143.627,537771.3138,0.784321478,949.0107546,4.053447167
440469.765,5364969.168,2375421.41,537934.8931,0.830051073,1184.682589,2.03651312
441469.765,5364969.168,2378699.197,538098.4698,0.965512078,1891.162566,0.31836015
442469.765,5364969.168,2381976.989,538262.0439,0.996708692,1898.079278,0
443469.765,5364969.168,2385254.785,538425.6153,0.998865517,1834.652015,0
444469.765,5364969.168,2388532.587,538589.1841,0.994686065,1701.40365,0
445469.765,5364969.168,2391810.393,538752.7503,0.990256158,1315.24927,0
446469.765,5364969.168,2395088.204,538916.3139,0.956736785,1297.442865,0
447469.765,5364969.168,2398366.019,539079.8748,0.940885178,1807.87992,0.116230913
448469.765,5364969.168,2401643.838,539243.4331,0.964495098,2474.529787,0
449469.765,5364969.168,2404921.662,539406.9888,0.996916129,2629.818878,0
450469.765,5364969.168,2408199.49,539570.5418,0.974752284,2534.97977,0
451469.765,5364969.168,2411477.322,539734.0921,0.980654222,1977.592343,0
452469.765,5364969.168,2414755.159,539897.6398,0.997346298,1330.242938,0
453469.765,5364969.168,2418032.999,540061.1848,0.988484963,1332.798287,0
454469.765,5364969.168,2421310.843,540224.7271,0.994802672,1446.562864,0
455469.765,5364969.168,2424588.692,540388.2668,0.999598549,789.5621809,0
456469.765,5364969.168,2427866.543,540551.8038,0.999834679,214.5050192,0
457469.765,5364969.168,2431144.399,540715.3381,0.993602578,480.925041,0
458469.765,5364969.168,2434422.258,540878.8697,0.98160655,783.4616506,0
459469.765,5364969.168,2437700.121,541042.3986,0.993427849,977.9437056,0
460469.765,5364969.168,2440977.987,541205.9248,0.976831425,2186.828296,0
461469.765,5364969.168,2444255.856,541369.4483,0.902234468,1293.243991,0
462469.765,5364969.168,2447533.729,541532.9691,0.765631028,681.7713765,0.110895507
463469.765,5364969.168,2450811.605,541696.4872,0.777409255,1222.167548,0.110895507
464469.765,5364969.168,2454089.483,541860.0026,0.946208618,757.5220722,0.025803095
465469.765,5364969.168,2457367.365,542023.5152,0.997856848,19.80882085,0.025803095
466469.765,5364969.168,2460645.25,542187.0251,0.989167251,132.5194095,0
467469.765,5364969.168,2463923.138,542350.5323,0.990221789,249.7250684,0
468469.765,5364969.168,2467201.029,542514.0368,0.986516393,595.148486,0
469469.765,5364969.168,2470478.922,542677.5385,0.969826333,1259.599198,0
470469.765,5364969.168,2473756.818,542841.0375,0.950611891,1475.340015,0
471469.765,5364969.168,2477034.716,543004.5337,0.974275816,1146.728001,0
472469.765,5364969.168,2480312.617,543168.0272,0.984493742,800.5574577,0.014437374
473469.765,5364969.168,2483590.52,543331.5179,0.99386398,408.893241,0.019872762
474469.765,5364969.168,2486868.426,543495.0058,0.992535589,1287.073588,0.040363953
475469.765,5364969.168,2490146.334,543658.491,0.961167006,3257.795658,4.626712009
476469.765,5364969.168,2493424.244,543821.9734,0.922120408,3219.08525,8.963365172
477469.765,5364969.168,2496702.156,543985.4531,0.660120823,455.9595407,0.750940919
478469.765,5364969.168,2499980.069,544148.9299,0.555035657,751.8476676,3.04190573
479469.765,5364969.168,2503257.985,544312.404,0.939676344,2330.428311,1.834486281
480469.765,5364969.168,2506535.903,544475.8753,0.9803624,1160.34518,1.551181197
481469.765,5364969.168,2509813.822,544639.3438,0.867545969,282.2983959,0
482469.765,5364969.168,2513091.743,544802.8094,0.903603755,873.3676444,0
483469.765,5364969.168,2516369.666,544966.2723,0.862281326,910.789138,0
484469.765,5364969.168,2519647.59,545129.7324,0.766670221,908.3713349,0
485469.765,5364969.168,2522925.515,545293.1897,0.611076897,1115.78306,0
403469.765,5363969.168,2254311.132,528603.2204,0.987697352,1547.139446,0
404469.765,5363969.168,2257588.679,528766.8823,0.978306921,1236.696373,0
405469.765,5363969.168,2260866.234,528930.5418,0.996505089,694.6819093,0
406469.765,5363969.168,2264143.796,529094.199,0.988354195,1363.415696,0
407469.765,5363969.168,2267421.367,529257.8539,0.981799656,1219.547493,0
408469.765,5363969.168,2270698.945,529421.5064,0.985211266,1340.841788,1.202150285
409469.765,5363969.168,2273976.53,529585.1565,0.815809603,2832.927021,2.807085687
410469.765,5363969.168,2277254.123,529748.8043,0.231853118,1795.810062,2.845485662
411469.765,5363969.168,2280531.723,529912.4497,0.024077988,166.5855036,0
412469.765,5363969.168,2283809.331,530076.0927,0.268315346,1988.440882,22.10597761
413469.765,5363969.168,2287086.946,530239.7333,0.459722811,4955.962632,14.62823327
414469.765,5363969.168,2290364.568,530403.3715,0.698239788,3576.10767,6.835291794
415469.765,5363969.168,2293642.197,530567.0074,0.867638901,2323.897557,4.428860469
416469.765,5363969.168,2296919.833,530730.6408,0.982210266,2431.24877,2.185156643
417469.765,5363969.168,2300197.476,530894.2718,0.943252315,2161.741342,2.664529521
418469.765,5363969.168,2303475.126,531057.9005,0.741390971,2289.669643,4.788836479
419469.765,5363969.168,2306752.782,531221.5267,0.779417793,2139.427452,3.016326259
420469.765,5363969.168,2310030.446,531385.1505,0.920175952,1769.891039,0
421469.765,5363969.168,2313308.116,531548.7718,0.933720811,1731.734683,0
422469.765,5363969.168,2316585.792,531712.3907,0.863772691,2061.379851,0
423469.765,5363969.168,2319863.475,531876.0072,0.913633881,1246.474759,0.432752252
424469.765,5363969.168,2323141.164,532039.6213,0.973029831,1475.162782,1.348768075
425469.765,5363969.168,2326418.859,532203.2329,0.952221788,3569.684211,2.457774699
426469.765,5363969.168,2329696.561,532366.842,0.929681224,4086.871103,6.074053867
427469.765,5363969.168,2332974.268,532530.4487,0.951477178,3361.346883,8.416459152
428469.765,5363969.168,2336251.982,532694.053,0.83467162,4055.195767,4.707464695
429469.765,5363969.168,2339529.701,532857.6547,0.873117492,3391.037375,3.319744647
430469.765,5363969.168,2342807.427,533021.254,0.99196134,1079.747085,1.801638544
431469.765,5363969.168,2346085.158,533184.8508,0.983792857,405.1523879,0.812543508
432469.765,5363969.168,2349362.895,533348.4452,0.91795811,1761.598906,4.429530403
433469.765,5363969.168,2352640.637,533512.037,0.698594991,2590.521327,6.758569401
434469.765,5363969.168,2355918.385,533675.6263,0.684970938,3062.394972,2.715261719
435469.765,5363969.168,2359196.139,533839.2132,0.471082706,5912.261796,4.700279517
436469.765,5363969.168,2362473.898,534002.7975,0.371746728,6934.156859,10.39171807
437469.765,5363969.168,2365751.662,534166.3794,0.662497979,4369.559279,17.99380318
438469.765,5363969.168,2369029.431,534329.9587,0.854582373,1477.11992,6.923848186
439469.765,5363969.168,2372307.206,534493.5355,0.796734825,546.2499087,2.823044527
440469.765,5363969.168,2375584.985,534657.1098,0.787962351,941.2033589,0.809238851
441469.765,5363969.168,2378862.77,534820.6816,0.934211758,1419.478491,0
442469.765,5363969.168,2382140.559,534984.2508,0.992146898,1719.2622,0
443469.765,5363969.168,2385418.353,535147.8175,0.996524345,2180.480051,0
444469.765,5363969.168,2388696.152,535311.3816,0.9935191,1852.394823,0
445469.765,5363969.168,2391973.955,535474.9432,0.97337589,435.8036821,0.088827491
446469.765,5363969.168,2395251.764,535638.5023,0.924889905,629.5722354,0.177654982
447469.765,5363969.168,2398529.576,535802.0588,0.922540962,1468.828139,0
448469.765,5363969.168,2401807.393,535965.6127,0.942335665,2067.737514,0
449469.765,5363969.168,2405085.214,536129.1641,0.919621471,1943.908909,0
450469.765,5363969.168,2408363.04,536292.7129,0.901797422,2176.869486,0
451469.765,5363969.168,2411640.869,536456.2591,0.927605079,1673.863296,0
452469.765,5363969.168,2414918.703,536619.8027,0.998116565,1926.607228,0
453469.765,5363969.168,2418196.541,536783.3438,0.997648954,2608.882975,0
454469.765,5363969.168,2421474.382,536946.8823,0.995168556,2310.641661,0
455469.765,5363969.168,2424752.228,537110.4181,0.992415405,1495.195118,0
456469.765,5363969.168,2428030.077,537273.9514,0.993409218,1178.960656,0
457469.765,5363969.168,2431307.93,537437.4821,0.987665304,813.2881356,0
458469.765,5363969.168,2434585.786,537601.0101,0.972781418,901.7534596,0
459469.765,5363969.168,2437863.646,537764.5356,0.98765736,1322.790893,0
460469.765,5363969.168,2441141.51,537928.0584,0.997466701,2135.608561,0
461469.765,5363969.168,2444419.377,538091.5786,0.882176434,816.9340499,0
462469.765,5363969.168,2447697.247,538255.0962,0.668185593,657.6373747,0
463469.765,5363969.168,2450975.12,538418.6111,0.690790012,1103.539894,0
464469.765,5363969.168,2454252.996,538582.1234,0.884895209,372.6255016,0.025803095
465469.765,5363969.168,2457530.875,538745.6331,0.994183689,6.725350829,0.025803095
466469.765,5363969.168,2460808.758,538909.1401,0.996869268,1.649963557,0
467469.765,5363969.168,2464086.643,539072.6445,0.995371023,280.7651667,0
468469.765,5363969.168,2467364.53,539236.1462,0.987697032,668.2318207,0
469469.765,5363969.168,2470642.421,539399.6453,0.969534792,523.0553835,0
470469.765,5363969.168,2473920.314,539563.1417,0.95380416,966.9428155,0
471469.765,5363969.168,2477198.21,539726.6354,0.9835292,1185.024235,0
472469.765,5363969.168,2480476.108,539890.1265,0.978261385,1132.200328,0.182275134
473469.765,5363969.168,2483754.009,540053.6148,0.974172273,955.243529,1.820438234
474469.765,5363969.168,2487031.911,540217.1005,0.972348868,1234.849253,0
475469.765,5363969.168,2490309.816,540380.5835,0.921189418,2358.012231,2.773836024
476469.765,5363969.168,2493587.724,540544.0639,0.935837108,3399.05,2.043576126
477469.765,5363969.168,2496865.633,540707.5415,0.760101336,1095.927386,0.583056331
478469.765,5363969.168,2500143.544,540871.0164,0.570380396,157.3169976,0.11728879
479469.765,5363969.168,2503421.457,541034.4886,0.928117894,1827.512213,4.312794396
480469.765,5363969.168,2506699.372,541197.9582,0.962263197,2121.760248,6.866662681
481469.765,5363969.168,2509977.288,541361.425,0.890623272,818.3533698,0
482469.765,5363969.168,2513255.207,541524.8891,0.922645344,747.772835,0
483469.765,5363969.168,2516533.126,541688.3504,0.970034869,861.4944455,0
484469.765,5363969.168,2519811.048,541851.8091,0.963125155,996.8799417,0
485469.765,5363969.168,2523088.97,542015.265,0.968415981,1097.152051,0
403469.765,5362969.168,2254474.791,525325.6786,0.966346156,1990.569787,0
404469.765,5362969.168,2257752.336,525489.3326,0.958443435,1622.531033,8.60E-14
405469.765,5362969.168,2261029.888,525652.9843,0.994110717,623.2040109,0
406469.765,5362969.168,2264307.449,525816.6338,0.966256073,1953.631742,0
407469.765,5362969.168,2267585.017,525980.2809,0.961537648,2144.264577,0
408469.765,5362969.168,2270862.592,526143.9258,0.963696957,940.7753465,1.509534001
409469.765,5362969.168,2274140.175,526307.5685,0.854243725,2015.744758,2.483369052
410469.765,5362969.168,2277417.766,526471.2088,0.300717159,2106.397887,0.310593009
411469.765,5362969.168,2280695.364,526634.8468,0.000165957,162.1932191,0
412469.765,5362969.168,2283972.969,526798.4826,0.228073352,2134.676931,1.332766932
413469.765,5362969.168,2287250.582,526962.116,0.509569908,4929.644315,2.134264247
414469.765,5362969.168,2290528.201,527125.7471,0.802087272,3055.047567,2.80319861
415469.765,5362969.168,2293805.828,527289.3759,0.984707684,1735.88173,2.546071102
416469.765,5362969.168,2297083.462,527453.0024,0.980723207,1295.30084,1.845718101
417469.765,5362969.168,2300361.103,527616.6266,0.977072111,1398.197958,4.023305669
418469.765,5362969.168,2303638.75,527780.2485,0.873607195,2108.0275,3.447725267
419469.765,5362969.168,2306916.404,527943.868,0.898365371,1843.862634,1.458057206
420469.765,5362969.168,2310194.065,528107.4851,0.919909221,1725.158499,0
421469.765,5362969.168,2313471.732,528271.0999,0.893022833,1831.061418,0
422469.765,5362969.168,2316749.406,528434.7124,0.890120854,2910.513563,0
423469.765,5362969.168,2320027.087,528598.3225,0.936809347,2177.560998,0.378975802
424469.765,5362969.168,2323304.773,528761.9303,0.987116234,2018.313115,0.550500747
425469.765,5362969.168,2326582.466,528925.5357,0.943565902,3076.644497,1.40270555
426469.765,5362969.168,2329860.165,529089.1387,0.917925418,3172.947675,7.888741314
427469.765,5362969.168,2333137.871,529252.7393,0.912896034,3415.007666,8.400182128
428469.765,5362969.168,2336415.582,529416.3376,0.801860171,4233.566582,10.9086983
429469.765,5362969.168,2339693.299,529579.9334,0.809186351,4123.153538,7.725106205
430469.765,5362969.168,2342971.022,529743.5269,0.952792674,2232.638848,1.964907984
431469.765,5362969.168,2346248.751,529907.118,0.981177746,861.3013474,0.810504662
432469.765,5362969.168,2349526.485,530070.7067,0.968368597,894.7721888,1.576257138
433469.765,5362969.168,2352804.225,530234.293,0.865309209,1550.31299,5.025746346
434469.765,5362969.168,2356081.971,530397.8768,0.842640217,1771.114551,4.083626766
435469.765,5362969.168,2359359.722,530561.4583,0.642664533,4092.686896,4.533256738
436469.765,5362969.168,2362637.478,530725.0373,0.425176321,6487.510832,13.2086965
437469.765,5362969.168,2365915.24,530888.6139,0.575698725,5488.720481,19.15697384
438469.765,5362969.168,2369193.007,531052.188,0.716170426,3129.665087,8.763063908
439469.765,5362969.168,2372470.779,531215.7598,0.811708792,2056.734768,5.824957281
440469.765,5362969.168,2375748.556,531379.3291,0.851683318,1782.112673,3.438677548
441469.765,5362969.168,2379026.338,531542.8959,0.941046667,973.6527525,0.04875451
442469.765,5362969.168,2382304.124,531706.4603,0.99032143,1264.181702,0
443469.765,5362969.168,2385581.916,531870.0222,0.965363085,839.6539162,0
444469.765,5362969.168,2388859.712,532033.5817,0.986967333,1111.60244,0
445469.765,5362969.168,2392137.513,532197.1387,0.974266698,934.8231652,0.088827491
446469.765,5362969.168,2395415.319,532360.6932,0.952471124,891.1423105,2.60E-12
447469.765,5362969.168,2398693.129,532524.2453,0.944199573,1352.373839,0
448469.765,5362969.168,2401970.944,532687.7949,0.880797722,963.6372085,0
449469.765,5362969.168,2405248.762,532851.342,0.889273147,1188.229872,0
450469.765,5362969.168,2408526.585,533014.8866,0.880064471,1247.063993,0
451469.765,5362969.168,2411804.412,533178.4287,0.906605719,330.8008397,0
452469.765,5362969.168,2415082.244,533341.9683,0.989234285,1678.558152,0
453469.765,5362969.168,2418360.079,533505.5054,0.992664792,3734.909605,0
454469.765,5362969.168,2421637.918,533669.04,0.985643427,2620.390528,0
455469.765,5362969.168,2424915.761,533832.5721,0.969849613,946.156945,0
456469.765,5362969.168,2428193.607,533996.1016,0.972568283,1061.175902,0
457469.765,5362969.168,2431471.458,534159.6287,0.988940527,991.4204297,0
458469.765,5362969.168,2434749.311,534323.1532,0.988177409,602.6270507,0
459469.765,5362969.168,2438027.169,534486.6752,0.991924164,1757.267359,0
460469.765,5362969.168,2441305.03,534650.1946,0.989349628,2007.93717,0
461469.765,5362969.168,2444582.894,534813.7115,0.973682015,674.953933,0
462469.765,5362969.168,2447860.761,534977.2259,0.895228172,354.5145826,0
463469.765,5362969.168,2451138.632,535140.7377,0.890258637,581.436211,0
464469.765,5362969.168,2454416.505,535304.247,0.960160545,347.4711574,0
465469.765,5362969.168,2457694.382,535467.7536,0.997403286,181.3494349,0
466469.765,5362969.168,2460972.262,535631.2578,0.998599906,207.4948097,0
467469.765,5362969.168,2464250.144,535794.7593,0.99232896,904.994168,0
468469.765,5362969.168,2467528.03,535958.2583,0.991064022,1215.802914,0
469469.765,5362969.168,2470805.917,536121.7547,0.968466622,294.2392929,0
470469.765,5362969.168,2474083.808,536285.2485,0.958249547,248.83701,0
471469.765,5362969.168,2477361.701,536448.7398,0.97302923,641.4589865,0
472469.765,5362969.168,2480639.597,536612.2284,0.96813348,1095.807657,2.088818251
473469.765,5362969.168,2483917.494,536775.7145,0.978604246,1294.600036,1.724329465
474469.765,5362969.168,2487195.395,536939.1979,0.973660328,1376.188263,0.268950205
475469.765,5362969.168,2490473.297,537102.6788,0.912595642,1932.188869,0.95697847
476469.765,5362969.168,2493751.202,537266.157,0.928193118,3829.844821,2.113657926
477469.765,5362969.168,2497029.108,537429.6326,0.85159669,1992.782173,4.2726717
478469.765,5362969.168,2500307.017,537593.1056,0.621321444,303.3196647,0.215115771
479469.765,5362969.168,2503584.927,537756.576,0.888381646,2252.980492,4.946511939
480469.765,5362969.168,2506862.839,537920.0438,0.960859404,2442.075984,12.19588661
481469.765,5362969.168,2510140.753,538083.5089,0.928040747,764.1532434,0
482469.765,5362969.168,2513418.669,538246.9714,0.957500334,620.7245716,0
483469.765,5362969.168,2516696.586,538410.4312,0.967616344,670.8165389,0
484469.765,5362969.168,2519974.504,538573.8885,0.969031596,975.3099362,0
404469.765,5361969.168,2257915.985,522211.7852,0.881468015,2547.679555,0.153006256
405469.765,5361969.168,2261193.535,522375.4291,0.990198323,972.674512,0
406469.765,5361969.168,2264471.093,522539.0708,0.969626316,1751.116639,0
407469.765,5361969.168,2267748.659,522702.7103,0.964201574,2280.846784,0
408469.765,5361969.168,2271026.232,522866.3476,0.974416987,1252.603969,3.708594322
409469.765,5361969.168,2274303.813,523029.9827,0.93276605,1646.142675,4.246678114
410469.765,5361969.168,2277581.401,523193.6156,0.430882286,2704.073122,3.510575209
411469.765,5361969.168,2280858.997,523357.2463,0.029147865,822.4084533,0.311863543
412469.765,5361969.168,2284136.6,523520.8748,0.15367335,1874.555211,0.002147758
413469.765,5361969.168,2287414.21,523684.501,0.484395171,5092.659927,1.592353035
414469.765,5361969.168,2290691.828,523848.1251,0.857092361,2829.454247,2.492529551
415469.765,5361969.168,2293969.452,524011.7468,0.976777956,935.1777697,1.925644313
416469.765,5361969.168,2297247.084,524175.3664,0.943075008,744.0461847,0.637246721
417469.765,5361969.168,2300524.722,524338.9837,0.952388709,1649.496537,0.032748911
418469.765,5361969.168,2303802.367,524502.5988,0.993109359,1719.104774,0.027103947
419469.765,5361969.168,2307080.019,524666.2116,0.981160997,2221.261393,0.059163336
420469.765,5361969.168,2310357.678,524829.8221,0.951988034,2555.622129,0
421469.765,5361969.168,2313635.343,524993.4304,0.930066083,2167.371335,0
422469.765,5361969.168,2316913.014,525157.0364,0.955881744,2669.694495,0
423469.765,5361969.168,2320190.692,525320.6402,0.975068185,1784.191908,0.733304381
424469.765,5361969.168,2323468.377,525484.2416,0.989963846,1006.458553,0.280626998
425469.765,5361969.168,2326746.067,525647.8408,0.977882814,1492.29807,0.633892295
426469.765,5361969.168,2330023.764,525811.4377,0.917612213,3284.690541,4.46705812
427469.765,5361969.168,2333301.467,525975.0323,0.919875164,3127.326519,5.937969923
428469.765,5361969.168,2336579.176,526138.6246,0.877582382,2787.610077,9.573218513
429469.765,5361969.168,2339856.891,526302.2146,0.746864801,4002.829779,7.406788688
430469.765,5361969.168,2343134.611,526465.8022,0.636788133,5113.669277,7.213409513
431469.765,5361969.168,2346412.338,526629.3876,0.85966694,2702.099454,5.968246524
432469.765,5361969.168,2349690.07,526792.9706,0.920355465,1136.020222,1.460216245
433469.765,5361969.168,2352967.807,526956.5513,0.903633768,1024.952459,3.467350076
434469.765,5361969.168,2356245.551,527120.1297,0.795422169,816.1245214,3.814876748
435469.765,5361969.168,2359523.299,527283.7057,0.717995686,2586.977211,7.146804869
436469.765,5361969.168,2362801.053,527447.2795,0.624605568,5712.792525,21.65394258
437469.765,5361969.168,2366078.813,527610.8508,0.671587626,5406.166241,24.64909363
438469.765,5361969.168,2369356.577,527774.4198,0.828307729,3208.619395,4.607284665
439469.765,5361969.168,2372634.347,527937.9865,0.808620655,2648.904015,4.740225485
440469.765,5361969.168,2375912.121,528101.5508,0.812762649,2297.966102,3.991560056
441469.765,5361969.168,2379189.901,528265.1127,0.919516762,1636.538083,0.04875451
442469.765,5361969.168,2382467.685,528428.6722,0.951876098,1617.501912,0
443469.765,5361969.168,2385745.474,528592.2294,0.927750888,484.6137191,0
444469.765,5361969.168,2389023.268,528755.7842,0.968970047,517.5153061,0
445469.765,5361969.168,2392301.067,528919.3366,0.932434308,1252.935155,0
446469.765,5361969.168,2395578.87,529082.8867,0.918397742,1498.438651,0
447469.765,5361969.168,2398856.678,529246.4343,0.971404873,1654.77573,0
448469.765,5361969.168,2402134.49,529409.9795,0.955115163,1371.83871,5.28E-14
449469.765,5361969.168,2405412.306,529573.5223,0.96469338,1351.871356,3.09E-14
450469.765,5361969.168,2408690.126,529737.0628,0.961652494,1041.798396,0
451469.765,5361969.168,2411967.951,529900.6008,0.972035319,448.4130831,0
452469.765,5361969.168,2415245.78,530064.1363,0.984575066,1223.324398,0
453469.765,5361969.168,2418523.613,530227.6695,0.983568955,2531.829446,0
454469.765,5361969.168,2421801.449,530391.2002,0.985990726,1736.008383,0
455469.765,5361969.168,2425079.29,530554.7285,0.978901828,568.1879329,0
456469.765,5361969.168,2428357.134,530718.2544,0.979211434,886.0451813,0
457469.765,5361969.168,2431634.982,530881.7778,0.995673337,1325.536079,0
458469.765,5361969.168,2434912.833,531045.2988,0.995987811,1273.360949,0
459469.765,5361969.168,2438190.688,531208.8173,0.972667956,1768.126689,0
460469.765,5361969.168,2441468.546,531372.3334,0.981678286,1254.739059,0
461469.765,5361969.168,2444746.408,531535.847,0.89688565,1053.584397,0
462469.765,5361969.168,2448024.273,531699.3582,0.89963635,1036.011848,0
463469.765,5361969.168,2451302.141,531862.8668,0.969652328,762.3814038,0
464469.765,5361969.168,2454580.012,532026.373,0.981863686,415.9257976,0
465469.765,5361969.168,2457857.886,532189.8767,0.980836446,517.0902132,0
466469.765,5361969.168,2461135.763,532353.378,0.987381681,818.1162748,0
467469.765,5361969.168,2464413.643,532516.8767,0.992534427,1253.912782,0
468469.765,5361969.168,2467691.526,532680.373,0.992160456,1314.865914,0
469469.765,5361969.168,2470969.411,532843.8667,0.971516278,485.5833789,0
470469.765,5361969.168,2474247.299,533007.358,0.906905238,29.85985401,0
471469.765,5361969.168,2477525.19,533170.8468,0.946904979,43.13652126,0
472469.765,5361969.168,2480803.083,533334.333,0.9889408,434.328897,0.654365778
473469.765,5361969.168,2484080.978,533497.8167,0.993685161,1055.598141,0.665249465
474469.765,5361969.168,2487358.876,533661.2979,0.980689092,1344.475948,1.510927435
475469.765,5361969.168,2490636.776,533824.7766,0.945387047,1368.894986,1.535492456
476469.765,5361969.168,2493914.677,533988.2528,0.92785653,4038.564892,2.916131938
477469.765,5361969.168,2497192.581,534151.7264,0.878297596,3190.778163,4.344717256
478469.765,5361969.168,2500470.487,534315.1975,0.618805032,1367.638236,2.08859396
479469.765,5361969.168,2503748.395,534478.666,0.864581855,2757.182232,4.13711662
480469.765,5361969.168,2507026.305,534642.132,0.950685736,1903.827988,2.008798838
481469.765,5361969.168,2510304.216,534805.5955,0.9158914,964.0677719,0
482469.765,5361969.168,2513582.129,534969.0564,0.960600477,636.9456204,0
483469.765,5361969.168,2516860.043,535132.5147,0.925575806,496.9153439,0
484469.765,5361969.168,2520137.959,535295.9705,0.901785074,1526.607371,0
404469.765,5360969.168,2258079.626,518934.2399,0.887639129,2326.185266,0.306012511
405469.765,5360969.168,2261357.174,519097.876,0.993616962,1575.308478,0
406469.765,5360969.168,2264634.73,519261.5099,0.99559189,2521.199089,0
407469.765,5360969.168,2267912.293,519425.1418,0.997234111,2838.143404,0
408469.765,5360969.168,2271189.865,519588.7715,0.998997871,2057.572938,0.203004122
409469.765,5360969.168,2274467.443,519752.3991,0.983985594,1398.626276,1.770048261
410469.765,5360969.168,2277745.03,519916.0246,0.72084995,3134.316797,2.201189041
411469.765,5360969.168,2281022.623,520079.648,0.201518912,1525.200912,1.13921744
412469.765,5360969.168,2284300.224,520243.2692,0.101226668,1013.42891,0.000112987
413469.765,5360969.168,2287577.832,520406.8883,0.515466048,3882.529809,1.377107124
414469.765,5360969.168,2290855.447,520570.5052,0.872744197,2776.208637,4.003040656
415469.765,5360969.168,2294133.07,520734.12,0.978003139,505.6260711,0.836134593
416469.765,5360969.168,2297410.699,520897.7326,0.924010129,664.2351011,0.546939683
417469.765,5360969.168,2300688.335,521061.3431,0.925381766,2086.41735,1.671923393
418469.765,5360969.168,2303965.978,521224.9514,0.963760882,2215.555758,1.453750453
419469.765,5360969.168,2307243.628,521388.5575,0.96444499,1889.262525,0.547658612
420469.765,5360969.168,2310521.284,521552.1614,0.96102354,2455.242303,0
421469.765,5360969.168,2313798.947,521715.7632,0.935119202,2371.607436,0
422469.765,5360969.168,2317076.616,521879.3627,0.933421508,2403.290093,0
423469.765,5360969.168,2320354.292,522042.9601,0.959108885,982.2715328,2.37E-24
424469.765,5360969.168,2323631.974,522206.5553,0.936639343,1136.468807,8.62E-14
425469.765,5360969.168,2326909.662,522370.1482,0.981611857,2520.194166,0.062056811
426469.765,5360969.168,2330187.357,522533.739,0.962854294,2878.004192,0.830290268
427469.765,5360969.168,2333465.057,522697.3275,0.967052403,1179.459267,1.74397254
428469.765,5360969.168,2336742.764,522860.9139,0.994801767,343.6407218,0.043716077
429469.765,5360969.168,2340020.477,523024.498,0.859261685,2090.467748,1.654469348
430469.765,5360969.168,2343298.195,523188.0798,0.698571043,4480.938764,5.504322345
431469.765,5360969.168,2346575.919,523351.6595,0.740262294,4404.498543,8.013317381
432469.765,5360969.168,2349853.649,523515.2369,0.77080806,3477.242943,4.672360361
433469.765,5360969.168,2353131.384,523678.812,0.91490012,1244.984318,0.98929228
434469.765,5360969.168,2356409.125,523842.3849,0.83850781,465.6833942,1.387115272
435469.765,5360969.168,2359686.871,524005.9556,0.822802601,1834.012409,3.791905969
436469.765,5360969.168,2362964.623,524169.524,0.711710576,5544.928142,13.50065768
437469.765,5360969.168,2366242.38,524333.0901,0.777797588,5291.02004,14.68993364
438469.765,5360969.168,2369520.142,524496.6539,0.971586278,2554.298633,2.913829327
439469.765,5360969.168,2372797.91,524660.2155,0.901997148,1672.674499,2.428440598
440469.765,5360969.168,2376075.682,524823.7748,0.84774164,1693.419566,1.650565587
441469.765,5360969.168,2379353.459,524987.3318,0.931832399,1375.910763,0
442469.765,5360969.168,2382631.241,525150.8866,0.981801643,1554.178122,0
443469.765,5360969.168,2385909.028,525314.439,0.953916367,871.2127117,0
444469.765,5360969.168,2389186.82,525477.9891,0.967105531,168.4218294,0
445469.765,5360969.168,2392464.616,525641.5369,0.934821979,938.8394387,0
446469.765,5360969.168,2395742.417,525805.0825,0.933327948,1820.557461,0
447469.765,5360969.168,2399020.222,525968.6257,0.996195353,1601.285558,0.055440757
448469.765,5360969.168,2402298.032,526132.1666,0.979146989,1805.042146,0.315662046
449469.765,5360969.168,2405575.845,526295.7051,0.986505712,1780.840073,0.013613966
450469.765,5360969.168,2408853.664,526459.2414,0.992957885,1175.608672,0
451469.765,5360969.168,2412131.486,526622.7753,0.988786788,1553.108236,0
452469.765,5360969.168,2415409.312,526786.3068,0.986077931,1924.280277,0
453469.765,5360969.168,2418687.143,526949.836,0.988586876,1846.069789,0
454469.765,5360969.168,2421964.977,527113.3629,0.985551988,1033.798907,0
455469.765,5360969.168,2425242.815,527276.8874,0.989743346,272.7479956,0
456469.765,5360969.168,2428520.657,527440.4096,0.989062409,1197.5093,0
457469.765,5360969.168,2431798.502,527603.9294,0.995849331,2163.275246,0
458469.765,5360969.168,2435076.351,527767.4469,0.99264451,1660.254927,0.015752225
459469.765,5360969.168,2438354.203,527930.9619,0.966067842,1539.080795,0.018580906
460469.765,5360969.168,2441632.059,528094.4746,0.969064226,1067.515057,0
461469.765,5360969.168,2444909.919,528257.9849,0.913503184,1444.317784,0
462469.765,5360969.168,2448187.781,528421.4929,0.940476471,1128.006193,0
463469.765,5360969.168,2451465.647,528584.9984,0.978120329,795.361187,0
464469.765,5360969.168,2454743.515,528748.5016,0.969649892,941.3006012,0
465469.765,5360969.168,2458021.387,528912.0023,0.964819364,1392.435425,0
466469.765,5360969.168,2461299.262,529075.5007,0.979527831,2013.700383,0
467469.765,5360969.168,2464577.139,529238.9966,0.988328578,1373.17031,0
468469.765,5360969.168,2467855.02,529402.4902,0.99371809,342.7686282,0
469469.765,5360969.168,2471132.902,529565.9813,0.954873637,563.6778487,0
470469.765,5360969.168,2474410.788,529729.47,0.895221614,363.3802483,0
471469.765,5360969.168,2477688.676,529892.9562,0.933065559,72.62677855,0
472469.765,5360969.168,2480966.567,530056.4401,0.998675206,348.0447162,0.369362384
473469.765,5360969.168,2484244.459,530219.9215,0.990519752,803.7904137,0.355568279
474469.765,5360969.168,2487522.355,530383.4005,0.972546407,1556.047541,5.29415076
475469.765,5360969.168,2490800.252,530546.877,0.961060884,1543.094587,11.2889008
476469.765,5360969.168,2494078.151,530710.3511,0.965084632,3421.48323,3.327357501
477469.765,5360969.168,2497356.053,530873.8227,0.890422654,3555.468927,0.095034438
478469.765,5360969.168,2500633.956,531037.2919,0.594685141,2383.195113,0.699928288
479469.765,5360969.168,2503911.862,531200.7586,0.844720682,2310.215561,2.064500839
480469.765,5360969.168,2507189.769,531364.2228,0.963393447,881.7423939,0
481469.765,5360969.168,2510467.677,531527.6846,0.915039902,668.4897922,0
482469.765,5360969.168,2513745.588,531691.1439,0.928342488,540.4625205,0
483469.765,5360969.168,2517023.5,531854.6007,0.856846817,551.4843066,0
484469.765,5360969.168,2520301.413,532018.0551,0.805672686,1834.569422,0.638606071
405469.765,5359969.168,2261520.805,515820.325,0.993446252,867.6989796,1.74E-12
406469.765,5359969.168,2264798.359,515983.9512,0.992309041,1756.477413,0
407469.765,5359969.168,2268075.92,516147.5754,0.994676676,2556.669277,0
408469.765,5359969.168,2271353.489,516311.1976,0.999899773,2203.719388,0
409469.765,5359969.168,2274631.066,516474.8177,0.999992253,1898.72459,1.681080699
410469.765,5359969.168,2277908.65,516638.4358,0.937048356,2521.187409,1.812899489
411469.765,5359969.168,2281186.242,516802.0518,0.412240456,1642.325789,1.454898732
412469.765,5359969.168,2284463.84,516965.6658,0.039254822,682.5709071,0
413469.765,5359969.168,2287741.446,517129.2777,0.409410222,3752.585246,7.862660348
414469.765,5359969.168,2291019.06,517292.8875,0.783957376,3573.808239,7.862660348
415469.765,5359969.168,2294296.68,517456.4953,0.958582204,879.5891784,0.084202513
416469.765,5359969.168,2297574.307,517620.101,0.92999679,374.4908925,0.40733898
417469.765,5359969.168,2300851.941,517783.7046,0.908786501,2151.955714,3.608556579
418469.765,5359969.168,2304129.582,517947.3061,0.943601089,2389.07433,2.758188044
419469.765,5359969.168,2307407.229,518110.9055,0.958242589,1966.337099,0.466614128
420469.765,5359969.168,2310684.883,518274.5029,0.974088267,2431.750319,0.142787412
421469.765,5359969.168,2313962.544,518438.0981,0.94615936,2333.720146,0
422469.765,5359969.168,2317240.211,518601.6912,0.960690763,2600.840635,0
423469.765,5359969.168,2320517.885,518765.2822,0.877837024,3159.211016,1.531223953
424469.765,5359969.168,2323795.565,518928.8711,0.682387002,3916.254104,1.125771315
425469.765,5359969.168,2327073.251,519092.4579,0.846842447,3698.185313,1.191546442
426469.765,5359969.168,2330350.943,519256.0425,0.973025325,1863.290293,1.461397602
427469.765,5359969.168,2333628.642,519419.625,0.97749806,169.1863388,0
428469.765,5359969.168,2336906.346,519583.2054,0.985774791,144.0429951,0
429469.765,5359969.168,2340184.057,519746.7836,0.983649962,848.8470653,2.15E-13
430469.765,5359969.168,2343461.773,519910.3597,0.889603629,2855.140984,2.572970308
431469.765,5359969.168,2346739.495,520073.9336,0.800114905,4061.121173,2.660157542
432469.765,5359969.168,2350017.222,520237.5054,0.77630995,4077.1793,5.909463525
433469.765,5359969.168,2353294.955,520401.075,0.805104945,3745.944394,5.885989189
434469.765,5359969.168,2356572.694,520564.6424,0.869387078,1838.123153,3.044525385
435469.765,5359969.168,2359850.438,520728.2077,0.770681939,2877.834702,3.309624746
436469.765,5359969.168,2363128.188,520891.7707,0.428471203,6640.205142,2.944846642
437469.765,5359969.168,2366405.943,521055.3316,0.568580961,5945.443209,2.619787745
438469.765,5359969.168,2369683.702,521218.8903,0.909369266,1886.212685,2.665739805
439469.765,5359969.168,2372961.467,521382.4468,0.882554651,658.6165756,1.403645359
440469.765,5359969.168,2376239.238,521546.0012,0.846007469,886.7336491,0.071407959
441469.765,5359969.168,2379517.013,521709.5533,0.931451357,1013.125957,0
442469.765,5359969.168,2382794.792,521873.1032,0.971714662,957.9017141,0
443469.765,5359969.168,2386072.577,522036.6509,0.978169835,611.0965567,0
444469.765,5359969.168,2389350.366,522200.1963,0.971006167,83.33351538,0
445469.765,5359969.168,2392628.16,522363.7396,0.969362083,757.9314869,0.002107762
446469.765,5359969.168,2395905.959,522527.2806,0.981941626,1672.134307,0.002107762
447469.765,5359969.168,2399183.762,522690.8194,0.967936082,784.4302135,0.471494896
448469.765,5359969.168,2402461.569,522854.3559,0.83102108,1370.308955,0.833829623
449469.765,5359969.168,2405739.381,523017.8902,0.905887008,1760.071259,0.966156103
450469.765,5359969.168,2409017.197,523181.4223,0.997699686,999.2291856,0
451469.765,5359969.168,2412295.017,523344.9521,0.987623236,1888.177146,0
452469.765,5359969.168,2415572.841,523508.4796,0.982920687,2661.367347,0
453469.765,5359969.168,2418850.669,523672.0049,0.982156118,2112.437477,0
454469.765,5359969.168,2422128.501,523835.5279,0.983642584,1176.920649,0
455469.765,5359969.168,2425406.336,523999.0487,0.9845899,1270.850319,0
456469.765,5359969.168,2428684.176,524162.5672,0.983527599,1794.858601,0
457469.765,5359969.168,2431962.019,524326.0834,0.990103292,1998.178968,0.010094863
458469.765,5359969.168,2435239.865,524489.5973,0.99146237,1719.152051,0.014337885
459469.765,5359969.168,2438517.716,524653.1089,0.988108895,1442.549435,0.018580906
460469.765,5359969.168,2441795.569,524816.6182,0.999683389,1039.154421,0
461469.765,5359969.168,2445073.426,524980.1253,0.993609076,817.8739297,0
462469.765,5359969.168,2448351.286,525143.63,0.991713972,402.3254966,0
463469.765,5359969.168,2451629.149,525307.1324,0.968613652,554.1451202,0
464469.765,5359969.168,2454907.016,525470.6325,0.978557953,1165.503644,0
465469.765,5359969.168,2458184.885,525634.1303,0.993973759,1057.306907,0
466469.765,5359969.168,2461462.758,525797.6258,0.996947896,1628.30292,0
467469.765,5359969.168,2464740.633,525961.1189,0.992942284,1406.796425,0
468469.765,5359969.168,2468018.511,526124.6097,0.987830361,758.8215458,0
469469.765,5359969.168,2471296.391,526288.0982,0.957554472,724.9661079,0
470469.765,5359969.168,2474574.274,526451.5844,0.916054525,502.7307342,0
471469.765,5359969.168,2477852.16,526615.0681,0.990528215,353.2100273,0
472469.765,5359969.168,2481130.048,526778.5496,0.994958205,82.51814038,0.079286069
473469.765,5359969.168,2484407.938,526942.0287,0.995524505,450.080751,0.342483923
474469.765,5359969.168,2487685.831,527105.5054,0.944562793,1850.810643,7.177379096
475469.765,5359969.168,2490963.726,527268.9798,0.936501981,1697.710824,10.37306568
476469.765,5359969.168,2494241.623,527432.4518,0.943377109,3081.359723,2.740457891
477469.765,5359969.168,2497519.522,527595.9214,0.899703451,3612.090428,0.137755146
478469.765,5359969.168,2500797.423,527759.3887,0.609088791,2490.285819,0.21132494
479469.765,5359969.168,2504075.326,527922.8536,0.783384042,2312.829807,3.055479467
480469.765,5359969.168,2507353.231,528086.3161,0.975952177,816.2942034,6.355165005
481469.765,5359969.168,2510631.137,528249.7762,0.928321312,303.2669823,0
482469.765,5359969.168,2513909.045,528413.2339,0.907174787,532.842019,0
483469.765,5359969.168,2517186.955,528576.6892,0.84700454,675.3687375,0
405469.765,5358969.168,2261684.428,512542.7761,0.972105511,631.3625592,0.244125832
406469.765,5358969.168,2264961.98,512706.3946,0.983076516,466.2777474,0.003344623
407469.765,5358969.168,2268239.54,512870.0111,0.998119517,1802.833941,0
408469.765,5358969.168,2271517.107,513033.6257,0.999817387,2490.586219,0
409469.765,5358969.168,2274794.682,513197.2383,0.999875907,2381.450483,0.007508154
410469.765,5358969.168,2278072.264,513360.849,0.985398069,3210.507112,1.130787813
411469.765,5358969.168,2281349.853,513524.4577,0.519703978,1919.173723,0.801504545
412469.765,5358969.168,2284627.45,513688.0644,0.035858065,675.8059457,0
413469.765,5358969.168,2287905.054,513851.6691,0.412567613,3356.845607,5.421621263
414469.765,5358969.168,2291182.665,514015.2719,0.801936933,3721.485334,7.780270612
415469.765,5358969.168,2294460.283,514178.8727,0.883239172,1151.258746,0.610507481
416469.765,5358969.168,2297737.908,514342.4714,0.797395024,1443.183822,0.663140863
417469.765,5358969.168,2301015.54,514506.0682,0.861599911,2678.671587,5.021649987
418469.765,5358969.168,2304293.179,514669.6629,0.93597033,1661.569708,3.319209918
419469.765,5358969.168,2307570.824,514833.2557,0.892839132,1862.320569,0.236366585
420469.765,5358969.168,2310848.476,514996.8464,0.962418745,2525.136057,0.089309607
421469.765,5358969.168,2314126.135,515160.4351,0.961151518,1462.71314,0.002386731
422469.765,5358969.168,2317403.8,515324.0218,0.978941041,1382.00875,0
423469.765,5358969.168,2320681.472,515487.6065,0.873458738,3526.702717,0.373723886
424469.765,5358969.168,2323959.15,515651.1891,0.623700007,4752.743665,1.453231931
425469.765,5358969.168,2327236.834,515814.7697,0.835994593,3595.180361,1.471959908
426469.765,5358969.168,2330514.524,515978.3482,0.94235377,1827.451513,1.701859839
427469.765,5358969.168,2333792.22,516141.9247,0.92977539,200.7643846,0
428469.765,5358969.168,2337069.923,516305.4991,0.939734751,78.19508197,0
429469.765,5358969.168,2340347.631,516469.0714,0.967001138,891.7210872,0.821426133
430469.765,5358969.168,2343625.345,516632.6417,0.785052774,2950.553467,2.422317176
431469.765,5358969.168,2346903.065,516796.2099,0.666394479,3856.206601,3.2881704
432469.765,5358969.168,2350180.79,516959.7761,0.761965685,3090.060175,3.906577222
433469.765,5358969.168,2353458.521,517123.3401,0.725917361,3961.377664,4.455571694
434469.765,5358969.168,2356736.258,517286.9021,0.76932354,4456.189391,5.437405348
435469.765,5358969.168,2360014,517450.4619,0.443948341,5697.914478,6.205293179
436469.765,5358969.168,2363291.747,517614.0197,0.109445653,7312.02059,4.898281693
437469.765,5358969.168,2366569.5,517777.5754,0.393095881,6333.376777,2.380968908
438469.765,5358969.168,2369847.257,517941.1289,0.759868015,2193.48497,0.315347463
439469.765,5358969.168,2373125.02,518104.6804,0.752950885,531.6688525,0
440469.765,5358969.168,2376402.788,518268.2297,0.829926716,781.9234554,0
441469.765,5358969.168,2379680.561,518431.7769,0.908072347,1089.294708,0
442469.765,5358969.168,2382958.339,518595.322,0.945612134,789.0445499,0
443469.765,5358969.168,2386236.121,518758.8649,0.966418472,312.7436178,0
444469.765,5358969.168,2389513.908,518922.4058,0.989471314,73.59876093,0
445469.765,5358969.168,2392791.7,519085.9444,0.990479114,610.8469388,0.148228299
446469.765,5358969.168,2396069.497,519249.4809,0.97799358,1933.376777,0.458367355
447469.765,5358969.168,2399347.297,519413.0153,0.912966939,1678.912837,1.4399368
448469.765,5358969.168,2402625.102,519576.5475,0.760003484,1831.533989,1.388667063
449469.765,5358969.168,2405902.912,519740.0776,0.92114049,1788.751413,1.105481923
450469.765,5358969.168,2409180.726,519903.6055,0.994348071,1641.047177,0
451469.765,5358969.168,2412458.543,520067.1312,0.99140835,1894.757747,0
452469.765,5358969.168,2415736.365,520230.6547,0.982821101,2018.9,0
453469.765,5358969.168,2419014.191,520394.1761,0.986951471,1427.770662,0
454469.765,5358969.168,2422292.021,520557.6952,0.988771941,1052.932701,0
455469.765,5358969.168,2425569.854,520721.2122,0.996030973,1993.348413,0
456469.765,5358969.168,2428847.691,520884.727,0.993530763,2367.821181,0
457469.765,5358969.168,2432125.532,521048.2396,0.996448141,1214.624476,0
458469.765,5358969.168,2435403.377,521211.75,0.994962685,751.6189608,0
459469.765,5358969.168,2438681.224,521375.2582,0.994339618,798.9981782,0
460469.765,5358969.168,2441959.076,521538.7641,0.999872607,1171.106375,0
461469.765,5358969.168,2445236.93,521702.2679,0.999973059,752.602223,0
462469.765,5358969.168,2448514.788,521865.7694,0.994120825,151.8302677,0
463469.765,5358969.168,2451792.649,522029.2687,0.967607169,714.9704757,0
464469.765,5358969.168,2455070.513,522192.7658,0.966769344,1118.530333,0
465469.765,5358969.168,2458348.38,522356.2606,0.991383795,825.9903267,0
466469.765,5358969.168,2461626.25,522519.7532,0.999898331,655.3794928,0
467469.765,5358969.168,2464904.123,522683.2436,0.999164687,1005.879927,0
468469.765,5358969.168,2468181.999,522846.7317,0.998677843,1446.636794,0
469469.765,5358969.168,2471459.877,523010.2175,0.9451018,1462.827077,0
470469.765,5358969.168,2474737.758,523173.7011,0.937490526,1199.342196,0
471469.765,5358969.168,2478015.641,523337.1824,0.984229193,640.159621,0
472469.765,5358969.168,2481293.527,523500.6615,0.994499518,226.2358301,0
473469.765,5358969.168,2484571.415,523664.1382,0.99074116,514.7770086,0.030456569
474469.765,5358969.168,2487849.306,523827.6127,0.934738906,2094.695842,6.891514341
475469.765,5358969.168,2491127.198,523991.085,0.933663578,1672.472658,1.612148962
476469.765,5358969.168,2494405.093,524154.5549,0.952397965,2729.180692,0.010222848
477469.765,5358969.168,2497682.99,524318.0226,0.870782421,4548.287799,0.001732805
478469.765,5358969.168,2500960.888,524481.4879,0.602860543,2233.481029,0.001536827
479469.765,5358969.168,2504238.789,524644.951,0.736610768,2166.080686,4.227475286
480469.765,5358969.168,2507516.691,524808.4117,0.973088554,1369.098779,2.099785566
481469.765,5358969.168,2510794.595,524971.8702,0.9623163,316.4022214,0
482469.765,5358969.168,2514072.501,525135.3263,0.940369626,572.6027322,0
483469.765,5358969.168,2517350.408,525298.7801,0.965992643,716.6777839,0
406469.765,5357969.168,2265125.594,509428.8398,0.954190735,661.2902225,0.003344623
407469.765,5357969.168,2268403.151,509592.4487,0.986575068,1564.346659,0
408469.765,5357969.168,2271680.717,509756.0558,0.99192772,2454.150957,0
409469.765,5357969.168,2274958.289,509919.6609,0.999974685,2676.456252,0
410469.765,5357969.168,2278235.87,510083.2642,0.989014133,3662.03043,2.195208162
411469.765,5357969.168,2281513.457,510246.8655,0.606652919,2790.18528,1.739513357
412469.765,5357969.168,2284791.052,510410.465,0.060122307,712.6337103,0
413469.765,5357969.168,2288068.654,510574.0626,0.217295074,3579.402332,9.199722644
414469.765,5357969.168,2291346.263,510737.6583,0.673552302,4035.61851,7.515139775
415469.765,5357969.168,2294623.879,510901.252,0.746992197,2743.029337,2.068648568
416469.765,5357969.168,2297901.502,511064.8439,0.729468103,3153.046092,1.98810937
417469.765,5357969.168,2301179.132,511228.4338,0.762602283,3825.00438,4.514256502
418469.765,5357969.168,2304456.769,511392.0218,0.799922593,2193.367433,2.776909192
419469.765,5357969.168,2307734.413,511555.6079,0.820462292,2032.57938,0.607439896
420469.765,5357969.168,2311012.063,511719.192,0.952511567,1824.620784,0.071096993
421469.765,5357969.168,2314289.72,511882.7742,0.976726939,890.7882932,0.002386731
422469.765,5357969.168,2317567.383,512046.3545,0.97143553,1382.820915,0.015251282
423469.765,5357969.168,2320845.052,512209.9328,0.913568906,2781.574526,0.543792725
424469.765,5357969.168,2324122.728,512373.5091,0.751172416,3622.044825,0.788399696
425469.765,5357969.168,2327400.41,512537.0835,0.885556034,2770.803682,0.391494081
426469.765,5357969.168,2330678.098,512700.6559,0.945281618,1499.445599,0.181731338
427469.765,5357969.168,2333955.793,512864.2263,0.912148715,266.565883,0.62570554
428469.765,5357969.168,2337233.493,513027.7948,0.913926357,42.59613632,0
429469.765,5357969.168,2340511.199,513191.3613,0.96368008,959.964781,0.908929278
430469.765,5357969.168,2343788.911,513354.9258,0.857244452,2434.542701,2.748379734
431469.765,5357969.168,2347066.629,513518.4883,0.544814967,4411.353532,3.05175779
432469.765,5357969.168,2350344.352,513682.0488,0.615350735,3591.412097,4.987474748
433469.765,5357969.168,2353622.082,513845.6073,0.806512993,2043.052133,6.861796322
434469.765,5357969.168,2356899.816,514009.1638,0.518086926,4878.071207,7.419368428
435469.765,5357969.168,2360177.556,514172.7183,0.12872001,7029.274964,4.430824106
436469.765,5357969.168,2363455.301,514336.2708,0.14344533,6919.488703,3.652463567
437469.765,5357969.168,2366733.052,514499.8212,0.512877184,6317.080904,19.01518412
438469.765,5357969.168,2370010.807,514663.3696,0.809517341,3137.576194,0.30794865
439469.765,5357969.168,2373288.568,514826.916,0.841303136,586.4362808,0
440469.765,5357969.168,2376566.334,514990.4604,0.842635043,474.3637856,0
441469.765,5357969.168,2379844.105,515154.0027,0.873819955,767.669708,0
442469.765,5357969.168,2383121.88,515317.543,0.906445695,968.3425757,0
443469.765,5357969.168,2386399.661,515481.0812,0.947033219,747.9658697,0
444469.765,5357969.168,2389677.446,515644.6173,0.994255415,369.0947522,0
445469.765,5357969.168,2392955.236,515808.1514,0.995076242,837.2908163,1.925912023
446469.765,5357969.168,2396233.03,515971.6834,0.906827707,2768.191222,0.950964459
447469.765,5357969.168,2399510.828,516135.2134,0.631561848,4160.548605,2.907828439
448469.765,5357969.168,2402788.631,516298.7413,0.758986985,2660.104303,1.753719976
449469.765,5357969.168,2406066.439,516462.2671,0.987525216,1907.312978,0.672109624
450469.765,5357969.168,2409344.25,516625.7908,0.991467415,1783.070882,0
451469.765,5357969.168,2412622.066,516789.3124,0.977011103,806.4622951,0
452469.765,5357969.168,2415899.886,516952.832,0.980966241,475.9888848,0
453469.765,5357969.168,2419177.709,517116.3494,0.986843857,374.358979,0
454469.765,5357969.168,2422455.537,517279.8647,0.995569993,321.6557766,0
455469.765,5357969.168,2425733.368,517443.378,0.999217709,1522.908742,0
456469.765,5357969.168,2429011.203,517606.8891,0.998824795,2657.490614,0
457469.765,5357969.168,2432289.042,517770.3981,0.999578625,1807.226412,0
458469.765,5357969.168,2435566.884,517933.9049,0.999189725,984.397777,0
459469.765,5357969.168,2438844.73,518097.4097,0.999878324,646.9859668,0
460469.765,5357969.168,2442122.579,518260.9123,1,1088.22125,0
461469.765,5357969.168,2445400.431,518424.4127,0.992706025,993.3515041,0
462469.765,5357969.168,2448678.287,518587.9111,0.985203698,747.4777616,0
463469.765,5357969.168,2451956.146,518751.4073,0.992405019,663.8703333,0
464469.765,5357969.168,2455234.008,518914.9013,0.9864719,840.4045231,0
465469.765,5357969.168,2458511.873,519078.3932,0.990998329,579.80751,0.003872564
466469.765,5357969.168,2461789.74,519241.8829,0.999522516,1129.386749,0.003872564
467469.765,5357969.168,2465067.611,519405.3704,1,1344.759621,0
468469.765,5357969.168,2468345.484,519568.8558,0.997484815,924.6000364,0
469469.765,5357969.168,2471623.361,519732.339,0.991726178,1697.397632,0
470469.765,5357969.168,2474901.239,519895.8201,0.981358365,1388.125478,0
471469.765,5357969.168,2478179.12,520059.2989,0.991903479,798.4111435,0
472469.765,5357969.168,2481457.004,520222.7756,0.994084125,520.8096627,0.030456569
473469.765,5357969.168,2484734.89,520386.2501,0.97058742,1309.13585,2.071643604
474469.765,5357969.168,2488012.778,520549.7224,0.793556636,3241.822242,7.119704942
475469.765,5357969.168,2491290.668,520713.1924,0.785893348,3108.254466,6.216710726
476469.765,5357969.168,2494568.561,520876.6603,0.868262182,3028.821975,0
477469.765,5357969.168,2497846.455,521040.126,0.670306177,5536.600365,0.002264412
478469.765,5357969.168,2501124.352,521203.5894,0.534705923,2987.662837,1.24871331
479469.765,5357969.168,2504402.25,521367.0507,0.739936838,1916.105378,1.335111727
480469.765,5357969.168,2507680.15,521530.5097,0.982739392,1387.286027,1.417755235
481469.765,5357969.168,2510958.052,521693.9665,0.965707112,339.4837887,1.01594758
482469.765,5357969.168,2514235.955,521857.4211,0.927314928,924.8545157,1.280399263
407469.765,5356969.168,2268566.756,506314.8882,0.94655666,692.3882095,0
408469.765,5356969.168,2271844.319,506478.4877,0.951385849,1006.208569,0
409469.765,5356969.168,2275121.89,506642.0854,0.999976318,983.776402,0
410469.765,5356969.168,2278399.468,506805.6812,0.929713019,2940.735798,2.079126745
411469.765,5356969.168,2281677.054,506969.2753,0.612397366,2672.583819,3.649214824
412469.765,5356969.168,2284954.647,507132.8675,0.124771768,454.1414252,0
413469.765,5356969.168,2288232.247,507296.4579,0.183042335,3482.092964,9.177448638
414469.765,5356969.168,2291509.854,507460.0465,0.570211253,4428.261306,4.785834104
415469.765,5356969.168,2294787.469,507623.6333,0.725980985,3204.237427,1.983877838
416469.765,5356969.168,2298065.09,507787.2182,0.745131512,2977.037186,1.566423039
417469.765,5356969.168,2301342.718,507950.8013,0.787051117,3145.430239,2.166896112
418469.765,5356969.168,2304620.353,508114.3826,0.905196175,2315.831204,1.60728463
419469.765,5356969.168,2307897.994,508277.962,0.938490077,1656.832512,0.111110984
420469.765,5356969.168,2311175.643,508441.5395,0.99541021,1018.265574,0.075680478
421469.765,5356969.168,2314453.298,508605.1152,0.990547525,1760.624659,0.414279992
422469.765,5356969.168,2317730.959,508768.6891,0.913275044,3060.815564,0.279968205
423469.765,5356969.168,2321008.626,508932.261,0.852778286,3964.298834,0.00239373
424469.765,5356969.168,2324286.3,509095.8311,0.763892099,3793.991797,0.788399696
425469.765,5356969.168,2327563.981,509259.3993,0.828065719,2515.465998,0.344559193
426469.765,5356969.168,2330841.667,509422.9656,0.922758962,1168.536274,0.268367063
427469.765,5356969.168,2334119.359,509586.53,0.921996949,528.3804229,0.439301198
428469.765,5356969.168,2337397.058,509750.0925,0.920335945,287.7081889,0
429469.765,5356969.168,2340674.762,509913.6531,0.954458759,160.9465816,0.262509435
430469.765,5356969.168,2343952.472,510077.2119,0.984900699,934.2842278,0.103885633
431469.765,5356969.168,2347230.188,510240.7687,0.838691155,2096.586584,0.130710777
432469.765,5356969.168,2350507.909,510404.3236,0.790560057,2537.875547,2.366364494
433469.765,5356969.168,2353785.636,510567.8765,0.888504195,2248.740936,5.821287203
434469.765,5356969.168,2357063.369,510731.4276,0.461518874,4604.681545,6.360956576
435469.765,5356969.168,2360341.107,510894.9767,0.05101855,6501.353563,5.794244906
436469.765,5356969.168,2363618.85,511058.5239,0.181422163,6869.095368,3.445141917
437469.765,5356969.168,2366896.599,511222.0691,0.514600721,7200.153622,19.4736205
438469.765,5356969.168,2370174.352,511385.6124,0.830213799,4119.281233,25.29671289
439469.765,5356969.168,2373452.111,511549.1537,0.934272603,497.6192125,0
440469.765,5356969.168,2376729.875,511712.6931,0.873588936,22.43731778,0
441469.765,5356969.168,2380007.644,511876.2305,0.881999665,429.4585232,0
442469.765,5356969.168,2383285.417,512039.766,0.928313691,1048.516417,0
443469.765,5356969.168,2386563.196,512203.2994,0.98166894,1143.127962,0
444469.765,5356969.168,2389840.979,512366.831,0.999415867,872.8570908,0
445469.765,5356969.168,2393118.766,512530.3605,0.93908486,1819.543367,1.925912023
446469.765,5356969.168,2396396.559,512693.888,0.57171329,4801.223315,1.681607544
447469.765,5356969.168,2399674.355,512857.4136,0.340999252,6247.698213,4.167244043
448469.765,5356969.168,2402952.156,513020.9371,0.701935794,4397.604961,2.812228223
449469.765,5356969.168,2406229.961,513184.4587,0.961428106,2974.191024,0.620492608
450469.765,5356969.168,2409507.771,513347.9783,0.954352624,1875.018252,0.02414328
451469.765,5356969.168,2412785.584,513511.4958,0.948362218,313.0191396,1.319595337
452469.765,5356969.168,2416063.402,513675.0113,0.967022117,426.9726826,0.659797668
453469.765,5356969.168,2419341.224,513838.5248,0.97905898,1166.847149,0
454469.765,5356969.168,2422619.049,514002.0363,0.991953174,1464.056325,0
455469.765,5356969.168,2425896.878,514165.5458,0.999937052,1787.698433,1.75E-14
456469.765,5356969.168,2429174.711,514329.0532,0.999883632,1794.035897,0.006853228
457469.765,5356969.168,2432452.548,514492.5586,0.999054106,1926.498269,0
458469.765,5356969.168,2435730.388,514656.062,0.99899053,1288.417092,0
459469.765,5356969.168,2439008.232,514819.5633,0.99853333,830.7403829,0
460469.765,5356969.168,2442286.079,514983.0625,0.998135924,1341.562181,0
461469.765,5356969.168,2445563.929,515146.5597,0.988084425,1196.571976,0
462469.765,5356969.168,2448841.783,515310.0549,0.975719095,864.2224453,0
463469.765,5356969.168,2452119.639,515473.5479,0.994488496,1036.766089,0
464469.765,5356969.168,2455397.499,515637.0389,0.999374629,1465.402077,0
465469.765,5356969.168,2458675.362,515800.5279,0.99970267,1470.03043,0.003872564
466469.765,5356969.168,2461953.228,515964.0147,0.999740723,1935.530698,0.003872564
467469.765,5356969.168,2465231.096,516127.4995,1,2117.242524,0
468469.765,5356969.168,2468508.967,516290.9822,0.997605504,1076.955357,0
469469.765,5356969.168,2471786.841,516454.4628,0.991873981,1656.690879,0
470469.765,5356969.168,2475064.718,516617.9413,0.990982457,1232.018404,0
471469.765,5356969.168,2478342.597,516781.4176,0.995228761,249.0368143,0
472469.765,5356969.168,2481620.478,516944.8919,0.99447135,667.3266497,0.241385146
473469.765,5356969.168,2484898.362,517108.3641,0.93194051,1976.674758,2.416952121
474469.765,5356969.168,2488176.248,517271.8342,0.751976789,3377.701879,8.185960452
475469.765,5356969.168,2491454.136,517435.3021,0.636248839,3875.49772,9.037353992
476469.765,5356969.168,2494732.027,517598.7679,0.539942878,4668.555657,0.510108545
477469.765,5356969.168,2498009.919,517762.2316,0.302748387,6694.329022,2.751713969
478469.765,5356969.168,2501287.813,517925.6932,0.396903038,3560.167305,2.495449843
479469.765,5356969.168,2504565.709,518089.1526,0.777603528,2206.175506,2.19456224
480469.765,5356969.168,2507843.607,518252.6099,0.983932185,1461.629825,2.767529249
481469.765,5356969.168,2511121.507,518416.065,0.949923856,494.9247586,0
408469.765,5355969.168,2272007.914,503200.9214,0.872880916,613.9600729,0.118819274
409469.765,5355969.168,2275285.483,503364.5116,0.984635311,88.14223274,0.060113229
410469.765,5355969.168,2278563.06,503528.1001,0.889007816,2160.972298,2.737178639
411469.765,5355969.168,2281840.643,503691.6868,0.537745719,2098.363206,2.962221757
412469.765,5355969.168,2285118.235,503855.2718,0.080800562,288.0618049,0
413469.765,5355969.168,2288395.833,504018.8551,0.157116378,3454.886903,2.479163297
414469.765,5355969.168,2291673.438,504182.4366,0.509843444,5295.884672,1.474504953
415469.765,5355969.168,2294951.051,504346.0164,0.611170453,2888.064892,1.468053838
416469.765,5355969.168,2298228.67,504509.5945,0.59773969,1584.343409,0.959710906
417469.765,5355969.168,2301506.297,504673.1707,0.659253981,2121.112224,2.509005751
418469.765,5355969.168,2304783.93,504836.7452,0.903812732,2218.758564,1.80056887
419469.765,5355969.168,2308061.57,505000.318,0.910131234,2419.441407,0.298522574
420469.765,5355969.168,2311339.216,505163.8889,0.965746555,1305.76731,0.189000712
421469.765,5355969.168,2314616.869,505327.4581,0.988595347,2085.03425,0.71856384
422469.765,5355969.168,2317894.528,505491.0255,0.915563215,3130.230377,0.981550904
423469.765,5355969.168,2321172.194,505654.5911,0.867032485,4094.674986,0.306726935
424469.765,5355969.168,2324449.866,505818.1549,0.826478766,4325.472916,0
425469.765,5355969.168,2327727.545,505981.717,0.788782303,2257.996351,0.337361805
426469.765,5355969.168,2331005.229,506145.2772,0.85862953,1469.971329,0.312227633
427469.765,5355969.168,2334282.92,506308.8356,0.939252266,1502.660346,0.219208638
428469.765,5355969.168,2337560.616,506472.3921,0.958017134,1189.213231,0
429469.765,5355969.168,2340838.319,506635.9469,0.974312441,309.212607,0.262509435
430469.765,5355969.168,2344116.027,506799.4999,0.974816283,118.514114,0.024573732
431469.765,5355969.168,2347393.741,506963.051,0.976837298,294.444019,0.130710777
432469.765,5355969.168,2350671.46,507126.6002,0.934078516,1085.44325,1.932815328
433469.765,5355969.168,2353949.186,507290.1477,0.883518077,2312.857351,6.056935549
434469.765,5355969.168,2357226.916,507453.6933,0.569705688,4307.588589,7.260995356
435469.765,5355969.168,2360504.652,507617.237,0.198004483,6437.504463,7.343477879
436469.765,5355969.168,2363782.394,507780.7789,0.08875922,7544.239095,3.625877529
437469.765,5355969.168,2367060.14,507944.3189,0.229423273,8357.310471,21.36194413
438469.765,5355969.168,2370337.892,508107.8571,0.698079046,4856.598284,28.73725308
439469.765,5355969.168,2373615.649,508271.3933,0.925188296,558.4958979,0
440469.765,5355969.168,2376893.411,508434.9278,0.898738059,44.47192855,0
441469.765,5355969.168,2380171.178,508598.4603,0.945905944,607.0911079,0
442469.765,5355969.168,2383448.949,508761.9909,0.908234678,967.5282434,0
443469.765,5355969.168,2386726.726,508925.5197,0.883416953,693.4056862,0
444469.765,5355969.168,2390004.507,509089.0466,0.990339065,855.9242121,0.378899814
445469.765,5355969.168,2393282.293,509252.5715,0.766288046,3425.662596,2.849682844
446469.765,5355969.168,2396560.083,509416.0946,0.526507873,5056.457825,1.379062662
447469.765,5355969.168,2399837.878,509579.6157,0.632448439,4777.715743,2.691443341
448469.765,5355969.168,2403115.677,509743.135,0.912351314,3694.431856,0.6494091
449469.765,5355969.168,2406393.48,509906.6523,0.981990209,3316.276673,0.423786932
450469.765,5355969.168,2409671.287,510070.1677,0.945184721,2575.735171,0.13556073
451469.765,5355969.168,2412949.099,510233.6812,0.918326368,1708.330782,0.962056284
452469.765,5355969.168,2416226.915,510397.1927,0.972383924,1416.206375,0.67877353
453469.765,5355969.168,2419504.734,510560.7023,0.989358861,1982.254738,0
454469.765,5355969.168,2422782.558,510724.21,0.992360528,2292.154758,1.75E-14
455469.765,5355969.168,2426060.385,510887.7157,0.982614415,2708.157741,0.003426614
456469.765,5355969.168,2429338.216,511051.2194,0.979898075,2618.112224,0.018029302
457469.765,5355969.168,2432616.051,511214.7212,0.971933865,2830.986152,0.060286211
458469.765,5355969.168,2435893.889,511378.2211,0.988646329,2701.676508,0
459469.765,5355969.168,2439171.73,511541.7189,0.995292537,2271.808127,0
460469.765,5355969.168,2442449.575,511705.2148,0.99669874,1927.706783,0
461469.765,5355969.168,2445727.424,511868.7088,0.989376602,2006.124498,0
462469.765,5355969.168,2449005.275,512032.2007,0.979792101,1758.695494,0
463469.765,5355969.168,2452283.13,512195.6907,0.983665298,1383.963921,0
464469.765,5355969.168,2455560.988,512359.1787,0.993157578,1071.579053,0
465469.765,5355969.168,2458838.848,512522.6647,0.99995833,1088.087067,0
466469.765,5355969.168,2462116.712,512686.1486,0.999952254,1265.064334,0
467469.765,5355969.168,2465394.579,512849.6306,1,2000.356284,0
468469.765,5355969.168,2468672.448,513013.1106,0.997678352,1710.151504,0
469469.765,5355969.168,2471950.32,513176.5886,0.970815789,1284.831145,0
470469.765,5355969.168,2475228.194,513340.0645,0.905829488,813.0641399,0
471469.765,5355969.168,2478506.071,513503.5385,0.969968051,85.39045711,0.547889292
472469.765,5355969.168,2481783.95,513667.0104,0.995966718,589.1564266,0.215363342
473469.765,5355969.168,2485061.832,513830.4802,0.982771298,2123.567415,1.486989583
474469.765,5355969.168,2488339.716,513993.9481,0.933914793,2136.984489,7.082571313
475469.765,5355969.168,2491617.602,514157.4139,0.781003977,2860.184834,5.664603329
476469.765,5355969.168,2494895.49,514320.8777,0.445080854,5153.610089,2.218950341
477469.765,5355969.168,2498173.38,514484.3394,0.195222376,6839.054847,6.261655157
478469.765,5355969.168,2501451.273,514647.799,0.414718866,3685.416803,3.558995008
479469.765,5355969.168,2504729.167,514811.2567,0.816739228,3185.058491,3.430798858
480469.765,5355969.168,2508007.062,514974.7122,0.981467706,2271.821578,4.9659971
410469.765,5354969.168,2278726.643,500250.5207,0.940357545,1822.752506,1.647613744
411469.765,5354969.168,2282004.226,500414.1001,0.581182437,2058.962261,1.38091265
412469.765,5354969.168,2285281.815,500577.6779,0.074661043,210.3472475,0.00204277
413469.765,5354969.168,2288559.412,500741.254,0.134382582,2509.872857,4.956391811
414469.765,5354969.168,2291837.016,500904.8285,0.322939369,5349.505747,2.5255392
415469.765,5354969.168,2295114.626,501068.4013,0.378291088,2806.641203,1.371298036
416469.765,5354969.168,2298392.244,501231.9724,0.55406915,532.5489803,2.044765651
417469.765,5354969.168,2301669.869,501395.5419,0.739897411,1497.83643,2.426689454
418469.765,5354969.168,2304947.5,501559.1096,0.88481821,2150.892148,1.410207137
419469.765,5354969.168,2308225.138,501722.6757,0.846926345,2985.640503,0.571014851
420469.765,5354969.168,2311502.783,501886.2401,0.760442321,2735.507201,0.925245031
421469.765,5354969.168,2314780.434,502049.8028,0.903939738,2793.319482,1.166358394
422469.765,5354969.168,2318058.092,502213.3638,0.950944872,2787.328108,1.217864955
423469.765,5354969.168,2321335.756,502376.923,0.937316136,4211.118601,0.589840531
424469.765,5354969.168,2324613.426,502540.4806,0.938205119,4119.846042,4.385441278
425469.765,5354969.168,2327891.103,502704.0364,0.898990745,2105.300967,1.505073612
426469.765,5354969.168,2331168.785,502867.5905,0.935378069,1623.110949,1.095760947
427469.765,5354969.168,2334446.474,503031.1429,0.989039801,1534.331449,0.633810257
428469.765,5354969.168,2337724.169,503194.6936,0.987268956,1493.028228,0.153382733
429469.765,5354969.168,2341001.87,503358.2425,0.964081492,875.1380441,0
430469.765,5354969.168,2344279.576,503521.7897,0.955426058,380.2135958,0
431469.765,5354969.168,2347557.288,503685.3351,0.965240681,57.11568592,0
432469.765,5354969.168,2350835.006,503848.8788,0.972098574,405.85433,3.839153528
433469.765,5354969.168,2354112.729,504012.4207,0.845614565,1632.828748,4.487924039
434469.765,5354969.168,2357390.458,504175.9608,0.73237066,3574.109654,5.852217706
435469.765,5354969.168,2360668.192,504339.4992,0.584273987,5160.927296,5.334703226
436469.765,5354969.168,2363945.932,504503.0358,0.334054628,6242.661623,2.951101676
437469.765,5354969.168,2367223.677,504666.5706,0.198270319,7574.117379,17.74777835
438469.765,5354969.168,2370501.427,504830.1036,0.628137541,5035.898614,12.13098098
439469.765,5354969.168,2373779.182,504993.6349,0.914800064,734.728829,0
440469.765,5354969.168,2377056.942,505157.1643,0.892068446,171.6854281,0
441469.765,5354969.168,2380334.707,505320.692,0.968519939,865.2471296,0
442469.765,5354969.168,2383612.477,505484.2178,0.899445465,1004.217344,0
443469.765,5354969.168,2386890.251,505647.7419,0.813942192,790.4107891,0
444469.765,5354969.168,2390168.031,505811.2641,0.909439896,1440.705088,3.829888419
445469.765,5354969.168,2393445.814,505974.7845,0.868988167,3014.160591,2.624870786
446469.765,5354969.168,2396723.603,506138.3031,0.857954406,2324.625775,0.669931266
447469.765,5354969.168,2400001.396,506301.8198,0.864766497,2732.712386,1.303438534
448469.765,5354969.168,2403279.193,506465.3347,0.881573748,2930.475027,2.126110822
449469.765,5354969.168,2406556.994,506628.8478,0.962745182,3642.338139,2.011804648
450469.765,5354969.168,2409834.8,506792.3591,0.954521602,4058.588074,1.730273623
451469.765,5354969.168,2413112.609,506955.8685,0.926869028,3655.300055,1.654867465
452469.765,5354969.168,2416390.423,507119.376,0.928293048,3012.028415,0.857014265
453469.765,5354969.168,2419668.241,507282.8817,0.917163852,2490.296997,1.574651659
454469.765,5354969.168,2422946.062,507446.3855,0.96923607,2522.35337,0.9738619
455469.765,5354969.168,2426223.888,507609.8875,0.977095058,2295.484606,0.525433989
456469.765,5354969.168,2429501.717,507773.3876,0.967462568,2439.375638,0.033222657
457469.765,5354969.168,2432779.55,507936.8858,0.947738947,2533.807299,0.054497361
458469.765,5354969.168,2436057.386,508100.3821,0.966163332,2093.789867,0
459469.765,5354969.168,2439335.226,508263.8766,0.997838653,1321.60944,0
460469.765,5354969.168,2442613.069,508427.3691,0.999023059,545.1841721,0
461469.765,5354969.168,2445890.915,508590.8598,0.993383659,1281.47402,0
462469.765,5354969.168,2449168.765,508754.3486,0.991798719,1733.210171,0
463469.765,5354969.168,2452446.617,508917.8354,0.993328866,1495.310803,0
464469.765,5354969.168,2455724.473,509081.3204,0.997512986,1309.986329,0
465469.765,5354969.168,2459002.332,509244.8034,0.999299764,691.699107,0
466469.765,5354969.168,2462280.194,509408.2846,0.999904559,313.0506191,0
467469.765,5354969.168,2465558.058,509571.7638,1,915.5436486,0
468469.765,5354969.168,2468835.925,509735.2411,0.999996331,1893.792191,0
469469.765,5354969.168,2472113.795,509898.7164,0.954639,1615.117905,0
470469.765,5354969.168,2475391.668,510062.1898,0.880939303,465.0021874,0
471469.765,5354969.168,2478669.543,510225.6613,0.94413394,63.65585717,2.77E-11
472469.765,5354969.168,2481947.42,510389.1308,0.986349089,993.6099472,0.187911332
473469.765,5354969.168,2485225.3,510552.5984,0.896986518,3015.243618,1.440484703
474469.765,5354969.168,2488503.182,510716.0641,0.874558588,2759.586037,1.252573371
475469.765,5354969.168,2491781.066,510879.5277,0.783583663,3141.365209,2.705278683
476469.765,5354969.168,2495058.952,511042.9894,0.469618073,5713.694186,6.215941194
477469.765,5354969.168,2498336.84,511206.4492,0.420397674,6304.172464,39.48440141
478469.765,5354969.168,2501614.73,511369.907,0.441084838,3803.800036,26.86381905
479469.765,5354969.168,2504892.622,511533.3628,0.563663416,4608.376413,10.5768198
480469.765,5354969.168,2508170.516,511696.8166,0.774258834,3828.385036,13.003862
481469.765,5354969.168,2511448.412,511860.2684,0.944160408,1610.096768,5.412848584
412469.765,5353969.168,2285445.389,497300.0856,0.121848391,536.9250547,1.521256288
413469.765,5353969.168,2288722.984,497463.6546,0.03191947,1606.222749,0
414469.765,5353969.168,2292000.586,497627.222,0.151192864,4335.355033,2.021869719
415469.765,5353969.168,2295278.195,497790.7878,0.329894265,2214.470845,1.665879353
416469.765,5353969.168,2298555.811,497954.3521,0.55606241,537.1829779,1.497518321
417469.765,5353969.168,2301833.434,498117.9147,0.770155348,1007.509561,1.499082984
418469.765,5353969.168,2305111.064,498281.4757,0.908451563,1860.321435,1.743830553
419469.765,5353969.168,2308388.7,498445.0351,0.652757653,3534.36728,2.259664655
420469.765,5353969.168,2311666.343,498608.593,0.639824811,3857.175397,1.62365427
421469.765,5353969.168,2314943.993,498772.1491,0.891279818,2831.094891,1.220145956
422469.765,5353969.168,2318221.649,498935.7037,0.973875605,2714.855606,0.741121183
423469.765,5353969.168,2321499.311,499099.2567,0.960592158,4129.258241,1.391468287
424469.765,5353969.168,2324776.98,499262.808,0.829584637,4556.299745,3.412313577
425469.765,5353969.168,2328054.655,499426.3576,0.780650788,3735.402661,2.16615742
426469.765,5353969.168,2331332.336,499589.9057,0.836924258,2483.721057,2.025232355
427469.765,5353969.168,2334610.023,499753.452,0.942458279,1788.620558,1.238142172
428469.765,5353969.168,2337887.716,499916.9968,0.990385635,1139.71949,0
429469.765,5353969.168,2341165.415,500080.5398,0.976019814,1268.930224,0.631379902
430469.765,5353969.168,2344443.119,500244.0812,0.962833622,1299.991076,0.327661097
431469.765,5353969.168,2347720.83,500407.621,0.941970249,49.74899745,0
432469.765,5353969.168,2350998.546,500571.159,0.964573628,97.01843066,4.48E-12
433469.765,5353969.168,2354276.268,500734.6954,0.94964064,1058.262409,2.692408882
434469.765,5353969.168,2357553.995,500898.2301,0.855547703,3240.958614,6.565693326
435469.765,5353969.168,2360831.727,501061.7631,0.809074273,4426.159869,7.05687449
436469.765,5353969.168,2364109.465,501225.2944,0.727310025,3700.335155,1.980693281
437469.765,5353969.168,2367387.208,501388.8241,0.470334278,5920.977778,10.75935913
438469.765,5353969.168,2370664.956,501552.352,0.659273372,5602.795297,4.244866857
439469.765,5353969.168,2373942.71,501715.8782,0.970390421,1880.662418,4.24E-12
440469.765,5353969.168,2377220.468,501879.4027,0.94209368,1680.801385,4.04022944
441469.765,5353969.168,2380498.231,502042.9254,0.948608584,2642.739843,1.425924038
442469.765,5353969.168,2383775.999,502206.4465,0.982989529,2772.572262,0.663736738
443469.765,5353969.168,2387053.772,502369.9658,0.93741082,2704.664783,7.483059406
444469.765,5353969.168,2390331.55,502533.4834,0.953441793,3279.728684,9.680892626
445469.765,5353969.168,2393609.332,502696.9993,0.961422096,2607.356322,3.35103629
446469.765,5353969.168,2396887.118,502860.5134,0.970927512,1949.215822,1.321600154
447469.765,5353969.168,2400164.909,503024.0257,0.754180477,3911.879191,1.808838657
448469.765,5353969.168,2403442.705,503187.5364,0.721167841,4546.157799,3.804849505
449469.765,5353969.168,2406720.504,503351.0452,0.89901841,3543.05922,3.315588045
450469.765,5353969.168,2409998.308,503514.5523,0.961599644,2633.650383,1.988691688
451469.765,5353969.168,2413276.116,503678.0576,0.955972466,2220.973775,1.663294375
452469.765,5353969.168,2416553.928,503841.5612,0.891554121,2090.839679,1.218938263
453469.765,5353969.168,2419831.744,504005.063,0.834174915,1794.712256,1.574651659
454469.765,5353969.168,2423109.563,504168.563,0.937158567,1781.526795,1.587656442
455469.765,5353969.168,2426387.387,504332.0612,0.993752513,631.5113056,0.164682449
456469.765,5353969.168,2429665.214,504495.5576,0.99773306,691.7359869,0.030921516
457469.765,5353969.168,2432943.045,504659.0522,0.981639097,1673.544692,0.057035573
458469.765,5353969.168,2436220.88,504822.5451,0.999083753,1236.162897,0
459469.765,5353969.168,2439498.717,504986.0361,0.999283396,202.4790376,0
460469.765,5353969.168,2442776.559,505149.5253,0.997798296,10.91533139,0
461469.765,5353969.168,2446054.403,505313.0127,0.995250847,128.5303445,0
462469.765,5353969.168,2449332.251,505476.4983,0.99803995,579.8071741,0
463469.765,5353969.168,2452610.102,505639.9821,0.999318006,1089.837646,0
464469.765,5353969.168,2455887.956,505803.464,0.998315241,1785.962281,0
465469.765,5353969.168,2459165.813,505966.9441,0.999023588,1701.48269,0
466469.765,5353969.168,2462443.672,506130.4224,0.999324924,1226.918732,0
467469.765,5353969.168,2465721.535,506293.8988,0.999458906,1048.753237,0
468469.765,5353969.168,2468999.4,506457.3734,1,1297.500912,0
469469.765,5353969.168,2472277.268,506620.8462,0.994875469,1695.075912,0
470469.765,5353969.168,2475555.139,506784.3171,0.96540028,1134.104284,0
471469.765,5353969.168,2478833.012,506947.7861,0.930441606,899.0486605,4.087440014
472469.765,5353969.168,2482110.887,507111.2533,0.872548005,2455.777191,4.839945932
473469.765,5353969.168,2485388.765,507274.7186,0.838551145,3663.600437,7.755338277
474469.765,5353969.168,2488666.645,507438.182,0.618967337,4105.923077,6.842603485
475469.765,5353969.168,2491944.527,507601.6435,0.499755685,4996.562101,3.007063448
476469.765,5353969.168,2495222.412,507765.1032,0.470491476,6075.385974,42.94352155
477469.765,5353969.168,2498500.298,507928.561,0.324417828,7225.213518,122.991581
478469.765,5353969.168,2501778.186,508092.0169,0.327735689,4339.394607,123.1051865
479469.765,5353969.168,2505056.076,508255.4709,0.511220739,3848.629535,3.797482808
480469.765,5353969.168,2508333.968,508418.923,0.602915556,4747.935013,5.332418442
481469.765,5353969.168,2511611.862,508582.3732,0.641803216,4330.771575,6.200477628
482469.765,5353969.168,2514889.757,508745.8215,0.812337651,3028.848413,3.652767485
412469.765,5352969.168,2285608.955,494022.4949,0.136733619,599.3404372,2.654779911
413469.765,5352969.168,2288886.548,494186.0568,0.002990037,778.9248997,0
414469.765,5352969.168,2292164.149,494349.6171,0.140976833,3424.837188,1.241582155
415469.765,5352969.168,2295441.756,494513.176,0.391739692,2508.788304,1.31657204
416469.765,5352969.168,2298719.371,494676.7333,0.47399089,940.9017857,0.988347868
417469.765,5352969.168,2301996.992,494840.2891,0.690494649,1365.719723,1.756929535
418469.765,5352969.168,2305274.621,495003.8434,0.731492405,2714.312682,2.94921095
419469.765,5352969.168,2308552.255,495167.3962,0.509207551,4293.727886,4.035377928
420469.765,5352969.168,2311829.897,495330.9474,0.735645923,3984.648787,2.499340057
421469.765,5352969.168,2315107.545,495494.4971,0.957413383,2758.736813,1.040789274
422469.765,5352969.168,2318385.199,495658.0453,0.97596728,2592.923792,0.01429489
423469.765,5352969.168,2321662.86,495821.5919,0.939678395,3577.863678,0.921839654
424469.765,5352969.168,2324940.527,495985.137,0.894925476,3664.849727,0.991098144
425469.765,5352969.168,2328218.2,496148.6805,0.868652561,3168.649426,1.689361038
426469.765,5352969.168,2331495.88,496312.2224,0.821892202,3101.021122,3.223351121
427469.765,5352969.168,2334773.565,496475.7628,0.922982581,2440.47685,1.941895862
428469.765,5352969.168,2338051.257,496639.3016,0.993693659,907.6454082,0
429469.765,5352969.168,2341328.954,496802.8388,0.990684826,727.599672,0.4795205
430469.765,5352969.168,2344606.657,496966.3745,0.983067903,1204.348452,0.380728791
431469.765,5352969.168,2347884.366,497129.9085,0.967303677,886.0339045,0.163177619
432469.765,5352969.168,2351162.08,497293.441,0.969444996,1660.627143,0.173566249
433469.765,5352969.168,2354439.8,497456.9718,0.94957091,2618.643848,1.239662904
434469.765,5352969.168,2357717.526,497620.5011,0.948521661,3537.374225,4.97921778
435469.765,5352969.168,2360995.257,497784.0288,0.973623123,3092.501276,3.15520484
436469.765,5352969.168,2364272.993,497947.5548,0.991842216,1350.671101,0.173881913
437469.765,5352969.168,2367550.734,498111.0792,0.669593867,4206.807216,3.215765333
438469.765,5352969.168,2370828.481,498274.602,0.593665655,6657.716679,5.491392374
439469.765,5352969.168,2374106.233,498438.1232,0.896077865,4756.430472,7.00268383
440469.765,5352969.168,2377383.989,498601.6427,0.921339854,3342.486245,6.54444766
441469.765,5352969.168,2380661.751,498765.1606,0.937440793,2740.09379,1.695295638
442469.765,5352969.168,2383939.517,498928.6769,0.986586214,2143.884195,0.590871945
443469.765,5352969.168,2387217.288,499092.1915,0.950949968,2711.868575,5.519197297
444469.765,5352969.168,2390495.064,499255.7045,0.862045043,4272.19708,22.58283349
445469.765,5352969.168,2393772.844,499419.2158,0.914600111,2448.119321,9.397961463
446469.765,5352969.168,2397050.629,499582.7254,0.761978319,2693.971017,2.804055264
447469.765,5352969.168,2400328.419,499746.2334,0.520833878,5088.970133,7.059608259
448469.765,5352969.168,2403606.212,499909.7397,0.586951987,5098.33473,4.163213054
449469.765,5352969.168,2406884.01,500073.2443,0.87235361,3059.214026,2.197203314
450469.765,5352969.168,2410161.812,500236.7473,0.991313524,1181.183923,0.708193243
451469.765,5352969.168,2413439.618,500400.2486,0.993400492,559.4388332,0
452469.765,5352969.168,2416717.429,500563.7481,0.982085068,445.2801677,0
453469.765,5352969.168,2419995.243,500727.246,0.959820376,629.5638783,0
454469.765,5352969.168,2423273.061,500890.7422,0.995975293,817.0114754,0
455469.765,5352969.168,2426550.882,501054.2367,1,167.3110301,0
456469.765,5352969.168,2429828.708,501217.7294,1,54.01459854,3.01E-24
457469.765,5352969.168,2433106.537,501381.2205,1,1131.205549,9.47E-14
458469.765,5352969.168,2436384.37,501544.7098,1,1585.750501,1.89E-13
459469.765,5352969.168,2439662.206,501708.1974,0.996410102,520.1311475,0
460469.765,5352969.168,2442940.045,501871.6833,0.995360818,12.10418944,0
461469.765,5352969.168,2446217.888,502035.1675,0.998421143,326.8056112,0
462469.765,5352969.168,2449495.734,502198.6499,0.999982856,1268.857715,0
463469.765,5352969.168,2452773.583,502362.1306,1,1584.674016,0
464469.765,5352969.168,2456051.435,502525.6095,0.999356738,1964.843305,0
465469.765,5352969.168,2459329.29,502689.0867,0.9989995,2092.801276,0
466469.765,5352969.168,2462607.148,502852.5621,0.999322165,2130.431851,0
467469.765,5352969.168,2465885.009,503016.0358,0.99822987,1966.135593,0
468469.765,5352969.168,2469162.873,503179.5077,0.990367161,1243.776805,0
469469.765,5352969.168,2472440.739,503342.9778,0.931508279,687.3447018,0
470469.765,5352969.168,2475718.608,503506.4462,0.962543587,1682.982136,0.860800028
471469.765,5352969.168,2478996.479,503669.9127,0.926480899,2914.806264,1.495757701
472469.765,5352969.168,2482274.353,503833.3775,0.85256758,3936.115868,2.379352611
473469.765,5352969.168,2485552.228,503996.8406,0.84855371,3636.70674,8.249277294
474469.765,5352969.168,2488830.107,504160.3018,0.552095413,4464.898506,5.367462597
475469.765,5352969.168,2492107.987,504323.7612,0.375432066,5121.531814,2.118130796
476469.765,5352969.168,2495385.869,504487.2188,0.482484305,4968.195109,2.587936242
477469.765,5352969.168,2498663.754,504650.6747,0.299333247,6959.565986,52.88258562
478469.765,5352969.168,2501941.64,504814.1287,0.259287248,4941.537115,36.40070542
479469.765,5352969.168,2505219.528,504977.5809,0.708919355,2454.005101,3.626689386
480469.765,5352969.168,2508497.418,505141.0313,0.858256964,4148.847977,3.841484359
481469.765,5352969.168,2511775.31,505304.4798,0.543509994,5273.167183,2.496013124
482469.765,5352969.168,2515053.203,505467.9266,0.597847831,5121.872038,0.080230467
483469.765,5352969.168,2518331.098,505631.3715,0.893017119,2688.842844,0.016724117
484469.765,5352969.168,2521608.994,505794.8146,0.969449071,656.2159257,2.01E-14
411469.765,5351969.168,2282494.929,490581.3496,0.665073859,3306.245719,19.68209974
412469.765,5351969.168,2285772.514,490744.9057,0.179630151,909.7981417,1.743563071
413469.765,5351969.168,2289050.106,490908.4604,3.26E-06,389.3735883,0
414469.765,5351969.168,2292327.705,491072.0137,0.135043474,3677.909621,1.106453538
415469.765,5351969.168,2295605.311,491235.5656,0.37021799,4827.97557,3.042008332
416469.765,5351969.168,2298882.924,491399.1161,0.617740014,3397.205105,2.181631982
417469.765,5351969.168,2302160.544,491562.6651,0.788866802,3460.123587,1.656690051
418469.765,5351969.168,2305438.171,491726.2126,0.712141216,3714.401677,2.584108666
419469.765,5351969.168,2308715.804,491889.7588,0.728614646,2904.587313,3.632731485
420469.765,5351969.168,2311993.444,492053.3035,0.894431148,2833.397883,2.560210506
421469.765,5351969.168,2315271.091,492216.8467,0.898152077,3773.416044,2.010751544
422469.765,5351969.168,2318548.744,492380.3884,0.9256779,3340.664236,2.966032754
423469.765,5351969.168,2321826.403,492543.9287,0.927024525,3129.230055,2.185868597
424469.765,5351969.168,2325104.068,492707.4675,0.872514201,3543.256919,2.407316001
425469.765,5351969.168,2328381.74,492871.0049,0.871749964,3031.206375,4.856099554
426469.765,5351969.168,2331659.418,493034.5408,0.822920385,3188.613409,6.253136465
427469.765,5351969.168,2334937.102,493198.0751,0.941699311,2001.221371,2.781118661
428469.765,5351969.168,2338214.792,493361.608,0.912888993,825.099635,2.609047771
429469.765,5351969.168,2341492.488,493525.1394,0.893911102,971.2532361,2.723862001
430469.765,5351969.168,2344770.189,493688.6693,0.969832463,1167.13643,0.896794231
431469.765,5351969.168,2348047.896,493852.1977,0.972717571,1501.720328,4.121434718
432469.765,5351969.168,2351325.609,494015.7245,0.959010067,3083.168003,3.742919765
433469.765,5351969.168,2354603.328,494179.2499,0.942822443,3478.869962,2.91870689
434469.765,5351969.168,2357881.052,494342.7737,0.946482639,3334.722253,3.730829101
435469.765,5351969.168,2361158.781,494506.296,0.966394081,3051.310131,1.763276534
436469.765,5351969.168,2364436.516,494669.8168,0.985292385,2364.909406,0.769580619
437469.765,5351969.168,2367714.255,494833.336,0.727170394,4535.089071,2.405541301
438469.765,5351969.168,2370992,494996.8537,0.417947586,6995.099618,7.81888926
439469.765,5351969.168,2374269.75,495160.3699,0.553938416,6899.479577,13.26059975
440469.765,5351969.168,2377547.505,495323.8844,0.744872372,5185.929002,6.015980312
441469.765,5351969.168,2380825.265,495487.3975,0.933207896,3013.961903,2.153586039
442469.765,5351969.168,2384103.03,495650.909,0.978181134,1561.901586,0.472939231
443469.765,5351969.168,2387380.8,495814.4189,0.869923187,3149.201639,3.158104322
444469.765,5351969.168,2390658.574,495977.9272,0.71175914,5959.293132,37.26081773
445469.765,5351969.168,2393936.353,496141.434,0.761711316,4672.087163,8.065059029
446469.765,5351969.168,2397214.136,496304.9391,0.6599872,4471.744673,10.0966199
447469.765,5351969.168,2400491.923,496468.4427,0.539826352,4517.365409,9.406749407
448469.765,5351969.168,2403769.715,496631.9447,0.679585786,3941.682754,4.341045201
449469.765,5351969.168,2407047.512,496795.4452,0.948512275,2660.487254,1.498715985
450469.765,5351969.168,2410325.312,496958.944,0.944878283,2104.199198,4.76E-13
451469.765,5351969.168,2413603.117,497122.4412,0.926385644,1122.176277,0
452469.765,5351969.168,2416880.925,497285.9368,0.977910189,1042.149717,0.066107052
453469.765,5351969.168,2420158.738,497449.4308,0.997374055,1035.76536,0.101835527
454469.765,5351969.168,2423436.554,497612.9231,0.999846683,505.0570231,0
455469.765,5351969.168,2426714.374,497776.4139,1,115.5065598,0
456469.765,5351969.168,2429992.198,497939.903,0.999750661,293.9008566,0.007607477
457469.765,5351969.168,2433270.026,498103.3905,0.966677562,1381.861283,0.076121622
458469.765,5351969.168,2436547.856,498266.8763,0.986345741,1287.692546,1.89E-13
459469.765,5351969.168,2439825.691,498430.3605,0.998070311,318.745945,0
460469.765,5351969.168,2443103.529,498593.8431,0.996776804,152.6212673,0
461469.765,5351969.168,2446381.37,498757.324,0.997662468,847.5531876,0
462469.765,5351969.168,2449659.214,498920.8032,0.969743665,1935.872813,0
463469.765,5351969.168,2452937.061,499084.2808,0.993815661,1950.929171,0
464469.765,5351969.168,2456214.912,499247.7567,0.999583862,1918.378329,0
465469.765,5351969.168,2459492.765,499411.231,0.991440921,1449.137126,0
466469.765,5351969.168,2462770.621,499574.7035,0.991100852,1256.874636,0
467469.765,5351969.168,2466048.481,499738.1744,0.99717787,1840.945508,0
468469.765,5351969.168,2469326.342,499901.6437,0.931952729,1660.212475,0
469469.765,5351969.168,2472604.207,500065.1112,0.8943573,1254.196757,0.081379838
470469.765,5351969.168,2475882.074,500228.577,0.91759036,2437.56906,2.894548453
471469.765,5351969.168,2479159.943,500392.0412,0.929489732,3004.15707,1.927725488
472469.765,5351969.168,2482437.815,500555.5036,0.955346363,3033.05591,0.912106469
473469.765,5351969.168,2485715.689,500718.9643,0.838950046,3343.897394,7.192670782
474469.765,5351969.168,2488993.566,500882.4234,0.475565292,4717.637457,8.47631917
475469.765,5351969.168,2492271.445,501045.8807,0.46338058,4397.355174,0.612035036
476469.765,5351969.168,2495549.325,501209.3363,0.731218466,2714.92281,0
477469.765,5351969.168,2498827.208,501372.7901,0.481800247,5145.861679,2.495128949
478469.765,5351969.168,2502105.092,501536.2423,0.288312146,6015.580904,39.79237175
479469.765,5351969.168,2505382.979,501699.6927,0.522338989,4393.881013,34.89019224
480469.765,5351969.168,2508660.867,501863.1414,0.761134813,4323.286833,2.587324281
481469.765,5351969.168,2511938.757,502026.5883,0.595513013,5133.34918,3.870435574
482469.765,5351969.168,2515216.648,502190.0335,0.442474284,5630.552478,2.732538603
483469.765,5351969.168,2518494.541,502353.4769,0.761217649,3039.405686,1.115105805
484469.765,5351969.168,2521772.436,502516.9186,0.926852569,384.6441852,1.327619904
485469.765,5351969.168,2525050.331,502680.3585,0.917490934,460.5299052,0.018709894
411469.765,5350969.168,2282658.482,487303.769,0.564174804,4164.10248,49.72521591
412469.765,5350969.168,2285936.066,487467.3179,0.248101377,1533.220219,10.08207703
413469.765,5350969.168,2289213.656,487630.8655,0.019290007,483.9174863,0
414469.765,5350969.168,2292491.254,487794.4118,0.242010407,3659.952624,2.435740232
415469.765,5350969.168,2295768.859,487957.9567,0.612233329,5273.340818,3.163062856
416469.765,5350969.168,2299046.47,488121.5003,0.840749671,2979.717387,2.067339408
417469.765,5350969.168,2302324.089,488285.0425,0.927670038,2295.574216,1.175871521
418469.765,5350969.168,2305601.714,488448.5833,0.790889819,2625.523679,1.887906626
419469.765,5350969.168,2308879.346,488612.1228,0.773549098,1887.843995,1.947887209
420469.765,5350969.168,2312156.985,488775.6609,0.905518244,1118.810279,2.420063168
421469.765,5350969.168,2315434.63,488939.1977,0.886023935,2828.882106,4.147580981
422469.765,5350969.168,2318712.281,489102.733,0.929678925,3603.682034,4.059292247
423469.765,5350969.168,2321989.939,489266.267,0.958088335,3021.901021,1.613159295
424469.765,5350969.168,2325267.603,489429.7996,0.862781863,3423.355191,3.099112677
425469.765,5350969.168,2328545.274,489593.3308,0.757195387,3679.750638,4.724642324
426469.765,5350969.168,2331822.95,489756.8606,0.643163627,4063.599308,5.207245429
427469.765,5350969.168,2335100.633,489920.389,0.681365309,3679.746304,7.970709222
428469.765,5350969.168,2338378.321,490083.9159,0.646100862,3219.746307,3.57847329
429469.765,5350969.168,2341656.015,490247.4415,0.649019904,2995.209451,3.798707843
430469.765,5350969.168,2344933.715,490410.9656,0.783138621,2871.545637,4.55326028
431469.765,5350969.168,2348211.421,490574.4883,0.755250885,3847.210421,4.20400003
432469.765,5350969.168,2351489.133,490738.0096,0.803871368,4615.196647,5.396247387
433469.765,5350969.168,2354766.85,490901.5294,0.935291227,4323.923133,2.447416041
434469.765,5350969.168,2358044.572,491065.0478,0.970626597,3811.656706,0.697111202
435469.765,5350969.168,2361322.3,491228.5648,0.958140916,3499.069242,1.464003849
436469.765,5350969.168,2364600.033,491392.0803,0.982065462,2500.451166,1.642896029
437469.765,5350969.168,2367877.771,491555.5944,0.852661897,3805.681611,1.827608573
438469.765,5350969.168,2371155.515,491719.1069,0.479003912,5141.240066,8.440078557
439469.765,5350969.168,2374433.263,491882.6181,0.370078425,5864.991787,12.08085108
440469.765,5350969.168,2377711.017,492046.1277,0.411577553,6941.957497,7.152682304
441469.765,5350969.168,2380988.775,492209.6359,0.515051914,6408.33534,5.343307078
442469.765,5350969.168,2384266.538,492373.1426,0.713230151,4675.992166,2.197741798
443469.765,5350969.168,2387544.306,492536.6478,0.856548226,3713.661502,13.76411959
444469.765,5350969.168,2390822.079,492700.1515,0.726464845,5417.738204,28.77092688
445469.765,5350969.168,2394099.856,492863.6537,0.598419874,6177.48661,23.22709449
446469.765,5350969.168,2397377.638,493027.1545,0.571397428,5323.030275,10.13228289
447469.765,5350969.168,2400655.424,493190.6537,0.714099228,4099.52969,11.25846624
448469.765,5350969.168,2403933.215,493354.1514,0.88431014,2547.401166,3.269911284
449469.765,5350969.168,2407211.009,493517.6476,0.958737489,1873.817751,1.886706978
450469.765,5350969.168,2410488.808,493681.1423,0.961937815,1630.682954,1.398657799
451469.765,5350969.168,2413766.611,493844.6354,0.933275976,849.2190581,0.830556929
452469.765,5350969.168,2417044.418,494008.127,0.960590369,1588.279044,0.996532211
453469.765,5350969.168,2420322.229,494171.6171,0.987278476,2026.871786,1.441826207
454469.765,5350969.168,2423600.044,494335.1057,0.984510025,2134.589468,0.369728357
455469.765,5350969.168,2426877.862,494498.5927,0.98400921,1784.898179,0
456469.765,5350969.168,2430155.685,494662.0781,0.972323818,2209.128233,0.201715271
457469.765,5350969.168,2433433.51,494825.5621,0.92570373,3176.206306,4.306936451
458469.765,5350969.168,2436711.34,494989.0444,0.913252812,2954.008933,7.517949007
459469.765,5350969.168,2439989.173,495152.5252,0.987204789,1427.447867,0
460469.765,5350969.168,2443267.009,495316.0044,0.994087221,717.106759,0
461469.765,5350969.168,2446544.848,495479.4821,0.987411533,1029.878529,0
462469.765,5350969.168,2449822.691,495642.9582,0.961321534,1393.943867,0
463469.765,5350969.168,2453100.537,495806.4327,0.972174393,1591.45869,0
464469.765,5350969.168,2456378.385,495969.9056,0.99554824,1491.211939,0
465469.765,5350969.168,2459656.237,496133.3769,0.977625044,1425.817734,0
466469.765,5350969.168,2462934.092,496296.8467,0.972926605,1276.136786,0
467469.765,5350969.168,2466211.949,496460.3148,0.984036967,1451.029342,0
468469.765,5350969.168,2469489.809,496623.7813,0.958536348,1804.893586,0.656878503
469469.765,5350969.168,2472767.672,496787.2463,0.950117578,1874.823186,0.056900925
470469.765,5350969.168,2476045.538,496950.7096,0.926318619,3157.05669,3.693227949
471469.765,5350969.168,2479323.405,497114.1713,0.868683383,3409.264953,4.311692016
472469.765,5350969.168,2482601.276,497277.6314,0.930527401,3530.272959,2.147451094
473469.765,5350969.168,2485879.148,497441.0898,0.806337949,5037.004372,4.616862237
474469.765,5350969.168,2489157.023,497604.5467,0.372954933,6293.148587,3.183045721
475469.765,5350969.168,2492434.9,497768.0019,0.468286666,5609.695914,6.981322646
476469.765,5350969.168,2495712.779,497931.4554,0.675628615,3844.373358,1.876250625
477469.765,5350969.168,2498990.66,498094.9073,0.589588285,5146.775752,4.579460721
478469.765,5350969.168,2502268.543,498258.3576,0.610247376,6789.605978,57.63521494
479469.765,5350969.168,2505546.428,498421.8062,0.504163845,5907.273125,83.37592435
480469.765,5350969.168,2508824.314,498585.2532,0.586037745,4030.801312,6.257375429
481469.765,5350969.168,2512102.202,498748.6985,0.500328164,5137.991621,2.711295953
482469.765,5350969.168,2515380.092,498912.1422,0.35420116,5953.065463,3.022070765
483469.765,5350969.168,2518657.983,499075.5841,0.68687547,3396.252006,2.702487707
484469.765,5350969.168,2521935.876,499239.0244,0.878834815,1014.520328,0.253758407
485469.765,5350969.168,2525213.77,499402.4631,0.907493112,533.8644315,0.28048465
486469.765,5350969.168,2528491.665,499565.9,0.9346073,515.8575073,0.018709894
411469.765,5349969.168,2282822.028,484026.1897,0.588073961,5205.115974,37.96990605
412469.765,5349969.168,2286099.61,484189.7315,0.513809447,2821.249681,8.544070772
413469.765,5349969.168,2289377.2,484353.2719,0.214791748,708.6096539,0
414469.765,5349969.168,2292654.796,484516.8112,0.270424282,2767.303809,0.006063983
415469.765,5349969.168,2295932.4,484680.3491,0.639987728,3765.104908,0.727129479
416469.765,5349969.168,2299210.01,484843.8858,0.815027189,694.5231836,1.808727723
417469.765,5349969.168,2302487.627,485007.4212,0.791936652,308.5380405,0
418469.765,5349969.168,2305765.251,485170.9554,0.874661129,764.6601605,0.006939218
419469.765,5349969.168,2309042.882,485334.4882,0.807187507,1695.749225,2.326138829
420469.765,5349969.168,2312320.519,485498.0198,0.832489463,1909.520765,2.301830023
421469.765,5349969.168,2315598.163,485661.55,0.876064843,1807.563593,3.818642795
422469.765,5349969.168,2318875.813,485825.079,0.926060845,2738.267226,1.384391463
423469.765,5349969.168,2322153.469,485988.6067,0.916352476,2720.793946,0.881978657
424469.765,5349969.168,2325431.132,486152.133,0.793891717,3414.000182,2.886268843
425469.765,5349969.168,2328708.801,486315.6581,0.688603003,4006.564196,3.007680972
426469.765,5349969.168,2331986.476,486479.1818,0.735366845,2839.041188,6.132526462
427469.765,5349969.168,2335264.157,486642.7042,0.724415362,2699.207117,8.057748458
428469.765,5349969.168,2338541.844,486806.2253,0.748367992,3712.888342,5.048560441
429469.765,5349969.168,2341819.537,486969.745,0.785779191,4384.839657,4.536255141
430469.765,5349969.168,2345097.236,487133.2634,0.67630891,4905.641269,5.65651077
431469.765,5349969.168,2348374.94,487296.7804,0.635124138,5811.707779,3.787828062
432469.765,5349969.168,2351652.65,487460.2961,0.742437332,5748.954802,3.163778196
433469.765,5349969.168,2354930.366,487623.8104,0.933991643,4520.188047,1.774715921
434469.765,5349969.168,2358208.087,487787.3234,0.982280789,4006.159679,1.015489585
435469.765,5349969.168,2361485.813,487950.835,0.995966745,2746.106876,0.805191672
436469.765,5349969.168,2364763.545,488114.3453,0.995682479,1969.119234,1.459613883
437469.765,5349969.168,2368041.282,488277.8541,0.943958351,2664.770002,2.665199109
438469.765,5349969.168,2371319.024,488441.3616,0.850138082,2618.820999,3.293652909
439469.765,5349969.168,2374596.771,488604.8677,0.619445135,3419.686964,4.164263768
440469.765,5349969.168,2377874.523,488768.3724,0.318889387,5746.820966,6.325530457
441469.765,5349969.168,2381152.28,488931.8758,0.193253135,6796.455325,5.776832528
442469.765,5349969.168,2384430.042,489095.3777,0.338928117,7098.890286,3.651496944
443469.765,5349969.168,2387707.809,489258.8782,0.36815643,6817.416439,7.509575407
444469.765,5349969.168,2390985.58,489422.3773,0.491483368,6591.175624,18.11861634
445469.765,5349969.168,2394263.356,489585.875,0.485253388,6308.939687,46.5757184
446469.765,5349969.168,2397541.136,489749.3713,0.314774092,6264.32361,31.76003504
447469.765,5349969.168,2400818.92,489912.8661,0.5247795,4983.498631,21.238957
448469.765,5349969.168,2404096.709,490076.3595,0.853959169,2761.821696,10.08000377
449469.765,5349969.168,2407374.503,490239.8515,0.957342538,1640.716943,3.059184849
450469.765,5349969.168,2410652.3,490403.3421,0.931462153,2369.778568,4.309902986
451469.765,5349969.168,2413930.102,490566.8312,0.962558949,2425.049034,1.041622945
452469.765,5349969.168,2417207.907,490730.3188,0.956643929,3312.653664,1.774745176
453469.765,5349969.168,2420485.716,490893.805,0.964336754,3479.803646,1.801023072
454469.765,5349969.168,2423763.53,491057.2898,0.98021781,3071.044104,0.463778764
455469.765,5349969.168,2427041.347,491220.7731,0.975403337,2916.711735,0
456469.765,5349969.168,2430319.167,491384.2549,0.973156587,2678.84939,0
457469.765,5349969.168,2433596.992,491547.7352,0.889800055,2816.409364,0.072850794
458469.765,5349969.168,2436874.82,491711.2141,0.884262993,3235.388909,1.201906566
459469.765,5349969.168,2440152.651,491874.6915,0.891948665,3246.87208,1.57825849
460469.765,5349969.168,2443430.486,492038.1674,0.872633682,2813.041575,0
461469.765,5349969.168,2446708.323,492201.6418,0.959051572,1784.226212,0
462469.765,5349969.168,2449986.165,492365.1147,0.992627517,1331.533783,0
463469.765,5349969.168,2453264.009,492528.5862,0.99267737,1451.284517,0
464469.765,5349969.168,2456541.856,492692.0561,0.985680785,1196.085673,0
465469.765,5349969.168,2459819.706,492855.5245,0.987088664,961.2325497,0
466469.765,5349969.168,2463097.559,493018.9914,0.978730711,1150.298706,0
467469.765,5349969.168,2466375.415,493182.4568,0.975498758,1456.221757,0
468469.765,5349969.168,2469653.274,493345.9206,0.97362851,2408.290634,0.589770562
469469.765,5349969.168,2472931.135,493509.383,0.982431618,2800.325191,0.352187492
470469.765,5349969.168,2476208.999,493672.8438,0.9637402,2819.836467,0.876388734
471469.765,5349969.168,2479486.865,493836.3031,0.890336216,2730.187375,1.35882196
472469.765,5349969.168,2482764.734,493999.7608,0.903471942,2934.728551,2.250050517
473469.765,5349969.168,2486042.605,494163.217,0.869429177,4070.771923,2.109765732
474469.765,5349969.168,2489320.478,494326.6716,0.710383551,4759.812716,1.557391679
475469.765,5349969.168,2492598.353,494490.1247,0.705843196,5207.638069,3.900281894
476469.765,5349969.168,2495876.231,494653.5762,0.428205586,6242.941509,4.726361287
477469.765,5349969.168,2499154.11,494817.0262,0.51964009,5493.478753,5.203720758
478469.765,5349969.168,2502431.991,494980.4746,0.821685268,5609.499818,11.04862553
479469.765,5349969.168,2505709.874,495143.9214,0.778236457,6432.656711,37.64818667
480469.765,5349969.168,2508987.759,495307.3667,0.518537504,4027.187067,10.46531372
481469.765,5349969.168,2512265.646,495470.8104,0.420335631,4620.41199,7.910470001
482469.765,5349969.168,2515543.534,495634.2525,0.436024905,5815.685334,7.729393312
483469.765,5349969.168,2518821.424,495797.693,0.749583746,3251.472552,1.975136084
484469.765,5349969.168,2522099.315,495961.1319,0.915663382,1532.902537,0.412023827
485469.765,5349969.168,2525377.207,496124.5692,0.886462175,754.416849,0.398009759
486469.765,5349969.168,2528655.1,496288.005,0.89574622,728.8059049,0.113984495
487469.765,5349969.168,2531932.995,496451.4391,0.897200194,791.1991981,0.073069766
411469.765,5348969.168,2282985.567,480748.6117,0.878531933,3625.02573,23.28160483
412469.765,5348969.168,2286263.148,480912.1462,0.803852296,3763.155754,2.763022996
413469.765,5348969.168,2289540.736,481075.6796,0.511786016,2898.82829,0.063176383
414469.765,5348969.168,2292818.331,481239.2118,0.288491851,2103.285376,4.002261579
415469.765,5348969.168,2296095.933,481402.7428,0.473652557,3281.804882,4.202119102
416469.765,5348969.168,2299373.543,481566.2726,0.595732266,1332.157732,6.869212389
417469.765,5348969.168,2302651.159,481729.8013,0.615527748,1086.302716,0.38298282
418469.765,5348969.168,2305928.781,481893.3287,0.845282693,1538.959541,0.861442646
419469.765,5348969.168,2309206.411,482056.8549,0.939125274,2615.372767,1.359489569
420469.765,5348969.168,2312484.047,482220.3799,0.903304937,2267.078142,4.026988506
421469.765,5348969.168,2315761.689,482383.9037,0.891834188,1593.56536,1.245996654
422469.765,5348969.168,2319039.338,482547.4263,0.919608052,2471.783172,1.245996654
423469.765,5348969.168,2322316.993,482710.9477,0.82467755,3660.637758,1.409963459
424469.765,5348969.168,2325594.655,482874.4678,0.676713559,4442.659373,1.553228344
425469.765,5348969.168,2328872.322,483037.9867,0.606398142,4681.381742,2.798939546
426469.765,5348969.168,2332149.996,483201.5043,0.694389557,3536.919126,3.118152961
427469.765,5348969.168,2335427.676,483365.0208,0.694231868,3213.869169,3.722872828
428469.765,5348969.168,2338705.362,483528.5359,0.753829338,4545.615244,5.095986207
429469.765,5348969.168,2341983.053,483692.0498,0.934853957,4401.923806,5.021382165
430469.765,5348969.168,2345260.751,483855.5625,0.852464418,3537.182747,4.659015834
431469.765,5348969.168,2348538.454,484019.0739,0.880112772,3739.945345,2.86776334
432469.765,5348969.168,2351816.163,484182.584,0.971609274,3710.933832,1.533871551
433469.765,5348969.168,2355093.877,484346.0928,0.977283031,2513.291257,2.314992696
434469.765,5348969.168,2358371.597,484509.6004,0.991257109,2807.554663,3.044505477
435469.765,5348969.168,2361649.322,484673.1066,0.988554915,2885.046333,1.131938979
436469.765,5348969.168,2364927.052,484836.6116,0.960195534,3193.943066,2.388298526
437469.765,5348969.168,2368204.788,485000.1153,0.920727467,2562.655789,4.032481909
438469.765,5348969.168,2371482.528,485163.6177,0.955455358,1361.181768,2.115532418
439469.765,5348969.168,2374760.274,485327.1188,0.951441217,1848.232859,1.667924167
440469.765,5348969.168,2378038.025,485490.6186,0.734162083,3807.397595,4.102261424
441469.765,5348969.168,2381315.78,485654.117,0.671091794,3980.358054,2.234047711
442469.765,5348969.168,2384593.541,485817.6142,0.52554503,5315.919643,0.566925464
443469.765,5348969.168,2387871.306,485981.11,0.183881448,7451.748315,2.90863359
444469.765,5348969.168,2391149.076,486144.6045,0.206215567,7915.990705,11.61657769
445469.765,5348969.168,2394426.85,486308.0977,0.425963274,7599.590818,65.83429636
446469.765,5348969.168,2397704.629,486471.5895,0.316498197,7390.199854,86.27452333
447469.765,5348969.168,2400982.412,486635.08,0.323862921,6148.535036,48.28555608
448469.765,5348969.168,2404260.2,486798.5691,0.765769896,4117.446614,9.917401274
449469.765,5348969.168,2407537.992,486962.0569,0.914359518,3275.303627,6.069209933
450469.765,5348969.168,2410815.788,487125.5433,0.918574863,2950.821149,5.884577334
451469.765,5348969.168,2414093.588,487289.0284,0.973674055,2542.334487,2.817050939
452469.765,5348969.168,2417371.392,487452.5121,0.963901678,2418.23852,1.69863908
453469.765,5348969.168,2420649.2,487615.9944,0.978227301,2521.857325,0.577831904
454469.765,5348969.168,2423927.012,487779.4753,0.998652127,1821.104083,0.463778764
455469.765,5348969.168,2427204.827,487942.9549,0.992161428,1660.87172,0
456469.765,5348969.168,2430482.647,488106.4331,0.968720522,1966.08549,4.49E-13
457469.765,5348969.168,2433760.47,488269.9099,0.889178271,1062.961903,0.19897759
458469.765,5348969.168,2437038.296,488433.3852,0.833328659,1839.866764,0.050583802
459469.765,5348969.168,2440316.126,488596.8592,0.871949094,2494.776136,0.061578065
460469.765,5348969.168,2443593.959,488760.3318,0.894562143,2296.474174,0
461469.765,5348969.168,2446871.796,488923.803,0.955301827,2543.110403,0
462469.765,5348969.168,2450149.635,489087.2728,0.984312911,2993.129032,0
463469.765,5348969.168,2453427.478,489250.7411,0.991763579,2749.787366,0
464469.765,5348969.168,2456705.324,489414.2081,0.980454528,1842.998542,0
465469.765,5348969.168,2459983.172,489577.6736,0.982644421,1682.807398,0
466469.765,5348969.168,2463261.024,489741.1376,0.971906108,2536.546465,0
467469.765,5348969.168,2466538.879,489904.6003,0.94700474,2637.420055,0.251572669
468469.765,5348969.168,2469816.736,490068.0615,0.968363684,2960.928558,0.486579191
469469.765,5348969.168,2473094.595,490231.5212,0.983448753,2805.758017,0.340859607
470469.765,5348969.168,2476372.458,490394.9795,0.996485545,1774.456153,0.298611515
471469.765,5348969.168,2479650.322,490558.4363,0.988904099,1767.598832,0.670937294
472469.765,5348969.168,2482928.19,490721.8917,0.963728189,2265.157482,0.966009501
473469.765,5348969.168,2486206.059,490885.3456,0.904105359,2714.388443,2.425465345
474469.765,5348969.168,2489483.931,491048.7981,0.964486682,1725.418139,0.544233173
475469.765,5348969.168,2492761.805,491212.2491,0.932894931,3219.606811,2.753552747
476469.765,5348969.168,2496039.68,491375.6986,0.723576627,4532.47777,3.259130975
477469.765,5348969.168,2499317.558,491539.1466,0.7112909,3800.014583,1.920996283
478469.765,5348969.168,2502595.438,491702.5932,0.90189871,4263.616773,3.193168896
479469.765,5348969.168,2505873.32,491866.0382,0.746172963,6675.892291,12.90760608
480469.765,5348969.168,2509151.203,492029.4818,0.47200518,5221.326955,9.834223559
481469.765,5348969.168,2512429.088,492192.9238,0.561488359,3709.568277,11.49810537
482469.765,5348969.168,2515706.974,492356.3644,0.749718602,4432.476382,8.221160378
483469.765,5348969.168,2518984.863,492519.8035,0.913770666,2624.079029,1.53605755
484469.765,5348969.168,2522262.752,492683.241,0.926672093,2182.993614,0.90430746
485469.765,5348969.168,2525540.643,492846.677,0.865393382,1964.582969,1.292151928
486469.765,5348969.168,2528818.535,493010.1115,0.862431031,1032.913281,0.528373957
487469.765,5348969.168,2532096.428,493173.5445,0.885886319,766.9458918,0
488469.765,5348969.168,2535374.322,493336.976,0.924566033,504.5640605,0.042015768
490469.765,5348969.168,2541930.114,493663.8343,0.826154863,969.288423,2.406882803
491469.765,5348969.168,2545208.011,493827.2612,0.591569878,1257.119009,1.167466134
411469.765,5347969.168,2283149.098,477471.0349,0.835062414,2289.121991,2.251055509
412469.765,5347969.168,2286426.678,477634.5622,0.818662108,3526.856882,1.501926202
413469.765,5347969.168,2289704.265,477798.0885,0.734647306,4182.349973,0.043340118
414469.765,5347969.168,2292981.859,477961.6136,0.394876705,2955.796647,1.960277157
415469.765,5347969.168,2296259.46,478125.1377,0.352882515,3398.243037,1.821786511
416469.765,5347969.168,2299537.068,478288.6606,0.672630912,2795.720197,2.056845283
417469.765,5347969.168,2302814.683,478452.1825,0.721106592,1635.352469,1.415852018
418469.765,5347969.168,2306092.305,478615.7032,0.870416516,1697.600437,1.197853426
419469.765,5347969.168,2309369.933,478779.2228,0.950141864,2086.15825,2.197978497
420469.765,5347969.168,2312647.568,478942.7413,0.949497612,1472.599052,0
421469.765,5347969.168,2315925.209,479106.2586,0.913921545,1717.155641,2.343976974
422469.765,5347969.168,2319202.857,479269.7748,0.945295563,2053.049261,0.667087868
423469.765,5347969.168,2322480.511,479433.2899,0.904574487,2819.731387,3.816177686
424469.765,5347969.168,2325758.171,479596.8038,0.869391811,3652.004198,2.435587907
425469.765,5347969.168,2329035.838,479760.3165,0.848153098,3468.85605,2.798041344
426469.765,5347969.168,2332313.51,479923.8281,0.8182708,4099.257747,3.709286799
427469.765,5347969.168,2335591.189,480087.3386,0.802039167,3529.205464,4.002928495
428469.765,5347969.168,2338868.873,480250.8478,0.821074868,3320.290899,1.956273556
429469.765,5347969.168,2342146.564,480414.3559,0.982072538,2189.364564,4.388159752
430469.765,5347969.168,2345424.26,480577.8628,0.972011923,678.1228806,2.886277795
431469.765,5347969.168,2348701.962,480741.3686,0.995628638,1553.954264,0.541267991
432469.765,5347969.168,2351979.669,480904.8731,0.996386375,2790.040801,0
433469.765,5347969.168,2355257.382,481068.3764,0.997167616,2574.029883,0.023725327
434469.765,5347969.168,2358535.101,481231.8786,0.995939613,2626.526623,0.405128026
435469.765,5347969.168,2361812.825,481395.3795,0.968091016,2236.410186,2.549284202
436469.765,5347969.168,2365090.554,481558.8793,0.903950032,3357.174151,2.082619011
437469.765,5347969.168,2368368.288,481722.3778,0.898162921,2663.043938,3.198728789
438469.765,5347969.168,2371646.028,481885.8751,0.940317623,1569.908925,2.097548507
439469.765,5347969.168,2374923.772,482049.3712,0.992852787,1606.670007,0.38345531
440469.765,5347969.168,2378201.521,482212.866,0.995044931,1954.296283,0
441469.765,5347969.168,2381479.276,482376.3596,0.991288033,1218.721159,0.179137327
442469.765,5347969.168,2384757.035,482539.852,0.810245582,2633.234178,0.464255217
443469.765,5347969.168,2388034.799,482703.3432,0.409073545,5677.241342,4.047311621
444469.765,5347969.168,2391312.567,482866.8331,0.232453779,7115.210747,7.535884738
445469.765,5347969.168,2394590.34,483030.3217,0.215856684,8130.622356,104.0095012
446469.765,5347969.168,2397868.118,483193.8091,0.175809311,8691.526719,297.2820947
447469.765,5347969.168,2401145.9,483357.2952,0.229378846,7887.833394,172.5469626
448469.765,5347969.168,2404423.686,483520.78,0.569652989,6133.916423,41.23908397
449469.765,5347969.168,2407701.477,483684.2636,0.857473012,3543.897086,12.19325274
450469.765,5347969.168,2410979.272,483847.7459,0.976437724,1607.391914,1.283680234
451469.765,5347969.168,2414257.07,484011.2269,0.981208556,1299.452242,1.182488156
452469.765,5347969.168,2417534.873,484174.7067,0.971822835,503.2264117,0.080186971
453469.765,5347969.168,2420812.68,484338.1851,0.980692594,763.942206,0.124171022
454469.765,5347969.168,2424090.49,484501.6623,0.995138579,494.7821728,0.00541339
455469.765,5347969.168,2427368.304,484665.1381,0.993907205,472.965731,0
456469.765,5347969.168,2430646.122,484828.6126,0.99092659,1666.61673,4.49E-13
457469.765,5347969.168,2433923.944,484992.0859,0.928032173,1889.984315,0.151981883
458469.765,5347969.168,2437201.769,485155.5578,0.905449387,1891.181835,0.227972824
459469.765,5347969.168,2440479.597,485319.0284,0.931247848,2322.34708,0
460469.765,5347969.168,2443757.429,485482.4977,0.949795888,1702.265634,0
461469.765,5347969.168,2447035.264,485645.9656,0.872102009,1937.60685,0
462469.765,5347969.168,2450313.103,485809.4322,0.938556759,3327.419537,0
463469.765,5347969.168,2453590.944,485972.8975,0.993151115,3266.648195,0
464469.765,5347969.168,2456868.788,486136.3615,0.994036601,2502.934949,0
465469.765,5347969.168,2460146.636,486299.8241,0.99140292,2900.38261,0
466469.765,5347969.168,2463424.486,486463.2853,0.983975228,3193.616381,0
467469.765,5347969.168,2466702.339,486626.7452,0.973581331,2442.131593,0.090162846
468469.765,5347969.168,2469980.195,486790.2037,0.984440784,1963.90596,0.260659042
469469.765,5347969.168,2473258.053,486953.6609,0.99618699,2164.684949,0.633872613
470469.765,5347969.168,2476535.914,487117.1167,0.998623624,1639.300693,0.416034522
471469.765,5347969.168,2479813.777,487280.5711,0.996628636,2202.179398,0.752730598
472469.765,5347969.168,2483091.643,487444.0241,0.893593893,3446.698378,2.662487651
473469.765,5347969.168,2486369.511,487607.4758,0.748035836,4618.46838,4.239194095
474469.765,5347969.168,2489647.381,487770.9261,0.889258817,3133.762113,0
475469.765,5347969.168,2492925.254,487934.375,0.809182037,2497.403135,1.443904612
476469.765,5347969.168,2496203.128,488097.8224,0.817635842,2614.911492,2.009096911
477469.765,5347969.168,2499481.005,488261.2685,0.863073581,2827.828472,0.595828222
478469.765,5347969.168,2502758.883,488424.7132,0.884509288,3993.416758,4.576640591
479469.765,5347969.168,2506036.763,488588.1565,0.815756901,5976.919496,10.84401375
480469.765,5347969.168,2509314.645,488751.5984,0.616337363,5035.593875,9.013203969
481469.765,5347969.168,2512592.528,488915.0388,0.650429837,2042.396759,6.357662357
482469.765,5347969.168,2515870.414,489078.4778,0.868879548,2703.217019,2.344978711
483469.765,5347969.168,2519148.3,489241.9154,0.891276586,2673.403755,0.830997166
484469.765,5347969.168,2522426.188,489405.3516,0.897203291,2305.751367,1.328877516
485469.765,5347969.168,2525704.077,489568.7863,0.940267174,1579.70705,3.65823108
486469.765,5347969.168,2528981.968,489732.2196,0.889391525,1078.807545,2.374889056
487469.765,5347969.168,2532259.86,489895.6515,0.84854352,848.9192637,0.079063095
488469.765,5347969.168,2535537.753,490059.0819,0.935090341,1042.533345,0.042015768
489469.765,5347969.168,2538815.646,490222.5109,0.958088136,1285.846729,0.235496479
490469.765,5347969.168,2542093.541,490385.9384,0.961191699,1051.958759,0.466024518
491469.765,5347969.168,2545371.437,490549.3644,0.900241852,1877.884995,0.581113517
492469.765,5347969.168,2548649.333,490712.789,0.878287601,1675.53957,0.581113517
493469.765,5347969.168,2551927.23,490876.2121,0.987614746,1055.195811,0
494469.765,5347969.168,2555205.128,491039.6338,0.978163391,1489.074904,0
495469.765,5347969.168,2558483.026,491203.0539,0.984837982,1610.247267,0
410469.765,5346969.168,2280035.051,474029.9379,0.698956675,2226.351933,1.510844652
411469.765,5346969.168,2283312.623,474193.4591,0.796988716,1959.145282,1.787690298
412469.765,5346969.168,2286590.201,474356.9793,0.986224697,2771.127256,2.492544411
413469.765,5346969.168,2289867.787,474520.4984,0.930560925,2678.644627,0.162713182
414469.765,5346969.168,2293145.38,474684.0166,0.672941458,1982.259523,0.162174743
415469.765,5346969.168,2296422.98,474847.5337,0.424034823,3069.24444,0.009628516
416469.765,5346969.168,2299700.587,475011.0498,0.782417041,3264.632289,1.199871512
417469.765,5346969.168,2302978.201,475174.5648,0.723637632,1741.6677,0.797576636
418469.765,5346969.168,2306255.822,475338.0788,0.679009614,851.4023345,0.458760321
419469.765,5346969.168,2309533.449,475501.5918,0.849862494,167.0871945,6.01E-13
420469.765,5346969.168,2312811.082,475665.1038,0.965522402,607.920525,0
421469.765,5346969.168,2316088.723,475828.6146,0.916751883,1541.039176,3.954689741
422469.765,5346969.168,2319366.369,475992.1245,0.92891453,1329.246171,3.09079602
423469.765,5346969.168,2322644.022,476155.6332,0.981838391,1990.231947,2.139004727
424469.765,5346969.168,2325921.681,476319.1409,0.915231419,2744.440211,1.868145683
425469.765,5346969.168,2329199.347,476482.6475,0.781422697,3656.59661,5.270051522
426469.765,5346969.168,2332477.018,476646.1531,0.852095067,3468.241662,3.587314154
427469.765,5346969.168,2335754.696,476809.6575,0.922759585,2484.560758,3.66074504
428469.765,5346969.168,2339032.379,476973.1609,0.980143489,1644.369736,1.22837308
429469.765,5346969.168,2342310.068,477136.6632,0.971353412,1416.050885,0
430469.765,5346969.168,2345587.763,477300.1644,0.958944155,843.5644161,0
431469.765,5346969.168,2348865.464,477463.6645,0.986669676,1399.616058,0.014641351
432469.765,5346969.168,2352143.171,477627.1634,0.979528643,2413.230867,0.014641351
433469.765,5346969.168,2355420.882,477790.6613,0.976639584,2439.245311,0
434469.765,5346969.168,2358698.6,477954.158,0.99385885,1949.128074,0.236738339
435469.765,5346969.168,2361976.322,478117.6536,0.911212104,1964.148952,2.428798591
436469.765,5346969.168,2365254.05,478281.1481,0.868947282,2212.65494,2.216323073
437469.765,5346969.168,2368531.783,478444.6415,0.912538457,1611.47121,0.603012055
438469.765,5346969.168,2371809.522,478608.1337,0.945241196,2180.990166,0
439469.765,5346969.168,2375087.265,478771.6248,0.982702157,1938.818116,0.072378352
440469.765,5346969.168,2378365.013,478935.1147,0.983514093,1687.752918,0.144756705
441469.765,5346969.168,2381642.766,479098.6035,0.997055719,613.427165,0.22079514
442469.765,5346969.168,2384920.524,479262.0911,0.955664671,1147.971533,0.456219636
443469.765,5346969.168,2388198.287,479425.5776,0.728298963,3158.555191,10.01262931
444469.765,5346969.168,2391476.054,479589.0628,0.505654484,5409.691158,12.02069771
445469.765,5346969.168,2394753.826,479752.547,0.216028205,7567.44406,223.3630891
446469.765,5346969.168,2398031.603,479916.0299,0.067067576,8836.979774,304.5374438
447469.765,5346969.168,2401309.383,480079.5117,0.128197376,8371.888322,153.7710602
448469.765,5346969.168,2404587.168,480242.9922,0.434180026,5995.349253,32.74581095
449469.765,5346969.168,2407864.958,480406.4716,0.862205233,1776.082908,3.576640325
450469.765,5346969.168,2411142.751,480569.9498,0.971250107,546.6741983,0.408238749
451469.765,5346969.168,2414420.549,480733.4268,0.985013432,1559.718944,0.518894527
452469.765,5346969.168,2417698.35,480896.9026,0.977044507,1459.334305,0.362060715
453469.765,5346969.168,2420976.156,481060.3771,0.978890811,1324.654022,0.160017983
454469.765,5346969.168,2424253.965,481223.8505,0.986978858,488.033382,0.077259295
455469.765,5346969.168,2427531.778,481387.3226,0.997113041,37.91056762,0
456469.765,5346969.168,2430809.595,481550.7935,0.998227385,880.9465816,0
457469.765,5346969.168,2434087.415,481714.2632,0.997139299,2098.646866,0.057990469
458469.765,5346969.168,2437365.239,481877.7317,0.993854155,2547.733188,0.057990469
459469.765,5346969.168,2440643.066,482041.1989,0.953891291,3074.172313,0
460469.765,5346969.168,2443920.896,482204.6649,0.891085485,3577.841232,0
461469.765,5346969.168,2447198.73,482368.1296,0.75907868,3461.119286,0
462469.765,5346969.168,2450476.567,482531.5931,0.894538881,2704.365574,0
463469.765,5346969.168,2453754.407,482695.0553,0.996160591,2404.81119,0
464469.765,5346969.168,2457032.25,482858.5162,0.99633688,1972.395993,0
465469.765,5346969.168,2460310.096,483021.9759,0.99433072,2587.977571,0
466469.765,5346969.168,2463587.945,483185.4343,0.997517114,2616.104197,0
467469.765,5346969.168,2466865.797,483348.8915,0.999093472,2147.877693,0.007840117
468469.765,5346969.168,2470143.651,483512.3473,0.992651192,1829.38031,0.011075752
469469.765,5346969.168,2473421.508,483675.8019,0.994556454,2063.171496,0
470469.765,5346969.168,2476699.368,483839.2552,0.997409862,2317.297942,0.433206518
471469.765,5346969.168,2479977.23,484002.7072,0.998797611,2419.420765,0.373931209
472469.765,5346969.168,2483255.094,484166.1579,0.834796601,4146.847905,3.978826361
473469.765,5346969.168,2486532.961,484329.6073,0.721372403,3838.31718,4.970893517
474469.765,5346969.168,2489810.83,484493.0554,0.70320539,1539.182464,0
475469.765,5346969.168,2493088.701,484656.5022,0.544406054,984.7962491,1.481156111
476469.765,5346969.168,2496366.574,484819.9477,0.775269265,1623.77551,0.743579717
477469.765,5346969.168,2499644.449,484983.3918,0.945944713,1897.418596,0.661509083
478469.765,5346969.168,2502922.326,485146.8347,0.932271203,3272.213243,2.982500382
479469.765,5346969.168,2506200.205,485310.2762,0.920097084,4565.434155,7.277406148
480469.765,5346969.168,2509478.085,485473.7164,0.753159951,4537.489974,8.677391188
481469.765,5346969.168,2512755.967,485637.1552,0.621515286,1713.837828,6.615247213
482469.765,5346969.168,2516033.851,485800.5927,0.843924056,2005.982875,0.47044885
483469.765,5346969.168,2519311.736,485964.0288,0.649371415,4640.941551,1.26991325
484469.765,5346969.168,2522589.623,486127.4636,0.74392547,3347.357663,1.601779163
485469.765,5346969.168,2525867.511,486290.8971,0.922965806,1713.82221,3.59196737
486469.765,5346969.168,2529145.4,486454.3292,0.930068042,926.9912552,4.322879632
487469.765,5346969.168,2532423.29,486617.7599,0.890734313,1100.49672,0
488469.765,5346969.168,2535701.182,486781.1893,0.937753944,1253.773911,0
489469.765,5346969.168,2538979.074,486944.6173,0.975846436,1417.583014,0.058800377
490469.765,5346969.168,2542256.967,487108.0439,0.983765441,1315.723987,0.058800377
491469.765,5346969.168,2545534.862,487271.4691,0.961577447,1774.682415,0.475028515
492469.765,5346969.168,2548812.757,487434.893,0.971241532,2124.136662,0.286291759
493469.765,5346969.168,2552090.652,487598.3155,0.988053957,1545.877915,0
494469.765,5346969.168,2555368.548,487761.7365,0.942483935,1247.956458,0
495469.765,5346969.168,2558646.445,487925.1562,0.982441025,1668.787067,0
496469.765,5346969.168,2561924.342,488088.5745,0.999998775,1598.530516,0
410469.765,5345969.168,2280198.569,470752.3704,0.817318838,2807.570439,0.509721092
411469.765,5345969.168,2283476.14,470915.8843,0.846404011,2514.682216,1.693159937
412469.765,5345969.168,2286753.717,471079.3973,0.995230117,3625.457544,0
413469.765,5345969.168,2290031.303,471242.9094,0.986556745,3488.76657,0
414469.765,5345969.168,2293308.895,471406.4205,0.685002974,1782.422299,0.25729035
415469.765,5345969.168,2296586.494,471569.9307,0.361404533,3197.171101,0.591780955
416469.765,5345969.168,2299864.1,471733.4399,0.794058007,3604.254509,3.523485005
417469.765,5345969.168,2303141.712,471896.9482,0.8360802,2992.154197,0.734180291
418469.765,5345969.168,2306419.332,472060.4555,0.723688993,1558.792701,0.371483818
419469.765,5345969.168,2309696.958,472223.9619,0.819133862,99.93975904,0.138375908
420469.765,5345969.168,2312974.591,472387.4673,0.914153864,1381.014768,0
421469.765,5345969.168,2316252.23,472550.9717,0.850280833,2453.233279,6.2160182
422469.765,5345969.168,2319529.875,472714.4752,0.884666838,2134.398506,5.254968405
423469.765,5345969.168,2322807.527,472877.9777,0.944024211,2188.655612,2.066643298
424469.765,5345969.168,2326085.186,473041.4791,0.82701804,3163.070517,1.018270632
425469.765,5345969.168,2329362.85,473204.9796,0.738969346,3843.001093,5.083046168
426469.765,5345969.168,2332640.52,473368.4791,0.837955956,2600.634955,5.597433398
427469.765,5345969.168,2335918.197,473531.9776,0.967890073,1268.255009,1.988519963
428469.765,5345969.168,2339195.879,473695.4751,0.994194308,1192.594934,0.239669998
429469.765,5345969.168,2342473.567,473858.9716,0.97868743,1172.347017,0.500472605
430469.765,5345969.168,2345751.261,474022.467,0.949033575,1400.219445,0
431469.765,5345969.168,2349028.961,474185.9615,0.98845544,1091.711079,0.080523427
432469.765,5345969.168,2352306.666,474349.4549,0.946670804,1469.182911,0.05499547
433469.765,5345969.168,2355584.377,474512.9472,0.933819093,2030,0.003939556
434469.765,5345969.168,2358862.093,474676.4386,0.946536535,2193.15173,0.604095973
435469.765,5345969.168,2362139.815,474839.9289,0.911066955,2495.543383,1.397370598
436469.765,5345969.168,2365417.542,475003.4181,0.927567088,2066.674745,1.152427681
437469.765,5345969.168,2368695.274,475166.9063,0.991845344,1321.963746,0.295023104
438469.765,5345969.168,2371973.011,475330.3935,0.986377645,1898.469484,0.052869796
439469.765,5345969.168,2375250.753,475493.8795,0.993017045,1539.613744,0.072378352
440469.765,5345969.168,2378528.5,475657.3645,0.987881443,1515.569971,0.144756705
441469.765,5345969.168,2381806.252,475820.8485,0.995177123,497.953849,0
442469.765,5345969.168,2385084.009,475984.3313,0.994816102,708.8076642,0
443469.765,5345969.168,2388361.771,476147.8131,0.984980672,1579.988867,2.575484276
444469.765,5345969.168,2391639.537,476311.2938,0.761147191,3750.467724,12.59334977
445469.765,5345969.168,2394917.308,476474.7734,0.297902068,6527.604588,21.91549861
446469.765,5345969.168,2398195.083,476638.2519,0.16598279,7867.61439,69.2243692
447469.765,5345969.168,2401472.862,476801.7293,0.178898541,7453.849308,33.40981082
448469.765,5345969.168,2404750.646,476965.2056,0.38290229,5456.022599,7.587766224
449469.765,5345969.168,2408028.434,477128.6808,0.837655146,2312.260117,5.222651705
450469.765,5345969.168,2411306.227,477292.1549,0.956305494,1989.96756,1.300693696
451469.765,5345969.168,2414584.023,477455.6279,0.958589615,2580.774194,1.196147725
452469.765,5345969.168,2417861.823,477619.0997,0.955800738,2348.040999,1.195300533
453469.765,5345969.168,2421139.628,477782.5704,0.965813193,1757.7583,0.627579644
454469.765,5345969.168,2424417.436,477946.04,0.951394829,840.5357664,0.057140062
455469.765,5345969.168,2427695.248,478109.5084,0.99700296,13.88430657,0
456469.765,5345969.168,2430973.063,478272.9757,0.999714768,132.4670921,0
457469.765,5345969.168,2434250.882,478436.4418,0.999955903,978.3361865,0
458469.765,5345969.168,2437528.705,478599.9068,0.999441914,2108.395082,0
459469.765,5345969.168,2440806.531,478763.3706,0.993936603,2599.734779,0
460469.765,5345969.168,2444084.36,478926.8333,0.964646646,3093.208599,0
461469.765,5345969.168,2447362.193,479090.2948,0.873433887,3070.732592,0
462469.765,5345969.168,2450640.028,479253.7551,0.914331262,2610.102625,0
463469.765,5345969.168,2453917.867,479417.2143,0.98425885,2542.039905,0
464469.765,5345969.168,2457195.709,479580.6722,0.990952672,1858.345054,0
465469.765,5345969.168,2460473.554,479744.129,0.989474561,2105.618049,0
466469.765,5345969.168,2463751.402,479907.5846,0.999600781,2407.39624,0
467469.765,5345969.168,2467029.252,480071.039,0.975689657,2596.209268,0
468469.765,5345969.168,2470307.105,480234.4922,0.973900656,2496.656039,0
469469.765,5345969.168,2473584.961,480397.9443,0.987015667,2674.774176,0
470469.765,5345969.168,2476862.819,480561.3951,0.988045044,2515.601348,4.70E-13
471469.765,5345969.168,2480140.68,480724.8446,0.997598898,2122.902332,0.122592695
472469.765,5345969.168,2483418.543,480888.293,0.924230162,3205.532799,1.47872249
473469.765,5345969.168,2486696.409,481051.7402,0.876882415,2132.268053,3.910164542
474469.765,5345969.168,2489974.276,481215.1861,0.798526988,155.5430343,0
475469.765,5345969.168,2493252.146,481378.6308,0.694311419,1035.092252,0
476469.765,5345969.168,2496530.018,481542.0743,0.959640864,2181.475027,0
477469.765,5345969.168,2499807.892,481705.5165,0.993630779,1515.660711,0.540042407
478469.765,5345969.168,2503085.767,481868.9575,0.982023222,2783.125525,1.736967631
479469.765,5345969.168,2506363.645,482032.3972,0.978259684,3312.921436,2.59613513
480469.765,5345969.168,2509641.524,482195.8357,0.886334781,4127.168064,7.008635117
481469.765,5345969.168,2512919.405,482359.2729,0.596565032,3197.301038,8.508595626
482469.765,5345969.168,2516197.287,482522.7089,0.629519498,1990.786599,3.058173312
483469.765,5345969.168,2519475.171,482686.1436,0.609591251,3892.393039,2.627874502
484469.765,5345969.168,2522753.056,482849.577,0.721662522,2722.699271,4.069173773
485469.765,5345969.168,2526030.943,483013.0092,0.843181696,2183.958242,4.53194717
486469.765,5345969.168,2529308.831,483176.4401,0.948889033,1254.517518,3.033728966
487469.765,5345969.168,2532586.72,483339.8697,0.982394649,1052.553409,0.121907271
488469.765,5345969.168,2535864.61,483503.298,0.954097485,740.9119738,0.155638456
489469.765,5345969.168,2539142.501,483666.7251,0.915517892,1274.980685,4.069088483
490469.765,5345969.168,2542420.393,483830.1508,0.969464661,1541.229535,2.145018325
491469.765,5345969.168,2545698.286,483993.5752,0.976007806,1441.759205,0.56987381
492469.765,5345969.168,2548976.179,484156.9984,0.966574212,2006.482035,0.409098593
493469.765,5345969.168,2552254.074,484320.4202,0.916198511,1122.197086,0.345418096
494469.765,5345969.168,2555531.969,484483.8407,0.782793592,680.7540536,0.018061966
495469.765,5345969.168,2558809.864,484647.26,0.935946245,760.5093824,1.22E-13
496469.765,5345969.168,2562087.76,484810.6778,0.994862928,1367.545173,0
497469.765,5345969.168,2565365.656,484974.0944,0.998877044,1705.526181,0
498469.765,5345969.168,2568643.552,485137.5097,0.99641887,2428.741106,0
409469.765,5344969.168,2277084.517,467311.2964,0.990646773,1396.814606,0.369417399
410469.765,5344969.168,2280362.08,467474.8039,0.939507713,2827.469484,0.276613644
411469.765,5344969.168,2283639.649,467638.3105,0.832628992,3008.953891,0.235152177
412469.765,5344969.168,2286917.226,467801.8163,0.872970711,3727.314265,0.233846664
413469.765,5344969.168,2290194.811,467965.3213,0.937177651,3569.883683,0.449922293
414469.765,5344969.168,2293472.402,468128.8254,0.528655785,2578.139993,0.319447017
415469.765,5344969.168,2296750,468292.3286,0.410911595,3638.750638,2.104990114
416469.765,5344969.168,2300027.605,468455.831,0.867244675,2940.735605,4.965707757
417469.765,5344969.168,2303305.217,468619.3325,0.851097846,2446.560882,2.299240112
418469.765,5344969.168,2306582.835,468782.8332,0.716141051,1791.801752,0.801230267
419469.765,5344969.168,2309860.461,468946.3329,0.812594583,991.0778913,0.079821005
420469.765,5344969.168,2313138.092,469109.8318,0.867412045,2269.32963,0
421469.765,5344969.168,2316415.731,469273.3298,0.828614625,3486.998725,1.291312575
422469.765,5344969.168,2319693.375,469436.8269,0.87640177,2759.332301,3.933749795
423469.765,5344969.168,2322971.026,469600.3231,0.920048916,2059.005466,1.238583538
424469.765,5344969.168,2326248.683,469763.8183,0.834180991,3761.823401,3.204811107
425469.765,5344969.168,2329526.347,469927.3127,0.830397367,3762.500729,3.479740284
426469.765,5344969.168,2332804.016,470090.8062,0.977183201,1394.530344,0.60218218
427469.765,5344969.168,2336081.692,470254.2987,0.966735064,1129.892454,0.658478342
428469.765,5344969.168,2339359.373,470417.7903,0.971617177,776.4677596,0.109268694
429469.765,5344969.168,2342637.06,470581.281,0.963635855,1023.940941,0
430469.765,5344969.168,2345914.753,470744.7707,0.962845572,1254.353832,0
431469.765,5344969.168,2349192.452,470908.2595,0.987446246,504.8947848,0
432469.765,5344969.168,2352470.156,471071.7473,0.896790013,1110.499545,0.003939556
433469.765,5344969.168,2355747.866,471235.2342,0.889530998,1512.901804,0
434469.765,5344969.168,2359025.581,471398.7202,0.979914844,993.9397415,0.971453607
435469.765,5344969.168,2362303.302,471562.2052,0.965310426,935.6479053,1.316648215
436469.765,5344969.168,2365581.028,471725.6892,0.998241137,1422.462814,0.444691911
437469.765,5344969.168,2368858.759,471889.1722,0.994298774,1752.591067,0.264010265
438469.765,5344969.168,2372136.495,472052.6543,0.961773369,1895.662347,0.163329442
439469.765,5344969.168,2375414.236,472216.1354,0.960240401,1601.208387,0.88069266
440469.765,5344969.168,2378691.982,472379.6155,0.98163736,1308.225624,0.698592517
441469.765,5344969.168,2381969.733,472543.0946,0.975577042,1078.620237,0.918219339
442469.765,5344969.168,2385247.489,472706.5727,0.962067651,1613.700875,6.282123698
443469.765,5344969.168,2388525.25,472870.0498,0.896007204,2587.45733,2.897775769
444469.765,5344969.168,2391803.015,473033.5259,0.6650416,4354.484512,8.788685918
445469.765,5344969.168,2395080.784,473197.001,0.302218365,6703.804847,15.18797239
446469.765,5344969.168,2398358.559,473360.475,0.229601379,7797.084502,17.76416668
447469.765,5344969.168,2401636.337,473523.9481,0.164007179,7144.374977,13.7661346
448469.765,5344969.168,2404914.12,473687.4201,0.287993801,6033.494808,8.576797388
449469.765,5344969.168,2408191.907,473850.8911,0.743846238,4825.365279,7.953637958
450469.765,5344969.168,2411469.698,474014.3611,0.93859065,3151.977733,1.297286894
451469.765,5344969.168,2414747.493,474177.83,0.95707872,2268.944029,0.688335442
452469.765,5344969.168,2418025.293,474341.2979,0.972124101,1558.778951,1.714919329
453469.765,5344969.168,2421303.096,474504.7648,0.970349603,1396.262391,0.772996882
454469.765,5344969.168,2424580.903,474668.2305,0.941014915,827.5605978,0.001097876
455469.765,5344969.168,2427858.714,474831.6953,0.980666542,13.93328472,0
456469.765,5344969.168,2431136.528,474995.1589,0.998913392,8.840561224,0
457469.765,5344969.168,2434414.346,475158.6215,0.996372345,150.4724954,0
458469.765,5344969.168,2437692.167,475322.0831,0.99966047,1099.104956,0
459469.765,5344969.168,2440969.992,475485.5435,0.999590985,2378.19785,0
460469.765,5344969.168,2444247.82,475649.0029,0.99981182,2758.65433,0
461469.765,5344969.168,2447525.652,475812.4612,0.985286665,2806.241379,0
462469.765,5344969.168,2450803.487,475975.9184,0.961544787,3343.583942,0
463469.765,5344969.168,2454081.324,476139.3744,0.979788432,2733.87828,0
464469.765,5344969.168,2457359.165,476302.8294,0.964159112,1922.046986,0
465469.765,5344969.168,2460637.009,476466.2833,0.937971907,1969.587099,0
466469.765,5344969.168,2463914.855,476629.7361,0.951105337,2268.987425,0
467469.765,5344969.168,2467192.705,476793.1878,0.970546442,2078.024244,0
468469.765,5344969.168,2470470.557,476956.6384,0.971758073,2627.897487,0
469469.765,5344969.168,2473748.411,477120.0878,0.98523544,2183.932423,0
470469.765,5344969.168,2477026.268,477283.5361,0.986456738,2147.579599,0.110303573
471469.765,5344969.168,2480304.128,477446.9833,0.988508516,2057.299581,0.110303573
472469.765,5344969.168,2483581.99,477610.4293,0.920514824,3476.714442,0.924989168
473469.765,5344969.168,2486859.854,477773.8742,0.893798609,3040.931204,1.415262836
474469.765,5344969.168,2490137.721,477937.318,0.926863331,742.8912409,1.799365759
475469.765,5344969.168,2493415.589,478100.7606,0.937513587,1472.233814,0.699758649
476469.765,5344969.168,2496693.46,478264.2021,0.9892586,2347.988522,0.497483447
477469.765,5344969.168,2499971.332,478427.6424,0.997501936,1347.637739,0.10392162
478469.765,5344969.168,2503249.207,478591.0815,0.977796828,2794.492896,3.139913523
479469.765,5344969.168,2506527.083,478754.5195,0.96567689,2635.022226,3.199895201
480469.765,5344969.168,2509804.961,478917.9563,0.943888466,2678.262659,4.603236639
481469.765,5344969.168,2513082.841,479081.3919,0.691522131,4044.161714,8.480075598
482469.765,5344969.168,2516360.722,479244.8263,0.545300082,3171.959927,14.50238339
483469.765,5344969.168,2519638.604,479408.2596,0.684816449,2790.849362,12.06859578
484469.765,5344969.168,2522916.489,479571.6917,0.887557485,2509.844752,6.837485995
485469.765,5344969.168,2526194.374,479735.1226,0.886203767,2198.445985,9.057593584
486469.765,5344969.168,2529472.26,479898.5523,0.958880261,1539.394166,1.895166719
487469.765,5344969.168,2532750.148,480061.9808,0.99944399,1460.164234,0.130341817
488469.765,5344969.168,2536028.037,480225.408,0.965005672,1008.740113,0.155638456
489469.765,5344969.168,2539305.927,480388.8341,0.896550927,1572.952433,4.118668902
490469.765,5344969.168,2542583.818,480552.259,0.959822971,1979.91363,3.04850328
491469.765,5344969.168,2545861.709,480715.6826,0.989099377,1746.950802,0.602769097
492469.765,5344969.168,2549139.602,480879.1051,0.955599091,2085.259111,0.573714375
493469.765,5344969.168,2552417.495,481042.5263,0.860821148,1156.574449,0.476241345
494469.765,5344969.168,2555695.388,481205.9462,0.747387999,690.4245128,0.225336609
495469.765,5344969.168,2558973.282,481369.365,0.906945875,221.3276805,0.050883267
496469.765,5344969.168,2562251.177,481532.7825,0.98954515,585.2270241,0
497469.765,5344969.168,2565529.072,481696.1988,0.985367654,905.1722628,0
498469.765,5344969.168,2568806.967,481859.6138,0.988330706,1192.048331,0
409469.765,5343969.168,2277248.021,464033.738,0.976687752,1522.936019,0.17324248
410469.765,5343969.168,2280525.583,464197.2381,0.967845383,2138.043898,0.045770842
411469.765,5343969.168,2283803.152,464360.7375,0.839699931,3235.288448,0.255559881
412469.765,5343969.168,2287080.728,464524.2362,0.782391004,3151.062329,0.155897776
413469.765,5343969.168,2290358.312,464687.734,0.688762412,2743.784854,0.252559036
414469.765,5343969.168,2293635.902,464851.2311,0.465996058,3365.267385,0.968463262
415469.765,5343969.168,2296913.499,465014.7275,0.676441603,3458.807145,1.909568141
416469.765,5343969.168,2300191.103,465178.223,0.884403329,1371.65234,1.977394203
417469.765,5343969.168,2303468.714,465341.7178,0.590452831,2030.418838,1.865529537
418469.765,5343969.168,2306746.332,465505.2117,0.625105887,2232.842834,1.080385721
419469.765,5343969.168,2310023.957,465668.7049,0.88859921,1846.659923,0
420469.765,5343969.168,2313301.587,465832.1972,0.923258216,2734.536963,0
421469.765,5343969.168,2316579.225,465995.6888,0.785384506,3378.258335,0
422469.765,5343969.168,2319856.869,466159.1795,0.818722902,2880.282383,0
423469.765,5343969.168,2323134.519,466322.6694,0.955105859,2403.135386,2.006997627
424469.765,5343969.168,2326412.175,466486.1585,0.82769934,3555.515859,4.29106341
425469.765,5343969.168,2329689.838,466649.6467,0.878144886,3340.469332,6.256463781
426469.765,5343969.168,2332967.506,466813.1341,0.990069741,1663.29958,0.661030213
427469.765,5343969.168,2336245.181,466976.6207,0.95591619,1029.889881,0.698560988
428469.765,5343969.168,2339522.861,467140.1064,0.918528811,1330.597594,0.007658137
429469.765,5343969.168,2342800.548,467303.5913,0.968098896,1054.441873,0
430469.765,5343969.168,2346078.24,467467.0753,0.93961224,530.0030977,0
431469.765,5343969.168,2349355.938,467630.5585,0.967675835,51.66751732,0
432469.765,5343969.168,2352633.641,467794.0408,0.980950771,975.7738529,0
433469.765,5343969.168,2355911.35,467957.5222,0.975388732,1174.230419,0
434469.765,5343969.168,2359189.064,468121.0027,0.995488566,735.9387978,0
435469.765,5343969.168,2362466.784,468284.4824,0.997719173,842.1006198,0
436469.765,5343969.168,2365744.509,468447.9612,0.997336284,441.8721969,0
437469.765,5343969.168,2369022.239,468611.4391,0.993015563,1305.779339,0.768497467
438469.765,5343969.168,2372299.974,468774.9161,0.928597828,2672.446735,1.342653565
439469.765,5343969.168,2375577.714,468938.3922,0.918871809,2378.228077,1.004911005
440469.765,5343969.168,2378855.459,469101.8673,0.904057458,2298.677966,1.329736931
441469.765,5343969.168,2382133.209,469265.3416,0.770165143,4098.987618,2.725654583
442469.765,5343969.168,2385410.964,469428.815,0.742708179,4291.777839,7.634762192
443469.765,5343969.168,2388688.724,469592.2874,0.723355972,4100.686089,13.96972132
444469.765,5343969.168,2391966.488,469755.7589,0.437571966,5527.676803,10.08160619
445469.765,5343969.168,2395244.257,469919.2295,0.126061936,7434.49763,11.66462609
446469.765,5343969.168,2398522.03,470082.6992,0.206766687,8017.404771,15.72086116
447469.765,5343969.168,2401799.807,470246.1679,0.255910492,6872.568513,8.441075487
448469.765,5343969.168,2405077.589,470409.6357,0.412261096,5619.063993,5.169607957
449469.765,5343969.168,2408355.375,470573.1025,0.690071965,5185.830171,4.637945085
450469.765,5343969.168,2411633.166,470736.5684,0.927018656,2634.594743,1.039107648
451469.765,5343969.168,2414910.96,470900.0333,0.892160333,815.6242479,0
452469.765,5343969.168,2418188.758,471063.4972,0.939669809,831.148661,0
453469.765,5343969.168,2421466.56,471226.9602,0.982908705,1187.220765,0
454469.765,5343969.168,2424744.366,471390.4222,0.975442169,827.1549527,0
455469.765,5343969.168,2428022.176,471553.8832,0.995116306,42.24813399,0
456469.765,5343969.168,2431299.989,471717.3433,0.990403796,319.6328837,0
457469.765,5343969.168,2434577.806,471880.8023,0.985383742,382.4347668,0
458469.765,5343969.168,2437855.627,472044.2604,0.998055512,929.5065598,0
459469.765,5343969.168,2441133.45,472207.7175,0.999523223,2073.156706,0
460469.765,5343969.168,2444411.278,472371.1736,0.99929115,2173.610828,0
461469.765,5343969.168,2447689.108,472534.6286,0.997226353,2530.836556,0
462469.765,5343969.168,2450966.942,472698.0827,0.98828296,2920.65073,0
463469.765,5343969.168,2454244.778,472861.5357,0.972509256,2905.55102,0
464469.765,5343969.168,2457522.618,473024.9878,0.965319819,2707.024235,0
465469.765,5343969.168,2460800.461,473188.4388,0.906753382,2788.123293,0
466469.765,5343969.168,2464078.306,473351.8887,0.945933218,2170.493989,0
467469.765,5343969.168,2467356.154,473515.3377,0.947449055,2259.760248,0
468469.765,5343969.168,2470634.005,473678.7856,0.953720969,2834.049754,0
469469.765,5343969.168,2473911.859,473842.2325,0.968890793,1770.569424,0
470469.765,5343969.168,2477189.715,474005.6783,0.988118958,580.8270773,0.110303573
471469.765,5343969.168,2480467.573,474169.1231,0.973847495,810.4051002,0.110303573
472469.765,5343969.168,2483745.434,474332.5668,0.927934545,1814.034445,0.38776165
473469.765,5343969.168,2487023.297,474496.0094,0.920284437,2867.602992,0.967973448
474469.765,5343969.168,2490301.163,474659.451,0.944973753,3019.514958,1.701976073
475469.765,5343969.168,2493579.03,474822.8916,0.95889313,2827.491705,1.299861928
476469.765,5343969.168,2496856.9,474986.331,0.993324781,2710.985415,0.591994323
477469.765,5343969.168,2500134.771,475149.7694,0.969115814,2667.896281,0.33780793
478469.765,5343969.168,2503412.644,475313.2067,0.788467465,3796.974681,4.677666545
479469.765,5343969.168,2506690.52,475476.6429,0.789570706,4163.480503,5.496151405
480469.765,5343969.168,2509968.396,475640.078,0.888085937,2779.102078,7.942677359
481469.765,5343969.168,2513246.275,475803.5121,0.703780226,4505.096827,22.68678164
482469.765,5343969.168,2516524.155,475966.945,0.4876077,4879.167638,38.1147559
483469.765,5343969.168,2519802.036,476130.3768,0.586449553,3622.659687,18.623291
484469.765,5343969.168,2523079.919,476293.8075,0.847529964,3110.160532,5.428118797
485469.765,5343969.168,2526357.804,476457.2372,0.92436351,3159.808612,8.263632911
486469.765,5343969.168,2529635.689,476620.6657,0.93212833,2637.091954,6.447857559
487469.765,5343969.168,2532913.576,476784.093,0.8799012,2881.261948,8.224963129
488469.765,5343969.168,2536191.463,476947.5193,0.805401295,2961.1358,3.355294853
489469.765,5343969.168,2539469.352,477110.9444,0.797498049,2671.634311,3.596497309
490469.765,5343969.168,2542747.242,477274.3684,0.90818684,2131.579005,4.931879342
491469.765,5343969.168,2546025.132,477437.7913,0.992797103,1636.164236,1.515737
492469.765,5343969.168,2549303.023,477601.213,0.926939257,1846.264175,0.968662384
493469.765,5343969.168,2552580.915,477764.6336,0.856056,1744.971361,0.002268245
494469.765,5343969.168,2555858.807,477928.053,0.8659122,1077.233728,0.035434341
495469.765,5343969.168,2559136.7,478091.4713,0.910767145,100.1768137,0
496469.765,5343969.168,2562414.594,478254.8884,0.970249523,45.23271931,0
497469.765,5343969.168,2565692.487,478418.3043,0.949218543,58.00601641,0
498469.765,5343969.168,2568970.381,478581.7191,0.958674741,371.9173358,0
499469.765,5343969.168,2572248.275,478745.1328,0.973057285,436.2078017,0
407469.765,5342969.168,2270856.418,460429.1926,0.985483523,2488.455904,0
408469.765,5342969.168,2274133.965,460592.6868,0.914869354,2207.420496,2.549790089
409469.765,5342969.168,2277411.518,460756.1803,0.884844045,1713.655857,0.871465027
410469.765,5342969.168,2280689.079,460919.6731,0.927622638,1773.746584,0.377937106
411469.765,5342969.168,2283966.648,461083.1653,0.917854271,2789.146475,0.931671083
412469.765,5342969.168,2287244.223,461246.6568,0.655153529,3148.435654,0.428934018
413469.765,5342969.168,2290521.806,461410.1476,0.354659295,3688.453732,0.261876494
414469.765,5342969.168,2293799.395,461573.6377,0.527194867,3663.012048,1.118070364
415469.765,5342969.168,2297076.992,461737.1271,0.811370777,2698.03589,1.683305667
416469.765,5342969.168,2300354.595,461900.6158,0.870174072,1668.272959,0.866654607
417469.765,5342969.168,2303632.205,462064.1038,0.675892958,2756.046647,1.459654801
418469.765,5342969.168,2306909.822,462227.591,0.758849001,3413.837375,0.824586451
419469.765,5342969.168,2310187.446,462391.0776,0.926975499,2207.402586,0
420469.765,5342969.168,2313465.076,462554.5634,0.940632264,2006.299435,0
421469.765,5342969.168,2316742.713,462718.0485,0.901398442,1701.856805,0
422469.765,5342969.168,2320020.356,462881.5329,0.919122547,2146.347905,0
423469.765,5342969.168,2323298.005,463045.0165,0.987423411,2965.019304,1.277885079
424469.765,5342969.168,2326575.661,463208.4994,0.887805512,3255.513858,4.689189821
425469.765,5342969.168,2329853.322,463371.9816,0.930338304,1953.710036,7.417881966
426469.765,5342969.168,2333130.99,463535.4629,0.99619399,830.4986311,0
427469.765,5342969.168,2336408.664,463698.9436,0.940299662,698.7134524,0
428469.765,5342969.168,2339686.344,463862.4234,0.879502584,1800.435804,0
429469.765,5342969.168,2342964.029,464025.9025,0.905800421,1973.003827,0
430469.765,5342969.168,2346241.721,464189.3808,0.890245382,1522.46612,4.47E-13
431469.765,5342969.168,2349519.417,464352.8583,0.930032889,573.8970293,0.179728255
432469.765,5342969.168,2352797.12,464516.3351,0.98781529,492.9093892,0.179728255
433469.765,5342969.168,2356074.828,464679.811,0.981911075,595.4482319,0.29801344
434469.765,5342969.168,2359352.542,464843.2862,0.968311114,1175.812101,0.583721598
435469.765,5342969.168,2362630.26,465006.7605,0.981236134,1786.372178,0.593277166
436469.765,5342969.168,2365907.984,465170.2341,0.994820416,1220.339654,0.37116967
437469.765,5342969.168,2369185.714,465333.7068,0.963294208,1087.841577,0.664459109
438469.765,5342969.168,2372463.448,465497.1788,0.936825166,2174.816904,0.333441788
439469.765,5342969.168,2375741.187,465660.6499,0.930629835,3163.000182,1.055080378
440469.765,5342969.168,2379018.932,465824.1202,0.930178554,3095.108521,0.777192771
441469.765,5342969.168,2382296.681,465987.5896,0.816228109,4195.572755,2.577002168
442469.765,5342969.168,2385574.435,466151.0582,0.837640043,3434.849125,6.727285544
443469.765,5342969.168,2388852.194,466314.526,0.898044277,2351.366254,8.564810004
444469.765,5342969.168,2392129.957,466477.9929,0.568723229,3947.265269,4.458206971
445469.765,5342969.168,2395407.725,466641.459,0.132934229,6350.06454,6.270601204
446469.765,5342969.168,2398685.497,466804.9243,0.126311592,7714.232817,11.53323126
447469.765,5342969.168,2401963.274,466968.3886,0.364647597,6406.005285,9.17191269
448469.765,5342969.168,2405241.054,467131.8522,0.524912219,5081.584321,1.57003229
449469.765,5342969.168,2408518.84,467295.3148,0.685222057,4495.084854,4.09658271
450469.765,5342969.168,2411796.629,467458.7766,0.910970957,2758.710665,3.285382318
451469.765,5342969.168,2415074.422,467622.2375,0.864889611,1876.925993,0.259173781
452469.765,5342969.168,2418352.22,467785.6975,0.960098764,569.0326047,0
453469.765,5342969.168,2421630.021,467949.1566,0.956183933,917.9644938,0
454469.765,5342969.168,2424907.826,468112.6148,0.977893559,1296.107468,0
455469.765,5342969.168,2428185.635,468276.0722,0.982113423,873.3643651,0
456469.765,5342969.168,2431463.447,468439.5286,0.975928926,1101.368344,0
457469.765,5342969.168,2434741.263,468602.9841,0.980263541,1934.929015,0
458469.765,5342969.168,2438019.083,468766.4387,0.994665238,2117.187603,0
459469.765,5342969.168,2441296.905,468929.8925,0.995809519,1632.210641,0
460469.765,5342969.168,2444574.732,469093.3452,0.996262139,1183.183673,0
461469.765,5342969.168,2447852.561,469256.7971,0.998991213,1865.678884,0
462469.765,5342969.168,2451130.394,469420.248,0.984958703,2551.209701,0
463469.765,5342969.168,2454408.229,469583.698,0.977543065,2825.454048,0
464469.765,5342969.168,2457686.068,469747.1471,0.975377819,2381.863388,0
465469.765,5342969.168,2460963.91,469910.5952,0.944353487,2714.284569,0
466469.765,5342969.168,2464241.754,470074.0424,0.943664426,2307.479599,0
467469.765,5342969.168,2467519.601,470237.4886,0.934916456,1661.914588,0
468469.765,5342969.168,2470797.451,470400.9339,0.944994768,1742.977928,0
469469.765,5342969.168,2474075.304,470564.3782,0.970534209,1303.886131,0
470469.765,5342969.168,2477353.159,470727.8215,0.991852347,794.7363239,0
471469.765,5342969.168,2480631.016,470891.2639,0.97324571,1616.894055,0
472469.765,5342969.168,2483908.876,471054.7053,0.917983373,1086.409439,0.195866928
473469.765,5342969.168,2487186.738,471218.1457,0.964029746,1650.893508,0.027861195
474469.765,5342969.168,2490464.603,471381.5851,0.972946147,2839.427452,0.739645287
475469.765,5342969.168,2493742.469,471545.0236,0.984242259,2716.504738,2.323285818
476469.765,5342969.168,2497020.338,471708.461,0.986105807,3489.909969,3.02446866
477469.765,5342969.168,2500298.208,471871.8975,0.90739294,4104.653853,3.954137869
478469.765,5342969.168,2503576.08,472035.333,0.710278094,4995.296593,11.22858436
479469.765,5342969.168,2506853.954,472198.7674,0.705976935,4140.645761,6.681161029
480469.765,5342969.168,2510131.83,472362.2009,0.854181233,1995.922614,14.25806101
481469.765,5342969.168,2513409.708,472525.6333,0.760299288,2173.123768,14.66506136
482469.765,5342969.168,2516687.587,472689.0647,0.640217502,4075.097739,22.04571424
483469.765,5342969.168,2519965.467,472852.4951,0.523862438,4738.897595,14.80551734
484469.765,5342969.168,2523243.349,473015.9245,0.559456827,4760.374317,9.495222661
485469.765,5342969.168,2526521.232,473179.3528,0.585021142,4691.346392,17.23493749
486469.765,5342969.168,2529799.116,473342.7802,0.566963639,4458.99453,10.02709065
487469.765,5342969.168,2533077.002,473506.2064,0.56937691,3928.845551,8.141412599
488469.765,5342969.168,2536354.888,473669.6317,0.484912362,3570.675119,3.804190735
489469.765,5342969.168,2539632.776,473833.0558,0.490405961,3602.748724,3.498936994
490469.765,5342969.168,2542910.665,473996.479,0.680983868,3157.092168,7.310875995
491469.765,5342969.168,2546188.554,474159.901,0.827582833,3134.134791,11.24229653
492469.765,5342969.168,2549466.444,474323.322,0.865729049,2831.369391,7.748827476
493469.765,5342969.168,2552744.335,474486.742,0.879579525,2422.971366,4.865811837
494469.765,5342969.168,2556022.226,474650.1609,0.905957202,1508.113201,2.887000322
495469.765,5342969.168,2559300.118,474813.5787,0.891341916,391.2038286,0.533772822
496469.765,5342969.168,2562578.01,474976.9954,0.903195257,132.9098869,1.669680953
497469.765,5342969.168,2565855.902,475140.4111,0.829750526,544.779519,0
498469.765,5342969.168,2569133.795,475303.8257,0.851360208,530.5523584,0
499469.765,5342969.168,2572411.688,475467.2391,0.958585058,340.9586219,0
500469.765,5342969.168,2575689.581,475630.6515,0.978606362,790.6558572,0
406469.765,5341969.168,2267742.371,456988.1632,0.927772441,1478.500091,0
407469.765,5341969.168,2271019.909,457151.6505,0.958366631,2059.987245,0
408469.765,5341969.168,2274297.455,457315.1372,0.877252462,2440.174539,2.09829022
409469.765,5341969.168,2277575.008,457478.6233,0.827854753,2077.056752,1.054928193
410469.765,5341969.168,2280852.568,457642.1088,0.821067165,2232.222607,1.02550551
411469.765,5341969.168,2284130.136,457805.5938,0.714305412,2310.909605,0.796708883
412469.765,5341969.168,2287407.711,457969.0781,0.401550421,3380.834153,0.643401027
413469.765,5341969.168,2290685.292,458132.5618,0.47617555,4587.231498,1.098921597
414469.765,5341969.168,2293962.881,458296.0449,0.67286867,4088.739519,2.227180839
415469.765,5341969.168,2297240.477,458459.5274,0.698899017,2197.606271,1.330631108
416469.765,5341969.168,2300518.08,458623.0093,0.873144299,1665.467663,0.936866458
417469.765,5341969.168,2303795.69,458786.4905,0.941181376,1611.444323,2.128728151
418469.765,5341969.168,2307073.306,458949.9711,0.945513537,1642.84408,0
419469.765,5341969.168,2310350.929,459113.4511,0.946374255,1859.540171,0
420469.765,5341969.168,2313628.558,459276.9304,0.921502893,2740.187705,0.05275706
421469.765,5341969.168,2316906.194,459440.409,0.938972919,2270.212486,0.088599026
422469.765,5341969.168,2320183.837,459603.8871,0.980453796,2664.527899,0
423469.765,5341969.168,2323461.485,459767.3644,0.975276856,3602.866436,0
424469.765,5341969.168,2326739.14,459930.8411,0.972531233,3000.928571,2.643110275
425469.765,5341969.168,2330016.801,460094.3171,0.979245935,879.1215158,2.643110275
426469.765,5341969.168,2333294.468,460257.7925,0.991387225,753.3398979,0.131087229
427469.765,5341969.168,2336572.141,460421.2672,0.952432782,1610.686157,0
428469.765,5341969.168,2339849.82,460584.7412,0.920154656,2130.608894,0
429469.765,5341969.168,2343127.505,460748.2145,0.826195027,2554.270078,0
430469.765,5341969.168,2346405.196,460911.6871,0.837801851,2608.421886,4.47E-13
431469.765,5341969.168,2349682.892,461075.159,0.970803562,1254.546035,0.179728255
432469.765,5341969.168,2352960.594,461238.6302,0.970859844,896.8943431,0.123833052
433469.765,5341969.168,2356238.301,461402.1006,0.967308713,1089.112247,0.183807967
434469.765,5341969.168,2359516.014,461565.5704,0.958396113,1474.645932,1.430197597
435469.765,5341969.168,2362793.732,461729.0395,0.963884837,1745.396319,1.049401978
436469.765,5341969.168,2366071.455,461892.5078,0.996137312,1684.895408,0.748277057
437469.765,5341969.168,2369349.183,462055.9754,0.962012255,1299.810643,2.367266043
438469.765,5341969.168,2372626.917,462219.4423,0.970224827,1162.828655,1.721099905
439469.765,5341969.168,2375904.656,462382.9084,0.978089165,1518.073811,1.802509047
440469.765,5341969.168,2379182.399,462546.3738,0.917198902,2455.543914,2.490407032
441469.765,5341969.168,2382460.148,462709.8384,0.794364001,3475.873406,3.105460664
442469.765,5341969.168,2385737.901,462873.3023,0.924439455,2004.814855,3.845736121
443469.765,5341969.168,2389015.659,463036.7654,0.963287662,1426.872538,3.25359519
444469.765,5341969.168,2392293.421,463200.2278,0.697353056,3173.260766,4.023822943
445469.765,5341969.168,2395571.188,463363.6894,0.236675538,5766.949818,6.216419731
446469.765,5341969.168,2398848.96,463527.1502,0.084940238,7749.947647,11.90508509
447469.765,5341969.168,2402126.735,463690.6102,0.469783194,5887.679847,5.896527636
448469.765,5341969.168,2405404.515,463854.0695,0.623775568,4916.718739,2.535796438
449469.765,5341969.168,2408682.3,464017.528,0.616376409,4346.084715,4.625237077
450469.765,5341969.168,2411960.088,464180.9857,0.820207992,1967.849153,3.012925225
451469.765,5341969.168,2415237.881,464344.4425,0.830503091,2388.33145,2.769584388
452469.765,5341969.168,2418515.677,464507.8986,0.947929737,1767.263398,2.752902259
453469.765,5341969.168,2421793.478,464671.3539,0.939370017,1513.009107,0
454469.765,5341969.168,2425071.282,464834.8084,0.943290048,1441.502186,0
455469.765,5341969.168,2428349.09,464998.262,0.948845039,1452.362245,0
456469.765,5341969.168,2431626.901,465161.7148,0.965561129,2387.154408,0.025732102
457469.765,5341969.168,2434904.716,465325.1668,0.988136809,2574.50547,0
458469.765,5341969.168,2438182.535,465488.618,0.996552642,1445.60595,0
459469.765,5341969.168,2441460.357,465652.0683,0.990903335,601.5635138,0
460469.765,5341969.168,2444738.182,465815.5178,0.997043022,964.2244489,0
461469.765,5341969.168,2448016.011,465978.9665,0.999114279,994.9675538,0
462469.765,5341969.168,2451293.843,466142.4143,0.998521087,905.4884314,0
463469.765,5341969.168,2454571.677,466305.8613,0.985110939,1374.116275,0
464469.765,5341969.168,2457849.515,466469.3074,0.994998166,1557.52552,0.076177418
465469.765,5341969.168,2461127.356,466632.7526,0.971626006,1822.177049,0.076177418
466469.765,5341969.168,2464405.2,466796.197,0.97349575,1495.887329,0
467469.765,5341969.168,2467683.046,466959.6405,0.963867336,971.9380241,0
468469.765,5341969.168,2470960.895,467123.0831,0.954288644,791.8038321,0
469469.765,5341969.168,2474238.746,467286.5248,0.983663057,1047.181652,0
470469.765,5341969.168,2477516.601,467449.9657,0.981505744,1992.62646,0
471469.765,5341969.168,2480794.457,467613.4057,0.927176345,2440.9949,0
472469.765,5341969.168,2484072.316,467776.8448,0.937698085,1065.419096,0.195866928
473469.765,5341969.168,2487350.177,467940.283,0.995260225,475.8878369,0.62546901
474469.765,5341969.168,2490628.041,468103.7202,0.986115779,1431.376685,0.573963014
475469.765,5341969.168,2493905.906,468267.1566,0.989247932,2968.903955,0
476469.765,5341969.168,2497183.774,468430.5921,0.990287361,3416.77223,0.159289062
477469.765,5341969.168,2500461.643,468594.0266,0.863684577,3791.903555,6.953450054
478469.765,5341969.168,2503739.514,468757.4603,0.803751765,4611.446937,20.39271307
479469.765,5341969.168,2507017.387,468920.893,0.902526705,2618.885891,14.20532077
480469.765,5341969.168,2510295.262,469084.3247,0.938252951,981.6009124,9.218915939
481469.765,5341969.168,2513573.139,469247.7556,0.907130396,1303.063663,9.309029541
482469.765,5341969.168,2516851.017,469411.1855,0.951994974,2065.332907,3.020350663
483469.765,5341969.168,2520128.896,469574.6145,0.768832264,3932.175806,5.261091965
484469.765,5341969.168,2523406.777,469738.0425,0.698615858,4798.451148,7.796023389
485469.765,5341969.168,2526684.659,469901.4696,0.663341251,5054.572391,12.58646067
486469.765,5341969.168,2529962.543,470064.8957,0.685998167,5176.902973,6.737066295
487469.765,5341969.168,2533240.427,470228.3209,0.699999398,5108.043375,6.390227218
488469.765,5341969.168,2536518.313,470391.7451,0.601301916,4998.809845,8.90091908
489469.765,5341969.168,2539796.199,470555.1683,0.583752882,4788.185313,5.638271749
490469.765,5341969.168,2543074.087,470718.5906,0.580790597,4683.506013,6.016206726
491469.765,5341969.168,2546351.975,470882.0119,0.612708958,5173.11591,15.18569453
492469.765,5341969.168,2549629.864,471045.4322,0.626436474,4864.643274,16.75593376
493469.765,5341969.168,2552907.754,471208.8515,0.74116226,4003.594486,8.585107982
494469.765,5341969.168,2556185.644,471372.2698,0.835238586,3397.918066,2.36741664
495469.765,5341969.168,2559463.535,471535.6872,0.917023738,1940.73173,0.969034818
496469.765,5341969.168,2562741.426,471699.1036,0.897865152,903.9666606,0.732946666
497469.765,5341969.168,2566019.317,471862.5189,0.773460945,1636.051903,2.98894443
498469.765,5341969.168,2569297.209,472025.9333,0.855339111,1219.45708,1.504816256
499469.765,5341969.168,2572575.101,472189.3466,0.982184176,201.7336491,1.260794997
500469.765,5341969.168,2575852.993,472352.759,0.992970265,617.7684594,0
405469.765,5340969.168,2264628.325,453547.149,0.733142336,773.9382626,0.043902058
406469.765,5340969.168,2267905.855,453710.6293,0.809377531,701.1521224,0.227299407
407469.765,5340969.168,2271183.392,453874.109,0.944417965,634.4521771,0
408469.765,5340969.168,2274460.937,454037.5882,0.914683768,1715.071715,0.949213402
409469.765,5340969.168,2277738.49,454201.0669,0.903385813,2664.763686,1.71679489
410469.765,5340969.168,2281016.05,454364.5451,0.758128714,2582.720884,1.762421252
411469.765,5340969.168,2284293.617,454528.0228,0.437998358,2282.392825,0.407116491
412469.765,5340969.168,2287571.191,454691.5,0.494696051,3947.653362,0.979419643
413469.765,5340969.168,2290848.772,454854.9766,0.775327926,4538.142285,2.340198934
414469.765,5340969.168,2294126.361,455018.4528,0.811564344,2617.496813,2.412137964
415469.765,5340969.168,2297403.956,455181.9283,0.89193095,1598.987609,0.993941488
416469.765,5340969.168,2300681.558,455345.4034,0.965693214,1185.47286,0.497860933
417469.765,5340969.168,2303959.167,455508.8778,0.965076184,184.5173105,0
418469.765,5340969.168,2307236.783,455672.3518,0.902428769,375.7319475,1.13E-12
419469.765,5340969.168,2310514.405,455835.8252,0.939893504,1519.27798,0.204744428
420469.765,5340969.168,2313792.034,455999.298,0.964228584,3262.861106,0.360729354
421469.765,5340969.168,2317069.669,456162.7702,0.977525133,2963.775164,1.099687755
422469.765,5340969.168,2320347.311,456326.2419,0.945093144,2938.321592,0
423469.765,5340969.168,2323624.959,456489.713,0.924853074,3589.342868,0
424469.765,5340969.168,2326902.613,456653.1835,0.955728575,3410.556325,0
425469.765,5340969.168,2330180.274,456816.6534,0.992160779,1662.579312,0.131087229
426469.765,5340969.168,2333457.94,456980.1227,0.993801861,1169.239934,0.131087229
427469.765,5340969.168,2336735.613,457143.5915,0.977303413,1270.524348,0
428469.765,5340969.168,2340013.291,457307.0596,0.969832459,1734.828566,0
429469.765,5340969.168,2343290.975,457470.5271,0.878833183,2725.211696,0
430469.765,5340969.168,2346568.665,457633.994,0.860022428,2318.805065,0.33694303
431469.765,5340969.168,2349846.361,457797.4603,0.970080042,1104.701367,0.413783386
432469.765,5340969.168,2353124.062,457960.926,0.935516179,1058.053689,0.174857806
433469.765,5340969.168,2356401.768,458124.391,0.969667136,1204.977924,0.083522993
434469.765,5340969.168,2359679.48,458287.8554,0.943731201,1959.421849,1.266158071
435469.765,5340969.168,2362957.198,458451.3191,0.930855913,1766.458273,1.574057434
436469.765,5340969.168,2366234.92,458614.7823,0.986793018,1588.286885,0.811930752
437469.765,5340969.168,2369512.648,458778.2447,0.943905032,1982.519585,3.022352785
438469.765,5340969.168,2372790.381,458941.7065,0.94766888,1329.82474,3.530562639
439469.765,5340969.168,2376068.119,459105.1677,0.972744256,654.4708349,2.246645155
440469.765,5340969.168,2379345.862,459268.6282,0.880428357,1653.879395,2.493278816
441469.765,5340969.168,2382623.609,459432.088,0.691766723,4055.105503,3.602270802
442469.765,5340969.168,2385901.362,459595.5471,0.833204761,2596.282434,1.378515348
443469.765,5340969.168,2389179.119,459759.0056,0.861819465,1776.051595,4.391522711
444469.765,5340969.168,2392456.881,459922.4634,0.503250434,4047.582558,4.972108483
445469.765,5340969.168,2395734.647,460085.9205,0.320713365,5516.294708,3.441449494
446469.765,5340969.168,2399012.418,460249.3769,0.272782311,7158.822972,5.555485439
447469.765,5340969.168,2402290.193,460412.8326,0.568830502,5876.313822,3.04310227
448469.765,5340969.168,2405567.972,460576.2876,0.631849272,5266.535447,6.224259383
449469.765,5340969.168,2408845.756,460739.7419,0.665031396,4394.476416,5.038121089
450469.765,5340969.168,2412123.544,460903.1955,0.893092402,1430.950255,1.067691098
451469.765,5340969.168,2415401.335,461066.6484,0.778178231,1944.795844,4.024789691
452469.765,5340969.168,2418679.131,461230.1006,0.825710929,3058.946764,3.999766499
453469.765,5340969.168,2421956.931,461393.552,0.950587911,2876.966478,0
454469.765,5340969.168,2425234.734,461557.0027,0.99581954,1817.687489,0
455469.765,5340969.168,2428512.541,461720.4527,0.97060232,1229.89395,0
456469.765,5340969.168,2431790.352,461883.9019,0.983835964,1950.825365,0.456157119
457469.765,5340969.168,2435068.166,462047.3504,0.987725806,1703.602445,0.39901205
458469.765,5340969.168,2438345.984,462210.7981,0.947937869,727.3707353,0
459469.765,5340969.168,2441623.805,462374.2451,0.915689457,827.3192343,0
460469.765,5340969.168,2444901.63,462537.6913,0.971590028,1585.804954,0
461469.765,5340969.168,2448179.458,462701.1368,0.993449081,1605.77879,0
462469.765,5340969.168,2451457.288,462864.5814,0.979073419,1509.089318,0
463469.765,5340969.168,2454735.122,463028.0254,0.956622545,2272.461987,0
464469.765,5340969.168,2458012.959,463191.4685,0.966018436,3060.931619,0.076177418
465469.765,5340969.168,2461290.799,463354.9109,0.982581041,2572.051586,0.076177418
466469.765,5340969.168,2464568.642,463518.3524,0.997571168,1249.620489,0
467469.765,5340969.168,2467846.488,463681.7932,0.98676088,1796.883276,0
468469.765,5340969.168,2471124.336,463845.2332,0.98732403,1322.081525,0
469469.765,5340969.168,2474402.186,464008.6724,0.989555288,1003.499818,0
470469.765,5340969.168,2477680.04,464172.1108,0.992421366,1357.127826,0
471469.765,5340969.168,2480957.895,464335.5484,0.960623981,1575.841415,0
472469.765,5340969.168,2484235.753,464498.9852,0.974124044,850.3021308,0
473469.765,5340969.168,2487513.614,464662.4211,0.999045372,704.3796684,0.54045711
474469.765,5340969.168,2490791.476,464825.8562,0.98121635,1716.60051,0.41253684
475469.765,5340969.168,2494069.341,464989.2905,0.970414548,3891.623268,0
476469.765,5340969.168,2497347.208,465152.724,0.996751552,2483.02792,0.505731046
477469.765,5340969.168,2500625.076,465316.1567,0.851694993,2017.169798,3.902291226
478469.765,5340969.168,2503902.947,465479.5885,0.801321641,3473.999271,11.06593532
479469.765,5340969.168,2507180.819,465643.0194,0.996647279,1353.074708,8.353337728
480469.765,5340969.168,2510458.693,465806.4495,0.983360305,1249.243894,11.92760563
481469.765,5340969.168,2513736.568,465969.8788,0.969105651,1588.187489,6.525785806
482469.765,5340969.168,2517014.445,466133.3072,0.976169583,1787.892089,1.838971538
483469.765,5340969.168,2520292.324,466296.7348,0.959811707,2247.215015,5.153703523
484469.765,5340969.168,2523570.204,466460.1614,0.880146032,2930.095681,5.838907917
485469.765,5340969.168,2526848.085,466623.5873,0.928240111,2959.797049,1.443061995
486469.765,5340969.168,2530125.968,466787.0122,0.964830605,2763.021505,1.324921161
487469.765,5340969.168,2533403.851,466950.4363,0.940317623,2932.28884,4.121160077
488469.765,5340969.168,2536681.736,467113.8594,0.913859746,3530.929549,3.879226032
489469.765,5340969.168,2539959.622,467277.2817,0.897397971,4203.599562,3.509836103
490469.765,5340969.168,2543237.508,467440.7032,0.876601984,4917.6835,5.012342539
491469.765,5340969.168,2546515.395,467604.1237,0.807819809,5705.444283,11.38526497
492469.765,5340969.168,2549793.284,467767.5433,0.741109534,5662.334123,8.730083357
493469.765,5340969.168,2553071.172,467930.962,0.704147107,5681.340992,7.747502285
494469.765,5340969.168,2556349.062,468094.3798,0.700377877,5482.378236,4.232019195
495469.765,5340969.168,2559626.951,468257.7967,0.77597221,3985.145461,1.597128123
496469.765,5340969.168,2562904.842,468421.2127,0.9345639,3005.156831,3.532893245
497469.765,5340969.168,2566182.732,468584.6278,0.932520983,2498.766624,5.648597002
498469.765,5340969.168,2569460.623,468748.0419,0.936412641,1658.469678,1.371242964
499469.765,5340969.168,2572738.514,468911.4551,0.970758502,558.2654028,0.139424294
500469.765,5340969.168,2576016.405,469074.8674,0.977657251,105.0087607,0
501469.765,5340969.168,2579294.296,469238.2787,0.927432685,134.024892,0
404469.765,5339969.168,2261514.28,450106.1502,0.555879851,1732.734415,2.161581457
405469.765,5339969.168,2264791.802,450269.6232,0.527834162,1591.900656,1.422445408
406469.765,5339969.168,2268069.331,450433.0958,0.731194789,962.3329079,0.166166957
407469.765,5339969.168,2271346.868,450596.568,0.858197351,225.211265,0
408469.765,5339969.168,2274624.413,450760.0397,0.874095038,857.0798978,0.005559374
409469.765,5339969.168,2277901.965,450923.511,0.838063792,2431.634373,0.454761264
410469.765,5339969.168,2281179.524,451086.9819,0.621233706,2047.087163,0.308081286
411469.765,5339969.168,2284457.091,451250.4524,0.246029303,2034.892675,0.147233085
412469.765,5339969.168,2287734.664,451413.9224,0.485709193,5403.175988,0.81032472
413469.765,5339969.168,2291012.245,451577.392,0.628116681,4166.216512,0.789030761
414469.765,5339969.168,2294289.833,451740.8611,0.725629404,1492.332362,0.162883654
415469.765,5339969.168,2297567.428,451904.3298,0.896195747,1061.752141,0.132575074
416469.765,5339969.168,2300845.03,452067.798,0.923408981,1366.711549,0.132969528
417469.765,5339969.168,2304122.638,452231.2658,0.801881661,519.2132045,0.41199559
418469.765,5339969.168,2307400.253,452394.733,0.714553226,1426.235466,1.402750313
419469.765,5339969.168,2310677.875,452558.1998,0.888172115,2211.308421,0.927460716
420469.765,5339969.168,2313955.503,452721.6661,0.980593944,1869.000547,0.514715501
421469.765,5339969.168,2317233.138,452885.132,0.983311545,933.3704852,1.60523212
422469.765,5339969.168,2320510.779,453048.5973,0.97096684,1017.112509,0
423469.765,5339969.168,2323788.427,453212.0621,0.86179254,2321.010931,0
424469.765,5339969.168,2327066.081,453375.5264,0.849418356,3314.03699,0
425469.765,5339969.168,2330343.74,453538.9903,0.910301113,1881.26125,0
426469.765,5339969.168,2333621.406,453702.4536,0.964129471,990.6610787,0
427469.765,5339969.168,2336899.078,453865.9164,0.987698386,500.5289829,0
428469.765,5339969.168,2340176.756,454029.3786,0.975704444,830.7107136,0
429469.765,5339969.168,2343454.44,454192.8404,0.915729292,2162.313582,0
430469.765,5339969.168,2346732.129,454356.3016,0.901718057,2060.697373,0.33694303
431469.765,5339969.168,2350009.824,454519.7623,0.952210223,1346.645526,0.413783386
432469.765,5339969.168,2353287.524,454683.2224,0.901467685,1539.065439,0.245311871
433469.765,5339969.168,2356565.23,454846.682,0.894448294,2274.888605,0.208807483
434469.765,5339969.168,2359842.942,455010.141,0.960852745,3219.057966,1.319786096
435469.765,5339969.168,2363120.659,455173.5994,0.96317041,2019.760751,1.604502257
436469.765,5339969.168,2366398.381,455337.0573,0.983110194,1363.342566,0.895682444
437469.765,5339969.168,2369676.108,455500.5147,0.953533834,1557.145329,1.486504998
438469.765,5339969.168,2372953.84,455663.9714,0.963847454,992.0965392,2.301980699
439469.765,5339969.168,2376231.577,455827.4276,0.995488588,618.4355045,1.111363178
440469.765,5339969.168,2379509.319,455990.8832,0.974411042,726.7720803,0.30131273
441469.765,5339969.168,2382787.067,456154.3382,0.777550099,3203.203356,10.34425745
442469.765,5339969.168,2386064.818,456317.7927,0.802614687,2906.806163,4.846041113
443469.765,5339969.168,2389342.575,456481.2465,0.699537986,3296.292767,5.457551345
444469.765,5339969.168,2392620.336,456644.6997,0.340367699,5631.935837,6.776814805
445469.765,5339969.168,2395898.102,456808.1523,0.279369603,6589.684662,3.681612079
446469.765,5339969.168,2399175.872,456971.6043,0.355033455,7145.667213,2.202932587
447469.765,5339969.168,2402453.646,457135.0557,0.611952669,5557.545918,2.75145177
448469.765,5339969.168,2405731.425,457298.5065,0.577475339,5104.813411,6.378553363
449469.765,5339969.168,2409009.208,457461.9566,0.525572214,4616.242441,7.799453293
450469.765,5339969.168,2412286.995,457625.4061,0.868744804,2042.97247,2.980510478
451469.765,5339969.168,2415564.786,457788.855,0.777606893,2289.613363,1.656686263
452469.765,5339969.168,2418842.581,457952.3032,0.731907809,2721.081599,1.820533538
453469.765,5339969.168,2422120.38,458115.7508,0.977670695,1780.119985,2.036270142
454469.765,5339969.168,2425398.182,458279.1978,0.99770475,1510.663448,0.021901533
455469.765,5339969.168,2428675.989,458442.6441,0.999420984,1148.12714,0
456469.765,5339969.168,2431953.799,458606.0897,0.990170342,1847.023688,1.695084032
457469.765,5339969.168,2435231.613,458769.5346,0.958083244,2244.267919,0.772531375
458469.765,5339969.168,2438509.43,458932.9789,0.899021182,1737.64132,0
459469.765,5339969.168,2441787.25,459096.4226,0.86124906,1694.695422,0
460469.765,5339969.168,2445065.074,459259.8655,0.944176338,2920.888302,0
461469.765,5339969.168,2448342.901,459423.3078,0.985584457,2939.933686,0
462469.765,5339969.168,2451620.731,459586.7493,0.981833863,2907.951921,0
463469.765,5339969.168,2454898.564,459750.1902,0.930187931,3427.111841,0
464469.765,5339969.168,2458176.401,459913.6304,0.95179326,2871.358016,0
465469.765,5339969.168,2461454.24,460077.0699,0.979690246,2531.380248,0.076177418
466469.765,5339969.168,2464732.082,460240.5087,0.988242318,1536.843026,0
467469.765,5339969.168,2468009.927,460403.9468,0.9878965,1904.258618,0
468469.765,5339969.168,2471287.774,460567.3841,0.963976167,1961.555049,0
469469.765,5339969.168,2474565.624,460730.8208,0.975075426,846.7091837,0
470469.765,5339969.168,2477843.477,460894.2567,0.999955482,207.2011306,0
471469.765,5339969.168,2481121.331,461057.6919,0.999287693,667.0306122,0
472469.765,5339969.168,2484399.189,461221.1264,0.999376495,1097.922951,0
473469.765,5339969.168,2487677.048,461384.5601,0.998016583,1535.963186,0.38376081
474469.765,5339969.168,2490954.91,461547.9931,0.978368038,2652.761115,0.27790796
475469.765,5339969.168,2494232.774,461711.4253,0.969564998,3029.650849,0.34970361
476469.765,5339969.168,2497510.64,461874.8568,0.99714265,1645.069123,0.529042661
477469.765,5339969.168,2500788.507,462038.2875,0.957673813,1913.657664,2.710724225
478469.765,5339969.168,2504066.377,462201.7175,0.927572893,3236.672744,2.90498054
479469.765,5339969.168,2507344.249,462365.1467,0.99462833,1770.992526,0.534409212
480469.765,5339969.168,2510622.122,462528.5752,0.934259639,1905.026421,4.842952192
481469.765,5339969.168,2513899.996,462692.0029,0.879120769,2006.156523,5.364871389
482469.765,5339969.168,2517177.873,462855.4298,0.938693833,2125.266582,0.600549795
483469.765,5339969.168,2520455.75,463018.8559,0.957792217,2204.330965,3.081438029
484469.765,5339969.168,2523733.63,463182.2813,0.845419502,1790.407178,3.297198713
485469.765,5339969.168,2527011.51,463345.7058,0.878782986,1348.462744,0
486469.765,5339969.168,2530289.392,463509.1296,0.98060041,742.7419355,1.19334659
487469.765,5339969.168,2533567.274,463672.5525,0.981590714,1000.985587,1.909382463
488469.765,5339969.168,2536845.158,463835.9747,0.938358074,1700.663505,0.84691296
489469.765,5339969.168,2540123.043,463999.3961,0.92873161,2173.70701,0.188891865
490469.765,5339969.168,2543400.929,464162.8166,0.923877789,2472.856674,3.81169104
491469.765,5339969.168,2546678.815,464326.2364,0.925867724,2782.821214,3.130736225
492469.765,5339969.168,2549956.702,464489.6553,0.945240435,3117.442745,2.879497662
493469.765,5339969.168,2553234.59,464653.0734,0.948982923,3623.852041,1.921893322
494469.765,5339969.168,2556512.479,464816.4907,0.845146415,4693.843591,5.34441422
495469.765,5339969.168,2559790.368,464979.9071,0.736822198,4964.710771,4.115387718
496469.765,5339969.168,2563068.257,465143.3227,0.792965148,3880.814208,3.687697268
497469.765,5339969.168,2566346.147,465306.7375,0.952044858,3207.77711,9.871866226
498469.765,5339969.168,2569624.037,465470.1514,0.946498165,2431.613703,2.227097347
499469.765,5339969.168,2572901.927,465633.5645,0.870576419,2065.243711,5.596407712
500469.765,5339969.168,2576179.817,465796.9768,0.929587961,862.5211602,7.001879215
501469.765,5339969.168,2579457.707,465960.3882,0.905271692,82.40493238,0
403469.765,5338969.168,2258400.236,446665.1668,0.759203225,2810.646715,0.309620619
404469.765,5338969.168,2261677.749,446828.6325,0.567924952,2060.691592,1.644920677
405469.765,5338969.168,2264955.271,446992.0978,0.629536515,2322.648959,1.186590463
406469.765,5338969.168,2268232.8,447155.5627,0.567964726,1103.472293,0.523725654
407469.765,5338969.168,2271510.336,447319.0273,0.621725265,137.1153846,0.338897817
408469.765,5338969.168,2274787.881,447482.4916,0.738944236,800.9648388,0.157167301
409469.765,5338969.168,2278065.432,447645.9556,0.746007109,3094.808569,0.635775387
410469.765,5338969.168,2281342.991,447809.4192,0.468162722,2190.052161,0.276156095
411469.765,5338969.168,2284620.557,447972.8824,0.14861194,1115.334609,0.408880949
412469.765,5338969.168,2287898.131,448136.3453,0.539083208,4617.767395,0.740794975
413469.765,5338969.168,2291175.711,448299.8078,0.703572963,4301.083485,0.673357169
414469.765,5338969.168,2294453.299,448463.27,0.631209509,1647.36564,0.291794135
415469.765,5338969.168,2297730.893,448626.7317,0.779827991,1292.597919,0.200973764
416469.765,5338969.168,2301008.494,448790.1931,0.736676494,1273.028629,0.052834548
417469.765,5338969.168,2304286.102,448953.6541,0.702360013,1777.33607,1.38196632
418469.765,5338969.168,2307563.717,449117.1147,0.765179983,2119.073655,1.447244766
419469.765,5338969.168,2310841.338,449280.575,0.916988623,1408.02298,0.975014415
420469.765,5338969.168,2314118.966,449444.0348,0.898918895,269.6599198,2.324458917
421469.765,5338969.168,2317396.601,449607.4942,0.907801814,333.3864092,0
422469.765,5338969.168,2320674.241,449770.9532,0.821141794,1023.282514,0.503858745
423469.765,5338969.168,2323951.888,449934.4118,0.798703822,1564.251776,0.658447325
424469.765,5338969.168,2327229.542,450097.8699,0.841990321,2237.21599,0.30917716
425469.765,5338969.168,2330507.201,450261.3276,0.918498523,895.7805723,0
426469.765,5338969.168,2333784.866,450424.7849,0.94848158,587.0373406,0
427469.765,5338969.168,2337062.538,450588.2418,0.987749488,347.9591166,0
428469.765,5338969.168,2340340.215,450751.6982,0.994759949,176.201788,0
429469.765,5338969.168,2343617.898,450915.1542,0.978613623,776.6986676,0
430469.765,5338969.168,2346895.587,451078.6097,0.968194318,900.3480955,0
431469.765,5338969.168,2350173.281,451242.0648,0.981757214,962.5266995,0
432469.765,5338969.168,2353450.981,451405.5194,0.944914866,1267.761844,0
433469.765,5338969.168,2356728.687,451568.9735,0.944927802,2240.39216,0
434469.765,5338969.168,2360006.398,451732.4271,0.980310066,3050.141217,1.442262745
435469.765,5338969.168,2363284.114,451895.8803,0.982016069,1883.230727,1.669536273
436469.765,5338969.168,2366561.836,452059.333,0.989070778,807.1539443,1.137440369
437469.765,5338969.168,2369839.562,452222.7852,0.970616622,874.958979,0.688324134
438469.765,5338969.168,2373117.294,452386.2369,0.976161344,1001.415057,0.18716858
439469.765,5338969.168,2376395.031,452549.6882,0.967175468,1399.121738,2.970923011
440469.765,5338969.168,2379672.772,452713.1389,0.911805304,2176.469891,17.71952558
441469.765,5338969.168,2382950.519,452876.5891,0.804577552,3438.796168,31.73197645
442469.765,5338969.168,2386228.27,453040.0388,0.838089613,2967.692476,6.350965838
443469.765,5338969.168,2389506.026,453203.488,0.673853595,3880.536639,4.846251786
444469.765,5338969.168,2392783.787,453366.9366,0.379489802,6509.596248,4.24612534
445469.765,5338969.168,2396061.552,453530.3848,0.543385868,6300.484235,5.057093506
446469.765,5338969.168,2399339.321,453693.8324,0.6441021,5382.130284,4.386052435
447469.765,5338969.168,2402617.095,453857.2794,0.677020922,5264.840926,6.553648187
448469.765,5338969.168,2405894.873,454020.726,0.545071923,5366.536105,6.57184568
449469.765,5338969.168,2409172.655,454184.1719,0.563934621,4406.556244,7.86630446
450469.765,5338969.168,2412450.442,454347.6174,0.861516937,2900.006562,4.427239339
451469.765,5338969.168,2415728.232,454511.0622,0.88927012,2782.616971,2.415793896
452469.765,5338969.168,2419006.027,454674.5066,0.8428126,2656.651769,2.174342519
453469.765,5338969.168,2422283.825,454837.9503,0.879073087,1788.494616,1.835429043
454469.765,5338969.168,2425561.627,455001.3935,0.937844583,1743.542904,0.849714775
455469.765,5338969.168,2428839.433,455164.8361,0.97494744,2078.864357,1.074405998
456469.765,5338969.168,2432117.242,455328.2781,0.978408546,2508.075592,1.985020556
457469.765,5338969.168,2435395.055,455491.7196,0.899479755,2596.39431,2.481686667
458469.765,5338969.168,2438672.872,455655.1605,0.873460653,1582.299617,0
459469.765,5338969.168,2441950.692,455818.6007,0.928833018,873.6781546,0
460469.765,5338969.168,2445228.515,455982.0404,0.966330674,2182.105503,0
461469.765,5338969.168,2448506.341,456145.4795,0.963944477,2973.945527,0
462469.765,5338969.168,2451784.171,456308.9179,0.967215708,3358.437033,0
463469.765,5338969.168,2455062.004,456472.3558,0.94928045,3652.819723,0
464469.765,5338969.168,2458339.839,456635.793,0.983058769,1885.953259,0
465469.765,5338969.168,2461617.678,456799.2297,0.987187861,1397.91148,0
466469.765,5338969.168,2464895.519,456962.6657,0.943621276,1743.532361,0
467469.765,5338969.168,2468173.363,457126.101,0.947956075,2194.741577,0
468469.765,5338969.168,2471451.21,457289.5358,0.964906936,2220.659078,0
469469.765,5338969.168,2474729.059,457452.9699,0.978720947,742.7710953,0
470469.765,5338969.168,2478006.911,457616.4033,0.999615397,12.59027145,0
471469.765,5338969.168,2481284.765,457779.8361,0.999761204,337.461258,0
472469.765,5338969.168,2484562.622,457943.2683,0.999767672,978.7839956,0.508495748
473469.765,5338969.168,2487840.481,458106.6998,0.992665551,1751.287302,0.671779746
474469.765,5338969.168,2491118.342,458270.1306,0.990049172,1619.298214,2.026351765
475469.765,5338969.168,2494396.205,458433.5608,0.997399702,1275.717308,0.34970361
476469.765,5338969.168,2497674.07,458596.9903,0.999531134,1818.94195,0.705390215
477469.765,5338969.168,2500951.937,458760.4192,0.971350141,3329.606967,3.132755637
478469.765,5338969.168,2504229.806,458923.8473,0.966875792,3990.367875,3.712177837
479469.765,5338969.168,2507507.677,459087.2748,0.987002125,1595.791257,2.068861926
480469.765,5338969.168,2510785.549,459250.7016,0.868449916,1829.11814,1.22613062
481469.765,5338969.168,2514063.423,459414.1277,0.805953152,1665.377915,0.646199945
482469.765,5338969.168,2517341.298,459577.5531,0.849026835,1884.197047,0.446126749
483469.765,5338969.168,2520619.175,459740.9778,0.876515291,1683.310848,1.121224706
484469.765,5338969.168,2523897.054,459904.4019,0.860873484,1597.955746,0.801174935
485469.765,5338969.168,2527174.934,460067.8252,0.9246272,1294.034282,0.572230708
486469.765,5338969.168,2530452.814,460231.2477,0.984892526,1106.012933,0.978260925
487469.765,5338969.168,2533730.696,460394.6696,0.956284296,1122.984686,1.988866131
488469.765,5338969.168,2537008.579,460558.0908,0.943879346,1249.091224,1.931981688
489469.765,5338969.168,2540286.463,460721.5112,0.906634301,1876.482683,0.670300665
490469.765,5338969.168,2543564.348,460884.9309,0.880208206,1394.618076,0.060791149
491469.765,5338969.168,2546842.234,461048.3499,0.930223201,778.028228,0.940911506
492469.765,5338969.168,2550120.121,461211.7681,0.988350746,1108.717249,0.826693363
493469.765,5338969.168,2553398.008,461375.1856,0.993625787,924.9910763,0.174263373
494469.765,5338969.168,2556675.895,461538.6024,0.97868156,2707.826348,0
495469.765,5338969.168,2559953.783,461702.0184,0.754275143,4796.84485,6.247643769
496469.765,5338969.168,2563231.672,461865.4336,0.540783791,4536.205839,7.135162047
497469.765,5338969.168,2566509.561,462028.8481,0.716271797,4035.028988,9.202893138
498469.765,5338969.168,2569787.45,462192.2618,0.880914549,3170.63643,8.834934626
499469.765,5338969.168,2573065.339,462355.6748,0.80983858,2930.553409,7.495811752
500469.765,5338969.168,2576343.229,462519.087,0.937039073,1448.193766,3.694061953
501469.765,5338969.168,2579621.118,462682.4984,0.905560038,387.3281596,0.40025194
403469.765,5337969.168,2258563.697,443387.6572,0.748840285,2643.130514,0
404469.765,5337969.168,2261841.211,443551.1151,0.621024519,2095.058072,0.627736781
405469.765,5337969.168,2265118.732,443714.5726,0.792784211,2080.998175,0.561183588
406469.765,5337969.168,2268396.261,443878.03,0.729954385,1522.47402,0.892008851
407469.765,5337969.168,2271673.797,444041.4871,0.533137699,453.3438354,0.934929856
408469.765,5337969.168,2274951.341,444204.9439,0.661288069,648.3281734,5.01636684
409469.765,5337969.168,2278228.892,444368.4005,0.824069845,2865.591613,0.635775387
410469.765,5337969.168,2281506.451,444531.8568,0.525574213,1723.734329,0.345195118
411469.765,5337969.168,2284784.017,444695.3128,0.352806402,979.9586144,0
412469.765,5337969.168,2288061.59,444858.7686,0.791097593,3798.054138,0.742064679
413469.765,5337969.168,2291339.17,445022.224,0.675933317,3683.566588,0.688305974
414469.765,5337969.168,2294616.757,445185.6792,0.513801834,1578.28121,0.054874819
415469.765,5337969.168,2297894.351,445349.1341,0.532428774,1548.430343,0.133650271
416469.765,5337969.168,2301171.952,445512.5886,0.566765856,1814.95438,0
417469.765,5337969.168,2304449.56,445676.0429,0.811862898,2405.859307,0.863111969
418469.765,5337969.168,2307727.174,445839.4969,0.74972199,1432.757427,1.043267795
419469.765,5337969.168,2311004.795,446002.9505,0.642263906,527.9593807,1.380388871
420469.765,5337969.168,2314282.423,446166.4038,0.673808527,1065.536625,1.849240758
421469.765,5337969.168,2317560.057,446329.8568,0.80684736,1419.803864,0.29720853
422469.765,5337969.168,2320837.697,446493.3095,0.776454182,2411.723245,0.750454823
423469.765,5337969.168,2324115.344,446656.7618,0.776537006,2123.972643,0.651549621
424469.765,5337969.168,2327392.996,446820.2138,0.945788887,1935.310244,0.30917716
425469.765,5337969.168,2330670.655,446983.6654,0.976720993,1443.2,4.85E-14
426469.765,5337969.168,2333948.32,447147.1167,0.974394518,670.5403976,8.80E-14
427469.765,5337969.168,2337225.991,447310.5677,0.976048886,785.947474,1.28E-13
428469.765,5337969.168,2340503.668,447474.0182,0.970997865,1532.127372,0
429469.765,5337969.168,2343781.351,447637.4684,0.98621092,878.3681619,0
430469.765,5337969.168,2347059.039,447800.9183,0.996634149,336.4296647,0
431469.765,5337969.168,2350336.733,447964.3677,0.990923264,728.0708303,0
432469.765,5337969.168,2353614.433,448127.8168,0.982224476,1424.885162,0
433469.765,5337969.168,2356892.138,448291.2655,0.994866567,1785.255649,0.00683523
434469.765,5337969.168,2360169.849,448454.7138,0.988609205,1866.842479,0.343353659
435469.765,5337969.168,2363447.564,448618.1617,0.99137255,1268.002188,0.533712879
436469.765,5337969.168,2366725.285,448781.6092,0.986432278,660.7799854,0.9372904
437469.765,5337969.168,2370003.012,448945.0562,0.939838944,1586.17335,2.153767357
438469.765,5337969.168,2373280.743,449108.5029,0.842548778,2396.228342,2.19625581
439469.765,5337969.168,2376558.479,449271.9492,0.78323638,2946.715223,5.894942097
440469.765,5337969.168,2379836.22,449435.395,0.591495589,3561.686804,16.58797062
441469.765,5337969.168,2383113.966,449598.8404,0.538120528,3906.104448,52.78928584
442469.765,5337969.168,2386391.717,449762.2854,0.873245693,2927.516399,45.98479589
443469.765,5337969.168,2389669.473,449925.73,0.722302531,3482.246857,4.925886244
444469.765,5337969.168,2392947.233,450089.1741,0.542238404,5926.128644,2.033066398
445469.765,5337969.168,2396224.997,450252.6177,0.768820203,4989.353263,3.73509782
446469.765,5337969.168,2399502.766,450416.0609,0.9074051,2792.044858,4.980168283
447469.765,5337969.168,2402780.54,450579.5037,0.733412838,4822.080233,9.703432424
448469.765,5337969.168,2406058.317,450742.946,0.650176032,5227.470824,6.64303132
449469.765,5337969.168,2409336.099,450906.3878,0.761830205,3196.347248,4.067577009
450469.765,5337969.168,2412613.885,451069.8292,0.934345839,2093.561407,3.99040254
451469.765,5337969.168,2415891.675,451233.27,0.977922074,1528.362443,0
452469.765,5337969.168,2419169.469,451396.7104,0.932143849,1476.583075,2.047362566
453469.765,5337969.168,2422447.267,451560.1504,0.925624906,1335.362443,1.250656168
454469.765,5337969.168,2425725.068,451723.5898,0.936671197,1061.422012,0.531403133
455469.765,5337969.168,2429002.874,451887.0287,0.968859046,1691.254602,1.349505031
456469.765,5337969.168,2432280.682,452050.4672,0.962255128,2415.640189,1.41613116
457469.765,5337969.168,2435558.495,452213.9051,0.922518723,1415.087828,1.369857344
458469.765,5337969.168,2438836.311,452377.3426,0.928639329,892.6236324,0
459469.765,5337969.168,2442114.13,452540.7795,0.960047253,1080.021898,0
460469.765,5337969.168,2445391.953,452704.2159,0.897204453,1622.652555,0
461469.765,5337969.168,2448669.779,452867.6518,0.93944781,2244.254466,0
462469.765,5337969.168,2451947.608,453031.0871,0.931472442,3207.69319,0
463469.765,5337969.168,2455225.44,453194.522,0.952246702,2842.110949,0
464469.765,5337969.168,2458503.275,453357.9563,0.935563329,2502.045571,0
465469.765,5337969.168,2461781.113,453521.39,0.94484256,2830.987238,0
466469.765,5337969.168,2465058.953,453684.8232,0.830003865,3127.927478,0.035489004
467469.765,5337969.168,2468336.797,453848.2559,0.849665998,2856.424408,0
468469.765,5337969.168,2471614.643,454011.688,0.977581355,2255.534985,0
469469.765,5337969.168,2474892.492,454175.1196,0.973168926,1203.984156,0
470469.765,5337969.168,2478170.343,454338.5506,0.987712452,558.4323733,0
471469.765,5337969.168,2481448.196,454501.981,0.993969675,370.1326884,0.35032104
472469.765,5337969.168,2484726.052,454665.4109,0.999497235,1375.183577,0.31028031
473469.765,5337969.168,2488003.911,454828.8402,0.99306812,2280.633795,2.168862016
474469.765,5337969.168,2491281.771,454992.2689,0.986120659,1743.862138,2.755251937
475469.765,5337969.168,2494559.633,455155.697,0.979047595,2006.435622,2.104018003
476469.765,5337969.168,2497837.498,455319.1245,0.969442959,3547.001093,3.395508605
477469.765,5337969.168,2501115.364,455482.5515,0.891602521,5447.59559,5.177393397
478469.765,5337969.168,2504393.233,455645.9778,0.953857677,4601.073015,6.138412142
479469.765,5337969.168,2507671.103,455809.4036,0.997337655,1555.682158,3.007917774
480469.765,5337969.168,2510948.975,455972.8287,0.950041991,1347.628691,1.715655339
481469.765,5337969.168,2514226.848,456136.2533,0.939200664,766.8263484,2.042007923
482469.765,5337969.168,2517504.723,456299.6772,0.823709938,1266.594861,0.011421381
483469.765,5337969.168,2520782.599,456463.1005,0.761379331,2218.665024,0.497384702
484469.765,5337969.168,2524060.477,456626.5232,0.80865166,2477.992333,0.465032817
485469.765,5337969.168,2527338.356,456789.9452,0.888231873,1948.808786,0.259097302
486469.765,5337969.168,2530616.236,456953.3666,0.883679024,2098.409944,0.531369303
487469.765,5337969.168,2533894.117,457116.7874,0.854700046,1995.162931,2.048887163
488469.765,5337969.168,2537172,457280.2076,0.937971754,1413.214754,2.50509905
489469.765,5337969.168,2540449.883,457443.6271,0.89322402,1278.340441,2.068064639
490469.765,5337969.168,2543727.767,457607.0459,0.864838166,948.7112163,1.703774708
491469.765,5337969.168,2547005.652,457770.4641,0.956494171,1319.841472,1.880278185
492469.765,5337969.168,2550283.538,457933.8817,0.973397294,1901.166454,2.939934449
493469.765,5337969.168,2553561.425,458097.2986,0.98417249,1448.628233,1.696868918
494469.765,5337969.168,2556839.311,458260.7148,0.971540855,1795.00401,2.329736263
495469.765,5337969.168,2560117.199,458424.1304,0.871958744,4527.634124,11.62119347
496469.765,5337969.168,2563395.087,458587.5453,0.494344922,5865.190077,36.71370963
497469.765,5337969.168,2566672.975,458750.9595,0.559185049,5279.305601,3.641677737
498469.765,5337969.168,2569950.863,458914.373,0.846898818,4296.166393,12.60140777
499469.765,5337969.168,2573228.752,459077.7858,0.86832727,3325.192749,18.74651349
500469.765,5337969.168,2576506.64,459241.198,0.891479235,2677.895936,4.647083779
501469.765,5337969.168,2579784.529,459404.6095,0.949089312,1895.820505,2.978784966
402469.765,5336969.168,2255449.646,439946.6976,0.962671926,755.8302986,0
403469.765,5336969.168,2258727.152,440110.1478,0.813614847,2058.531791,0
404469.765,5336969.168,2262004.665,440273.5979,0.603281516,2173.99198,0.042615702
405469.765,5336969.168,2265282.186,440437.0478,0.712045586,2055.966089,0.518670234
406469.765,5336969.168,2268559.714,440600.4975,0.782218198,1518.867347,1.244185825
407469.765,5336969.168,2271837.25,440763.9471,0.469762459,1672.0898,2.369552867
408469.765,5336969.168,2275114.794,440927.3964,0.455113629,695.5372563,4.142380309
409469.765,5336969.168,2278392.345,441090.8456,0.816406797,2633.800802,0
410469.765,5336969.168,2281669.903,441254.2947,0.617885119,1757.125957,0
411469.765,5336969.168,2284947.469,441417.7435,0.493768535,913.5614163,0.119991988
412469.765,5336969.168,2288225.042,441581.1921,0.84996624,3635.900748,2.198470856
413469.765,5336969.168,2291502.622,441744.6405,0.560329187,3229.829748,3.041071725
414469.765,5336969.168,2294780.209,441908.0887,0.260385974,734.722556,1.544618403
415469.765,5336969.168,2298057.802,442071.5367,0.187231239,750.5866278,0.02619005
416469.765,5336969.168,2301335.403,442234.9844,0.368536399,1686.950793,2.265867266
417469.765,5336969.168,2304613.011,442398.432,0.680254797,2995.283892,1.586072937
418469.765,5336969.168,2307890.625,442561.8793,0.499461041,2636.39734,1.148180916
419469.765,5336969.168,2311168.245,442725.3264,0.377971973,3169.453005,1.888724116
420469.765,5336969.168,2314445.873,442888.7732,0.604753877,3282.605321,1.320041177
421469.765,5336969.168,2317723.506,443052.2198,0.875688927,2422.939096,0.205412868
422469.765,5336969.168,2321001.146,443215.6661,0.855091552,2144.457596,0.023916306
423469.765,5336969.168,2324278.793,443379.1122,0.826789903,1605.060755,0.444986897
424469.765,5336969.168,2327556.445,443542.558,0.904423196,1596.423252,0
425469.765,5336969.168,2330834.104,443706.0036,0.883762022,1922.932373,0.024909861
426469.765,5336969.168,2334111.769,443869.4489,0.900329184,1644.162536,0.131191628
427469.765,5336969.168,2337389.439,444032.8939,0.970837036,841.1761384,0.581228554
428469.765,5336969.168,2340667.116,444196.3386,0.97353078,1664.539709,0
429469.765,5336969.168,2343944.798,444359.7831,0.966848938,1068.758753,0
430469.765,5336969.168,2347222.486,444523.2272,0.986761332,903.1171647,0
431469.765,5336969.168,2350500.18,444686.6711,0.999591801,1244.919687,0
432469.765,5336969.168,2353777.879,444850.1146,0.99543468,1715.116393,0
433469.765,5336969.168,2357055.584,445013.5579,0.992352213,2018.14507,0.00683523
434469.765,5336969.168,2360333.294,445177.0008,0.985293202,1858.44793,0.368552489
435469.765,5336969.168,2363611.009,445340.4434,0.983573298,1637.545239,0.1705073
436469.765,5336969.168,2366888.73,445503.8857,0.99798296,1356.149297,0.009644913
437469.765,5336969.168,2370166.456,445667.3277,0.985914288,1762.780817,0
438469.765,5336969.168,2373444.187,445830.7693,0.913432245,2108.423414,2.618383062
439469.765,5336969.168,2376721.923,445994.2106,0.827981238,2071.858991,2.178925983
440469.765,5336969.168,2379999.664,446157.6516,0.579077529,2496.941541,4.700067903
441469.765,5336969.168,2383277.409,446321.0922,0.311643215,3840.563457,17.11935832
442469.765,5336969.168,2386555.16,446484.5325,0.666258067,4159.332848,36.58167785
443469.765,5336969.168,2389832.915,446647.9724,0.59950208,4770.19071,9.084332126
444469.765,5336969.168,2393110.674,446811.4119,0.434004323,5988.404849,5.791384722
445469.765,5336969.168,2396388.439,446974.8511,0.661296411,5813.909455,15.83913484
446469.765,5336969.168,2399666.207,447138.2899,0.783687627,3962.393867,37.27681945
447469.765,5336969.168,2402943.98,447301.7284,0.834040113,4196.702298,18.78898422
448469.765,5336969.168,2406221.757,447465.1664,0.85775456,4081.372878,3.998234946
449469.765,5336969.168,2409499.539,447628.6041,0.849421691,2573.542289,2.06986424
450469.765,5336969.168,2412777.324,447792.0414,0.965043945,1993.076194,1.225624641
451469.765,5336969.168,2416055.114,447955.4783,0.944421163,1622.8998,0.64630723
452469.765,5336969.168,2419332.907,448118.9148,0.910209652,1730.789944,1.25497365
453469.765,5336969.168,2422610.704,448282.3509,0.950088276,1785.029883,0.836628437
454469.765,5336969.168,2425888.506,448445.7866,0.968284315,1350.877391,1.104898933
455469.765,5336969.168,2429166.31,448609.2219,0.959985879,1964.370559,2.353775127
456469.765,5336969.168,2432444.119,448772.6567,0.958618412,2491.442886,1.059390834
457469.765,5336969.168,2435721.931,448936.0912,0.936977034,1333.790672,0.298806589
458469.765,5336969.168,2438999.746,449099.5252,0.919584097,1615.136447,0
459469.765,5336969.168,2442277.565,449262.9588,0.892779913,2113.360569,0
460469.765,5336969.168,2445555.387,449426.3919,0.844816862,1526.307917,0
461469.765,5336969.168,2448833.213,449589.8246,0.936093685,1781.996536,0
462469.765,5336969.168,2452111.041,449753.2569,0.927687105,2743.527975,0
463469.765,5336969.168,2455388.873,449916.6887,0.858201432,2599.154924,0
464469.765,5336969.168,2458666.707,450080.12,0.835358687,2723.765628,0
465469.765,5336969.168,2461944.545,450243.5509,0.941166691,3103.146213,0
466469.765,5336969.168,2465222.385,450406.9814,0.864578095,3191.055586,0.035489004
467469.765,5336969.168,2468500.228,450570.4114,0.859747709,2166.638185,0
468469.765,5336969.168,2471778.073,450733.8409,0.973469635,2060.890124,0
469469.765,5336969.168,2475055.922,450897.2699,0.953348011,1314.138767,0
470469.765,5336969.168,2478333.772,451060.6984,0.903617221,1615.996173,0
471469.765,5336969.168,2481611.625,451224.1265,0.954993211,854.9961693,0.209802359
472469.765,5336969.168,2484889.481,451387.554,0.996161592,1459.265243,0.112064873
473469.765,5336969.168,2488167.339,451550.9811,0.998512528,2572.315713,1.711573915
474469.765,5336969.168,2491445.198,451714.4077,0.982620535,2252.048287,2.418843818
475469.765,5336969.168,2494723.06,451877.8338,0.96905367,1730.342805,1.514309419
476469.765,5336969.168,2498000.924,452041.2593,0.9350273,3094.971215,2.143845359
477469.765,5336969.168,2501278.79,452204.6844,0.838699683,5363.786052,8.10907218
478469.765,5336969.168,2504556.658,452368.1089,0.903067361,4979.025879,6.55065616
479469.765,5336969.168,2507834.527,452531.5329,0.984525386,2986.527408,1.937956497
480469.765,5336969.168,2511112.399,452694.9564,0.968461724,2260.674622,2.525872245
481469.765,5336969.168,2514390.271,452858.3794,0.974525023,1939.641479,0.347986817
482469.765,5336969.168,2517668.146,453021.8018,0.943284576,2645.794166,0.844344264
483469.765,5336969.168,2520946.021,453185.2237,0.931907616,3815.935755,1.173719489
484469.765,5336969.168,2524223.899,453348.6451,0.881934431,2634.616718,0.330860892
485469.765,5336969.168,2527501.777,453512.0659,0.900784181,621.5839256,0.14152178
486469.765,5336969.168,2530779.657,453675.4862,0.917319499,1417.390671,0.357309427
487469.765,5336969.168,2534057.537,453838.9059,0.878400722,2404.079657,5.141687195
488469.765,5336969.168,2537335.419,454002.325,0.968936868,1763.460277,1.871299118
489469.765,5336969.168,2540613.302,454165.7436,0.94118948,1060.515765,1.965183884
490469.765,5336969.168,2543891.185,454329.1616,0.946684304,1047.585597,1.636789612
491469.765,5336969.168,2547169.07,454492.5791,0.967559811,1576.69012,3.652818084
492469.765,5336969.168,2550446.955,454655.9959,0.963664603,1822.09326,6.405234456
493469.765,5336969.168,2553724.841,454819.4122,0.959463536,2762.219228,3.388966539
494469.765,5336969.168,2557002.727,454982.8279,0.934558184,3354.512306,5.975882019
495469.765,5336969.168,2560280.614,455146.243,0.678596995,5907.494891,137.0685034
496469.765,5336969.168,2563558.501,455309.6576,0.333337013,8023.075392,217.8735942
497469.765,5336969.168,2566836.389,455473.0715,0.289276175,7922.191978,153.0247225
498469.765,5336969.168,2570114.276,455636.4848,0.518048707,7003.099872,26.78081816
499469.765,5336969.168,2573392.164,455799.8976,0.699826728,5722.252733,16.73926572
500469.765,5336969.168,2576670.052,455963.3097,0.774978299,5247.575437,6.581509795
501469.765,5336969.168,2579947.94,456126.7212,0.831705133,4771.506728,11.07129097
402469.765,5335969.168,2255613.092,436669.1962,0.979937301,197.1772959,0
403469.765,5335969.168,2258890.598,436832.6386,0.86592534,854.1267067,0
404469.765,5335969.168,2262168.111,436996.0809,0.710747558,1853.772553,0.243773868
405469.765,5335969.168,2265445.632,437159.5231,0.669497025,2007.091588,1.103882344
406469.765,5335969.168,2268723.16,437322.9652,0.7421321,2241.917836,0.993579045
407469.765,5335969.168,2272000.696,437486.4072,0.635285223,3270.263484,0.501380997
408469.765,5335969.168,2275278.24,437649.8492,0.58324454,3446.404302,0.007149195
409469.765,5335969.168,2278555.79,437813.291,0.899931631,4334.086022,0
410469.765,5335969.168,2281833.349,437976.7327,0.597086034,2554.420755,0
411469.765,5335969.168,2285110.914,438140.1743,0.404684226,957.9631589,0.068872243
412469.765,5335969.168,2288388.487,438303.6158,0.703844343,3473.387114,1.482331226
413469.765,5335969.168,2291666.067,438467.0572,0.375326348,3033.172803,2.561176986
414469.765,5335969.168,2294943.653,438630.4984,0.076031221,1319.476962,1.806463184
415469.765,5335969.168,2298221.247,438793.9395,0.122544635,2512.688411,3.651099801
416469.765,5335969.168,2301498.847,438957.3805,0.460338855,2839.633497,2.475859827
417469.765,5335969.168,2304776.455,439120.8213,0.729043432,2924.156677,1.830741483
418469.765,5335969.168,2308054.069,439284.262,0.65782122,3155.079082,1.098987216
419469.765,5335969.168,2311331.689,439447.7025,0.679352276,3347.613015,1.133714561
420469.765,5335969.168,2314609.316,439611.1428,0.771722014,2579.322763,0.888903397
421469.765,5335969.168,2317886.95,439774.583,0.863079738,1417.985061,0.139678867
422469.765,5335969.168,2321164.589,439938.023,0.791554367,1664.596462,0.418044302
423469.765,5335969.168,2324442.236,440101.4629,0.807876309,1395.689668,0.363754002
424469.765,5335969.168,2327719.888,440264.9026,0.662107899,1302.080839,0
425469.765,5335969.168,2330997.546,440428.342,0.476966203,857.7932543,0.037364792
426469.765,5335969.168,2334275.211,440591.7813,0.713515559,1088.853969,0.037364792
427469.765,5335969.168,2337552.881,440755.2204,0.982044995,327.2354762,0
428469.765,5335969.168,2340830.558,440918.6593,0.929774574,237.7399781,0
429469.765,5335969.168,2344108.24,441082.098,0.832926604,933.4140383,0
430469.765,5335969.168,2347385.927,441245.5365,0.929491062,1731.668733,0
431469.765,5335969.168,2350663.621,441408.9747,0.983533658,1619.625478,0
432469.765,5335969.168,2353941.32,441572.4128,0.958921655,1496.219206,0
433469.765,5335969.168,2357219.024,441735.8506,0.953830465,1534.127962,0
434469.765,5335969.168,2360496.734,441899.2881,0.944684128,2119.214885,0
435469.765,5335969.168,2363774.449,442062.7255,0.955725411,1491.341058,0.100658166
436469.765,5335969.168,2367052.17,442226.1626,0.997722041,1902.059672,0.053134017
437469.765,5335969.168,2370329.895,442389.5995,0.999864515,2221.617642,0.011219736
438469.765,5335969.168,2373607.626,442553.0361,0.999589352,881.7251366,0.03493873
439469.765,5335969.168,2376885.361,442716.4724,0.992627471,443.7287796,0.836939721
440469.765,5335969.168,2380163.102,442879.9085,0.908234205,1883.07053,4.145954147
441469.765,5335969.168,2383440.847,443043.3443,0.693693467,2891.384952,15.25582986
442469.765,5335969.168,2386718.597,443206.7799,0.799705611,3357.618162,25.94334077
443469.765,5335969.168,2389996.352,443370.2152,0.653854723,5058.335398,9.209029108
444469.765,5335969.168,2393274.111,443533.6502,0.319494842,6302.80798,6.667565604
445469.765,5335969.168,2396551.875,443697.0849,0.416022905,6826.585384,29.66982117
446469.765,5335969.168,2399829.644,443860.5193,0.626657987,5718.712801,57.66046361
447469.765,5335969.168,2403107.416,444023.9535,0.800775622,4361.67981,17.66291155
448469.765,5335969.168,2406385.193,444187.3873,0.797047551,3694.169949,3.284536796
449469.765,5335969.168,2409662.974,444350.8208,0.791843816,2608.567838,2.483369077
450469.765,5335969.168,2412940.759,444514.2541,0.854087307,2430.600182,3.67765375
451469.765,5335969.168,2416218.548,444677.687,0.970383933,1550.941659,1.692265439
452469.765,5335969.168,2419496.342,444841.1196,0.948451566,1767.398506,0.914912611
453469.765,5335969.168,2422774.138,445004.5519,0.953024511,2202.018228,0.733036441
454469.765,5335969.168,2426051.939,445167.9838,0.971192697,2231.368028,1.502862597
455469.765,5335969.168,2429329.744,445331.4154,0.979486445,2739.077049,2.417998731
456469.765,5335969.168,2432607.552,445494.8467,0.936365517,3233.00802,1.211314722
457469.765,5335969.168,2435885.363,445658.2776,0.880820976,2356.074695,0.213668432
458469.765,5335969.168,2439163.178,445821.7082,0.895831273,1863.844878,0.043484103
459469.765,5335969.168,2442440.997,445985.1385,0.929959801,1846.935961,0
460469.765,5335969.168,2445718.819,446148.5684,0.965758838,1544.13179,0
461469.765,5335969.168,2448996.644,446311.9979,0.969643563,2219.197632,0
462469.765,5335969.168,2452274.472,446475.4271,0.892857571,2831.50665,0
463469.765,5335969.168,2455552.303,446638.8559,0.829223349,2836.631914,0
464469.765,5335969.168,2458830.137,446802.2843,0.838172882,2412.42251,0
465469.765,5335969.168,2462107.974,446965.7123,0.959377254,1888.030071,0
466469.765,5335969.168,2465385.814,447129.14,0.966687016,1542.377689,0
467469.765,5335969.168,2468663.656,447292.5673,0.954689238,779.1767926,0
468469.765,5335969.168,2471941.501,447455.9942,0.99623069,1277.194895,0
469469.765,5335969.168,2475219.349,447619.4206,0.973810876,2405.64097,0
470469.765,5335969.168,2478497.199,447782.8467,0.924502062,2311.476572,0
471469.765,5335969.168,2481775.052,447946.2724,0.945140191,803.2352727,0
472469.765,5335969.168,2485052.907,448109.6977,0.988179305,763.7109774,0
473469.765,5335969.168,2488330.764,448273.1226,0.997166035,1750.932009,0.863318994
474469.765,5335969.168,2491608.624,448436.547,0.996031231,2155.36357,1.435673331
475469.765,5335969.168,2494886.485,448599.971,0.991277106,1326.90255,0.340732409
476469.765,5335969.168,2498164.349,448763.3946,0.954875668,2456.814754,5.139238472
477469.765,5335969.168,2501442.214,448926.8178,0.805657241,4740.734013,10.85760049
478469.765,5335969.168,2504720.081,449090.2405,0.849779956,4526.749954,8.187360078
479469.765,5335969.168,2507997.95,449253.6628,0.959709354,3814.281855,2.648873687
480469.765,5335969.168,2511275.821,449417.0847,0.949405323,3566.55278,3.589468718
481469.765,5335969.168,2514553.693,449580.5061,0.96477588,2974.486152,1.934809089
482469.765,5335969.168,2517831.567,449743.927,0.967179767,3206.995445,1.758404374
483469.765,5335969.168,2521109.442,449907.3475,0.952449686,3840.19938,1.848308218
484469.765,5335969.168,2524387.319,450070.7676,0.946246949,3045.683434,2.549945921
485469.765,5335969.168,2527665.197,450234.1871,0.902479879,1975.681122,2.685796904
486469.765,5335969.168,2530943.076,450397.6062,0.906101048,1687.642245,1.933556525
487469.765,5335969.168,2534220.956,450561.0249,0.923501059,2916.331694,6.125415376
488469.765,5335969.168,2537498.838,450724.443,0.961143648,2179.356961,4.669510156
489469.765,5335969.168,2540776.72,450887.8607,0.965787741,1029.523054,0.41734001
490469.765,5335969.168,2544054.603,451051.2779,0.909068061,1249.039051,0.811604432
491469.765,5335969.168,2547332.487,451214.6945,0.951135961,1574.187774,3.561330727
492469.765,5335969.168,2550610.371,451378.1107,0.954680107,2330.104284,5.514318602
493469.765,5335969.168,2553888.257,451541.5264,0.956486041,3355.4425,4.838027852
494469.765,5335969.168,2557166.142,451704.9416,0.847758969,5216.215601,9.268033415
495469.765,5335969.168,2560444.029,451868.3563,0.587584928,7041.365774,125.4759672
496469.765,5335969.168,2563721.915,452031.7705,0.334337916,8337.477302,326.2712741
497469.765,5335969.168,2566999.802,452195.1841,0.299877197,8232.149289,192.0478258
498469.765,5335969.168,2570277.689,452358.5973,0.4617906,7046.290611,54.23505473
499469.765,5335969.168,2573555.577,452522.0099,0.613409854,5649.07286,13.44972529
500469.765,5335969.168,2576833.464,452685.422,0.584765205,5828.833121,22.42126942
501469.765,5335969.168,2580111.351,452848.8336,0.606534193,6007.943457,22.56130637
402469.765,5334969.168,2255776.531,433391.6949,0.881237234,941.8215911,0
403469.765,5334969.168,2259054.036,433555.1294,0.76075827,1043.251274,0
404469.765,5334969.168,2262331.549,433718.564,0.527523957,1711.18114,2.048501708
405469.765,5334969.168,2265609.07,433881.9985,0.570108399,2764.490071,2.003361285
406469.765,5334969.168,2268886.598,434045.433,0.834044311,2758.612104,1.50792408
407469.765,5334969.168,2272164.134,434208.8675,0.943448303,3260.677555,0.9956128
408469.765,5334969.168,2275441.678,434372.302,0.855361275,4098.340139,0.007149195
409469.765,5334969.168,2278719.229,434535.7365,0.896281445,3723.790558,0
410469.765,5334969.168,2281996.787,434699.1709,0.537653909,1540.916682,0
411469.765,5334969.168,2285274.352,434862.6053,0.245409128,1004.039037,0.737864927
412469.765,5334969.168,2288551.925,435026.0397,0.435570442,3942.073669,1.526174936
413469.765,5334969.168,2291829.504,435189.474,0.168159659,4424.407691,4.621746659
414469.765,5334969.168,2295107.091,435352.9083,0.099468817,3774.978324,4.634500474
415469.765,5334969.168,2298384.685,435516.3425,0.38280217,4591.155317,3.016309202
416469.765,5334969.168,2301662.285,435679.7767,0.702895992,3105.329993,0.770079762
417469.765,5334969.168,2304939.892,435843.2108,0.917997681,591.8780977,0.181651533
418469.765,5334969.168,2308217.506,436006.6448,0.959348213,686.026263,0.277321756
419469.765,5334969.168,2311495.126,436170.0788,0.95025767,728.1755474,0.007685134
420469.765,5334969.168,2314772.753,436333.5126,0.94708984,591.4504192,0.010462822
421469.765,5334969.168,2318050.387,436496.9464,0.92392705,1621.376093,0.498123556
422469.765,5334969.168,2321328.026,436660.3801,0.890068457,1784.809628,0.557263025
423469.765,5334969.168,2324605.672,436823.8137,0.788275762,861.6968095,0.478405772
424469.765,5334969.168,2327883.324,436987.2472,0.474005528,907.7907782,0
425469.765,5334969.168,2331160.983,437150.6806,0.369287517,808.7025697,0
426469.765,5334969.168,2334438.647,437314.1139,0.769151973,461.276867,0
427469.765,5334969.168,2337716.317,437477.5471,0.910052998,28.97376093,0
428469.765,5334969.168,2340993.993,437640.9802,0.781311435,508.7618354,0
429469.765,5334969.168,2344271.675,437804.4131,0.754071084,1549.020598,0
430469.765,5334969.168,2347549.363,437967.8459,0.911454899,1661.31161,0
431469.765,5334969.168,2350827.056,438131.2786,0.985228501,1290.629062,0
432469.765,5334969.168,2354104.755,438294.7111,0.953347309,1569.363106,0
433469.765,5334969.168,2357382.459,438458.1435,0.933697893,1886.576657,0
434469.765,5334969.168,2360660.169,438621.5757,0.977742439,1921.185644,0
435469.765,5334969.168,2363937.884,438785.0078,0.967049261,806.9201604,0.182026505
436469.765,5334969.168,2367215.604,438948.4397,0.99971574,1187.522516,0.011219736
437469.765,5334969.168,2370493.329,439111.8715,1,3186.518053,0
438469.765,5334969.168,2373771.06,439275.3031,0.994600668,2226.508289,0.845500507
439469.765,5334969.168,2377048.795,439438.7345,0.970885078,1385.687557,0.80524145
440469.765,5334969.168,2380326.536,439602.1657,0.97999498,1686.884356,4.670331816
441469.765,5334969.168,2383604.281,439765.5967,0.963913296,1489.634524,14.90546989
442469.765,5334969.168,2386882.03,439929.0276,0.847361874,1129.226319,11.38167378
443469.765,5334969.168,2390159.785,440092.4583,0.673743089,3593.016971,5.424408543
444469.765,5334969.168,2393437.544,440255.8887,0.471356445,4703.247584,5.973460554
445469.765,5334969.168,2396715.308,440419.319,0.466483757,5763.093409,25.17900991
446469.765,5334969.168,2399993.076,440582.749,0.618086987,5770.771444,29.16704173
447469.765,5334969.168,2403270.848,440746.1789,0.68538767,4947.917486,5.973231239
448469.765,5334969.168,2406548.625,440909.6085,0.626670737,4552.468927,3.266859642
449469.765,5334969.168,2409826.405,441073.0379,0.788700575,2763.115441,1.714350527
450469.765,5334969.168,2413104.19,441236.467,0.849061514,2706.2998,3.464813607
451469.765,5334969.168,2416381.979,441399.896,0.980462387,1529.783813,1.677874225
452469.765,5334969.168,2419659.772,441563.3247,0.95280263,1757.620262,0.441233967
453469.765,5334969.168,2422937.569,441726.7531,0.966005936,2687.365956,0.055080047
454469.765,5334969.168,2426215.369,441890.1813,0.981166103,2707.206645,0.50071011
455469.765,5334969.168,2429493.173,442053.6093,0.95054462,2330.432457,0.693568736
456469.765,5334969.168,2432770.981,442217.037,0.920748445,2657.310791,0.801068285
457469.765,5334969.168,2436048.792,442380.4645,0.89963465,2295.227827,0.030693876
458469.765,5334969.168,2439326.607,442543.8916,0.932824593,1835.396938,0.043484103
459469.765,5334969.168,2442604.425,442707.3185,0.965804093,1469.378871,0
460469.765,5334969.168,2445882.247,442870.7452,0.999638433,1529.44242,0
461469.765,5334969.168,2449160.071,443034.1715,0.987017549,1740.826293,0
462469.765,5334969.168,2452437.899,443197.5976,0.929023828,2189.103298,0
463469.765,5334969.168,2455715.73,443361.0234,0.943227707,2322.945911,0
464469.765,5334969.168,2458993.564,443524.4489,0.977006355,1511.118054,0
465469.765,5334969.168,2462271.4,443687.8741,0.998402022,1678.84764,0
466469.765,5334969.168,2465549.24,443851.299,0.999121897,1534.618222,0
467469.765,5334969.168,2468827.082,444014.7236,0.99796527,1535.520336,0
468469.765,5334969.168,2472104.927,444178.1479,0.994197513,1828.540299,0
469469.765,5334969.168,2475382.774,444341.5718,0.993016788,3010.584366,0
470469.765,5334969.168,2478660.624,444504.9955,0.997124047,2310.022408,0
471469.765,5334969.168,2481938.476,444668.4188,0.998100952,253.6937511,0
472469.765,5334969.168,2485216.331,444831.8418,0.998504767,72.44561851,0
473469.765,5334969.168,2488494.188,444995.2644,0.997190142,1280.022773,0.196868579
474469.765,5334969.168,2491772.047,445158.6868,0.99890573,2488.454164,0.253600933
475469.765,5334969.168,2495049.908,445322.1087,0.998442272,2769.497267,0.577607438
476469.765,5334969.168,2498327.771,445485.5304,0.958604717,3537.177907,6.722833828
477469.765,5334969.168,2501605.636,445648.9517,0.843589138,4995.973012,13.41899395
478469.765,5334969.168,2504883.503,445812.3726,0.92509615,2927.578208,8.570268313
479469.765,5334969.168,2508161.372,445975.7932,0.966901043,2508.852582,0
480469.765,5334969.168,2511439.242,446139.2134,0.948695525,2768.262591,0.125844836
481469.765,5334969.168,2514717.114,446302.6332,0.925472239,1843.503733,0
482469.765,5334969.168,2517994.987,446466.0527,0.948922535,1466.203171,0.071152491
483469.765,5334969.168,2521272.862,446629.4718,0.952243562,1948.244351,1.269568385
484469.765,5334969.168,2524550.738,446792.8905,0.946193923,2467.487343,4.327260176
485469.765,5334969.168,2527828.616,446956.3088,0.825381289,2924.335095,7.981171148
486469.765,5334969.168,2531106.494,447119.7268,0.841087025,3694.049927,7.335047317
487469.765,5334969.168,2534384.374,447283.1443,0.873726184,4124.361217,7.34214431
488469.765,5334969.168,2537662.255,447446.5615,0.935588878,3074.344884,6.192875195
489469.765,5334969.168,2540940.137,447609.9782,0.930637601,2241.73004,6.107937157
490469.765,5334969.168,2544218.019,447773.3946,0.892374698,2493.253696,4.661304019
491469.765,5334969.168,2547495.903,447936.8105,0.943855351,2865.077512,4.403778416
492469.765,5334969.168,2550773.787,448100.226,0.948190171,3186.757708,10.06170074
493469.765,5334969.168,2554051.672,448263.6411,0.889887904,4910.9102,15.19693102
494469.765,5334969.168,2557329.557,448427.0558,0.909996744,4587.157799,11.72412832
495469.765,5334969.168,2560607.443,448590.4701,0.888548998,3955.405977,15.27074242
496469.765,5334969.168,2563885.329,448753.8839,0.798120469,4143.865037,53.53883913
497469.765,5334969.168,2567163.215,448917.2973,0.636783625,5928.800109,74.50672271
498469.765,5334969.168,2570441.102,449080.7103,0.741344253,5959.369074,52.160285
499469.765,5334969.168,2573718.989,449244.1228,0.872925693,4546.222485,36.82365855
500469.765,5334969.168,2576996.876,449407.5348,0.807520945,3948.075606,24.10261913
501469.765,5334969.168,2580274.763,449570.9465,0.832773494,3594.927764,17.03570931
402469.765,5333969.168,2255939.962,430114.1936,0.911707297,2090.285037,0
403469.765,5333969.168,2259217.467,430277.6203,0.850647708,1956.985436,0
404469.765,5333969.168,2262494.98,430441.047,0.743456087,1997.687261,0
405469.765,5333969.168,2265772.501,430604.4739,0.789989545,2915.643274,0
406469.765,5333969.168,2269050.029,430767.9008,0.949173824,3025.867056,0
407469.765,5333969.168,2272327.565,430931.3278,0.931928316,1937.253876,0.149742126
408469.765,5333969.168,2275605.109,431094.7548,0.839983481,2003.473569,0.149742126
409469.765,5333969.168,2278882.659,431258.1819,0.796629989,1542.394862,0
410469.765,5333969.168,2282160.218,431421.6091,0.412927858,930.0123839,0
411469.765,5333969.168,2285437.783,431585.0363,0.270046561,1806.04393,0.593442907
412469.765,5333969.168,2288715.356,431748.4636,0.491470676,4958.6821,4.18363638
413469.765,5333969.168,2291992.935,431911.8909,0.462205019,5098.384307,5.887836239
414469.765,5333969.168,2295270.522,432075.3182,0.60815754,3629.395883,4.15168122
415469.765,5333969.168,2298548.115,432238.7455,0.780187417,2596.073912,1.807282156
416469.765,5333969.168,2301825.716,432402.1729,0.900169409,957.7637192,0.807332799
417469.765,5333969.168,2305103.323,432565.6003,0.918716136,177.3404488,0.362598131
418469.765,5333969.168,2308380.937,432729.0277,0.971076984,756.5300237,0.277321756
419469.765,5333969.168,2311658.557,432892.4551,0.955044482,1213.875525,0
420469.765,5333969.168,2314936.184,433055.8825,0.924450036,1132.834154,0
421469.765,5333969.168,2318213.817,433219.3099,0.947530822,2473.166059,0
422469.765,5333969.168,2321491.457,433382.7373,0.885003061,1914.72464,0.029893631
423469.765,5333969.168,2324769.103,433546.1647,0.609844414,366.7233965,0.029893631
424469.765,5333969.168,2328046.755,433709.592,0.431337873,712.7267431,0
425469.765,5333969.168,2331324.413,433873.0194,0.589306712,2147.955523,0
426469.765,5333969.168,2334602.077,434036.4467,0.706656308,1577.002734,0
427469.765,5333969.168,2337879.747,434199.874,0.692006125,331.901293,0
428469.765,5333969.168,2341157.423,434363.3012,0.78261384,543.2558309,0
429469.765,5333969.168,2344435.105,434526.7284,0.889386351,986.9074007,0
430469.765,5333969.168,2347712.793,434690.1555,0.973449922,1152.649763,0
431469.765,5333969.168,2350990.486,434853.5826,0.999572908,1234.58758,0
432469.765,5333969.168,2354268.185,435017.0096,0.916400891,1233.462814,0
433469.765,5333969.168,2357545.889,435180.4366,0.913239651,1274.339165,0
434469.765,5333969.168,2360823.598,435343.8635,0.941412693,1251.362659,0
435469.765,5333969.168,2364101.313,435507.2903,0.924007464,472.1269812,0
436469.765,5333969.168,2367379.033,435670.717,0.996355971,387.1147123,0
437469.765,5333969.168,2370656.759,435834.1437,0.996274726,2081.264674,0.91504997
438469.765,5333969.168,2373934.489,435997.5702,0.98368061,2562.790164,1.538438928
439469.765,5333969.168,2377212.224,436160.9967,0.963290796,1952.334366,1.670748806
440469.765,5333969.168,2380489.964,436324.4231,0.976910754,1524.95973,0
441469.765,5333969.168,2383767.709,436487.8493,0.937782809,1158.123587,0
442469.765,5333969.168,2387045.459,436651.2755,0.654703992,1915.758986,1.009032369
443469.765,5333969.168,2390323.213,436814.7015,0.650872421,3751.22709,4.174495076
444469.765,5333969.168,2393600.972,436978.1275,0.768584541,3471.035174,2.429871929
445469.765,5333969.168,2396878.736,437141.5533,0.695300586,5115.35769,19.49293762
446469.765,5333969.168,2400156.503,437304.9789,0.641439975,5529.357741,18.99150326
447469.765,5333969.168,2403434.276,437468.4045,0.626123431,5085.699581,8.941687612
448469.765,5333969.168,2406712.052,437631.8299,0.576103718,6492.612598,12.07620823
449469.765,5333969.168,2409989.833,437795.2551,0.744514733,4606.023692,15.09270648
450469.765,5333969.168,2413267.617,437958.6802,0.79711814,3277.788199,1.757547241
451469.765,5333969.168,2416545.406,438122.1052,0.836757358,1578.181636,1.867166936
452469.765,5333969.168,2419823.199,438285.53,0.891864677,665.2878733,0.289409904
453469.765,5333969.168,2423100.995,438448.9547,0.906105643,2264.827712,0.006217299
454469.765,5333969.168,2426378.795,438612.3791,0.873190407,2039.617996,0.306270838
455469.765,5333969.168,2429656.599,438775.8034,0.785967097,1101.609783,0.310520359
456469.765,5333969.168,2432934.407,438939.2276,0.855827283,1363.481137,0.364912889
457469.765,5333969.168,2436212.218,439102.6515,0.973703302,1681.574604,0.047395661
458469.765,5333969.168,2439490.033,439266.0753,0.93941183,1779.846883,0
459469.765,5333969.168,2442767.85,439429.4989,0.944990085,1541.241115,0
460469.765,5333969.168,2446045.672,439592.9223,0.992938323,1358.662719,2.79E-12
461469.765,5333969.168,2449323.496,439756.3455,0.993248776,917.9792198,2.086146355
462469.765,5333969.168,2452601.323,439919.7685,0.99711121,1947.065257,4.172292709
463469.765,5333969.168,2455879.154,440083.1912,0.989859406,2555.290217,0
464469.765,5333969.168,2459156.988,440246.6138,0.998229019,1987.430444,0
465469.765,5333969.168,2462434.824,440410.0362,0.999803514,2253.751139,0
466469.765,5333969.168,2465712.663,440573.4583,0.999946497,2515.041606,0
467469.765,5333969.168,2468990.505,440736.8802,0.998649806,3017.145335,0
468469.765,5333969.168,2472268.35,440900.3019,0.988706912,2950.277798,0
469469.765,5333969.168,2475546.197,441063.7233,0.973439054,3196.008743,0
470469.765,5333969.168,2478824.046,441227.1445,0.987335786,2381.393111,0
471469.765,5333969.168,2482101.898,441390.5655,0.999227518,765.5664845,2.21E-12
472469.765,5333969.168,2485379.753,441553.9862,0.995049937,813.822854,0.034096658
473469.765,5333969.168,2488657.609,441717.4066,0.996337463,1838.685199,0.198609227
474469.765,5333969.168,2491935.468,441880.8269,0.998039623,3124.339716,1.4476847
475469.765,5333969.168,2495213.329,442044.2468,0.921241289,3326.359395,7.19808369
476469.765,5333969.168,2498491.192,442207.6665,0.703139334,3750.034615,8.439939797
477469.765,5333969.168,2501769.056,442371.0859,0.720360936,4889.865707,19.06626709
478469.765,5333969.168,2505046.923,442534.505,0.937021931,3333.250547,26.61860418
479469.765,5333969.168,2508324.791,442697.9239,0.898888654,2653.086647,0.043656081
480469.765,5333969.168,2511602.661,442861.3425,0.891789788,2576.341904,0.407056913
481469.765,5333969.168,2514880.533,443024.7607,0.847261081,2030.647413,0.709073648
482469.765,5333969.168,2518158.406,443188.1787,0.8650971,1721.196829,0.211173965
483469.765,5333969.168,2521436.28,443351.5964,0.933806032,1099.743211,1.438513272
484469.765,5333969.168,2524714.156,443515.0138,0.938873222,817.2258065,4.452396512
485469.765,5333969.168,2527992.033,443678.4309,0.907081495,1626.336614,9.496662557
486469.765,5333969.168,2531269.912,443841.8477,0.912761554,2984.381569,6.66706875
487469.765,5333969.168,2534547.791,444005.2642,0.881116995,3227.284933,7.856316473
488469.765,5333969.168,2537825.671,444168.6804,0.891889716,3640.122174,9.497192885
489469.765,5333969.168,2541103.553,444332.0962,0.926511833,4078.697229,4.684931363
490469.765,5333969.168,2544381.435,444495.5117,0.864320346,4646.840233,8.608955656
491469.765,5333969.168,2547659.318,444658.9269,0.862499646,4978.562306,15.8105032
492469.765,5333969.168,2550937.202,444822.3418,0.854008475,5422.850866,23.02352095
493469.765,5333969.168,2554215.086,444985.7563,0.87554846,4523.458918,22.37924838
494469.765,5333969.168,2557492.971,445149.1705,0.937061233,2353.400583,11.73619826
495469.765,5333969.168,2560770.857,445312.5843,0.998706884,977.1896175,11.33239435
496469.765,5333969.168,2564048.742,445475.9978,0.93046129,2052.293914,2.177985132
497469.765,5333969.168,2567326.629,445639.4109,0.783115924,4345.168824,34.82191942
498469.765,5333969.168,2570604.515,445802.8237,0.842437203,4899.19635,42.4028338
499469.765,5333969.168,2573882.401,445966.2361,0.875865809,3924.525634,38.6072199
500469.765,5333969.168,2577160.288,446129.6481,0.877812575,3016.104774,14.42378097
501469.765,5333969.168,2580438.174,446293.0598,0.922279283,1623.21135,1.552829027
402469.765,5332969.168,2256103.384,426836.6922,0.982637661,1324.782537,0
403469.765,5332969.168,2259380.89,427000.111,0.955573098,1023.941884,0
404469.765,5332969.168,2262658.403,427163.53,0.943130736,814.9630371,0
405469.765,5332969.168,2265935.924,427326.9492,0.96223921,2272.218049,0
406469.765,5332969.168,2269213.452,427490.3685,0.809620758,2837.51889,0
407469.765,5332969.168,2272490.988,427653.788,0.557806864,1687.041438,0.149742126
408469.765,5332969.168,2275768.532,427817.2076,0.463939108,1036.651778,0.149742126
409469.765,5332969.168,2279046.083,427980.6274,0.427727339,922.9233291,0
410469.765,5332969.168,2282323.641,428144.0473,0.382124578,2367.981961,0
411469.765,5332969.168,2285601.207,428307.4673,0.481628723,3965.584882,1.302078635
412469.765,5332969.168,2288878.779,428470.8874,0.71425747,4092.538546,1.760700152
413469.765,5332969.168,2292156.359,428634.3077,0.869305414,1809.835946,1.201651007
414469.765,5332969.168,2295433.946,428797.7281,0.78244263,570.5374658,0.516980521
415469.765,5332969.168,2298711.539,428961.1486,0.714689469,195.6285558,0
416469.765,5332969.168,2301989.14,429124.5691,0.7332626,128.9012391,0.619458966
417469.765,5332969.168,2305266.747,429287.9898,0.707990707,278.6348888,0.720199893
418469.765,5332969.168,2308544.361,429451.4106,0.883376154,396.4241927,0.77970022
419469.765,5332969.168,2311821.981,429614.8314,0.832880033,482.952954,0.348563761
420469.765,5332969.168,2315099.608,429778.2524,0.803825622,1221.495353,0.254678994
421469.765,5332969.168,2318377.241,429941.6734,0.820580997,1433.180907,0.788118258
422469.765,5332969.168,2321654.881,430105.0945,0.740313419,1452.404588,0.518319382
423469.765,5332969.168,2324932.527,430268.5156,0.551302689,1414.713115,0.154388858
424469.765,5332969.168,2328210.179,430431.9369,0.476663509,2082.381265,0.05360496
425469.765,5332969.168,2331487.837,430595.3581,0.385336365,2261.013494,0
426469.765,5332969.168,2334765.502,430758.7795,0.361667664,1322.441911,0
427469.765,5332969.168,2338043.172,430922.2008,0.64132845,554.2574294,0
428469.765,5332969.168,2341320.848,431085.6222,0.913454817,875.7971199,0
429469.765,5332969.168,2344598.53,431249.0437,0.93320522,2106.259205,0
430469.765,5332969.168,2347876.217,431412.4652,0.942287291,3063.633029,0
431469.765,5332969.168,2351153.91,431575.8867,0.974313727,2204.57372,0
432469.765,5332969.168,2354431.609,431739.3082,0.875492609,1767.235241,0
433469.765,5332969.168,2357709.313,431902.7297,0.878292183,1439.151521,0
434469.765,5332969.168,2360987.023,432066.1513,0.968697758,481.3737263,4.73E-13
435469.765,5332969.168,2364264.737,432229.5728,0.938540118,155.8941712,0.453586907
436469.765,5332969.168,2367542.458,432392.9944,0.953235085,250.4996357,1.576175312
437469.765,5332969.168,2370820.183,432556.4159,0.961485602,644.626618,1.708637103
438469.765,5332969.168,2374097.913,432719.8375,0.986741372,933.0530925,0.87621832
439469.765,5332969.168,2377375.648,432883.259,0.982033526,1155.278031,0.624340433
440469.765,5332969.168,2380653.388,433046.6805,0.980248511,1570.774135,0.185191139
441469.765,5332969.168,2383931.133,433210.102,0.951378185,1927.795479,0.087059196
442469.765,5332969.168,2387208.883,433373.5235,0.707817989,3057.564869,0.419936374
443469.765,5332969.168,2390486.637,433536.9449,0.751402432,4080.208751,3.900845711
444469.765,5332969.168,2393764.396,433700.3663,0.832790233,3797.054857,2.480667064
445469.765,5332969.168,2397042.159,433863.7877,0.720502137,5302.042092,10.42040849
446469.765,5332969.168,2400319.927,434027.209,0.763099592,3864.47121,14.85214193
447469.765,5332969.168,2403597.699,434190.6302,0.754439106,2938.503644,9.326533794
448469.765,5332969.168,2406875.475,434354.0514,0.624902453,5542.17377,22.89903763
449469.765,5332969.168,2410153.256,434517.4725,0.728579302,6046.528082,18.92731627
450469.765,5332969.168,2413431.04,434680.8936,0.786875061,5369.659,7.648654517
451469.765,5332969.168,2416708.829,434844.3146,0.840342034,3400.002735,8.283045292
452469.765,5332969.168,2419986.621,435007.7355,0.860100188,1835.956997,2.205274485
453469.765,5332969.168,2423264.418,435171.1563,0.823057542,1617.94407,4.755946031
454469.765,5332969.168,2426542.218,435334.5771,0.88770611,1063.855841,0
455469.765,5332969.168,2429820.022,435497.9978,0.841735885,450.9261757,1.10E-11
456469.765,5332969.168,2433097.829,435661.4183,0.917295604,183.9613632,0
457469.765,5332969.168,2436375.64,435824.8388,0.9733048,615.5755422,0
458469.765,5332969.168,2439653.455,435988.2592,0.960982647,1733.45491,0.086638235
459469.765,5332969.168,2442931.272,436151.6794,0.974275658,2039.51148,0.086638235
460469.765,5332969.168,2446209.093,436315.0996,0.988150794,1223.464188,0
461469.765,5332969.168,2449486.917,436478.5196,0.985484749,1393.87062,2.086146355
462469.765,5332969.168,2452764.745,436641.9395,0.98824999,2227.167336,4.172292709
463469.765,5332969.168,2456042.575,436805.3593,0.987409153,2651.075843,0.084256507
464469.765,5332969.168,2459320.409,436968.7789,0.964639619,2638.644367,0.04908297
465469.765,5332969.168,2462598.245,437132.1984,0.969489476,2013.102845,0.013909433
466469.765,5332969.168,2465876.084,437295.6178,0.999985333,1905.161473,0
467469.765,5332969.168,2469153.926,437459.037,0.999069497,2210.376185,0
468469.765,5332969.168,2472431.77,437622.4561,0.998050849,2039.001822,0
469469.765,5332969.168,2475709.617,437785.875,0.979122594,2488.829838,0
470469.765,5332969.168,2478987.466,437949.2938,0.986974849,2204.470042,0
471469.765,5332969.168,2482265.318,438112.7124,0.999825605,1720.694844,0.060771652
472469.765,5332969.168,2485543.172,438276.1308,0.985856465,2489.346455,0.748770264
473469.765,5332969.168,2488821.029,438439.5491,0.984626407,2212.064964,0.952097513
474469.765,5332969.168,2492098.887,438602.9672,0.973853762,2532.761592,2.574855483
475469.765,5332969.168,2495376.748,438766.3851,0.885988702,3373.615791,5.254360488
476469.765,5332969.168,2498654.61,438929.8028,0.703290882,3129.441509,6.145606824
477469.765,5332969.168,2501932.475,439093.2204,0.754988482,4440.887573,10.38182901
478469.765,5332969.168,2505210.341,439256.6377,0.936110117,4818.337707,6.45657025
479469.765,5332969.168,2508488.209,439420.0549,0.924216619,3461.371423,1.793187931
480469.765,5332969.168,2511766.079,439583.4718,0.970145221,2862.793185,2.677364494
481469.765,5332969.168,2515043.95,439746.8885,0.920887151,2329.230489,5.621019974
482469.765,5332969.168,2518321.823,439910.3051,0.946436537,1559.360838,1.461683409
483469.765,5332969.168,2521599.697,440073.7214,0.940562135,1679.368325,3.567922044
484469.765,5332969.168,2524877.573,440237.1375,0.973368496,788.839315,5.129064083
485469.765,5332969.168,2528155.45,440400.5533,0.978031081,618.1593356,0.033966172
486469.765,5332969.168,2531433.328,440563.969,0.972844552,1295.435084,0.089729556
487469.765,5332969.168,2534711.207,440727.3844,0.890082351,2824.665207,17.03261821
488469.765,5332969.168,2537989.087,440890.7996,0.804988324,4667.796827,31.07598997
489469.765,5332969.168,2541266.968,441054.2145,0.852876671,5049.236689,15.01957421
490469.765,5332969.168,2544544.85,441217.6292,0.859558026,5513.27233,16.60218545
491469.765,5332969.168,2547822.733,441381.0436,0.856378288,5291.111496,16.29769945
492469.765,5332969.168,2551100.616,441544.4578,0.863821819,4958.53343,18.31906332
493469.765,5332969.168,2554378.5,441707.8718,0.936582194,2980.117668,6.358496432
494469.765,5332969.168,2557656.385,441871.2854,0.995212908,1033.149936,1.71241532
495469.765,5332969.168,2560934.27,442034.6989,0.998640863,1668.799891,1.524050355
496469.765,5332969.168,2564212.156,442198.112,0.967847663,2667.531051,1.706709221
497469.765,5332969.168,2567490.041,442361.5249,0.885771534,4181.239825,14.69866176
498469.765,5332969.168,2570767.927,442524.9374,0.88786193,4464.203099,12.78229952
499469.765,5332969.168,2574045.813,442688.3498,0.901508097,3277.321715,23.81952461
500469.765,5332969.168,2577323.7,442851.7618,0.856382188,3425.672354,23.82913105
402469.765,5331969.168,2256266.799,423559.1906,0.929554518,1959.655953,0
403469.765,5331969.168,2259544.305,423722.6016,0.922557879,1747.907765,0
404469.765,5331969.168,2262821.818,423886.0129,0.922937694,1639.495719,0
405469.765,5331969.168,2266099.339,424049.4244,0.936135344,2510.947886,0
406469.765,5331969.168,2269376.868,424212.8361,0.528519428,2546.715406,0
407469.765,5331969.168,2272654.404,424376.2481,0.105554571,648.6111921,5.79E-14
408469.765,5331969.168,2275931.948,424539.6603,0.139159455,663.5770283,0.19105348
409469.765,5331969.168,2279209.499,424703.0727,0.246077276,2238.786482,4.645664354
410469.765,5331969.168,2282487.057,424866.4853,0.454430264,4025.445638,5.365113258
411469.765,5331969.168,2285764.623,425029.8981,0.72213939,3279.633285,1.182166383
412469.765,5331969.168,2289042.196,425193.3112,0.766713686,1756.486782,2.112615407
413469.765,5331969.168,2292319.776,425356.7244,0.738765084,761.7509124,1.615237892
414469.765,5331969.168,2295597.363,425520.1378,0.487809719,1121.517248,0.680563134
415469.765,5331969.168,2298874.956,425683.5515,0.298616813,1891.874909,1.315494448
416469.765,5331969.168,2302152.557,425846.9653,0.377849927,1667.815085,0.927039194
417469.765,5331969.168,2305430.164,426010.3792,0.440493943,1142.093528,1.368727648
418469.765,5331969.168,2308707.778,426173.7934,0.612886993,671.7554219,0.760777509
419469.765,5331969.168,2311985.399,426337.2077,0.46577198,949.4436953,1.723332062
420469.765,5331969.168,2315263.026,426500.6222,0.463369768,1531.003824,2.462375015
421469.765,5331969.168,2318540.659,426664.0368,0.631678294,1715.769497,0
422469.765,5331969.168,2321818.299,426827.4516,0.649646293,1244.982328,0.338930815
423469.765,5331969.168,2325095.945,426990.8666,0.602485847,1104.059166,0.196267888
424469.765,5331969.168,2328373.597,427154.2816,0.346496279,1157.317536,0
425469.765,5331969.168,2331651.256,427317.6968,0.166114637,500.7242197,0
426469.765,5331969.168,2334928.92,427481.1122,0.232115347,59.23071311,0
427469.765,5331969.168,2338206.59,427644.5277,0.617914761,616.5757797,0
428469.765,5331969.168,2341484.266,427807.9433,0.924215194,1274.994169,0
429469.765,5331969.168,2344761.948,427971.359,0.952086315,1907.339107,0
430469.765,5331969.168,2348039.636,428134.7748,0.879537245,2344.698124,0
431469.765,5331969.168,2351317.329,428298.1907,0.924490955,1543.52459,0
432469.765,5331969.168,2354595.028,428461.6067,0.923198228,1530.571845,0
433469.765,5331969.168,2357872.732,428625.0229,0.947204351,1676.675173,1.09E-13
434469.765,5331969.168,2361150.442,428788.4391,0.99403534,1233.144054,4.73E-13
435469.765,5331969.168,2364428.156,428951.8554,0.9812477,1158.915999,0.909362053
436469.765,5331969.168,2367705.876,429115.2718,0.929712775,1068.147568,1.345190895
437469.765,5331969.168,2370983.602,429278.6882,0.938278701,1037.87354,2.080916262
438469.765,5331969.168,2374261.332,429442.1048,0.985253035,1297.694146,1.214242738
439469.765,5331969.168,2377539.067,429605.5214,0.982059286,1618.800949,1.430142612
440469.765,5331969.168,2380816.807,429768.938,0.979504012,1586.750137,1.429425005
441469.765,5331969.168,2384094.552,429932.3548,0.913481936,1602.670492,1.419765737
442469.765,5331969.168,2387372.302,430095.7715,0.770781538,2010.964832,2.132426344
443469.765,5331969.168,2390650.056,430259.1883,0.808856112,4073.559016,3.404596744
444469.765,5331969.168,2393927.815,430422.6052,0.64722665,5473.206997,1.441844786
445469.765,5331969.168,2397205.578,430586.0221,0.698611854,5102.250182,6.298330425
446469.765,5331969.168,2400483.346,430749.439,0.925734517,2132.405612,4.822630319
447469.765,5331969.168,2403761.118,430912.856,0.824933272,1781.703171,3.210555509
448469.765,5331969.168,2407038.894,431076.273,0.622398568,3207.923596,14.66033972
449469.765,5331969.168,2410316.675,431239.69,0.7771318,3871.634356,31.29423046
450469.765,5331969.168,2413594.459,431403.107,0.925198338,4565.007298,6.600752195
451469.765,5331969.168,2416872.248,431566.5241,0.888471421,5124.107501,8.396186638
452469.765,5331969.168,2420150.04,431729.9411,0.855831235,3329.726958,3.761851834
453469.765,5331969.168,2423427.837,431893.3581,0.866573792,2072.52953,5.569319606
454469.765,5331969.168,2426705.637,432056.7752,0.965254912,708.0014577,2.241562545
455469.765,5331969.168,2429983.441,432220.1922,0.950251908,150.2420324,1.346194902
456469.765,5331969.168,2433261.248,432383.6092,0.918236674,317.0102041,1.446662078
457469.765,5331969.168,2436539.059,432547.0262,0.952226281,1411.658288,1.511367053
458469.765,5331969.168,2439816.873,432710.4431,0.965078944,2285.980503,0.403557553
459469.765,5331969.168,2443094.691,432873.8601,0.969371409,2412.598213,0.058949856
460469.765,5331969.168,2446372.512,433037.277,0.983550764,1993.102097,0
461469.765,5331969.168,2449650.336,433200.6938,0.97318862,1972.209383,0
462469.765,5331969.168,2452928.163,433364.1107,0.978390194,2019.908975,0.109919124
463469.765,5331969.168,2456205.993,433527.5275,0.992154658,2095.327555,0.101364918
464469.765,5331969.168,2459483.827,433690.9442,0.9184046,2282.364663,0.04908297
465469.765,5331969.168,2462761.663,433854.3609,0.903383479,2298.785246,0.013909433
466469.765,5331969.168,2466039.502,434017.7775,0.981343821,2083.831876,0
467469.765,5331969.168,2469317.343,434181.194,0.998471681,1953.898432,0
468469.765,5331969.168,2472595.188,434344.6105,0.999141206,1531.080066,0
469469.765,5331969.168,2475873.034,434508.0269,0.999968968,1734.41258,0.016875098
470469.765,5331969.168,2479150.884,434671.4433,0.999762749,1389.998361,0.051302889
471469.765,5331969.168,2482428.735,434834.8595,0.994788782,1899.733965,0.878894565
472469.765,5331969.168,2485706.589,434998.2757,0.982666844,2232.207946,1.269573691
473469.765,5331969.168,2488984.446,435161.6917,0.988195133,1958.500365,1.790488167
474469.765,5331969.168,2492262.304,435325.1077,0.988175829,2281.10219,4.108528391
475469.765,5331969.168,2495540.164,435488.5236,0.980073033,2259.052929,2.378248501
476469.765,5331969.168,2498818.027,435651.9394,0.982327966,1816.325679,0.617330968
477469.765,5331969.168,2502095.891,435815.355,0.953164443,2706.235744,7.734052982
478469.765,5331969.168,2505373.757,435978.7706,0.954932064,4498.016943,6.302472219
479469.765,5331969.168,2508651.625,436142.186,0.980410492,4179.097757,3.353492389
480469.765,5331969.168,2511929.495,436305.6014,0.962618178,2774.944242,9.572297028
481469.765,5331969.168,2515207.366,436469.0165,0.982632541,1755.455424,9.316224356
482469.765,5331969.168,2518485.239,436632.4316,0.976678082,1047.549016,4.081074529
483469.765,5331969.168,2521763.113,436795.8465,0.953353082,2303.081253,5.389749681
484469.765,5331969.168,2525040.988,436959.2613,0.944976627,2289.94733,14.12648002
485469.765,5331969.168,2528318.865,437122.676,0.835919803,2571.419325,35.87376611
486469.765,5331969.168,2531596.743,437286.0905,0.733817675,3667.006387,57.12538972
487469.765,5331969.168,2534874.622,437449.5048,0.817102859,5351.408469,41.14058055
488469.765,5331969.168,2538152.502,437612.919,0.794321146,5820.895226,36.45790195
489469.765,5331969.168,2541430.382,437776.3331,0.854757512,4748.036605,19.21282102
490469.765,5331969.168,2544708.264,437939.7469,0.936962454,3527.557479,15.87414775
491469.765,5331969.168,2547986.147,438103.1606,0.957396063,2617.596648,8.201649596
492469.765,5331969.168,2551264.03,438266.5742,0.945500935,2990.482224,9.088831855
493469.765,5331969.168,2554541.914,438429.9875,0.961087524,2868.235005,4.928536508
494469.765,5331969.168,2557819.798,438593.4007,0.991587724,1985.338863,2.144325283
495469.765,5331969.168,2561097.683,438756.8137,0.997494474,1646.744851,1.524050355
496469.765,5331969.168,2564375.568,438920.2265,0.99551384,1325.208455,0.241199329
497469.765,5331969.168,2567653.454,439083.6391,0.944902156,2879.868186,9.254494548
498469.765,5331969.168,2570931.34,439247.0515,0.939457842,3963.354262,5.713842054
499469.765,5331969.168,2574209.226,439410.4637,0.954374774,2562.694146,9.92214019
500469.765,5331969.168,2577487.112,439573.8757,0.885086301,2953.253108,15.28337077
402469.765,5330969.168,2256430.206,420281.6888,0.841612652,1860.558008,0
403469.765,5330969.168,2259707.712,420445.092,0.92236971,1321.810219,0
404469.765,5330969.168,2262985.226,420608.4955,0.968085643,1108.441144,0
405469.765,5330969.168,2266262.747,420771.8993,0.94851554,1948.25592,0
406469.765,5330969.168,2269540.276,420935.3035,0.461322819,2141.024586,0
407469.765,5330969.168,2272817.813,421098.7079,0.072537017,569.746674,0.028746093
408469.765,5330969.168,2276095.357,421262.1127,0.272230208,1952.214728,1.082908532
409469.765,5330969.168,2279372.908,421425.5178,0.271711134,5093.167061,3.209531912
410469.765,5330969.168,2282650.467,421588.9231,0.221144251,5995.827624,13.93018281
411469.765,5330969.168,2285928.032,421752.3288,0.384158494,3502.672194,12.2204574
412469.765,5330969.168,2289205.606,421915.7347,0.511087797,3114.173168,6.269697353
413469.765,5330969.168,2292483.186,422079.1409,0.74024981,2842.646651,5.433945368
414469.765,5330969.168,2295760.773,422242.5474,0.530485218,3501.435322,0.776552741
415469.765,5330969.168,2299038.367,422405.9542,0.224264662,5318.605215,2.191238993
416469.765,5330969.168,2302315.967,422569.3612,0.305302448,4688.082954,2.67011986
417469.765,5330969.168,2305593.575,422732.7685,0.473004376,3393.694242,1.719111507
418469.765,5330969.168,2308871.189,422896.176,0.432637224,3631.809585,1.247256479
419469.765,5330969.168,2312148.81,423059.5838,0.333439737,3640.767353,4.257641401
420469.765,5330969.168,2315426.437,423222.9918,0.588997616,1835.073797,5.005622387
421469.765,5330969.168,2318704.071,423386.4001,0.748639177,1156.772959,0
422469.765,5330969.168,2321981.711,423549.8086,0.707987041,1306.669339,0
423469.765,5330969.168,2325259.357,423713.2173,0.522136783,386.7805899,0
424469.765,5330969.168,2328537.009,423876.6263,0.251094461,68.01494714,0
425469.765,5330969.168,2331814.668,424040.0354,0.091397576,8.079562044,0
426469.765,5330969.168,2335092.332,424203.4448,0.318672169,0.108759124,0
427469.765,5330969.168,2338370.003,424366.8544,0.62225729,492.3105398,0
428469.765,5330969.168,2341647.679,424530.2642,0.86543187,1945.664115,0
429469.765,5330969.168,2344925.361,424693.6741,0.870306591,1551.194495,0
430469.765,5330969.168,2348203.049,424857.0843,0.831748941,1365.247359,0
431469.765,5330969.168,2351480.742,425020.4947,0.904815734,907.2151576,0.460433654
432469.765,5330969.168,2354758.441,425183.9052,0.887755803,1696.982501,0.444042239
433469.765,5330969.168,2358036.145,425347.3159,0.874579611,2526.384938,0.327179395
434469.765,5330969.168,2361313.855,425510.7268,0.953556913,2809.819821,0.225364111
435469.765,5330969.168,2364591.57,425674.1379,0.955311381,2583.624545,1.090594309
436469.765,5330969.168,2367869.29,425837.5491,0.941957119,2072.253282,1.85324421
437469.765,5330969.168,2371147.016,426000.9605,0.88800824,2089.97354,1.83643817
438469.765,5330969.168,2374424.746,426164.372,0.770278909,2440.316664,1.69626623
439469.765,5330969.168,2377702.481,426327.7837,0.807819909,2523.819989,2.6114268
440469.765,5330969.168,2380980.222,426491.1955,0.896904284,1613.49025,2.306417815
441469.765,5330969.168,2384257.967,426654.6074,0.915099085,617.5731463,1.092731866
442469.765,5330969.168,2387535.716,426818.0195,0.75208779,3110.423729,2.828807421
443469.765,5330969.168,2390813.471,426981.4317,0.686803955,5071.134682,5.116759287
444469.765,5330969.168,2394091.23,427144.8441,0.644622327,5362.979038,2.677984249
445469.765,5330969.168,2397368.993,427308.2565,0.85588595,3212.23213,0.152495493
446469.765,5330969.168,2400646.761,427471.6691,0.920073822,1582.655726,1.383837363
447469.765,5330969.168,2403924.533,427635.0818,0.896959878,1576.74877,1.374678595
448469.765,5330969.168,2407202.309,427798.4946,0.696979131,2993.291834,8.750422231
449469.765,5330969.168,2410480.09,427961.9075,0.824495886,2591.417184,6.231470919
450469.765,5330969.168,2413757.874,428125.3204,0.977218173,2131.349143,2.370946636
451469.765,5330969.168,2417035.663,428288.7335,0.901308323,4776.166302,3.468094391
452469.765,5330969.168,2420313.456,428452.1467,0.901221349,3420.985967,4.993664225
453469.765,5330969.168,2423591.252,428615.5599,0.934501655,1958.685678,7.383837366
454469.765,5330969.168,2426869.052,428778.9732,0.98987066,1103.230685,2.122339646
455469.765,5330969.168,2430146.856,428942.3866,0.935765555,1448.802296,2.375098189
456469.765,5330969.168,2433424.663,429105.8,0.773061537,1676.416074,2.842955828
457469.765,5330969.168,2436702.474,429269.2136,0.813021896,2980.061861,2.037717533
458469.765,5330969.168,2439980.288,429432.6271,0.940662551,3078.991612,0.555247962
459469.765,5330969.168,2443258.106,429596.0408,0.872561067,2892.702717,0.031261478
460469.765,5330969.168,2446535.927,429759.4544,0.924423167,2238.24681,1.198685884
461469.765,5330969.168,2449813.751,429922.8681,0.986736316,1694.168673,0.565947878
462469.765,5330969.168,2453091.578,430086.2819,0.991180105,1763.907681,0.267942492
463469.765,5330969.168,2456369.409,430249.6957,0.996267213,2444.833546,0.393059534
464469.765,5330969.168,2459647.242,430413.1095,0.991758461,1606.669643,0.603568509
465469.765,5330969.168,2462925.078,430576.5233,0.963432185,1561.927114,0.300333172
466469.765,5330969.168,2466202.917,430739.9372,0.996018573,2395.167213,0
467469.765,5330969.168,2469480.759,430903.3511,0.996758022,1913.0184,0
468469.765,5330969.168,2472758.603,431066.765,0.9981248,1354.436828,2.31E-14
469469.765,5330969.168,2476036.45,431230.1789,0.984980315,1408.281204,0.046514265
470469.765,5330969.168,2479314.299,431393.5928,0.982238442,1053.506842,1.426213892
471469.765,5330969.168,2482592.15,431557.0067,0.959808887,1986.197594,1.365180672
472469.765,5330969.168,2485870.004,431720.4206,0.933068517,2002.446246,0.507557548
473469.765,5330969.168,2489147.861,431883.8345,0.993139095,2266.22777,2.11336928
474469.765,5330969.168,2492425.719,432047.2484,0.985209407,2781.567494,4.660335166
475469.765,5330969.168,2495703.579,432210.6622,0.991256542,1824.726577,4.525086582
476469.765,5330969.168,2498981.442,432374.076,0.998481083,896.6935131,0
477469.765,5330969.168,2502259.306,432537.4898,0.998328061,730.0831055,0.490218793
478469.765,5330969.168,2505537.172,432700.9036,0.980137373,3060.919096,2.047479235
479469.765,5330969.168,2508815.04,432864.3173,0.964342671,4187.052699,6.262158344
480469.765,5330969.168,2512092.909,433027.731,0.939834859,2483.544493,10.49761844
481469.765,5330969.168,2515370.78,433191.1447,0.951875039,1885.419055,10.60548937
482469.765,5330969.168,2518648.653,433354.5583,0.990467149,1604.474635,5.102136236
483469.765,5330969.168,2521926.527,433517.9718,0.863722738,2212.847612,14.35062367
484469.765,5330969.168,2525204.402,433681.3853,0.535236306,3185.860914,20.64439225
485469.765,5330969.168,2528482.279,433844.7988,0.349614131,4841.610494,43.44516284
486469.765,5330969.168,2531760.156,434008.2121,0.500996364,6038.339832,83.49342728
487469.765,5330969.168,2535038.035,434171.6254,0.777967617,5953.2582,28.8883434
488469.765,5330969.168,2538315.915,434335.0386,0.870450005,4440.034074,11.50916036
489469.765,5330969.168,2541593.796,434498.4518,0.963752805,2687.488063,8.148372258
490469.765,5330969.168,2544871.678,434661.8648,0.95297554,2320.901239,6.374219315
491469.765,5330969.168,2548149.56,434825.2778,0.98145547,1423.343175,3.272002993
492469.765,5330969.168,2551427.443,434988.6907,0.986572014,1431.078171,3.344431389
493469.765,5330969.168,2554705.327,435152.1034,0.9412602,2771.131228,9.877025366
494469.765,5330969.168,2557983.211,435315.5161,0.932798188,2894.385289,9.181881753
495469.765,5330969.168,2561261.096,435478.9287,0.993024643,1199.542753,14.98262501
496469.765,5330969.168,2564538.981,435642.3412,0.998911333,213.2611546,0.18579407
497469.765,5330969.168,2567816.866,435805.7535,0.95796469,2085.754054,1.995920712
498469.765,5330969.168,2571094.752,435969.1658,0.944541479,3441.119147,4.462992549
499469.765,5330969.168,2574372.638,436132.5779,0.983305447,1646.72202,7.589649717
401469.765,5329969.168,2253316.107,416840.7916,0.729931526,588.487058,0
402469.765,5329969.168,2256593.605,417004.1866,0.804185273,199.3147439,0
403469.765,5329969.168,2259871.111,417167.582,0.908156479,31.74990886,0
404469.765,5329969.168,2263148.625,417330.9778,0.966161788,46.18589393,0
405469.765,5329969.168,2266426.147,417494.3739,0.882943131,1331.21629,0
406469.765,5329969.168,2269703.677,417657.7705,0.367907016,1727.602076,0
407469.765,5329969.168,2272981.213,417821.1675,0.080882967,464.9672071,0.04311914
408469.765,5329969.168,2276258.758,417984.5648,0.334130508,2541.638818,1.181343569
409469.765,5329969.168,2279536.309,418147.9626,0.303295126,4696.874635,1.653274085
410469.765,5329969.168,2282813.868,418311.3607,0.42020856,6236.012949,12.3948535
411469.765,5329969.168,2286091.435,418474.7592,0.517945956,4767.008754,3.461999405
412469.765,5329969.168,2289369.008,418638.158,0.722161579,2984.050638,4.647032194
413469.765,5329969.168,2292646.588,418801.5572,0.899402162,1971.8035,7.848495583
414469.765,5329969.168,2295924.176,418964.9568,0.813066817,2060.904614,0.459224786
415469.765,5329969.168,2299201.77,419128.3567,0.65634536,2801.168034,2.20295736
416469.765,5329969.168,2302479.371,419291.7569,0.647337449,2546.627301,2.745237857
417469.765,5329969.168,2305756.979,419455.1575,0.708152967,2036.420372,2.161295965
418469.765,5329969.168,2309034.593,419618.5584,0.63744804,2964.733382,5.199618012
419469.765,5329969.168,2312312.215,419781.9597,0.680764347,3636.810678,5.977051248
420469.765,5329969.168,2315589.842,419945.3612,0.735236934,2110.067518,6.561622143
421469.765,5329969.168,2318867.476,420108.7631,0.754553763,271.844708,0
422469.765,5329969.168,2322145.116,420272.1653,0.805833118,994.8010939,0
423469.765,5329969.168,2325422.763,420435.5679,0.804433599,987.559526,0.075968437
424469.765,5329969.168,2328700.415,420598.9707,0.437816277,298.6777191,0
425469.765,5329969.168,2331978.074,420762.3738,0.250700868,1.905543399,0
426469.765,5329969.168,2335255.739,420925.7772,0.453002213,2.54366454,0
427469.765,5329969.168,2338533.41,421089.1809,0.77832752,36.97922741,0
428469.765,5329969.168,2341811.086,421252.5849,0.885616307,843.7415239,0
429469.765,5329969.168,2345088.768,421415.9891,0.818761722,926.8507925,0
430469.765,5329969.168,2348366.456,421579.3936,0.847709948,1081.603825,1.42E-11
431469.765,5329969.168,2351644.15,421742.7984,0.951933936,984.9744851,0.179700419
432469.765,5329969.168,2354921.849,421906.2035,0.904225685,1789.082497,0.338584517
433469.765,5329969.168,2358199.554,422069.6088,0.876032723,1850.50849,0.322713137
434469.765,5329969.168,2361477.264,422233.0144,0.919788549,1436.416408,0.761294246
435469.765,5329969.168,2364754.979,422396.4202,0.978417291,1617.83309,1.073087156
436469.765,5329969.168,2368032.699,422559.8262,0.986768172,2384.834001,1.007461478
437469.765,5329969.168,2371310.425,422723.2325,0.736367247,3123.876982,0.982572137
438469.765,5329969.168,2374588.155,422886.639,0.542803056,3518.833364,0.578575104
439469.765,5329969.168,2377865.891,423050.0458,0.743428412,2949.871673,1.486780479
440469.765,5329969.168,2381143.631,423213.4528,0.898907471,2075.719417,1.4121996
441469.765,5329969.168,2384421.376,423376.86,0.929942653,1858.905647,1.018201427
442469.765,5329969.168,2387699.126,423540.2674,0.707116721,4258.958273,6.263287753
443469.765,5329969.168,2390976.881,423703.675,0.412794436,5957.62689,8.961503165
444469.765,5329969.168,2394254.64,423867.0828,0.624179815,4956.658697,7.170068596
445469.765,5329969.168,2397532.403,424030.4908,0.920331421,1623.317211,4.005054925
446469.765,5329969.168,2400810.171,424193.8991,0.946235498,2009.562568,2.468544006
447469.765,5329969.168,2404087.944,424357.3075,0.86918322,2948.120649,4.487696002
448469.765,5329969.168,2407365.72,424520.716,0.751708423,3747.286443,5.391332158
449469.765,5329969.168,2410643.501,424684.1248,0.847054916,2582.820999,2.885275535
450469.765,5329969.168,2413921.285,424847.5338,0.939672671,1215.168034,1.636611897
451469.765,5329969.168,2417199.074,425010.9429,0.92853144,4339.829993,2.821489178
452469.765,5329969.168,2420476.867,425174.3522,0.941433908,3558.858367,5.585702443
453469.765,5329969.168,2423754.663,425337.7616,0.972885795,1340.623246,6.4928689
454469.765,5329969.168,2427032.464,425501.1712,0.935534664,2049.798615,22.16434991
455469.765,5329969.168,2430310.267,425664.581,0.644811492,2934.43906,9.853159964
456469.765,5329969.168,2433588.075,425827.9909,0.468982306,2877.657967,2.961921906
457469.765,5329969.168,2436865.886,425991.4009,0.74057112,3299.138377,15.12396407
458469.765,5329969.168,2440143.7,426154.8111,0.960736544,2226.756569,1.471624965
459469.765,5329969.168,2443421.518,426318.2214,0.883000117,2609.81984,0
460469.765,5329969.168,2446699.339,426481.6318,0.913303122,2316.936737,1.198685884
461469.765,5329969.168,2449977.163,426645.0424,0.994249776,2107.574294,0.786601335
462469.765,5329969.168,2453254.991,426808.4531,0.992174493,2806.685621,0.234470304
463469.765,5329969.168,2456532.821,426971.8639,0.988770357,3320.126207,0.213765934
464469.765,5329969.168,2459810.654,427135.2748,0.995064131,2730.462183,0.906803846
465469.765,5329969.168,2463088.491,427298.6858,0.999435972,1015.128392,0.300333172
466469.765,5329969.168,2466366.329,427462.0969,0.992694015,745.0743576,0.088461041
467469.765,5329969.168,2469644.171,427625.5081,0.97358748,883.451466,0.044230521
468469.765,5329969.168,2472922.015,427788.9194,0.955270644,1266.470427,0.570595246
469469.765,5329969.168,2476199.862,427952.3308,0.934969132,1364.569891,0.492853299
470469.765,5329969.168,2479477.712,428115.7423,0.965884823,860.3770073,0.808697678
471469.765,5329969.168,2482755.563,428279.1539,0.889432466,1721.340864,0.685514424
472469.765,5329969.168,2486033.417,428442.5655,0.862244242,2089.211552,0.783812591
473469.765,5329969.168,2489311.273,428605.9772,0.968767753,2127.713765,0.571537118
474469.765,5329969.168,2492589.132,428769.389,0.966738028,2546.30514,3.780654679
475469.765,5329969.168,2495866.992,428932.8008,0.976234959,1677.686407,5.138796717
476469.765,5329969.168,2499144.854,429096.2127,0.999735007,766.9493533,0
477469.765,5329969.168,2502422.719,429259.6247,0.998021941,1179.544858,3.110914662
478469.765,5329969.168,2505700.585,429423.0367,0.99549754,2283.315655,3.321807047
479469.765,5329969.168,2508978.453,429586.4487,0.97004023,4018.261979,4.262169537
480469.765,5329969.168,2512256.322,429749.8608,0.931705895,2764.166363,17.46536711
481469.765,5329969.168,2515534.193,429913.2729,0.904585224,2454.03903,28.47572238
482469.765,5329969.168,2518812.066,430076.685,0.956866013,1897.243658,10.67757566
483469.765,5329969.168,2522089.94,430240.0972,0.7391668,2234.584579,12.85863954
484469.765,5329969.168,2525367.815,430403.5094,0.378664079,4454.322346,30.65683566
485469.765,5329969.168,2528645.692,430566.9216,0.501427637,5137.690724,45.71313278
486469.765,5329969.168,2531923.569,430730.3338,0.78371629,4967.879009,44.85900466
487469.765,5329969.168,2535201.448,430893.7461,0.867871434,4184.72032,26.65152748
488469.765,5329969.168,2538479.328,431057.1583,0.897007933,2977.040452,11.19124293
489469.765,5329969.168,2541757.209,431220.5705,0.910003944,2012.69734,7.872318983
490469.765,5329969.168,2545035.09,431383.9828,0.887565277,2278.775611,3.370837116
491469.765,5329969.168,2548312.973,431547.395,0.970622145,1380.293207,0.836883068
492469.765,5329969.168,2551590.856,431710.8072,0.98219787,869.0589094,0.769151104
493469.765,5329969.168,2554868.739,431874.2195,0.86741253,2569.949069,9.314414501
494469.765,5329969.168,2558146.624,432037.6316,0.701804043,2576.80438,5.504969345
495469.765,5329969.168,2561424.508,432201.0438,0.885719515,382.920175,0.004763464
496469.765,5329969.168,2564702.393,432364.456,0.997460056,587.1344752,1.764407661
497469.765,5329969.168,2567980.279,432527.8681,0.945639281,2490.742894,12.34243854
498469.765,5329969.168,2571258.164,432691.2801,0.928851812,3392.141243,13.04099226
400469.765,5328969.168,2250202.006,413399.9104,0.920813058,681.868963,0
401469.765,5328969.168,2253479.497,413563.297,0.89006215,1024.492078,0
402469.765,5328969.168,2256756.996,413726.684,0.87625658,224.8704446,0
403469.765,5328969.168,2260034.503,413890.0716,0.927489741,473.8337587,0
404469.765,5328969.168,2263312.018,414053.4596,0.867834121,345.4434117,0
405469.765,5328969.168,2266589.54,414216.8482,0.668991845,1676.117004,0.327601613
406469.765,5328969.168,2269867.07,414380.2372,0.281982765,1456.162808,0.030026618
407469.765,5328969.168,2273144.607,414543.6266,0.044786005,439.0973387,0
408469.765,5328969.168,2276422.152,414707.0166,0.232446165,2825.933589,1.19586505
409469.765,5328969.168,2279699.704,414870.407,0.450136428,3799.991788,0.846348666
410469.765,5328969.168,2282977.263,415033.7978,0.641605861,3943.227231,8.117730642
411469.765,5328969.168,2286254.83,415197.1892,0.699043586,1854.063934,8.081749092
412469.765,5328969.168,2289532.404,415360.5809,0.621599503,487.4835946,0.222319946
413469.765,5328969.168,2292809.984,415523.9731,0.575436823,329.3079585,0
414469.765,5328969.168,2296087.572,415687.3657,0.529910053,188.7756924,0
415469.765,5328969.168,2299365.167,415850.7588,0.528780524,162.6797814,0.196496367
416469.765,5328969.168,2302642.768,416014.1523,0.629843447,185.4452541,0.261995157
417469.765,5328969.168,2305920.376,416177.5462,0.683290048,88.77411121,0
418469.765,5328969.168,2309197.991,416340.9405,0.760338121,211.1004741,0
419469.765,5328969.168,2312475.613,416504.3352,0.809227563,1189.605945,0
420469.765,5328969.168,2315753.241,416667.7303,0.78928851,1925.516512,0
421469.765,5328969.168,2319030.875,416831.1259,0.759319242,380.7872379,0
422469.765,5328969.168,2322308.515,416994.5218,0.724779797,131.4840299,0
423469.765,5328969.168,2325586.162,417157.9181,0.816665085,471.9925292,0.075968437
424469.765,5328969.168,2328863.815,417321.3148,0.760147102,198.9939858,0
425469.765,5328969.168,2332141.474,417484.7119,0.688023501,368.3954463,0
426469.765,5328969.168,2335419.139,417648.1093,0.795292655,796.7723711,0
427469.765,5328969.168,2338696.811,417811.5071,0.91304817,129.4695589,0
428469.765,5328969.168,2341974.487,417974.9053,0.935124953,254.8463641,0
429469.765,5328969.168,2345252.17,418138.3038,0.881023949,552.6845845,0
430469.765,5328969.168,2348529.858,418301.7027,0.874517816,1474.506472,1.42E-11
431469.765,5328969.168,2351807.552,418465.1019,0.906149142,1903.922684,0.20105435
432469.765,5328969.168,2355085.252,418628.5015,0.950715546,1995.389376,0.402108699
433469.765,5328969.168,2358362.956,418791.9014,0.89582844,1672.311144,0
434469.765,5328969.168,2361640.667,418955.3017,0.91145914,639,0
435469.765,5328969.168,2364918.382,419118.7022,0.971858874,883.9708614,1.71905835
436469.765,5328969.168,2368196.103,419282.1031,0.967632517,2350.741665,2.615410864
437469.765,5328969.168,2371473.828,419445.5043,0.756640582,2836.94898,2.119655199
438469.765,5328969.168,2374751.559,419608.9059,0.677910033,3372.502371,1.865887386
439469.765,5328969.168,2378029.295,419772.3077,0.931656328,3139.47046,0.953945855
440469.765,5328969.168,2381307.036,419935.7099,0.975313087,1990.098651,0.480264892
441469.765,5328969.168,2384584.781,420099.1123,0.813421024,2670.573797,2.897599511
442469.765,5328969.168,2387862.531,420262.515,0.584529931,4771.777009,6.821892579
443469.765,5328969.168,2391140.286,420425.9181,0.521171493,5309.06578,6.134562271
444469.765,5328969.168,2394418.045,420589.3214,0.671556507,4321.139679,5.154570256
445469.765,5328969.168,2397695.809,420752.725,0.945839257,1472.851588,3.768112262
446469.765,5328969.168,2400973.577,420916.1288,0.971687721,1904.164081,1.240993895
447469.765,5328969.168,2404251.35,421079.5329,0.913834484,2175.15278,1.010320194
448469.765,5328969.168,2407529.127,421242.9373,0.866164916,2504.385428,0.638613578
449469.765,5328969.168,2410806.908,421406.342,0.971248218,1438.877369,1.103225473
450469.765,5328969.168,2414084.692,421569.7469,0.945338078,955.2618049,0.106377518
451469.765,5328969.168,2417362.481,421733.1521,0.9589067,3653.382835,0
452469.765,5328969.168,2420640.274,421896.5575,0.951885576,4474.648432,2.233430386
453469.765,5328969.168,2423918.071,422059.9632,0.93275771,2544.240022,8.65010643
454469.765,5328969.168,2427195.871,422223.369,0.771278566,3749.176653,24.63920155
455469.765,5328969.168,2430473.675,422386.7752,0.262009072,3049.030806,22.10418935
456469.765,5328969.168,2433751.483,422550.1815,0.139688587,2117.325675,2.792128865
457469.765,5328969.168,2437029.294,422713.5881,0.641941323,3429.695073,31.33375552
458469.765,5328969.168,2440307.109,422876.9949,0.985532576,2026.920073,21.74258572
459469.765,5328969.168,2443584.927,423040.4019,0.985986645,2009.9293,0.757490026
460469.765,5328969.168,2446862.748,423203.8091,0.989934894,2742.506647,0.490638208
461469.765,5328969.168,2450140.572,423367.2165,0.997298113,2260.780612,0.457837073
462469.765,5328969.168,2453418.4,423530.6241,0.997219131,2172.550738,0.307018248
463469.765,5328969.168,2456696.23,423694.032,0.995628147,2092.260481,0.24902945
464469.765,5328969.168,2459974.064,423857.44,0.995586582,2653.837739,0
465469.765,5328969.168,2463251.9,424020.8482,0.982060424,1720.886074,0
466469.765,5328969.168,2466529.739,424184.2565,0.99464229,704.5269581,0.088461041
467469.765,5328969.168,2469807.581,424347.6651,0.960525856,1059.464807,0.044029042
468469.765,5328969.168,2473085.426,424511.0738,0.811647301,1596.373861,0.514471568
469469.765,5328969.168,2476363.272,424674.4827,0.8279928,1030.306569,0.502999756
470469.765,5328969.168,2479641.122,424837.8918,0.984441213,749.8971178,0.161889096
471469.765,5328969.168,2482918.974,425001.301,0.950274019,1508.449344,0.218519996
472469.765,5328969.168,2486196.828,425164.7104,0.896615971,2152.383424,1.653283188
473469.765,5328969.168,2489474.684,425328.1199,0.899174519,2612.424695,7.176261578
474469.765,5328969.168,2492752.542,425491.5296,0.85651542,2487.744584,12.26359129
475469.765,5328969.168,2496030.403,425654.9394,0.925277629,2096.507751,9.350238159
476469.765,5328969.168,2499308.265,425818.3494,0.998311214,1720.768053,4.01796031
477469.765,5328969.168,2502586.13,425981.7594,0.996549611,2457.318016,2.630986294
478469.765,5328969.168,2505863.996,426145.1697,0.985571211,3200.246401,5.847473621
479469.765,5328969.168,2509141.864,426308.58,0.970082754,4088.853005,8.21315938
480469.765,5328969.168,2512419.733,426471.9905,0.937974102,3093.521057,21.72393121
481469.765,5328969.168,2515697.605,426635.401,0.881259311,3543.734902,44.09149103
482469.765,5328969.168,2518975.477,426798.8117,0.895501616,4185.17159,22.55383546
483469.765,5328969.168,2522253.351,426962.2225,0.868370275,4487.764342,11.04232814
484469.765,5328969.168,2525531.227,427125.6334,0.82845638,4465.857377,22.3740494
485469.765,5328969.168,2528809.103,427289.0444,0.929424916,3046.286781,15.83143957
486469.765,5328969.168,2532086.981,427452.4555,0.937636838,2801.710617,14.77500652
487469.765,5328969.168,2535364.86,427615.8667,0.94135289,3007.368987,18.54613417
488469.765,5328969.168,2538642.74,427779.278,0.978360001,2118.966448,7.145860553
489469.765,5328969.168,2541920.62,427942.6893,0.933928163,1630.580763,4.525047704
490469.765,5328969.168,2545198.502,428106.1008,0.913522219,2212.932191,2.306883429
491469.765,5328969.168,2548476.385,428269.5123,0.978395656,1328.012393,1.58622998
492469.765,5328969.168,2551754.268,428432.9239,0.951711702,777.0386438,1.803783383
493469.765,5328969.168,2555032.151,428596.3355,0.888835201,2275.698925,3.961484522
494469.765,5328969.168,2558310.036,428759.7472,0.730979221,2061.480773,2.657002104
495469.765,5328969.168,2561587.92,428923.159,0.883804893,632.6031341,3.46E-14
496469.765,5328969.168,2564865.805,429086.5708,0.971931525,1098.259752,10.13616429
497469.765,5328969.168,2568143.691,429249.9826,0.941521998,3058.778304,18.12321313
400469.765,5327969.168,2250365.389,410122.4232,0.978990374,1825.145147,1.16E-13
401469.765,5327969.168,2253642.88,410285.8018,0.914454654,2944.695335,1.16E-13
402469.765,5327969.168,2256920.38,410449.181,0.806259335,1794.891257,0
403469.765,5327969.168,2260197.887,410612.5607,0.783112898,1408.823519,0
404469.765,5327969.168,2263475.402,410775.941,0.723839079,1232.8882,0
405469.765,5327969.168,2266752.925,410939.3219,0.568268343,2135.25483,0.426793279
406469.765,5327969.168,2270030.455,411102.7033,0.284862889,1269.733236,2.549644798
407469.765,5327969.168,2273307.993,411266.0853,0.038888223,156.6078789,0.038847622
408469.765,5327969.168,2276585.538,411429.4679,0.156311233,2478.739836,0.482039893
409469.765,5327969.168,2279863.091,411592.8509,0.435246848,4286.919131,1.681662232
410469.765,5327969.168,2283140.651,411756.2346,0.735406762,3643.067639,1.758452511
411469.765,5327969.168,2286418.218,411919.6187,0.466447671,1212.601057,1.519951701
412469.765,5327969.168,2289695.792,412083.0034,0.134923977,720.7840102,0
413469.765,5327969.168,2292973.373,412246.3886,0.104217759,1653.897978,0.464402691
414469.765,5327969.168,2296250.962,412409.7743,0.046226076,1252.070322,0.911389843
415469.765,5327969.168,2299528.557,412573.1605,0.151791763,85.89044841,0.858493805
416469.765,5327969.168,2302806.159,412736.5472,0.419618876,40.46487867,0.392992735
417469.765,5327969.168,2306083.767,412899.9344,0.599146566,96.65274485,0
418469.765,5327969.168,2309361.383,413063.3221,0.681826725,34.55233406,0
419469.765,5327969.168,2312639.004,413226.7103,0.790068227,405.2221615,0
420469.765,5327969.168,2315916.633,413390.099,0.871821798,1953.825246,0
421469.765,5327969.168,2319194.267,413553.4882,0.76738858,1044.350666,0
422469.765,5327969.168,2322471.908,413716.8778,0.616362004,77.43073277,0
423469.765,5327969.168,2325749.556,413880.2679,0.769042495,419.8843352,0
424469.765,5327969.168,2329027.209,414043.6585,0.969317857,1203.774417,0
425469.765,5327969.168,2332304.869,414207.0496,0.991753998,1492.311714,0
426469.765,5327969.168,2335582.534,414370.441,0.986357726,1931.008019,0
427469.765,5327969.168,2338860.206,414533.833,0.992228202,1061.971913,0
428469.765,5327969.168,2342137.883,414697.2253,0.994713822,132.4265377,0
429469.765,5327969.168,2345415.566,414860.6182,0.924076479,698.358081,0
430469.765,5327969.168,2348693.255,415024.0114,0.863711231,1632.93072,0
431469.765,5327969.168,2351970.949,415187.4051,0.867216519,2430.03699,1.42E-11
432469.765,5327969.168,2355248.649,415350.7992,0.843350112,2388.176449,0
433469.765,5327969.168,2358526.354,415514.1937,0.788866326,2080.523436,0
434469.765,5327969.168,2361804.064,415677.5886,0.831816671,1986.038469,0
435469.765,5327969.168,2365081.78,415840.984,0.900668721,1551.273606,1.209266268
436469.765,5327969.168,2368359.501,416004.3797,0.904838817,1990.669825,1.992543528
437469.765,5327969.168,2371637.227,416167.7759,0.94071819,1445.967401,2.354586201
438469.765,5327969.168,2374914.959,416331.1724,0.976124437,1651.208166,2.2072606
439469.765,5327969.168,2378192.695,416494.5693,0.964252947,1988.570595,2.256838271
440469.765,5327969.168,2381470.436,416657.9666,0.953215467,1250.066776,1.002998887
441469.765,5327969.168,2384748.181,416821.3643,0.606081152,2999.898924,5.077309519
442469.765,5327969.168,2388025.932,416984.7624,0.302690801,5775.938776,8.923782587
443469.765,5327969.168,2391303.687,417148.1608,0.53254062,5830.71171,9.777978182
444469.765,5327969.168,2394581.447,417311.5596,0.766919035,4279.813742,8.031786704
445469.765,5327969.168,2397859.211,417474.9588,0.961469831,2056.279956,3.404299907
446469.765,5327969.168,2401136.979,417638.3583,0.977848109,1690.37033,0.718265098
447469.765,5327969.168,2404414.752,417801.7582,0.926300101,959.2066327,0.378547699
448469.765,5327969.168,2407692.529,417965.1584,0.853189439,1639.804518,2.197496814
449469.765,5327969.168,2410970.31,418128.5589,0.902498796,1643.52433,3.282502822
450469.765,5327969.168,2414248.096,418291.9598,0.996284423,719.1172288,2.225253522
451469.765,5327969.168,2417525.885,418455.361,0.983205356,2169.019322,0
452469.765,5327969.168,2420803.678,418618.7626,0.95660304,4857.203359,1.230229907
453469.765,5327969.168,2424081.475,418782.1645,0.923717403,4095.408502,18.11805457
454469.765,5327969.168,2427359.276,418945.5666,0.791551429,4191.804229,15.63530211
455469.765,5327969.168,2430637.08,419108.9691,0.518762673,3344.556446,9.403923079
456469.765,5327969.168,2433914.888,419272.372,0.326249698,2535.256513,2.418473225
457469.765,5327969.168,2437192.699,419435.7751,0.577324138,3865.013669,46.93234967
458469.765,5327969.168,2440470.514,419599.1785,0.900793063,3000.789723,7.80437386
459469.765,5327969.168,2443748.332,419762.5822,0.954211903,2013.290035,2.853547255
460469.765,5327969.168,2447026.154,419925.9862,0.992775048,2067.447886,0.685464193
461469.765,5327969.168,2450303.978,420089.3905,0.998527995,2271.300838,0.290459278
462469.765,5327969.168,2453581.806,420252.795,0.999913893,2073.403681,0.250751754
463469.765,5327969.168,2456859.637,420416.1999,0.999276263,1435.375501,0
464469.765,5327969.168,2460137.471,420579.605,0.996808168,1568.081919,0.062066007
465469.765,5327969.168,2463415.307,420743.0103,0.940012548,1836.704981,0.043257794
466469.765,5327969.168,2466693.146,420906.416,0.927699427,1834.06381,0.038875788
467469.765,5327969.168,2469970.988,421069.8219,0.985547268,2350.312443,0.039395896
468469.765,5327969.168,2473248.833,421233.228,0.89815804,2182.610058,0.098367123
469469.765,5327969.168,2476526.68,421396.6344,0.907379057,859.1293496,0.150578044
470469.765,5327969.168,2479804.53,421560.0411,0.983857238,1139.490428,0
471469.765,5327969.168,2483082.382,421723.448,0.993858005,1612.908743,0
472469.765,5327969.168,2486360.236,421886.8551,0.930978222,3094.520757,4.204910278
473469.765,5327969.168,2489638.093,422050.2624,0.795608394,3491.963746,7.239021659
474469.765,5327969.168,2492915.951,422213.67,0.85486854,2693.511844,7.97734682
475469.765,5327969.168,2496193.812,422377.0778,0.957617956,3080.831844,6.839629793
476469.765,5327969.168,2499471.674,422540.4858,0.977331878,4175.438401,4.160226766
477469.765,5327969.168,2502749.539,422703.8941,0.965150821,5208.746762,2.962860959
478469.765,5327969.168,2506027.405,422867.3025,0.879189614,5652.259394,10.18197876
479469.765,5327969.168,2509305.273,423030.7112,0.773017821,5503.308127,15.89907312
480469.765,5327969.168,2512583.143,423194.12,0.8382688,4170.009473,25.17961897
481469.765,5327969.168,2515861.014,423357.5291,0.812642256,4865.050829,32.81970031
482469.765,5327969.168,2519138.887,423520.9383,0.822582362,4446.884615,20.14379387
483469.765,5327969.168,2522416.761,423684.3478,0.878149488,3811.621996,21.03399611
484469.765,5327969.168,2525694.637,423847.7574,0.950414019,2566.835125,15.34289605
485469.765,5327969.168,2528972.514,424011.1672,0.984603257,1720.080663,1.123069018
486469.765,5327969.168,2532250.392,424174.5771,0.982728097,1768.847949,0.283076629
487469.765,5327969.168,2535528.271,424337.9873,0.984520984,2089.078045,3.194198266
488469.765,5327969.168,2538806.151,424501.3976,0.981501175,1647.941756,3.958713913
489469.765,5327969.168,2542084.031,424664.808,0.945996817,1611.270157,1.398648453
490469.765,5327969.168,2545361.913,424828.2187,0.940683103,2194.660343,2.445973262
491469.765,5327969.168,2548639.796,424991.6295,0.966953689,1183.924367,1.255409193
492469.765,5327969.168,2551917.679,425155.0404,0.943741353,1076.265987,5.130828738
493469.765,5327969.168,2555195.563,425318.4515,0.964938658,2225.314744,7.632748689
494469.765,5327969.168,2558473.447,425481.8627,0.929763637,3340.110889,9.660727262
495469.765,5327969.168,2561751.332,425645.2741,0.95872959,1407.107527,2.994428843
496469.765,5327969.168,2565029.217,425808.6856,0.870511543,1133.80634,11.26920067
399469.765,5326969.168,2247251.279,406681.5654,0.93962695,3213.622382,0.437777668
400469.765,5326969.168,2250528.763,406844.9354,0.969058301,2354.715352,0.376659542
401469.765,5326969.168,2253806.255,407008.306,0.969006277,3699.497996,0.235246152
402469.765,5326969.168,2257083.755,407171.6773,0.857719904,2040.346273,0
403469.765,5326969.168,2260361.263,407335.0493,0.702505937,841.9923386,0
404469.765,5326969.168,2263638.779,407498.4219,0.658684551,638.1045048,0
405469.765,5326969.168,2266916.302,407661.7951,0.681672055,2025.92479,3.530719817
406469.765,5326969.168,2270193.833,407825.169,0.507091369,1549.846462,3.530719817
407469.765,5326969.168,2273471.371,407988.5435,0.095962154,148.813856,0.00373358
408469.765,5326969.168,2276748.917,408151.9186,0.164341382,2014.754738,1.267279256
409469.765,5326969.168,2280026.47,408315.2944,0.509762263,4738.553451,2.136282702
410469.765,5326969.168,2283304.031,408478.6707,0.74305425,4266.617615,0.723258921
411469.765,5326969.168,2286581.599,408642.0477,0.369368612,2513.319002,0.841437817
412469.765,5326969.168,2289859.173,408805.4253,0.131590735,2682.721443,0.430020571
413469.765,5326969.168,2293136.755,408968.8035,0.255729387,3359.072353,0.457859825
414469.765,5326969.168,2296414.344,409132.1823,0.262276945,2677.747403,0.784773396
415469.765,5326969.168,2299691.94,409295.5617,0.275888847,1007.820223,0.704121277
416469.765,5326969.168,2302969.542,409458.9416,0.476071322,422.0774982,0.434606273
417469.765,5326969.168,2306247.151,409622.3222,0.496152856,277.080292,0
418469.765,5326969.168,2309524.767,409785.7033,0.645544433,278.8898815,0
419469.765,5326969.168,2312802.39,409949.085,0.81245294,559.1703136,0
420469.765,5326969.168,2316080.018,410112.4672,0.885241703,2500.137416,0
421469.765,5326969.168,2319357.654,410275.8501,0.700210979,2552.966114,0
422469.765,5326969.168,2322635.295,410439.2334,0.591900643,1507.240343,0
423469.765,5326969.168,2325912.943,410602.6173,0.74296814,2240.386521,0
424469.765,5326969.168,2329190.597,410766.0018,0.76678326,2681.390417,0
425469.765,5326969.168,2332468.257,410929.3868,0.913481754,2005.633613,0
426469.765,5326969.168,2335745.923,411092.7723,0.998263583,1395.475228,0
427469.765,5326969.168,2339023.595,411256.1584,0.996354136,897.9605767,0
428469.765,5326969.168,2342301.273,411419.545,0.998649379,268.4422551,0.002938669
429469.765,5326969.168,2345578.956,411582.9321,0.981347453,300.2976277,0.066070558
430469.765,5326969.168,2348856.645,411746.3197,0.929613692,1118.46646,0.155778704
431469.765,5326969.168,2352134.34,411909.7078,0.91993889,1917.021145,0.030683293
432469.765,5326969.168,2355412.04,412073.0965,0.865258114,1681.972678,0.020594681
433469.765,5326969.168,2358689.746,412236.4856,0.836478311,2103.343966,0
434469.765,5326969.168,2361967.457,412399.8752,0.936281458,2104.624749,0.67861861
435469.765,5326969.168,2365245.173,412563.2653,0.961437611,1628.663509,1.094544977
436469.765,5326969.168,2368522.895,412726.6559,0.922789943,1668.198287,1.429493979
437469.765,5326969.168,2371800.621,412890.047,0.957487321,1175.220987,2.243228035
438469.765,5326969.168,2375078.353,413053.4385,0.986897754,778.8480044,1.656518715
439469.765,5326969.168,2378356.089,413216.8306,0.928768831,1491.924453,2.336567159
440469.765,5326969.168,2381633.831,413380.223,0.90082069,1823.816226,3.808871443
441469.765,5326969.168,2384911.577,413543.616,0.645643195,3652.242883,3.824428837
442469.765,5326969.168,2388189.328,413707.0094,0.271143086,6004.013666,10.06784812
443469.765,5326969.168,2391467.083,413870.4032,0.473666488,6538.735471,7.483637026
444469.765,5326969.168,2394744.843,414033.7975,0.875214471,3954.969217,6.96728049
445469.765,5326969.168,2398022.608,414197.1923,0.935684093,2630.130879,4.565249075
446469.765,5326969.168,2401300.377,414360.5874,0.903343835,2038.717514,0.633900618
447469.765,5326969.168,2404578.15,414523.983,0.919926447,2329.123155,0.564089809
448469.765,5326969.168,2407855.927,414687.3791,0.715519285,2964.951331,2.396595035
449469.765,5326969.168,2411133.709,414850.7755,0.780666541,1797.727853,2.994364192
450469.765,5326969.168,2414411.495,415014.1724,0.992909174,512.9834153,2.147115138
451469.765,5326969.168,2417689.284,415177.5697,0.992885499,1487.251459,1.864066541
452469.765,5326969.168,2420967.078,415340.9674,0.937186209,5016.650374,14.745189
453469.765,5326969.168,2424244.875,415504.3655,0.905607197,4786.312705,23.17290093
454469.765,5326969.168,2427522.676,415667.7639,0.943098796,3470.326103,19.0847427
455469.765,5326969.168,2430800.481,415831.1628,0.891359008,3423.722455,3.554737583
456469.765,5326969.168,2434078.289,415994.5621,0.856268519,2044.962281,4.025302126
457469.765,5326969.168,2437356.101,416157.9617,0.88956912,2330.987063,27.03466201
458469.765,5326969.168,2440633.916,416321.3618,0.938425284,2905.431719,7.423166712
459469.765,5326969.168,2443911.735,416484.7622,0.972970936,1843.202259,3.449156014
460469.765,5326969.168,2447189.556,416648.163,0.999103749,1390.072886,0.972495693
461469.765,5326969.168,2450467.381,416811.5641,0.979499593,1561.375319,0
462469.765,5326969.168,2453745.209,416974.9656,0.971328506,1719.242667,0
463469.765,5326969.168,2457023.04,417138.3675,0.980083328,1292.29194,0
464469.765,5326969.168,2460300.874,417301.7697,0.996021615,802.0482016,0
465469.765,5326969.168,2463578.711,417465.1723,0.969518551,1186.808759,0.041914778
466469.765,5326969.168,2466856.551,417628.5752,0.953239577,1466.160714,0.008440299
467469.765,5326969.168,2470134.393,417791.9784,0.992598126,2199.234287,0.822393583
468469.765,5326969.168,2473412.238,417955.382,0.994047211,1997.320641,0.781368763
469469.765,5326969.168,2476690.086,418118.7859,0.994682197,1160.146319,0.074143147
470469.765,5326969.168,2479967.935,418282.1901,0.997889856,1926.018215,0.089950867
471469.765,5326969.168,2483245.788,418445.5947,0.994515511,2010.934925,4.662167005
472469.765,5326969.168,2486523.642,418608.9996,0.88949224,3008.273423,8.773286247
473469.765,5326969.168,2489801.499,418772.4047,0.828293037,3710.490343,7.244452397
474469.765,5326969.168,2493079.358,418935.8102,0.983182505,2944.811146,2.924696059
475469.765,5326969.168,2496357.219,419099.216,0.974899462,5020.251549,2.223717897
476469.765,5326969.168,2499635.082,419262.6221,0.950363514,6927.83233,3.527667875
477469.765,5326969.168,2502912.946,419426.0285,0.947875942,6930.702318,4.642931893
478469.765,5326969.168,2506190.813,419589.4352,0.823256073,6979.819027,7.213544846
479469.765,5326969.168,2509468.681,419752.8422,0.716215512,6455.435986,18.90212326
480469.765,5326969.168,2512746.551,419916.2494,0.834109871,4542.567159,23.3443807
481469.765,5326969.168,2516024.423,420079.6569,0.867102994,3419.102751,19.23439614
482469.765,5326969.168,2519302.296,420243.0647,0.861146215,1809.453899,10.76331791
483469.765,5326969.168,2522580.17,420406.4728,0.903988822,2155.20689,12.84050501
484469.765,5326969.168,2525858.046,420569.8811,0.922674743,2607.270556,9.629328574
485469.765,5326969.168,2529135.923,420733.2897,0.959692974,1658.541841,3.026993603
486469.765,5326969.168,2532413.801,420896.6986,0.954936248,1340.038258,1.980730498
487469.765,5326969.168,2535691.68,421060.1077,0.888206425,2547.384433,2.766837498
488469.765,5326969.168,2538969.56,421223.517,0.895928832,1551.609124,2.494665027
489469.765,5326969.168,2542247.442,421386.9266,0.945454808,971.0834094,1.108604133
490469.765,5326969.168,2545525.324,421550.3364,0.921058245,1581.908312,0
491469.765,5326969.168,2548803.206,421713.7465,0.915914154,1288.397704,2.946896642
492469.765,5326969.168,2552081.09,421877.1568,0.94720027,1834.339592,7.792388439
493469.765,5326969.168,2555358.974,422040.5673,0.952287653,3260.498907,13.24038442
494469.765,5326969.168,2558636.858,422203.9781,0.890851433,4090.293496,10.71175894
495469.765,5326969.168,2561914.743,422367.389,0.849643874,1976.458903,3.085552144
399469.765,5325969.168,2247414.645,403404.085,0.894059031,1803.362271,0
400469.765,5325969.168,2250692.129,403567.4469,0.897890066,2118.818812,3.205226779
401469.765,5325969.168,2253969.622,403730.8096,0.929718004,2586.476399,2.262371033
402469.765,5325969.168,2257247.123,403894.173,0.855498029,795.7533722,0
403469.765,5325969.168,2260524.632,404057.5372,0.739604681,504.8644902,0.129559413
404469.765,5325969.168,2263802.148,404220.902,0.457208348,1222.874818,0.651943035
405469.765,5325969.168,2267079.672,404384.2676,0.655727349,2389.594052,0.659951316
406469.765,5325969.168,2270357.203,404547.634,0.612804805,1853.862767,3.123160005
407469.765,5325969.168,2273634.742,404711.001,0.137101995,457.1442886,0
408469.765,5325969.168,2276912.289,404874.3687,0.346695212,867.609614,1.103635019
409469.765,5325969.168,2280189.843,405037.7372,0.680552639,3811.404593,1.0040824
410469.765,5325969.168,2283467.404,405201.1063,0.743998701,5217.089982,2.747695514
411469.765,5325969.168,2286744.972,405364.4762,0.409419244,4249.329262,0.743546883
412469.765,5325969.168,2290022.548,405527.8467,0.097354669,3585.017493,1.867889836
413469.765,5325969.168,2293300.13,405691.2179,0.198301766,2976.121516,1.400000891
414469.765,5325969.168,2296577.72,405854.5897,0.187735116,3143.430654,0.090430818
415469.765,5325969.168,2299855.316,406017.9623,0.277770704,2355.302699,0.549284697
416469.765,5325969.168,2303132.919,406181.3355,0.600022837,1960.474626,0.363518432
417469.765,5325969.168,2306410.529,406344.7094,0.552558001,438.7392336,8.90E-14
418469.765,5325969.168,2309688.145,406508.0839,0.559144065,262.5979231,0
419469.765,5325969.168,2312965.768,406671.4591,0.660522086,624.6393443,0
420469.765,5325969.168,2316243.398,406834.8349,0.821723214,2843.152305,0
421469.765,5325969.168,2319521.034,406998.2114,0.726340767,3572.86227,0
422469.765,5325969.168,2322798.676,407161.5885,0.66176768,2460.045198,0
423469.765,5325969.168,2326076.324,407324.9662,0.614412797,2166.774517,0
424469.765,5325969.168,2329353.979,407488.3445,0.461533575,1244.338377,0
425469.765,5325969.168,2332631.639,407651.7235,0.64177408,1966.017857,0
426469.765,5325969.168,2335909.306,407815.1031,0.954617988,2121.123587,0
427469.765,5325969.168,2339186.978,407978.4833,0.994716472,1048.653482,0
428469.765,5325969.168,2342464.657,408141.8641,0.991519049,716.0505567,0.111925891
429469.765,5325969.168,2345742.341,408305.2455,0.969425261,1193.618527,0.904156809
430469.765,5325969.168,2349020.03,408468.6275,0.966751796,1348.506285,1.41601789
431469.765,5325969.168,2352297.726,408632.0101,0.970326128,1322.027322,0.19973616
432469.765,5325969.168,2355575.426,408795.3932,0.938865633,995.3624932,0.068364963
433469.765,5325969.168,2358853.133,408958.777,0.959216423,1506.306557,0
434469.765,5325969.168,2362130.844,409122.1613,0.988240663,1159.113239,0
435469.765,5325969.168,2365408.561,409285.5462,0.986944978,1461.622607,1.489615768
436469.765,5325969.168,2368686.283,409448.9316,0.971237449,2877.584974,1.093708813
437469.765,5325969.168,2371964.01,409612.3176,0.959217367,3085.743076,1.367548091
438469.765,5325969.168,2375241.742,409775.7042,0.976674471,1284.031711,0.688468706
439469.765,5325969.168,2378519.479,409939.0913,0.947105129,987.5768459,0.067098775
440469.765,5325969.168,2381797.221,410102.479,0.932378151,2315.132822,1.682096857
441469.765,5325969.168,2385074.968,410265.8672,0.875926969,3708.649097,2.500230685
442469.765,5325969.168,2388352.719,410429.2559,0.746505951,4300.118783,6.173204669
443469.765,5325969.168,2391630.475,410592.6452,0.68339523,5468.881399,2.975339687
444469.765,5325969.168,2394908.236,410756.035,0.888636694,3492.060452,3.244050777
445469.765,5325969.168,2398186.001,410919.4253,0.853910275,2562.430523,1.510185607
446469.765,5325969.168,2401463.77,411082.8162,0.800360674,2743.469912,0.853028916
447469.765,5325969.168,2404741.544,411246.2075,0.905680053,3011.16536,0.820344607
448469.765,5325969.168,2408019.322,411409.5993,0.614517852,3829.744118,2.161285539
449469.765,5325969.168,2411297.104,411572.9917,0.68988831,2131.606817,0.54636095
450469.765,5325969.168,2414574.89,411736.3846,0.975983545,670.2025501,1.555863505
451469.765,5325969.168,2417852.68,411899.7779,0.961516649,2554.724986,14.3587325
452469.765,5325969.168,2421130.474,412063.1717,0.829785178,6035.419814,26.62202979
453469.765,5325969.168,2424408.271,412226.566,0.84648336,5227.396863,19.71218604
454469.765,5325969.168,2427686.073,412389.9608,0.926243614,2990.119832,6.910131813
455469.765,5325969.168,2430963.878,412553.3561,0.853614727,2644.192168,0
456469.765,5325969.168,2434241.687,412716.7518,0.931708705,954.1656956,2.78752176
457469.765,5325969.168,2437519.499,412880.148,0.98505019,798.3015671,4.078738228
458469.765,5325969.168,2440797.315,413043.5447,0.964029597,2687.257106,7.329854767
459469.765,5325969.168,2444075.134,413206.9418,0.989034847,2160.554441,2.429845354
460469.765,5325969.168,2447352.956,413370.3394,0.999284019,1084.528285,0.231218688
461469.765,5325969.168,2450630.781,413533.7374,0.982812361,1155.799344,0
462469.765,5325969.168,2453908.61,413697.1359,0.965592901,1667.903208,0
463469.765,5325969.168,2457186.441,413860.5348,0.978033228,1256.43128,0
464469.765,5325969.168,2460464.275,414023.9341,0.989190276,905.7265767,0
465469.765,5325969.168,2463742.113,414187.3338,0.995340444,979.908113,0.005602369
466469.765,5325969.168,2467019.953,414350.734,0.992533081,350.2874317,0.551680052
467469.765,5325969.168,2470297.795,414514.1346,0.976841209,1527.184105,1.834164432
468469.765,5325969.168,2473575.641,414677.5356,0.989174897,1689.366023,2.094940603
469469.765,5325969.168,2476853.488,414840.937,0.999392939,1057.294792,0
470469.765,5325969.168,2480131.339,415004.3389,0.997742662,2009.172225,0
471469.765,5325969.168,2483409.191,415167.7411,0.987730761,2140.455856,2.202628147
472469.765,5325969.168,2486687.046,415331.1437,0.942816156,1955.909091,3.456940504
473469.765,5325969.168,2489964.903,415494.5467,0.939623264,2585.857117,8.531685782
474469.765,5325969.168,2493242.762,415657.9502,0.978293447,3227.078353,6.926277942
475469.765,5325969.168,2496520.624,415821.3539,0.959141642,6050.859537,2.805873129
476469.765,5325969.168,2499798.487,415984.7581,0.958493322,5910.485324,3.296446502
477469.765,5325969.168,2503076.352,416148.1627,0.99943847,3461.167548,2.257142062
478469.765,5325969.168,2506354.219,416311.5676,0.983221743,3705.636794,2.575874488
479469.765,5325969.168,2509632.088,416474.9729,0.985438315,3362.710354,0.541275024
480469.765,5325969.168,2512909.958,416638.3785,0.978396749,1989.397123,0.496420085
481469.765,5325969.168,2516187.83,416801.7845,0.845494152,1748.381395,7.221456528
482469.765,5325969.168,2519465.703,416965.1909,0.878456379,1315.364448,1.846902013
483469.765,5325969.168,2522743.578,417128.5976,0.971215572,2217.318124,3.363988723
484469.765,5325969.168,2526021.454,417292.0046,0.909684831,2631.619795,4.399788226
485469.765,5325969.168,2529299.331,417455.412,0.899885045,1725.287824,3.322932741
486469.765,5325969.168,2532577.209,417618.8197,0.94420774,1552.563388,1.933900589
487469.765,5325969.168,2535855.089,417782.2278,0.888265842,2155.526325,2.056498859
488469.765,5325969.168,2539132.969,417945.6362,0.804171873,1941.630946,1.431663074
489469.765,5325969.168,2542410.851,418109.0449,0.854276637,2052.5031,1.516284476
490469.765,5325969.168,2545688.733,418272.4539,0.862752443,2522.985058,1.995881796
399469.765,5324969.168,2247578.002,400126.6038,0.880350317,2602.808109,0.010943767
400469.765,5324969.168,2250855.488,400289.9577,0.871209863,3123.32792,6.081374645
401469.765,5324969.168,2254132.981,400453.3124,0.801741203,3149.190997,6.081374645
402469.765,5324969.168,2257410.483,400616.668,0.726749295,1596.811146,0
403469.765,5324969.168,2260687.992,400780.0243,0.784092022,892.0036423,0
404469.765,5324969.168,2263965.509,400943.3815,0.569403644,2219.50802,1.174326658
405469.765,5324969.168,2267243.034,401106.7395,0.653979964,2799.71564,0.641251548
406469.765,5324969.168,2270520.566,401270.0982,0.637484412,1387.025319,0.07585045
407469.765,5324969.168,2273798.106,401433.4578,0.135822963,201.5981411,0.07585045
408469.765,5324969.168,2277075.653,401596.8182,0.497353253,401.9336372,0.004768463
409469.765,5324969.168,2280353.208,401760.1793,0.780890718,3554.102204,3.335640721
410469.765,5324969.168,2283630.77,401923.5412,0.571116109,5925.473108,16.09375727
411469.765,5324969.168,2286908.339,402086.9039,0.285160157,5152.908543,8.585479677
412469.765,5324969.168,2290185.915,402250.2673,0.150524569,3469.057482,1.879107157
413469.765,5324969.168,2293463.498,402413.6316,0.166447172,2105.06708,0.848455729
414469.765,5324969.168,2296741.088,402576.9965,0.165934158,1976.409505,0.38388056
415469.765,5324969.168,2300018.686,402740.3622,0.319345733,2645.032423,0.777228778
416469.765,5324969.168,2303296.289,402903.7287,0.682705076,2666.46329,0.666086942
417469.765,5324969.168,2306573.9,403067.0959,0.706417224,673.6065962,0.292319059
418469.765,5324969.168,2309851.517,403230.4638,0.595194125,150.6023679,0
419469.765,5324969.168,2313129.141,403393.8325,0.487347722,436.8674567,0
420469.765,5324969.168,2316406.771,403557.2019,0.632840092,1425.860605,0
421469.765,5324969.168,2319684.407,403720.572,0.551486068,1171.813559,0
422469.765,5324969.168,2322962.05,403883.9429,0.557730274,678.8872085,0
423469.765,5324969.168,2326239.699,404047.3144,0.435112726,448.1412409,0
424469.765,5324969.168,2329517.354,404210.6867,0.284189949,100.7187443,0
425469.765,5324969.168,2332795.015,404374.0596,0.490186286,990.7531899,0
426469.765,5324969.168,2336072.683,404537.4332,0.789036415,2322.993444,0
427469.765,5324969.168,2339350.356,404700.8076,0.965273708,2384.747859,0.505391061
428469.765,5324969.168,2342628.035,404864.1826,0.988930735,1771.503188,1.87670809
429469.765,5324969.168,2345905.719,405027.5583,0.938799667,1723.477492,2.537082547
430469.765,5324969.168,2349183.41,405190.9347,0.875230803,1870.545173,2.375125173
431469.765,5324969.168,2352461.106,405354.3117,0.848506303,1414.651366,0.871578828
432469.765,5324969.168,2355738.807,405517.6894,0.708962491,2593.981785,1.667170448
433469.765,5324969.168,2359016.514,405681.0678,0.758816762,3168.864407,4.133532524
434469.765,5324969.168,2362294.226,405844.4468,0.897092068,1491.992529,0
435469.765,5324969.168,2365571.943,406007.8265,0.992840499,978.0379562,0
436469.765,5324969.168,2368849.666,406171.2068,0.999489073,2011.915526,0.606787652
437469.765,5324969.168,2372127.394,406334.5877,0.987872389,2865.934014,1.31518599
438469.765,5324969.168,2375405.126,406497.9693,0.972963374,1398.711423,1.295793605
439469.765,5324969.168,2378682.864,406661.3515,0.985871372,833.0393514,1.018331671
440469.765,5324969.168,2381960.607,406824.7344,0.980411317,1398.73456,2.051970561
441469.765,5324969.168,2385238.354,406988.1179,0.910380474,3517.366454,2.881370451
442469.765,5324969.168,2388516.106,407151.5019,0.764369126,5198.412418,4.195920748
443469.765,5324969.168,2391793.862,407314.8866,0.765112018,5663.528769,6.822412223
444469.765,5324969.168,2395071.624,407478.2719,0.914598773,3451.079767,1.447963312
445469.765,5324969.168,2398349.389,407641.6578,0.916864135,2043.287536,0.923500752
446469.765,5324969.168,2401627.159,407805.0443,0.902403733,3023.382932,1.963718643
447469.765,5324969.168,2404904.933,407968.4314,0.965018864,3428.377693,2.285606225
448469.765,5324969.168,2408182.712,408131.8191,0.865070611,3924.392994,2.979084671
449469.765,5324969.168,2411460.494,408295.2074,0.895652329,3640.798103,1.264093773
450469.765,5324969.168,2414738.281,408458.5962,0.990555022,2916.33722,0.80117251
451469.765,5324969.168,2418016.071,408621.9856,0.917449825,4078.886136,16.32039704
452469.765,5324969.168,2421293.866,408785.3756,0.714417807,6527.00328,53.7908614
453469.765,5324969.168,2424571.664,408948.7662,0.666102083,6050.613926,29.42909631
454469.765,5324969.168,2427849.466,409112.1573,0.868034754,2514.702604,0.1038483
455469.765,5324969.168,2431127.272,409275.5489,0.881525344,2036.714156,12.81670952
456469.765,5324969.168,2434405.081,409438.9411,0.958591062,1906.400765,4.768500805
457469.765,5324969.168,2437682.894,409602.3339,0.96125252,1970.184503,4.018488147
458469.765,5324969.168,2440960.71,409765.7272,0.9475202,3273.60186,13.26408033
459469.765,5324969.168,2444238.529,409929.121,0.961871008,2950.508304,8.541942605
460469.765,5324969.168,2447516.352,410092.5154,0.994387082,1080.843066,1.535106366
461469.765,5324969.168,2450794.178,410255.9103,0.984736457,1419.176578,0.003425614
462469.765,5324969.168,2454072.007,410419.3057,0.932484787,2154.295479,0
463469.765,5324969.168,2457349.839,410582.7016,0.977592438,1685.672251,0.322485685
464469.765,5324969.168,2460627.673,410746.098,0.979934544,1591.658283,2.523202658
465469.765,5324969.168,2463905.511,410909.495,0.996453037,873.5948653,1.033886172
466469.765,5324969.168,2467183.352,411072.8924,0.946671242,543.7343294,2.152147729
467469.765,5324969.168,2470461.195,411236.2904,0.892244693,1380.362725,3.512470543
468469.765,5324969.168,2473739.041,411399.6888,0.957284402,1480.015673,2.458021894
469469.765,5324969.168,2477016.889,411563.0878,0.997275271,949.7600219,0.24606128
470469.765,5324969.168,2480294.739,411726.4872,0.99668428,993.6328652,1.984614464
471469.765,5324969.168,2483572.593,411889.8871,0.994908533,1332.404745,1.519066417
472469.765,5324969.168,2486850.448,412053.2875,0.99195181,927.9691662,0.413110464
473469.765,5324969.168,2490128.305,412216.6884,0.948882092,1703.589898,9.988279872
474469.765,5324969.168,2493406.165,412380.0897,0.870650189,4776.318273,12.81416624
475469.765,5324969.168,2496684.027,412543.4915,0.918270868,6895.940222,10.5604372
476469.765,5324969.168,2499961.89,412706.8937,0.964064144,4410.74613,4.686780357
477469.765,5324969.168,2503239.756,412870.2964,0.934359956,2821.633267,1.077338696
478469.765,5324969.168,2506517.623,413033.6996,0.947641355,2469.707459,0.541275024
479469.765,5324969.168,2509795.492,413197.1032,0.895463014,1690.97577,5.255098919
480469.765,5324969.168,2513073.363,413360.5073,0.872749398,1581.509382,5.715338558
481469.765,5324969.168,2516351.235,413523.9117,0.725629659,1938.306249,9.511082778
482469.765,5324969.168,2519629.109,413687.3167,0.817403292,1754.127985,8.553567678
483469.765,5324969.168,2522906.984,413850.722,0.976910094,2033.21705,1.754433394
484469.765,5324969.168,2526184.86,414014.1278,0.963358419,2289.826888,2.703526467
485469.765,5324969.168,2529462.738,414177.534,0.934147662,1436.71069,2.006816245
486469.765,5324969.168,2532740.617,414340.9406,0.988877495,572.5389942,0.168039363
487469.765,5324969.168,2536018.497,414504.3476,0.955245731,1204.264481,0.514211754
488469.765,5324969.168,2539296.378,414667.7551,0.921512376,1702.033698,0.278356646
489469.765,5324969.168,2542574.259,414831.1629,0.917536308,2681.667943,1.232207661
490469.765,5324969.168,2545852.142,414994.5711,0.906904488,3138.747585,5.550274293
399469.765,5323969.168,2247741.352,396849.1218,0.879438025,2879.137816,0.010943767
400469.765,5323969.168,2251018.838,397012.4677,0.847950356,2111.57075,0.007385168
401469.765,5323969.168,2254296.332,397175.8145,0.800230513,2414.021696,6.081374645
402469.765,5323969.168,2257573.835,397339.1621,0.70239063,2491.417927,0.30509463
403469.765,5323969.168,2260851.345,397502.5107,0.846351883,2382.259199,0.152547315
404469.765,5323969.168,2264128.863,397665.8602,0.837802598,2725.370128,0.692123016
405469.765,5323969.168,2267406.389,397829.2105,0.641916412,1844.997451,0.70948206
406469.765,5323969.168,2270683.922,397992.5617,0.327108353,600.7186076,0.07585045
407469.765,5323969.168,2273961.462,398155.9138,0.121858468,93.94881603,0.07585045
408469.765,5323969.168,2277239.01,398319.2668,0.62857547,1615.112265,0.004768463
409469.765,5323969.168,2280516.566,398482.6206,0.863702481,4328.880168,0.053182011
410469.765,5323969.168,2283794.129,398645.9753,0.634744418,4404.301677,0.101595558
411469.765,5323969.168,2287071.698,398809.3309,0.370299247,3910.518971,0.024556234
412469.765,5323969.168,2290349.275,398972.6872,0.47983915,3039.384924,0.061162611
413469.765,5323969.168,2293626.859,399136.0445,0.651429826,1454.695589,0.881415329
414469.765,5323969.168,2296904.45,399299.4025,0.460409186,2685.116393,0.445498998
415469.765,5323969.168,2300182.048,399462.7614,0.388772373,4139.68561,1.952129415
416469.765,5323969.168,2303459.653,399626.1212,0.770801968,3247.943523,2.644254049
417469.765,5323969.168,2306737.264,399789.4817,0.899852688,960.0620903,1.197894116
418469.765,5323969.168,2310014.882,399952.8431,0.76788275,123.5604956,0
419469.765,5323969.168,2313292.506,400116.2052,0.529003466,343.1575879,0
420469.765,5323969.168,2316570.137,400279.5682,0.674448993,1195.891035,0
421469.765,5323969.168,2319847.775,400442.932,0.637143571,1480.682207,0
422469.765,5323969.168,2323125.418,400606.2966,0.614938465,1876.507934,0
423469.765,5323969.168,2326403.068,400769.6619,0.58965663,1304.948695,0
424469.765,5323969.168,2329680.724,400933.0281,0.438244048,219.7083942,0
425469.765,5323969.168,2332958.386,401096.395,0.548756546,419.5369054,0
426469.765,5323969.168,2336236.054,401259.7627,0.700121114,890.5328839,0
427469.765,5323969.168,2339513.728,401423.1312,0.910808856,1954.632471,0
428469.765,5323969.168,2342791.407,401586.5004,0.986034603,2572.677114,2.281209514
429469.765,5323969.168,2346069.093,401749.8704,0.888704696,2301.846658,1.848331625
430469.765,5323969.168,2349346.784,401913.2412,0.842975746,2340.577,1.690684148
431469.765,5323969.168,2352624.48,402076.6127,0.754296854,2673.766035,1.214084674
432469.765,5323969.168,2355902.182,402239.9849,0.607513589,3532.744627,1.9694989
433469.765,5323969.168,2359179.89,402403.3579,0.615385442,4184.508376,1.681147844
434469.765,5323969.168,2362457.603,402566.7317,0.796897693,2604.009296,0.913728058
435469.765,5323969.168,2365735.321,402730.1061,0.970079493,618.9978102,0
436469.765,5323969.168,2369013.044,402893.4813,0.992178469,566.5612115,1.745129347
437469.765,5323969.168,2372290.773,403056.8572,0.976748812,1855.975023,2.923151302
438469.765,5323969.168,2375568.506,403220.2338,0.933058175,1695.617599,5.403160065
439469.765,5323969.168,2378846.244,403383.6111,0.924471989,1251.216979,3.1848598
440469.765,5323969.168,2382123.987,403546.9892,0.975391032,1318.93422,1.953339076
441469.765,5323969.168,2385401.735,403710.3679,0.848468966,2752.102751,3.347504656
442469.765,5323969.168,2388679.488,403873.7473,0.712321609,5028.339774,6.399082627
443469.765,5323969.168,2391957.245,404037.1275,0.701264716,6361.229759,16.86962446
444469.765,5323969.168,2395235.007,404200.5083,0.826180882,4934.959358,50.46636956
445469.765,5323969.168,2398512.773,404363.8898,0.907882684,4226.142025,26.75224239
446469.765,5323969.168,2401790.544,404527.272,0.934288646,4937.015127,7.753719911
447469.765,5323969.168,2405068.318,404690.6548,0.959752797,4826.374818,1.590181872
448469.765,5323969.168,2408346.098,404854.0383,0.866705195,5230.284541,1.888596674
449469.765,5323969.168,2411623.881,405017.4225,0.832348746,6000.56242,7.563111009
450469.765,5323969.168,2414901.668,405180.8073,0.94922561,5561.126548,2.979262471
451469.765,5323969.168,2418179.459,405344.1928,0.831799323,5996.041348,43.05049984
452469.765,5323969.168,2421457.254,405507.5789,0.606281366,7481.406996,90.12816127
453469.765,5323969.168,2424735.053,405670.9657,0.519623959,7610.999636,118.2114832
454469.765,5323969.168,2428012.856,405834.3531,0.747063366,4520.529615,35.62735783
455469.765,5323969.168,2431290.662,405997.7412,0.888958072,3451.455242,9.556309283
456469.765,5323969.168,2434568.472,406161.1299,0.953935718,2804.690611,4.349310483
457469.765,5323969.168,2437846.285,406324.5192,0.941093224,2782.186919,2.836028525
458469.765,5323969.168,2441124.102,406487.9091,0.920243568,3788.717879,8.867691044
459469.765,5323969.168,2444401.922,406651.2997,0.900831607,4088.160036,10.83761842
460469.765,5323969.168,2447679.745,406814.6908,0.960496847,2382.739051,5.009952074
461469.765,5323969.168,2450957.571,406978.0826,0.971987165,715.9258247,0.476329142
462469.765,5323969.168,2454235.401,407141.475,0.863944319,1671.738932,2.747366905
463469.765,5323969.168,2457513.233,407304.8679,0.9155591,1740.006741,3.397187281
464469.765,5323969.168,2460791.069,407468.2615,0.930239494,1633.040809,3.241480451
465469.765,5323969.168,2464068.907,407631.6556,0.990971891,873.8741348,0.981834881
466469.765,5323969.168,2467346.748,407795.0504,0.915796289,1443.49025,3.738511004
467469.765,5323969.168,2470624.592,407958.4457,0.827464869,2382.091589,6.699908018
468469.765,5323969.168,2473902.438,408121.8416,0.889104366,1482.678578,4.182443812
469469.765,5323969.168,2477180.287,408285.238,0.965741194,933.368258,0.964918522
470469.765,5323969.168,2480458.138,408448.6351,0.977484905,1672.831055,2.777006269
471469.765,5323969.168,2483735.992,408612.0327,0.871203555,1831.432245,6.059692485
472469.765,5323969.168,2487013.847,408775.4308,0.857237679,1379.564004,4.209627103
473469.765,5323969.168,2490291.705,408938.8295,0.809609477,3605.804411,8.380632234
474469.765,5323969.168,2493569.566,409102.2288,0.60838258,7271.061384,21.95731661
475469.765,5323969.168,2496847.428,409265.6286,0.803783568,6562.037536,17.10193069
476469.765,5323969.168,2500125.292,409429.0289,0.898336718,3381.674499,8.51091436
477469.765,5323969.168,2503403.158,409592.4298,0.841105721,3519.664359,4.179744864
478469.765,5323969.168,2506681.026,409755.8312,0.819116849,3169.30988,2.47792993
479469.765,5323969.168,2509958.895,409919.2331,0.664742427,1738.280343,4.235377818
480469.765,5323969.168,2513236.766,410082.6356,0.669712611,2039.240066,6.741404548
481469.765,5323969.168,2516514.639,410246.0385,0.736605769,2529.421379,8.758597056
482469.765,5323969.168,2519792.513,410409.442,0.864278708,1751.438309,10.1436768
483469.765,5323969.168,2523070.389,410572.846,0.941406733,1672.543118,5.195607386
484469.765,5323969.168,2526348.266,410736.2505,0.931033023,2584.042654,4.165801247
485469.765,5323969.168,2529626.144,410899.6555,0.96295022,1736.213856,1.83390686
486469.765,5323969.168,2532904.023,411063.061,0.985081593,1164.181338,1.553500152
487469.765,5323969.168,2536181.903,411226.467,0.952157143,2061.741254,1.607622529
488469.765,5323969.168,2539459.785,411389.8735,0.958847583,2789.612316,0.805684382
489469.765,5323969.168,2542737.667,411553.2805,0.971996088,2576.11263,0.325171994
399469.765,5322969.168,2247904.693,393571.6389,0.436582549,1103.213052,0
400469.765,5322969.168,2251182.18,393734.9767,0.453556424,246.3453683,0
401469.765,5322969.168,2254459.676,393898.3156,0.558180041,441.5133115,0
402469.765,5322969.168,2257737.179,394061.6554,0.574163992,782.7707575,0
403469.765,5322969.168,2261014.69,394224.9962,0.581783305,1719.128369,0.30509463
404469.765,5322969.168,2264292.209,394388.3379,0.545400845,1757.130649,0.902042389
405469.765,5322969.168,2267569.736,394551.6807,0.236357647,650.5585717,0
406469.765,5322969.168,2270847.27,394715.0244,0.134140345,57.90592525,0.07585045
407469.765,5322969.168,2274124.811,394878.369,0.464462547,365.7007845,0
408469.765,5322969.168,2277402.36,395041.7146,0.789411069,3025.497812,0.518597566
409469.765,5322969.168,2280679.917,395205.0611,0.793090274,3947.766849,0.600171947
410469.765,5322969.168,2283957.48,395368.4086,0.630720117,1121.321787,0.584058935
411469.765,5322969.168,2287235.051,395531.757,0.554283745,2138.082544,0.480669457
412469.765,5322969.168,2290512.629,395695.1063,0.727263084,1739.908279,0.024556234
413469.765,5322969.168,2293790.214,395858.4566,0.934490199,664.3759111,0
414469.765,5322969.168,2297067.805,396021.8077,0.615859917,3727.102059,0.830099486
415469.765,5322969.168,2300345.404,396185.1598,0.360366703,5362.197086,2.594982401
416469.765,5322969.168,2303623.01,396348.5128,0.738121516,3430.237202,4.518893123
417469.765,5322969.168,2306900.622,396511.8667,0.907345405,1703.45327,1.755149871
418469.765,5322969.168,2310178.24,396675.2215,0.795285422,1163.90609,0
419469.765,5322969.168,2313455.866,396838.5771,0.584389251,470.8200402,0
420469.765,5322969.168,2316733.497,397001.9337,0.730287285,991.1784542,0
421469.765,5322969.168,2320011.136,397165.2911,0.832713935,1965.958812,0
422469.765,5322969.168,2323288.78,397328.6495,0.850424502,2181.723164,0
423469.765,5322969.168,2326566.431,397492.0087,0.858640664,1349.405396,0
424469.765,5322969.168,2329844.087,397655.3687,0.755281904,223.9794021,0
425469.765,5322969.168,2333121.75,397818.7296,0.700657479,216.8527697,0
426469.765,5322969.168,2336399.419,397982.0914,0.815894031,66.52989428,0
427469.765,5322969.168,2339677.094,398145.454,0.98767253,284.4691943,0
428469.765,5322969.168,2342954.774,398308.8175,0.990000257,1229.252321,0.919459403
429469.765,5322969.168,2346232.46,398472.1818,0.920610588,2472.260022,2.253292263
430469.765,5322969.168,2349510.152,398635.5469,0.934527169,2599.531837,1.402431405
431469.765,5322969.168,2352787.849,398798.9129,0.97932115,2072.988137,0.669748545
432469.765,5322969.168,2356065.552,398962.2797,0.928222924,2060.879511,1.488202487
433469.765,5322969.168,2359343.261,399125.6473,0.917643551,2547.327564,1.205531016
434469.765,5322969.168,2362620.974,399289.0158,0.955178992,1878.848943,0.546292484
435469.765,5322969.168,2365898.693,399452.385,0.926795971,771.5730173,0.214660808
436469.765,5322969.168,2369176.417,399615.7551,0.765913177,1934.542472,1.54660055
437469.765,5322969.168,2372454.146,399779.1259,0.829543037,2722.873724,4.350095085
438469.765,5322969.168,2375731.88,399942.4976,0.898599679,2656.118826,7.375971834
439469.765,5322969.168,2379009.619,400105.87,0.76262734,2351.121516,6.129883448
440469.765,5322969.168,2382287.363,400269.2433,0.814172277,2187.897814,2.415449953
441469.765,5322969.168,2385565.112,400432.6173,0.896438534,2796.121809,6.358609872
442469.765,5322969.168,2388842.865,400595.9921,0.799523232,4061.172231,10.46988412
443469.765,5322969.168,2392120.623,400759.3676,0.7728932,5903.565614,21.16603041
444469.765,5322969.168,2395398.386,400922.7439,0.682411046,6927.038658,83.40922324
445469.765,5322969.168,2398676.153,401086.121,0.699766405,5534.311099,38.59386757
446469.765,5322969.168,2401953.924,401249.4989,0.896936948,4082.726991,5.381975548
447469.765,5322969.168,2405231.7,401412.8775,0.965387619,2918.543847,3.601196632
448469.765,5322969.168,2408509.479,401576.2568,0.872875835,3442.981772,5.00564869
449469.765,5322969.168,2411787.263,401739.6369,0.841488468,4335.748998,9.22426305
450469.765,5322969.168,2415065.051,401903.0178,0.867342241,3862.672681,3.553950377
451469.765,5322969.168,2418342.843,402066.3993,0.674557008,4928.429976,27.0167012
452469.765,5322969.168,2421620.639,402229.7816,0.425533877,6486.140047,110.8462944
453469.765,5322969.168,2424898.438,402393.1646,0.2982081,7083.272512,104.6653393
454469.765,5322969.168,2428176.242,402556.5484,0.667325025,5538.165693,52.10586804
455469.765,5322969.168,2431454.049,402719.9328,0.927135872,2566.748722,3.282453625
456469.765,5322969.168,2434731.859,402883.318,0.995011274,1202.461889,1.616704857
457469.765,5322969.168,2438009.673,403046.7039,0.980235325,763.0907104,0.940769583
458469.765,5322969.168,2441287.49,403210.0904,0.968099142,1327.281939,3.532364314
459469.765,5322969.168,2444565.311,403373.4777,0.903790512,2674.124294,6.667012756
460469.765,5322969.168,2447843.135,403536.8657,0.876638075,3410.778304,9.480421543
461469.765,5322969.168,2451120.962,403700.2543,0.830513662,2876.237245,7.269618647
462469.765,5322969.168,2454398.792,403863.6436,0.710776569,3058.043748,5.403502328
463469.765,5322969.168,2457676.625,404027.0337,0.676922106,2593.878346,8.092816693
464469.765,5322969.168,2460954.461,404190.4243,0.847982261,1320.490435,2.942846889
465469.765,5322969.168,2464232.3,404353.8157,0.906290714,1046.828353,2.371923462
466469.765,5322969.168,2467510.142,404517.2077,0.875144835,2721.003468,3.160120825
467469.765,5322969.168,2470787.986,404680.6004,0.901879128,2829.63973,3.363009095
468469.765,5322969.168,2474065.833,404843.9937,0.879839666,1233.871809,3.540852547
469469.765,5322969.168,2477343.682,405007.3877,0.877007352,1075.294697,1.99709717
470469.765,5322969.168,2480621.534,405170.7824,0.908289915,2109.452259,2.750868171
471469.765,5322969.168,2483899.388,405334.1776,0.693421161,2050.856439,10.85876882
472469.765,5322969.168,2487177.245,405497.5735,0.719129166,2142.585792,12.46502876
473469.765,5322969.168,2490455.103,405660.9701,0.702334555,4842.76581,12.47455267
474469.765,5322969.168,2493732.964,405824.3673,0.299760993,7672.670918,25.98265044
475469.765,5322969.168,2497010.827,405987.7651,0.354563934,5591.659021,20.33935106
476469.765,5322969.168,2500288.692,406151.1635,0.484294378,3513.673957,12.1426411
477469.765,5322969.168,2503566.558,406314.5626,0.62244621,3316.754738,9.007138093
478469.765,5322969.168,2506844.427,406477.9622,0.577579727,4177.038693,6.015023187
479469.765,5322969.168,2510122.297,406641.3625,0.524161305,3141.643313,5.441085617
480469.765,5322969.168,2513400.168,406804.7633,0.718204729,2022.460584,4.546814459
481469.765,5322969.168,2516678.042,406968.1648,0.758581682,2642.222344,8.685154915
482469.765,5322969.168,2519955.916,407131.5669,0.887080599,1824.549016,8.848859588
483469.765,5322969.168,2523233.792,407294.9695,0.898952352,1438.849754,4.065307702
484469.765,5322969.168,2526511.67,407458.3728,0.834854911,1472.084001,1.960813126
485469.765,5322969.168,2529789.549,407621.7766,0.932375429,1356.600693,0.486020258
486469.765,5322969.168,2533067.428,407785.181,0.989209197,2303.655367,1.22605565
487469.765,5322969.168,2536345.309,407948.586,0.951094833,3019.243667,2.2549132
488469.765,5322969.168,2539623.191,408111.9915,0.955595698,2499.359825,1.100084656
489469.765,5322969.168,2542901.074,408275.3976,0.990472872,864.7157434,0.73976611
399469.765,5321969.168,2248068.026,390294.155,0.405443727,599.8214353,0.982168376
400469.765,5321969.168,2251345.515,390457.4848,0.435933789,68.95791583,0
401469.765,5321969.168,2254623.011,390620.8157,0.318979228,23.34900674,0
402469.765,5321969.168,2257900.515,390784.1477,0.259155098,19.49790414,0
403469.765,5321969.168,2261178.028,390947.4807,0.15785521,117.1266169,0
404469.765,5321969.168,2264455.547,391110.8148,0.087358998,235.2382428,0.293091307
405469.765,5321969.168,2267733.075,391274.1499,0.13374707,644.7025155,0.272704531
406469.765,5321969.168,2271010.61,391437.486,0.484433055,807.2535134,0.229580149
407469.765,5321969.168,2274288.153,391600.8232,0.777023298,1963.095203,1.165777683
408469.765,5321969.168,2277565.703,391764.1614,0.710230834,4949.081919,0.80586797
409469.765,5321969.168,2280843.26,391927.5007,0.601610518,3475.174262,1.385687731
410469.765,5321969.168,2284120.824,392090.8409,0.471272797,362.232969,1.650508225
411469.765,5321969.168,2287398.396,392254.1822,0.723709936,1121.177114,0.494909053
412469.765,5321969.168,2290675.975,392417.5244,0.742957795,1235.777636,0.238832498
413469.765,5321969.168,2293953.561,392580.8677,0.787197216,1029.58681,0.107753195
414469.765,5321969.168,2297231.154,392744.212,0.781572083,2394.081086,0.314466573
415469.765,5321969.168,2300508.753,392907.5573,0.736668159,3383.835854,1.448881806
416469.765,5321969.168,2303786.36,393070.9035,0.902272653,1739.300766,1.473179954
417469.765,5321969.168,2307063.973,393234.2508,0.951167757,1417.692013,0.954401282
418469.765,5321969.168,2310341.592,393397.599,0.962812122,2043.121942,0.48863095
419469.765,5321969.168,2313619.219,393560.9482,0.81214497,893.8667883,0
420469.765,5321969.168,2316896.851,393724.2983,0.609408966,312.8254923,0
421469.765,5321969.168,2320174.49,393887.6494,0.483256131,726.4311224,0
422469.765,5321969.168,2323452.136,394051.0015,0.64222152,600.7699034,0
423469.765,5321969.168,2326729.787,394214.3545,0.865315157,248.7311828,0
424469.765,5321969.168,2330007.445,394377.7085,0.75469032,392.3583394,0
425469.765,5321969.168,2333285.108,394541.0634,0.706322166,131.1651176,0.008151081
426469.765,5321969.168,2336562.778,394704.4192,0.896888135,144.0650392,0.330020322
427469.765,5321969.168,2339840.454,394867.776,0.99637143,395.5640372,1.157604087
428469.765,5321969.168,2343118.135,395031.1337,0.997810644,466.7233965,0.000837239
429469.765,5321969.168,2346395.822,395194.4923,0.987397199,2069.552152,2.506552744
430469.765,5321969.168,2349673.515,395357.8519,0.987631813,3161.610259,1.911536475
431469.765,5321969.168,2352951.213,395521.2123,0.994412116,3165.638139,1.176393058
432469.765,5321969.168,2356228.917,395684.5737,0.996705393,1962.599162,0.936898936
433469.765,5321969.168,2359506.626,395847.9359,0.992570339,1249.251048,0.765004808
434469.765,5321969.168,2362784.34,396011.2991,0.963749446,2604.954438,0.888642633
435469.765,5321969.168,2366062.06,396174.6631,0.717343119,3859.078506,3.400814032
436469.765,5321969.168,2369339.785,396338.0281,0.397750134,4872.214858,4.555505541
437469.765,5321969.168,2372617.515,396501.3939,0.488230001,5540.099143,3.810561146
438469.765,5321969.168,2375895.25,396664.7606,0.667486933,4842.433698,6.252529581
439469.765,5321969.168,2379172.99,396828.1281,0.509428694,4386.68398,4.535159349
440469.765,5321969.168,2382450.735,396991.4966,0.734655371,3121.275096,2.120942632
441469.765,5321969.168,2385728.484,397154.8659,0.900937698,3367.019872,3.827731218
442469.765,5321969.168,2389006.238,397318.236,0.857275645,3791.41919,11.52680771
443469.765,5321969.168,2392283.997,397481.607,0.892519177,3451.518971,6.714162358
444469.765,5321969.168,2395561.76,397644.9788,0.727015212,5489.08426,40.94696913
445469.765,5321969.168,2398839.528,397808.3515,0.653894346,4139.613197,12.76511345
446469.765,5321969.168,2402117.3,397971.7251,0.884434083,1451.507104,0.468818689
447469.765,5321969.168,2405395.076,398135.0994,0.969488719,1080.556446,0
448469.765,5321969.168,2408672.857,398298.4746,0.975910937,919.2966472,1.004791483
449469.765,5321969.168,2411950.642,398461.8506,0.983044931,1239.581069,1.004791483
450469.765,5321969.168,2415228.43,398625.2275,0.863022636,1730.855373,2.968147004
451469.765,5321969.168,2418506.223,398788.6051,0.720347138,3610.150847,26.26449141
452469.765,5321969.168,2421784.02,398951.9836,0.392415668,3868.551831,78.057407
453469.765,5321969.168,2425061.82,399115.3628,0.097668882,3999.267457,48.33110968
454469.765,5321969.168,2428339.624,399278.7429,0.423847806,5371.66977,38.10388512
455469.765,5321969.168,2431617.432,399442.1237,0.866318111,3015.737092,6.998329832
456469.765,5321969.168,2434895.243,399605.5054,0.999634958,1194.234768,0
457469.765,5321969.168,2438173.057,399768.8878,0.964149509,687.1547576,1.184460163
458469.765,5321969.168,2441450.876,399932.271,0.891718797,277.6134791,2.881854653
459469.765,5321969.168,2444728.697,400095.655,0.902519613,869.1173042,4.466687481
460469.765,5321969.168,2448006.522,400259.0398,0.901737792,2303.925278,4.742460873
461469.765,5321969.168,2451284.349,400422.4253,0.706204696,3398.574526,10.74932568
462469.765,5321969.168,2454562.18,400585.8116,0.406326526,4778.652752,10.32102573
463469.765,5321969.168,2457840.014,400749.1987,0.429618251,4850.161931,12.55533667
464469.765,5321969.168,2461117.851,400912.5865,0.67767894,3063.499727,12.27388244
465469.765,5321969.168,2464395.69,401075.9751,0.790587883,2700.075087,8.038405776
466469.765,5321969.168,2467673.533,401239.3644,0.682433102,4158.28561,6.404368162
467469.765,5321969.168,2470951.378,401402.7544,0.851141008,2860.038153,1.883104324
468469.765,5321969.168,2474229.225,401566.1452,0.918499805,1472.601715,6.710748298
469469.765,5321969.168,2477507.075,401729.5368,0.807923685,1660.894804,4.117004599
470469.765,5321969.168,2480784.928,401892.929,0.879518574,1344.92654,4.174828674
471469.765,5321969.168,2484062.783,402056.322,0.76680567,1669.129579,16.45698551
472469.765,5321969.168,2487340.64,402219.7157,0.817852187,1791.228176,14.07976739
473469.765,5321969.168,2490618.499,402383.1101,0.852762438,4247.367961,8.038216012
474469.765,5321969.168,2493896.361,402546.5052,0.407753756,7230.882954,17.29853691
475469.765,5321969.168,2497174.224,402709.901,0.15862664,5296.823401,15.28782574
476469.765,5321969.168,2500452.089,402873.2975,0.214525362,3763.475956,12.44729934
477469.765,5321969.168,2503729.957,403036.6947,0.377545207,3298.349927,12.33328823
478469.765,5321969.168,2507007.826,403200.0926,0.355231937,4891.316615,8.298797913
479469.765,5321969.168,2510285.696,403363.4912,0.437307283,4535.987774,10.08448243
480469.765,5321969.168,2513563.569,403526.8905,0.770092077,2457.380562,10.49689334
481469.765,5321969.168,2516841.443,403690.2905,0.836055737,2467.412204,14.57821321
482469.765,5321969.168,2520119.318,403853.6911,0.846936944,1766.770029,8.089252021
483469.765,5321969.168,2523397.195,404017.0924,0.727777752,689.5041925,1.367117013
484469.765,5321969.168,2526675.073,404180.4944,0.81394522,584.208561,0.973336183
485469.765,5321969.168,2529952.952,404343.8971,0.969966982,1569.907748,0.870796099
486469.765,5321969.168,2533230.832,404507.3004,0.989471754,2884.105925,1.365751643
487469.765,5321969.168,2536508.714,404670.7043,0.97299036,1831.924521,1.179028202
488469.765,5321969.168,2539786.596,404834.1089,0.970472873,1392.531888,1.130659038
399469.765,5320969.168,2248231.352,387016.67,0.842744679,2230.347673,0.686072722
400469.765,5320969.168,2251508.841,387179.9918,0.924824317,720.6273009,0.197233781
401469.765,5320969.168,2254786.339,387343.3148,0.839219034,126.3246445,0.004490494
402469.765,5320969.168,2258063.844,387506.6389,0.733082294,11.59135667,0
403469.765,5320969.168,2261341.357,387669.9641,0.600992032,11.59230909,0.324382454
404469.765,5320969.168,2264618.878,387833.2905,0.524598366,476.3766849,0.460702503
405469.765,5320969.168,2267896.407,387996.618,0.625032161,1328.406233,1.110152849
406469.765,5320969.168,2271173.943,388159.9466,0.857446249,1454.146796,2.138386005
407469.765,5320969.168,2274451.487,388323.2764,0.881880507,3297.306387,2.174024105
408469.765,5320969.168,2277729.038,388486.6072,0.746965655,5281.52078,0.576925039
409469.765,5320969.168,2281006.596,388649.9392,0.643855031,2819.600474,1.463639517
410469.765,5320969.168,2284284.162,388813.2722,0.560779588,944.0657799,2.870224881
411469.765,5320969.168,2287561.734,388976.6064,0.757226428,1761.859588,3.250986652
412469.765,5320969.168,2290839.314,389139.9416,0.811799501,1562.026603,1.678013464
413469.765,5320969.168,2294116.901,389303.2779,0.799000845,1983.532726,1.033528564
414469.765,5320969.168,2297394.495,389466.6153,0.904153711,2267.433181,0.795888677
415469.765,5320969.168,2300672.096,389629.9538,0.914869305,1814.135825,0.432487874
416469.765,5320969.168,2303949.703,389793.2933,0.813849623,820.7654883,0.279461917
417469.765,5320969.168,2307227.317,389956.6339,0.894591571,1295.453054,0.209432738
418469.765,5320969.168,2310504.938,390119.9755,0.919083685,2033.881548,0.48863095
419469.765,5320969.168,2313782.565,390283.3182,0.628074887,721.2415618,0
420469.765,5320969.168,2317060.199,390446.662,0.445474226,8.492341357,0
421469.765,5320969.168,2320337.839,390610.0068,0.363788862,25.04336735,0
422469.765,5320969.168,2323615.485,390773.3526,0.549710668,11.65901221,0
423469.765,5320969.168,2326893.138,390936.6994,0.747282465,303.2000364,0
424469.765,5320969.168,2330170.796,391100.0473,0.771609982,1270.22291,0
425469.765,5320969.168,2333448.461,391263.3962,0.843996929,901.1601968,0.008151081
426469.765,5320969.168,2336726.132,391426.7462,0.968210997,751.803503,0.990912367
427469.765,5320969.168,2340003.808,391590.0971,0.958905984,1710.035545,0.989032579
428469.765,5320969.168,2343281.49,391753.449,0.898935623,1768.449608,0.001255859
429469.765,5320969.168,2346559.178,391916.802,0.982491046,1732.584108,0.612354994
430469.765,5320969.168,2349836.872,392080.1559,0.97704615,3430.809194,2.062123656
431469.765,5320969.168,2353114.571,392243.5108,0.994435022,4559.898432,0.533618683
432469.765,5320969.168,2356392.276,392406.8668,0.999788896,1808.484136,0.241544389
433469.765,5320969.168,2359669.986,392570.2236,0.990715449,611.987976,1.558140333
434469.765,5320969.168,2362947.701,392733.5815,0.872049185,3323.095646,2.481638413
435469.765,5320969.168,2366225.422,392896.9404,0.725159373,3758.475314,4.72316277
436469.765,5320969.168,2369503.148,393060.3002,0.568163432,3685.391217,4.952615227
437469.765,5320969.168,2372780.879,393223.661,0.689971719,3950.779683,2.75335445
438469.765,5320969.168,2376058.615,393387.0227,0.813809651,3037.774229,3.003609324
439469.765,5320969.168,2379336.355,393550.3854,0.665145745,3587.704177,2.887543653
440469.765,5320969.168,2382614.101,393713.749,0.786568423,2538.277747,2.704027236
441469.765,5320969.168,2385891.851,393877.1136,0.876467373,2566.135022,4.51558881
442469.765,5320969.168,2389169.607,394040.4791,0.900087637,2226.13585,7.506014645
443469.765,5320969.168,2392447.366,394203.8455,0.866167665,1563.052344,4.855692523
444469.765,5320969.168,2395725.13,394367.2129,0.748330637,4555.444931,4.75791582
445469.765,5320969.168,2399002.899,394530.5812,0.772704342,4503.944465,3.337528817
446469.765,5320969.168,2402280.672,394693.9504,0.9069309,1595.687318,1.971775949
447469.765,5320969.168,2405558.449,394857.3205,0.981084209,1250.439264,0.588485042
448469.765,5320969.168,2408836.231,395020.6916,0.974279828,1063.545272,0.212883532
449469.765,5320969.168,2412114.016,395184.0635,0.984393325,710.6097739,0.606435947
450469.765,5320969.168,2415391.806,395347.4363,0.929694176,1746.037233,3.249743223
451469.765,5320969.168,2418669.599,395510.8101,0.902053525,2863.867481,6.939326666
452469.765,5320969.168,2421947.396,395674.1847,0.739330864,2336.587452,6.854082979
453469.765,5320969.168,2425225.198,395837.5602,0.347215605,2116.695755,10.06201982
454469.765,5320969.168,2428503.003,396000.9366,0.213324847,4793.9249,19.36045432
455469.765,5320969.168,2431780.811,396164.3139,0.764783036,3965.441568,33.55416012
456469.765,5320969.168,2435058.623,396327.692,0.995074962,1083.882975,0
457469.765,5320969.168,2438336.439,396491.071,0.91957226,1114.771095,2.040575266
458469.765,5320969.168,2441614.258,396654.4509,0.641147798,1424.300474,5.82648925
459469.765,5320969.168,2444892.08,396817.8316,0.604296778,1936.998907,6.308301409
460469.765,5320969.168,2448169.905,396981.2132,0.665098372,3311.026963,3.572476751
461469.765,5320969.168,2451447.734,397144.5956,0.586824236,3374.635899,8.148015786
462469.765,5320969.168,2454725.565,397307.9789,0.243967944,4821.538869,5.187727352
463469.765,5320969.168,2458003.4,397471.363,0.095133369,6015.702407,12.28270917
464469.765,5320969.168,2461281.238,397634.748,0.323530438,4755.256289,10.7178684
465469.765,5320969.168,2464559.078,397798.1337,0.491866075,4302.193478,10.34022236
466469.765,5320969.168,2467836.921,397961.5203,0.461120179,4594.602113,9.040405512
467469.765,5320969.168,2471114.767,398124.9078,0.733692475,3096.242071,5.117011786
468469.765,5320969.168,2474392.615,398288.296,0.817294939,2701.988518,14.70180893
469469.765,5320969.168,2477670.466,398451.6851,0.783237546,2811.128486,9.377179384
470469.765,5320969.168,2480948.319,398615.0749,0.73677879,1978.104083,6.37187315
471469.765,5320969.168,2484226.175,398778.4656,0.659689891,2013.596392,10.11339822
472469.765,5320969.168,2487504.033,398941.8571,0.860018007,2414.783813,10.70801983
473469.765,5320969.168,2490781.893,399105.2493,0.870181002,4608.646115,13.83440229
474469.765,5320969.168,2494059.755,399268.6424,0.51936204,6604.650301,16.16817697
475469.765,5320969.168,2497337.619,399432.0362,0.350981707,4520.190511,10.4533499
476469.765,5320969.168,2500615.485,399595.4308,0.314861812,3767.036645,10.31463691
477469.765,5320969.168,2503893.353,399758.8262,0.203765077,4871.762981,7.636135689
478469.765,5320969.168,2507171.223,399922.2224,0.165479424,5105.17541,10.8097684
479469.765,5320969.168,2510449.095,400085.6193,0.387207864,3990.946803,4.406209628
480469.765,5320969.168,2513726.968,400249.017,0.777151368,2487.628873,11.17178552
481469.765,5320969.168,2517004.842,400412.4155,0.851272015,3197.597377,15.24593084
482469.765,5320969.168,2520282.718,400575.8147,0.728579047,2327.095082,14.56825123
483469.765,5320969.168,2523560.596,400739.2147,0.689345794,1445.081603,7.08272028
484469.765,5320969.168,2526838.475,400902.6154,0.871839384,1128.419202,3.135375351
485469.765,5320969.168,2530116.354,401066.0169,0.897999011,2159.553711,5.761973272
486469.765,5320969.168,2533394.236,401229.4191,0.912303038,2689.453667,4.390487418
399469.765,5319969.168,2248394.669,383739.1839,0.756042776,3044.814333,0.579097757
400469.765,5319969.168,2251672.16,383902.4977,0.941345968,1740.355321,0.404965212
401469.765,5319969.168,2254949.658,384065.8127,0.918543471,1209.739551,0.267938416
402469.765,5319969.168,2258227.165,384229.129,0.763893538,850.024644,1.003672266
403469.765,5319969.168,2261504.679,384392.4465,0.883316738,354.6044858,0.410937712
404469.765,5319969.168,2264782.201,384555.7652,0.920099943,1003.943706,1.02739727
405469.765,5319969.168,2268059.731,384719.0851,0.935476881,1088.204264,1.948681816
406469.765,5319969.168,2271337.268,384882.4062,0.902753471,676.9300036,2.881489843
407469.765,5319969.168,2274614.813,385045.7285,0.836540049,3358.205652,4.843301694
408469.765,5319969.168,2277892.365,385209.0519,0.875151591,4845.376276,3.851426759
409469.765,5319969.168,2281169.925,385372.3766,0.790334675,4057.942753,1.057415384
410469.765,5319969.168,2284447.492,385535.7024,0.730734028,2635.434426,2.226844815
411469.765,5319969.168,2287725.066,385699.0295,0.830530998,2357.513573,3.071239735
412469.765,5319969.168,2291002.647,385862.3576,0.835537805,2274.237063,2.899827433
413469.765,5319969.168,2294280.235,386025.687,0.779094275,2587.814565,1.732663793
414469.765,5319969.168,2297557.83,386189.0175,0.875395101,2306.591498,1.273800522
415469.765,5319969.168,2300835.431,386352.3492,0.891698905,1065.719912,5.47E-13
416469.765,5319969.168,2304113.04,386515.682,0.728644953,1195.420918,0.043009753
417469.765,5319969.168,2307390.655,386679.0159,0.813412783,1411.843294,0.10408627
418469.765,5319969.168,2310668.277,386842.351,0.925574964,1566.533455,0
419469.765,5319969.168,2313945.905,387005.6872,0.723766555,1226.015491,0
420469.765,5319969.168,2317223.54,387169.0246,0.539637075,226.9919825,0
421469.765,5319969.168,2320501.181,387332.363,0.517426604,0,0
422469.765,5319969.168,2323778.828,387495.7026,0.523874835,57.71543086,0
423469.765,5319969.168,2327056.482,387659.0433,0.606166223,213.6423757,0
424469.765,5319969.168,2330334.142,387822.3851,0.90643309,911.8553471,0
425469.765,5319969.168,2333611.807,387985.728,0.967687135,630.3207375,0.323722533
426469.765,5319969.168,2336889.479,388149.0721,0.985381136,787.3493251,0.571169948
427469.765,5319969.168,2340167.157,388312.4172,0.860239971,2865.501367,1.883755293
428469.765,5319969.168,2343444.84,388475.7633,0.60059565,4054.880831,1.780285245
429469.765,5319969.168,2346722.529,388639.1106,0.711737518,2661.823765,1.963445127
430469.765,5319969.168,2350000.224,388802.4589,0.922360905,2492.227488,1.864759481
431469.765,5319969.168,2353277.924,388965.8084,0.957952339,3692.535897,0.814998617
432469.765,5319969.168,2356555.63,389129.1588,0.967642507,2091.593659,0.311280444
433469.765,5319969.168,2359833.341,389292.5104,0.946280784,1907.243711,3.171967308
434469.765,5319969.168,2363111.057,389455.863,0.927435177,2244.490803,3.285498415
435469.765,5319969.168,2366388.779,389619.2166,0.859255281,1355.332483,2.634539318
436469.765,5319969.168,2369666.506,389782.5713,0.819237206,1777.890144,2.370597672
437469.765,5319969.168,2372944.238,389945.9271,0.944066287,2371.356882,1.294811571
438469.765,5319969.168,2376221.974,390109.2838,0.938899746,1886.923778,1.146187544
439469.765,5319969.168,2379499.716,390272.6417,0.678919178,3371.753832,1.962306959
440469.765,5319969.168,2382777.463,390436.0005,0.644188746,3174.087297,2.538220712
441469.765,5319969.168,2386055.214,390599.3604,0.859882205,2065.074904,3.075101397
442469.765,5319969.168,2389332.97,390762.7212,0.869238612,1660.011668,6.385810032
443469.765,5319969.168,2392610.731,390926.0831,0.839170792,2158.39315,6.740852961
444469.765,5319969.168,2395888.496,391089.446,0.690639393,4651.568434,5.29696689
445469.765,5319969.168,2399166.266,391252.8099,0.662047291,5097.469838,3.37365337
446469.765,5319969.168,2402444.039,391416.1748,0.605407578,3570.84684,2.271206981
447469.765,5319969.168,2405721.818,391579.5407,0.770001463,2817.389648,1.672810872
448469.765,5319969.168,2408999.6,391742.9076,0.933882511,2256.857169,1.052977423
449469.765,5319969.168,2412277.386,391906.2755,0.986262833,1710.067531,0.783895516
450469.765,5319969.168,2415555.177,392069.6443,0.996129225,2279.248312,0.389161154
451469.765,5319969.168,2418832.971,392233.0142,0.984422142,2127.32062,0.670916461
452469.765,5319969.168,2422110.77,392396.385,0.978012466,1109.956815,2.391110495
453469.765,5319969.168,2425388.572,392559.7567,0.729382273,2351.923455,9.003397329
454469.765,5319969.168,2428666.378,392723.1295,0.537765847,4376.321799,15.0179646
455469.765,5319969.168,2431944.187,392886.5031,0.836627859,4927.421829,15.24861117
456469.765,5319969.168,2435222,393049.8778,0.987529708,1941.022234,1.981446814
457469.765,5319969.168,2438499.816,393213.2534,0.980114325,1549.69734,2.847489965
458469.765,5319969.168,2441777.636,393376.6299,0.785121395,2110.7115,5.16399719
459469.765,5319969.168,2445055.459,393540.0073,0.712056627,2270.368824,6.642266095
460469.765,5319969.168,2448333.286,393703.3857,0.495925813,3815.160073,6.887003995
461469.765,5319969.168,2451611.115,393866.7651,0.436261346,4492.385036,6.542889105
462469.765,5319969.168,2454888.948,394030.1453,0.200741849,5636.672505,4.130615056
463469.765,5319969.168,2458166.783,394193.5265,0.137384678,5589.375068,16.49375799
464469.765,5319969.168,2461444.622,394356.9086,0.152659757,5129.332969,12.35332031
465469.765,5319969.168,2464722.463,394520.2916,0.341672731,4373.20175,9.860202154
466469.765,5319969.168,2468000.307,394683.6755,0.619518576,3235.135445,6.023677231
467469.765,5319969.168,2471278.153,394847.0603,0.895633136,1936.474663,7.130649607
468469.765,5319969.168,2474556.003,395010.446,0.852862099,2144.817784,15.73490047
469469.765,5319969.168,2477833.854,395173.8326,0.824188051,2611.6957,9.717657407
470469.765,5319969.168,2481111.708,395337.22,0.707015522,1548.955333,5.483096043
471469.765,5319969.168,2484389.565,395500.6084,0.581018576,1947.251003,7.557221174
472469.765,5319969.168,2487667.424,395663.9977,0.76262002,2425.658528,22.25004872
473469.765,5319969.168,2490945.284,395827.3878,0.783864352,4509.252188,38.37678037
474469.765,5319969.168,2494223.147,395990.7788,0.585930206,5703.919343,28.14076185
475469.765,5319969.168,2497501.012,396154.1706,0.491362867,3785.47646,15.97091436
476469.765,5319969.168,2500778.879,396317.5634,0.386956006,3291.99763,8.809428215
477469.765,5319969.168,2504056.748,396480.9569,0.140059527,4754.927167,8.826622985
478469.765,5319969.168,2507334.619,396644.3514,0.21917898,4767.210747,15.05354115
479469.765,5319969.168,2510612.491,396807.7467,0.614229923,3428.850792,4.673344721
480469.765,5319969.168,2513890.365,396971.1428,0.889379566,2962.047576,3.475923751
481469.765,5319969.168,2517168.24,397134.5398,0.799812756,2988.23405,8.654438266
482469.765,5319969.168,2520446.117,397297.9376,0.693500224,1857.367894,15.08620293
483469.765,5319969.168,2523723.995,397461.3362,0.706691515,2581.17766,6.488379751
484469.765,5319969.168,2527001.875,397624.7357,0.787011113,2966.146137,3.835248073
398469.765,5318969.168,2245280.494,380298.392,0.67748626,2705.167632,0.618571361
399469.765,5318969.168,2248557.978,380461.6965,0.620965034,3040.183093,0.748004038
400469.765,5318969.168,2251835.47,380625.0023,0.909632483,2167.489885,0.468659633
401469.765,5318969.168,2255112.97,380788.3094,0.776428863,2627.939781,0.599267351
402469.765,5318969.168,2258390.478,380951.6179,0.53542135,2803.043066,1.098862024
403469.765,5318969.168,2261667.993,381114.9276,0.779469805,2366.657054,1.323095173
404469.765,5318969.168,2264945.517,381278.2386,0.912825658,2049.312682,1.644779214
405469.765,5318969.168,2268223.048,381441.5509,0.953336038,1824.961749,1.616548767
406469.765,5318969.168,2271500.586,381604.8645,0.77390147,3295.392057,1.548784563
407469.765,5318969.168,2274778.132,381768.1793,0.573870548,5249.658643,3.993430451
408469.765,5318969.168,2278055.686,381931.4955,0.574029776,5254.492072,10.34215648
409469.765,5318969.168,2281333.247,382094.8128,0.710168111,4141.197812,5.876707807
410469.765,5318969.168,2284610.815,382258.1315,0.742279544,1874.536163,1.716304167
411469.765,5318969.168,2287888.39,382421.4514,0.747431428,783.0025501,0.918856648
412469.765,5318969.168,2291165.972,382584.7725,0.643122486,2052.77146,1.631305038
413469.765,5318969.168,2294443.561,382748.0949,0.680596162,2270.429484,1.591747182
414469.765,5318969.168,2297721.157,382911.4186,0.901454215,1603.755385,1.106432885
415469.765,5318969.168,2300998.76,383074.7434,0.959867661,1614.498997,5.47E-13
416469.765,5318969.168,2304276.37,383238.0695,0.896447765,2373.021327,0.00458415
417469.765,5318969.168,2307553.986,383401.3968,0.87923515,1455.32398,0.006876226
418469.765,5318969.168,2310831.609,383564.7254,0.971275794,617.2249954,0
419469.765,5318969.168,2314109.239,383728.0551,0.909561296,1003.728184,0
420469.765,5318969.168,2317386.875,383891.3861,0.817452967,274.5029165,0
421469.765,5318969.168,2320664.517,384054.7182,0.587177784,2.68769371,0
422469.765,5318969.168,2323942.165,384218.0516,0.561422295,63.67486339,0
423469.765,5318969.168,2327219.82,384381.3861,0.743474828,116.0325929,0
424469.765,5318969.168,2330497.481,384544.7219,0.757210552,297.9258247,0
425469.765,5318969.168,2333775.148,384708.0588,0.843314948,313.9056914,0.071116991
426469.765,5318969.168,2337052.821,384871.3969,0.97380421,352.1321409,0.2662965
427469.765,5318969.168,2340330.499,385034.7361,0.922379314,1944.152134,1.521993522
428469.765,5318969.168,2343608.184,385198.0766,0.580317769,3553.491881,1.572845653
429469.765,5318969.168,2346885.874,385361.4182,0.64130129,2348.739701,1.304797185
430469.765,5318969.168,2350163.57,385524.7609,0.905488722,1005.199563,1.589996703
431469.765,5318969.168,2353441.271,385688.1048,0.935001532,2211.566976,1.449891159
432469.765,5318969.168,2356718.978,385851.4499,0.882797116,3028.530709,3.01820984
433469.765,5318969.168,2359996.69,386014.796,0.898608569,2475.670556,3.069619106
434469.765,5318969.168,2363274.408,386178.1434,0.943594645,2143.894718,1.254431819
435469.765,5318969.168,2366552.13,386341.4918,0.928689437,995.6673343,0.968547863
436469.765,5318969.168,2369829.858,386504.8414,0.869213372,1474.561429,1.16402483
437469.765,5318969.168,2373107.591,386668.1921,0.971963711,2105.794601,0.722373664
438469.765,5318969.168,2376385.329,386831.544,0.8504852,2396.992336,1.437906404
439469.765,5318969.168,2379663.072,386994.8969,0.69262904,2885.358263,1.20942313
440469.765,5318969.168,2382940.82,387158.251,0.830566367,2197.159315,0.297166336
441469.765,5318969.168,2386218.572,387321.6061,0.88332895,2481.292221,0.971043206
442469.765,5318969.168,2389496.329,387484.9624,0.844557841,3138.449426,4.741292256
443469.765,5318969.168,2392774.091,387648.3197,0.904650251,2768.188149,4.481643204
444469.765,5318969.168,2396051.857,387811.6782,0.808334555,3683.119052,4.847970537
445469.765,5318969.168,2399329.628,387975.0377,0.825440715,4322.05907,5.856283222
446469.765,5318969.168,2402607.403,388138.3983,0.704575984,3952.922712,2.400155195
447469.765,5318969.168,2405885.182,388301.7599,0.718626928,3354.775793,1.363685733
448469.765,5318969.168,2409162.965,388465.1227,0.896727295,2230.492888,1.160511146
449469.765,5318969.168,2412440.753,388628.4865,0.968259311,2394.85795,0.778031379
450469.765,5318969.168,2415718.544,388791.8514,0.995974065,2270.727688,0.479710951
451469.765,5318969.168,2418996.34,388955.2173,0.988367317,2237.651476,0.028262316
452469.765,5318969.168,2422274.139,389118.5843,0.987220104,1811.914541,1.120051853
453469.765,5318969.168,2425551.942,389281.9523,0.958070119,2564.327021,4.145647669
454469.765,5318969.168,2428829.749,389445.3214,0.877669076,4127.927829,10.28077281
455469.765,5318969.168,2432107.559,389608.6915,0.867018269,5450.429951,12.33496332
456469.765,5318969.168,2435385.373,389772.0626,0.892621777,4448.488147,5.706192334
457469.765,5318969.168,2438663.191,389935.4347,0.967524194,2850.199197,3.353430382
458469.765,5318969.168,2441941.011,390098.8079,0.954336852,2119.301732,4.237212437
459469.765,5318969.168,2445218.836,390262.1821,0.892892234,2160.688958,3.050832172
460469.765,5318969.168,2448496.663,390425.5573,0.69841589,2377.723974,6.084133608
461469.765,5318969.168,2451774.493,390588.9336,0.532825522,2828.16849,8.884267713
462469.765,5318969.168,2455052.327,390752.3108,0.261554963,4769.408543,11.74598276
463469.765,5318969.168,2458330.163,390915.689,0.230086651,4986.487694,18.3711482
464469.765,5318969.168,2461608.003,391079.0683,0.203588136,5182.670554,18.39168396
465469.765,5318969.168,2464885.845,391242.4485,0.34889198,3800.579916,9.461184978
466469.765,5318969.168,2468163.69,391405.8297,0.622248087,2590.230405,7.691186452
467469.765,5318969.168,2471441.537,391569.2119,0.66693517,1749.436224,15.82314414
468469.765,5318969.168,2474719.387,391732.595,0.690151769,2302.79475,21.72266944
469469.765,5318969.168,2477997.24,391895.9792,0.780281409,2911.747355,15.79911399
470469.765,5318969.168,2481275.095,392059.3643,0.767058702,1984.683999,8.034665108
471469.765,5318969.168,2484552.953,392222.7504,0.486928114,1507.262074,6.403850147
472469.765,5318969.168,2487830.812,392386.1374,0.570619078,1758.912354,17.18491806
473469.765,5318969.168,2491108.674,392549.5254,0.66906843,4395.041211,92.69528532
474469.765,5318969.168,2494386.538,392712.9143,0.70130275,6110.545488,87.85416985
475469.765,5318969.168,2497664.404,392876.3042,0.732587709,4308.060518,19.61521019
476469.765,5318969.168,2500942.272,393039.695,0.576137498,3678.442157,18.33200131
477469.765,5318969.168,2504220.141,393203.0868,0.272940251,5541.537074,17.46610558
478469.765,5318969.168,2507498.013,393366.4795,0.425730791,5693.134062,23.43539493
479469.765,5318969.168,2510775.886,393529.8731,0.800535866,3802.204699,27.28854506
480469.765,5318969.168,2514053.761,393693.2677,0.887401554,3058.601385,14.07937336
481469.765,5318969.168,2517331.637,393856.6632,0.682275582,2801.065158,6.092463799
398469.765,5317969.168,2245443.794,377020.9114,0.575428883,3707.790587,1.209647804
399469.765,5317969.168,2248721.279,377184.2078,0.583587924,3408.071246,0.82352452
400469.765,5317969.168,2251998.772,377347.5057,0.786492654,1546.655499,0.237440251
401469.765,5317969.168,2255276.274,377510.8049,0.884980524,1507.376389,0.966690363
402469.765,5317969.168,2258553.783,377674.1055,0.771947505,1841.791537,1.014291529
403469.765,5317969.168,2261831.3,377837.4074,0.806999741,2614.370762,1.279897854
404469.765,5317969.168,2265108.825,378000.7108,0.749222982,3671.921254,2.237566538
405469.765,5317969.168,2268386.357,378164.0155,0.542649894,5044.312067,2.689231277
406469.765,5317969.168,2271663.897,378327.3215,0.504714759,5952,2.167781032
407469.765,5317969.168,2274941.444,378490.6289,0.445574043,5560.441487,2.906971867
408469.765,5317969.168,2278218.999,378653.9377,0.411415359,4561.177705,5.348100164
409469.765,5317969.168,2281496.561,378817.2478,0.409273904,4046.432847,2.22793963
410469.765,5317969.168,2284774.13,378980.5593,0.581410998,1195.426956,1.74087292
411469.765,5317969.168,2288051.707,379143.8721,0.588822007,1010.654028,0.969234256
412469.765,5317969.168,2291329.29,379307.1862,0.561840546,1440.026043,0.644630406
413469.765,5317969.168,2294606.881,379470.5016,0.723155086,878.567602,0.249582384
414469.765,5317969.168,2297884.478,379633.8184,0.86615008,1012.345186,0
415469.765,5317969.168,2301162.082,379797.1365,0.967778731,2537.448779,0
416469.765,5317969.168,2304439.693,379960.4558,0.981122202,3528.240612,0
417469.765,5317969.168,2307717.311,380123.7765,0.969342599,2214.442297,0
418469.765,5317969.168,2310994.935,380287.0985,0.986229828,703.035174,0
419469.765,5317969.168,2314272.566,380450.4218,0.988900659,445.3368575,0
420469.765,5317969.168,2317550.203,380613.7464,0.97492117,257.6062762,0
421469.765,5317969.168,2320827.846,380777.0722,0.769095918,567.4034319,0
422469.765,5317969.168,2324105.496,380940.3993,0.68006567,844.1689756,0
423469.765,5317969.168,2327383.152,381103.7277,0.856369758,301.3395917,0
424469.765,5317969.168,2330660.814,381267.0574,0.657716398,370.7395738,0
425469.765,5317969.168,2333938.482,381430.3883,0.743313959,619.0433594,0
426469.765,5317969.168,2337216.156,381593.7205,0.982995948,339.5976299,0
427469.765,5317969.168,2340493.836,381757.0539,0.997317724,1061.941134,0.284958415
428469.765,5317969.168,2343771.522,381920.3886,0.90873974,1491.48323,0.250049512
429469.765,5317969.168,2347049.213,382083.7245,0.93175197,1094.655549,0.180231705
430469.765,5317969.168,2350326.91,382247.0617,0.990567025,904.2832939,0.374720268
431469.765,5317969.168,2353604.613,382410.4001,0.970747231,920.0041933,0.815300476
432469.765,5317969.168,2356882.321,382573.7397,0.933280917,1369.452272,1.435757267
433469.765,5317969.168,2360160.034,382737.0806,0.957307436,984.0655349,0.679340985
434469.765,5317969.168,2363437.753,382900.4226,0.986155521,782.9053265,0.456994099
435469.765,5317969.168,2366715.477,383063.7659,0.97143561,997.3617642,0.54779162
436469.765,5317969.168,2369993.206,383227.1104,0.963530606,1653.79949,0.482465987
437469.765,5317969.168,2373270.94,383390.4561,0.945159239,1894.189617,0.389330829
438469.765,5317969.168,2376548.679,383553.803,0.769232405,2797.212983,1.953107044
439469.765,5317969.168,2379826.423,383717.1511,0.823065954,1928.742847,1.310857996
440469.765,5317969.168,2383104.172,383880.5003,0.993899038,861.3200219,0.161783114
441469.765,5317969.168,2386381.926,384043.8508,0.887233612,2345.02423,0.319000071
442469.765,5317969.168,2389659.684,384207.2024,0.845384179,3762.489982,0.217545994
443469.765,5317969.168,2392937.447,384370.5552,0.917094742,3143.613479,2.768021951
444469.765,5317969.168,2396215.214,384533.9092,0.921075261,2932.79175,6.144287586
445469.765,5317969.168,2399492.986,384697.2643,0.894460948,3891.989785,4.335178157
446469.765,5317969.168,2402770.762,384860.6206,0.922701076,2685.206097,2.318289084
447469.765,5317969.168,2406048.542,385023.9781,0.971315035,1713.193731,0.320034953
448469.765,5317969.168,2409326.327,385187.3367,0.957482648,2081.669885,0.319386546
449469.765,5317969.168,2412604.115,385350.6964,0.99644872,2304.326412,0.791342869
450469.765,5317969.168,2415881.908,385514.0573,0.994920113,1871.805723,0.380644113
451469.765,5317969.168,2419159.704,385677.4194,0.98316138,2518.110706,0
452469.765,5317969.168,2422437.505,385840.7825,0.981703259,2856.016582,0.626520395
453469.765,5317969.168,2425715.309,386004.1468,0.976705802,2846.163481,2.948060322
454469.765,5317969.168,2428993.117,386167.5122,0.954985567,3195.361136,7.002835453
455469.765,5317969.168,2432270.928,386330.8787,0.86118054,4511.822307,10.28900446
456469.765,5317969.168,2435548.743,386494.2464,0.837894082,5290.402955,6.081084669
457469.765,5317969.168,2438826.562,386657.6151,0.84217855,4619.175087,4.759208989
458469.765,5317969.168,2442104.384,386820.985,0.781975384,3680.260814,4.298966686
459469.765,5317969.168,2445382.209,386984.3559,0.661022075,2448.974471,2.983615398
460469.765,5317969.168,2448660.037,387147.7279,0.50160163,1999.429925,8.524182524
461469.765,5317969.168,2451937.869,387311.1011,0.469189026,2990.275146,9.201225996
462469.765,5317969.168,2455215.703,387474.4753,0.273953522,5132.992169,9.830758363
463469.765,5317969.168,2458493.541,387637.8506,0.180401143,5793.088208,18.87239793
464469.765,5317969.168,2461771.381,387801.227,0.156627219,5760.522673,15.92897936
465469.765,5317969.168,2465049.224,387964.6044,0.305791119,4276.833303,11.75661385
466469.765,5317969.168,2468327.07,388127.9829,0.504459346,3927.072015,14.26052352
467469.765,5317969.168,2471604.919,388291.3625,0.682463638,2435.676262,15.81505081
468469.765,5317969.168,2474882.77,388454.7431,0.564275475,2288.993249,14.76160468
469469.765,5317969.168,2478160.624,388618.1248,0.636730766,3462.533479,16.58704205
470469.765,5317969.168,2481438.48,388781.5076,0.763364777,2319.069551,16.71405745
471469.765,5317969.168,2484716.338,388944.8913,0.668112925,1369.125456,16.16956323
472469.765,5317969.168,2487994.199,389108.2762,0.618902486,2135.038637,17.63996466
473469.765,5317969.168,2491272.061,389271.662,0.590260744,5023.886703,54.41562903
474469.765,5317969.168,2494549.926,389435.0489,0.511324887,6792.237288,68.55720997
475469.765,5317969.168,2497827.793,389598.4368,0.630015831,5097.127163,26.96924128
476469.765,5317969.168,2501105.662,389761.8258,0.634849462,4826.675651,23.04081523
477469.765,5317969.168,2504383.533,389925.2157,0.418566736,5868.093311,20.43140275
478469.765,5317969.168,2507661.405,390088.6067,0.629460828,5357.87566,40.26010432
398469.765,5316969.168,2245607.085,373743.4294,0.612802361,2578.810506,0.563581526
399469.765,5316969.168,2248884.572,373906.7178,0.69769249,2575.570075,0.026143055
400469.765,5316969.168,2252162.067,374070.0076,0.813749143,944.7453552,0.028120832
401469.765,5316969.168,2255439.57,374233.2989,0.899905063,1648.313968,0.552172541
402469.765,5316969.168,2258717.08,374396.5917,0.938988976,1741.880466,1.409004294
403469.765,5316969.168,2261994.599,374559.8859,0.8606796,2709.15637,2.622169044
404469.765,5316969.168,2265272.125,374723.1815,0.661501499,4327.048096,2.752595484
405469.765,5316969.168,2268549.659,374886.4787,0.505737735,4596.912639,1.971921135
406469.765,5316969.168,2271827.2,375049.7772,0.66761735,3082.35946,1.842654364
407469.765,5316969.168,2275104.749,375213.0772,0.841110028,1982.026239,4.366025995
408469.765,5316969.168,2278382.305,375376.3786,0.666787156,2851.956569,1.91449799
409469.765,5316969.168,2281659.868,375539.6815,0.434441344,4550.805692,2.000657426
410469.765,5316969.168,2284937.439,375702.9857,0.56736193,2479.929914,1.046238899
411469.765,5316969.168,2288215.017,375866.2914,0.677296614,1709.031694,0.853209496
412469.765,5316969.168,2291492.601,376029.5985,0.725524497,1031.551385,0.919092
413469.765,5316969.168,2294770.193,376192.907,0.797816322,189.2490442,0.496860027
414469.765,5316969.168,2298047.792,376356.2169,0.832211109,962.2447157,0
415469.765,5316969.168,2301325.398,376519.5282,0.973275386,2279.352405,0
416469.765,5316969.168,2304603.01,376682.8409,0.990384565,2989.374021,0
417469.765,5316969.168,2307880.629,376846.1549,0.981536847,2465.38672,0
418469.765,5316969.168,2311158.254,377009.4704,0.989669645,2121.220966,0
419469.765,5316969.168,2314435.886,377172.7872,0.993307168,1932.843448,0
420469.765,5316969.168,2317713.525,377336.1054,0.989316512,1768.125137,0
421469.765,5316969.168,2320991.17,377499.4249,0.917636464,2051.806605,0
422469.765,5316969.168,2324268.821,377662.7458,0.843325952,2271.424165,0
423469.765,5316969.168,2327546.478,377826.0681,0.887114589,1580.08816,0
424469.765,5316969.168,2330824.142,377989.3917,0.848241509,1590.77146,0.013906434
425469.765,5316969.168,2334101.811,378152.7166,0.921971034,1393.65295,0.019500803
426469.765,5316969.168,2337379.486,378316.0429,0.993653236,1451.680153,0.025095172
427469.765,5316969.168,2340657.167,378479.3705,0.999898335,977.46957,0.343147367
428469.765,5316969.168,2343934.854,378642.6994,0.998674429,1439.473473,0.343147367
429469.765,5316969.168,2347212.547,378806.0297,0.99697279,1878.115223,0
430469.765,5316969.168,2350490.245,378969.3613,0.997303708,1774.116457,0.370453247
431469.765,5316969.168,2353767.949,379132.6942,0.997102668,1557.037172,0.541916738
432469.765,5316969.168,2357045.658,379296.0284,0.99794609,1640.500547,0.519954418
433469.765,5316969.168,2360323.373,379459.3639,0.991882169,1447.898924,0.11229035
434469.765,5316969.168,2363601.093,379622.7007,0.986035299,1637.33382,0.272076676
435469.765,5316969.168,2366878.818,379786.0388,0.980027327,2071.448898,0.315383802
436469.765,5316969.168,2370156.549,379949.3782,0.991707439,1909.850374,0.239907975
437469.765,5316969.168,2373434.284,380112.7189,0.988454906,2178.073575,0.222809412
438469.765,5316969.168,2376712.024,380276.0608,0.880359971,2751.387491,1.770582239
439469.765,5316969.168,2379989.769,380439.404,0.952720484,1833.943513,0
440469.765,5316969.168,2383267.52,380602.7485,0.999475872,1589.608387,0.179631263
441469.765,5316969.168,2386545.274,380766.0943,0.983126581,1434.919614,0.457621437
442469.765,5316969.168,2389823.034,380929.4413,0.935922951,2390.321734,0.978650752
443469.765,5316969.168,2393100.798,381092.7896,0.926407508,2558.714156,3.525375809
444469.765,5316969.168,2396378.566,381256.1391,0.887497699,2368.159344,17.0488288
445469.765,5316969.168,2399656.339,381419.4898,0.806013311,3901.323293,11.91833822
446469.765,5316969.168,2402934.116,381582.8418,0.899572416,2522.105859,1.915908431
447469.765,5316969.168,2406211.898,381746.1951,0.98731996,1748.262621,0.306434482
448469.765,5316969.168,2409489.684,381909.5496,0.979702197,3165.005647,0
449469.765,5316969.168,2412767.473,382072.9052,0.987844624,2698.175164,0
450469.765,5316969.168,2416045.267,382236.2622,0.990700817,1784.664297,0
451469.765,5316969.168,2419323.065,382399.6203,0.991867345,1828.175141,0
452469.765,5316969.168,2422600.866,382562.9796,0.992388255,2715.171741,0.012113135
453469.765,5316969.168,2425878.672,382726.3402,0.989015363,1943.712853,0.925486916
454469.765,5316969.168,2429156.481,382889.7019,0.927077579,2416.784035,4.599330763
455469.765,5316969.168,2432434.294,383053.0649,0.818249774,3354.37623,12.90198026
456469.765,5316969.168,2435712.11,383216.429,0.765072049,5501.033747,13.25425359
457469.765,5316969.168,2438989.929,383379.7944,0.602153858,6229.706934,37.83886208
458469.765,5316969.168,2442267.752,383543.1609,0.521500678,6212.685276,42.54879696
459469.765,5316969.168,2445545.579,383706.5286,0.347595074,4964.818629,12.89400681
460469.765,5316969.168,2448823.408,383869.8975,0.238705355,4249.834791,10.61008961
461469.765,5316969.168,2452101.241,384033.2675,0.348806732,4785.164845,14.8194437
462469.765,5316969.168,2455379.076,384196.6387,0.270756382,5534.105522,16.59705455
463469.765,5316969.168,2458656.915,384360.0111,0.133202561,6303.136297,19.40574559
464469.765,5316969.168,2461934.756,384523.3846,0.109623093,6085.431644,18.50378036
465469.765,5316969.168,2465212.601,384686.7593,0.176334696,4706.445963,11.66743581
466469.765,5316969.168,2468490.448,384850.1351,0.441404335,4375.717019,13.86039209
467469.765,5316969.168,2471768.298,385013.5121,0.783980551,2152.660897,10.04606257
468469.765,5316969.168,2475046.15,385176.8902,0.712724474,1214.842144,8.330295112
469469.765,5316969.168,2478324.005,385340.2694,0.698881339,2112.021354,10.92833368
470469.765,5316969.168,2481601.862,385503.6498,0.898623676,1918.790693,11.34889953
471469.765,5316969.168,2484879.721,385667.0313,0.898129532,1576.743669,17.33843422
472469.765,5316969.168,2488157.583,385830.4139,0.891517017,2295.376548,21.77853676
473469.765,5316969.168,2491435.447,385993.7976,0.793318224,4597.513026,21.78536047
474469.765,5316969.168,2494713.313,386157.1825,0.628720167,5584.971194,15.49878439
475469.765,5316969.168,2497991.181,386320.5684,0.629098483,3576.668852,12.84162824
476469.765,5316969.168,2501269.051,386483.9555,0.714375806,3113.633613,20.58694911
477469.765,5316969.168,2504546.922,386647.3436,0.709266741,3051.631061,11.67001075
398469.765,5315969.168,2245770.369,370465.9459,0.487784934,1654.373171,0
399469.765,5315969.168,2249047.857,370629.2262,0.752191281,1952.263484,0.026143055
400469.765,5315969.168,2252325.354,370792.5081,0.806957757,1055.393696,0.026143055
401469.765,5315969.168,2255602.858,370955.7915,0.827174773,1912.574344,1.895988464
402469.765,5315969.168,2258880.37,371119.0764,0.890793123,2177.87031,2.556479053
403469.765,5315969.168,2262157.89,371282.3629,0.769748784,3667.895552,3.73164626
404469.765,5315969.168,2265435.417,371445.6509,0.61790878,3829.149708,1.982113764
405469.765,5315969.168,2268712.953,371608.9404,0.741319771,1625.998359,1.110543611
406469.765,5315969.168,2271990.495,371772.2315,0.968737481,439.2844388,0.913840251
407469.765,5315969.168,2275268.046,371935.524,0.952671922,544.858965,2.059711289
408469.765,5315969.168,2278545.603,372098.8181,0.78930036,2234.175451,5.374026656
409469.765,5315969.168,2281823.168,372262.1137,0.525411692,4041.993976,5.046443462
410469.765,5315969.168,2285100.74,372425.4108,0.556068953,2163.675661,1.804009855
411469.765,5315969.168,2288378.319,372588.7094,0.659437544,1534.931122,1.806850374
412469.765,5315969.168,2291655.906,372752.0094,0.775317906,946.9699344,0
413469.765,5315969.168,2294933.499,372915.311,0.761419703,669.6873291,0.11738278
414469.765,5315969.168,2298211.099,373078.614,0.80656426,1428.570153,0.11738278
415469.765,5315969.168,2301488.706,373241.9185,0.968600104,1931.297539,0
416469.765,5315969.168,2304766.32,373405.2245,0.987732828,2376.968089,0
417469.765,5315969.168,2308043.94,373568.5319,0.985834853,2872.007112,0
418469.765,5315969.168,2311321.567,373731.8408,0.992989733,2964.961181,0
419469.765,5315969.168,2314599.201,373895.1512,0.99752981,2746.029155,0
420469.765,5315969.168,2317876.841,374058.463,0.999123834,2881.527813,0
421469.765,5315969.168,2321154.487,374221.7762,0.999218918,2882.852737,0
422469.765,5315969.168,2324432.139,374385.0909,0.995418151,2515.702407,0
423469.765,5315969.168,2327709.798,374548.407,0.98811053,2013.103298,0
424469.765,5315969.168,2330987.463,374711.7246,0.961231823,2087.9384,0.013883437
425469.765,5315969.168,2334265.134,374875.0435,0.964849749,2126.871285,0.032842302
426469.765,5315969.168,2337542.81,375038.3639,0.995458386,1960.655248,0.054033247
427469.765,5315969.168,2340820.493,375201.6857,1,1849.995624,0.043385612
428469.765,5315969.168,2344098.181,375365.0089,0.997474064,1651.16849,0.005441387
429469.765,5315969.168,2347375.875,375528.3335,0.998645229,2202.856987,0
430469.765,5315969.168,2350653.575,375691.6596,0.999939603,2063.59187,0.527525544
431469.765,5315969.168,2353931.28,375854.987,0.999973882,1817.665999,0.056308653
432469.765,5315969.168,2357208.991,376018.3157,0.997393685,1970.007838,0.519954418
433469.765,5315969.168,2360486.707,376181.6459,0.984669195,1846.927438,0.338024423
434469.765,5315969.168,2363764.428,376344.9775,0.968690006,2584.961167,0.222824397
435469.765,5315969.168,2367042.154,376508.3104,0.973639145,2594.02551,0.006430276
436469.765,5315969.168,2370319.886,376671.6447,0.995486524,1953.215379,0
437469.765,5315969.168,2373597.623,376834.9803,0.99863075,1478.11338,0
438469.765,5315969.168,2376875.364,376998.3174,0.999349331,1849.669339,0
439469.765,5315969.168,2380153.111,377161.6557,0.999299472,2199.194531,0
440469.765,5315969.168,2383430.862,377324.9954,0.99818344,2094.433212,0.00938061
441469.765,5315969.168,2386708.618,377488.3365,0.99871044,1834.154282,0.014070915
442469.765,5315969.168,2389986.379,377651.6789,0.978704614,1757.048305,0.380055688
443469.765,5315969.168,2393264.144,377815.0226,0.955605278,1580.811475,2.801233305
444469.765,5315969.168,2396541.914,377978.3677,0.886049294,1752.248588,18.99125349
445469.765,5315969.168,2399819.688,378141.7141,0.785851014,3882.85144,17.01351193
446469.765,5315969.168,2403097.467,378305.0618,0.92492887,2565.539107,7.892518982
447469.765,5315969.168,2406375.25,378468.4108,0.966351082,1547.12172,0.011017758
448469.765,5315969.168,2409653.037,378631.7612,0.969096673,2214.45592,9.29E-13
449469.765,5315969.168,2412930.828,378795.1128,0.980401136,1972.918702,0.021970024
450469.765,5315969.168,2416208.623,378958.4658,0.978073618,1771.014387,0
451469.765,5315969.168,2419486.422,379121.82,0.981699674,1353.796171,0.086533256
452469.765,5315969.168,2422764.225,379285.1756,0.965496668,2192.018802,0.268322761
453469.765,5315969.168,2426042.031,379448.5324,0.917823194,2049.210987,1.51281618
454469.765,5315969.168,2429319.841,379611.8905,0.874198201,2054.894459,3.070258737
455469.765,5315969.168,2432597.655,379775.2499,0.708133369,3613.915878,19.22263352
456469.765,5315969.168,2435875.473,379938.6105,0.581064164,5657.129009,24.35247707
457469.765,5315969.168,2439153.294,380101.9724,0.371445766,7226.241342,63.24604575
458469.765,5315969.168,2442431.118,380265.3356,0.332862281,7662.757382,65.4540566
459469.765,5315969.168,2445708.945,380428.7001,0.179921391,7397.792418,15.26405629
460469.765,5315969.168,2448986.776,380592.0658,0.051761891,6647.138094,10.42418921
461469.765,5315969.168,2452264.61,380755.4327,0.168844617,6358.330419,14.12000867
462469.765,5315969.168,2455542.447,380918.8009,0.177386592,5948.683971,15.07974492
463469.765,5315969.168,2458820.286,381082.1704,0.142877106,6441.134366,12.63850478
464469.765,5315969.168,2462098.129,381245.5411,0.207851387,6245.359307,18.8128487
465469.765,5315969.168,2465375.975,381408.913,0.272496575,5504.361679,19.98159497
466469.765,5315969.168,2468653.823,381572.2861,0.592627008,4706.561589,12.44286175
467469.765,5315969.168,2471931.674,381735.6605,0.878096656,2739.09177,7.923586499
468469.765,5315969.168,2475209.527,381899.0361,0.803685982,1836.292221,3.999017499
469469.765,5315969.168,2478487.383,382062.4129,0.664345281,1511.069229,4.662185073
470469.765,5315969.168,2481765.241,382225.7909,0.765462081,1757.629056,6.446911097
471469.765,5315969.168,2485043.102,382389.1701,0.87611722,2218.620834,22.45671558
472469.765,5315969.168,2488320.965,382552.5505,0.881014463,2520.552843,41.61290632
473469.765,5315969.168,2491598.83,382715.9321,0.825949312,4134.09765,37.20849673
474469.765,5315969.168,2494876.697,382879.3149,0.8427397,4156.026043,16.21596278
475469.765,5315969.168,2498154.566,383042.6989,0.743121776,2582.054158,22.46334183
476469.765,5315969.168,2501432.437,383206.0841,0.777659681,2354.966606,22.88943497
399469.765,5314969.168,2249211.134,367351.7331,0.59346678,1272.977964,0
400469.765,5314969.168,2252488.632,367515.007,0.79645101,1804.302004,0.270266533
401469.765,5314969.168,2255766.138,367678.2825,0.836824312,1775.427165,2.36998558
402469.765,5314969.168,2259043.652,367841.5596,0.801043478,2763.085808,1.899212087
403469.765,5314969.168,2262321.173,368004.8383,0.790534078,4037.410467,2.943243756
404469.765,5314969.168,2265598.702,368168.1187,0.856269073,2714.132069,2.108663809
405469.765,5314969.168,2268876.239,368331.4006,0.95112306,1382.059854,1.022223594
406469.765,5314969.168,2272153.783,368494.6842,0.98591386,286.7040481,1.508099437
407469.765,5314969.168,2275431.335,368657.9693,0.875413888,1027.921619,4.074519634
408469.765,5314969.168,2278708.894,368821.2561,0.806559056,1590.535168,4.135906776
409469.765,5314969.168,2281986.461,368984.5444,0.644871195,3101.276867,4.680723872
410469.765,5314969.168,2285264.034,369147.8343,0.469760565,3104.419825,3.160471439
411469.765,5314969.168,2288541.615,369311.1258,0.520267607,2604.404116,1.781031281
412469.765,5314969.168,2291819.203,369474.4189,0.637314935,1543.4051,0.717812121
413469.765,5314969.168,2295096.798,369637.7135,0.666321751,666.0205979,0.11738278
414469.765,5314969.168,2298374.4,369801.0097,0.783098559,1656.047914,0.11738278
415469.765,5314969.168,2301652.008,369964.3074,0.960880191,2108.866265,0
416469.765,5314969.168,2304929.623,370127.6067,0.972231034,2303.743159,0
417469.765,5314969.168,2308207.245,370290.9075,0.974937115,2508.3977,0
418469.765,5314969.168,2311484.874,370454.2099,0.997341206,2036.206526,0
419469.765,5314969.168,2314762.509,370617.5138,0.999545143,2066.701786,0
420469.765,5314969.168,2318040.15,370780.8192,0.999216878,2524.673469,0
421469.765,5314969.168,2321317.798,370944.1261,0.992845903,2629.199781,0
422469.765,5314969.168,2324595.452,371107.4346,0.974886226,2509.542274,0
423469.765,5314969.168,2327873.112,371270.7446,0.98810844,2022.220138,0
424469.765,5314969.168,2331150.778,371434.0561,0.974381013,1978.002732,0.013860439
425469.765,5314969.168,2334428.45,371597.3691,0.965734086,1762.625478,0.362645759
426469.765,5314969.168,2337706.128,371760.6836,0.96666299,1839.806522,0.595877891
427469.765,5314969.168,2340983.812,371923.9996,0.988756825,2115.487137,0.033485394
428469.765,5314969.168,2344261.502,372087.317,0.99651772,2192.392994,0.008769512
429469.765,5314969.168,2347539.198,372250.636,0.993954184,2163.01698,0
430469.765,5314969.168,2350816.899,372413.9564,0.99645371,2221.323428,0
431469.765,5314969.168,2354094.605,372577.2783,0.99999511,1574.274517,0
432469.765,5314969.168,2357372.317,372740.6017,0.996066202,1790.081421,0
433469.765,5314969.168,2360650.035,372903.9266,0.993609547,2017.227546,0.46723038
434469.765,5314969.168,2363927.758,373067.2529,0.99261437,1993.617529,0.236830328
435469.765,5314969.168,2367205.485,373230.5806,0.995022136,1403.458204,0.006430276
436469.765,5314969.168,2370483.218,373393.9098,0.999902822,1423.760933,0
437469.765,5314969.168,2373760.957,373557.2405,0.999904404,1429.302787,0
438469.765,5314969.168,2377038.7,373720.5726,0.999352423,1725.55266,0.139530286
439469.765,5314969.168,2380316.448,373883.9061,0.996313101,2198.023901,0.139530286
440469.765,5314969.168,2383594.2,374047.241,0.985666295,2260.949298,0.00938061
441469.765,5314969.168,2386871.958,374210.5774,0.991826261,1668.042534,0.011256732
442469.765,5314969.168,2390149.72,374373.9152,0.967566954,1018.020237,1.30996648
443469.765,5314969.168,2393427.487,374537.2544,0.917327444,780.8590702,1.138564216
444469.765,5314969.168,2396705.258,374700.595,0.874147017,1575.543352,2.31870302
445469.765,5314969.168,2399983.033,374863.9371,0.706485761,4081.495899,5.84813198
447469.765,5314969.168,2406538.597,375190.6253,0.823212484,1788.206306,0.731544117
448469.765,5314969.168,2409816.386,375353.9715,0.932400751,2342.355438,9.29E-13
449469.765,5314969.168,2413094.178,375517.3191,0.969510767,2126.745902,0.021970024
450469.765,5314969.168,2416371.974,375680.6681,0.977839124,1593.98998,0.043940049
451469.765,5314969.168,2419649.775,375844.0185,0.974221338,766.2668611,0.063313371
452469.765,5314969.168,2422927.579,376007.3702,0.909414693,1066.527448,0.955529039
453469.765,5314969.168,2426205.387,376170.7233,0.736330594,2171.912694,5.217627118
454469.765,5314969.168,2429483.198,376334.0777,0.704505132,2128.234415,7.474846508
455469.765,5314969.168,2432761.014,376497.4336,0.533481689,3646.739978,20.2169199
456469.765,5314969.168,2436038.832,376660.7907,0.473101393,4576.141348,23.28337574
457469.765,5314969.168,2439316.654,376824.1493,0.343393952,4710.717902,17.73807471
458469.765,5314969.168,2442594.48,376987.5091,0.198638823,6671.002367,15.34445319
459469.765,5314969.168,2445872.309,377150.8703,0.112181785,7546.293785,11.945182
460469.765,5314969.168,2449150.141,377314.2329,0.083813536,7823.94242,12.45606365
461469.765,5314969.168,2452427.976,377477.5968,0.050713893,7437.869922,14.81924725
462469.765,5314969.168,2455705.814,377640.962,0.118677636,6654.570128,11.5403742
463469.765,5314969.168,2458983.655,377804.3285,0.136527467,6669.363106,9.684979796
464469.765,5314969.168,2462261.499,377967.6963,0.161806199,6915.841423,21.49029374
465469.765,5314969.168,2465539.346,378131.0655,0.355739389,6401.311062,31.55503607
466469.765,5314969.168,2468817.195,378294.4359,0.634144385,5078.906871,13.42577591
467469.765,5314969.168,2472095.047,378457.8077,0.743415234,3795.468198,7.945589515
468469.765,5314969.168,2475372.902,378621.1808,0.791158606,3346.799854,12.55500932
469469.765,5314969.168,2478650.759,378784.5551,0.768232039,2355.26708,10.27067901
470469.765,5314969.168,2481928.619,378947.9308,0.856625093,1498.745173,8.143928041
471469.765,5314969.168,2485206.481,379111.3077,0.896056564,2301.755422,20.62926647
472469.765,5314969.168,2488484.345,379274.6859,0.857571824,3278.973037,37.97536251
473469.765,5314969.168,2491762.211,379438.0654,0.826633516,4395.422558,40.57662849
474469.765,5314969.168,2495040.08,379601.4462,0.866569173,3758.857377,22.99398436
475469.765,5314969.168,2498317.95,379764.8282,0.792299575,3167.891744,27.28420099
476469.765,5314969.168,2501595.822,379928.2115,0.863056801,3631.298066,35.1284008
399469.765,5313969.168,2249374.403,364074.2384,0.391771415,486.3436019,0
400469.765,5313969.168,2252651.903,364237.5043,0.853682694,1076.875342,0.270266533
401469.765,5313969.168,2255929.41,364400.7719,0.908428883,1416.262937,0.172872856
402469.765,5313969.168,2259206.926,364564.0412,0.904540898,3106.25328,3.324684112
403469.765,5313969.168,2262484.449,364727.3122,0.857885494,3005.780794,5.00192401
404469.765,5313969.168,2265761.98,364890.5849,0.938512854,1810.089084,0.886261386
405469.765,5313969.168,2269039.518,365053.8593,0.972835989,1630.942722,0.033814192
406469.765,5313969.168,2272317.064,365217.1353,0.992689098,1368.583273,0.028278815
407469.765,5313969.168,2275594.617,365380.4131,0.959163766,2029.046084,12.67227462
408469.765,5313969.168,2278872.178,365543.6925,0.881656779,2773.363769,21.26639979
409469.765,5313969.168,2282149.746,365706.9736,0.743893205,3215.91199,3.643102646
410469.765,5313969.168,2285427.322,365870.2563,0.608304416,3697.746538,2.158053043
411469.765,5313969.168,2288704.904,366033.5407,0.565270974,3191.062887,1.451107252
412469.765,5313969.168,2291982.493,366196.8267,0.655716968,1159.105685,0.717812121
413469.765,5313969.168,2295260.09,366360.1144,0.657483388,788.1265938,0
414469.765,5313969.168,2298537.693,366523.4037,0.813023612,1485.277201,0
415469.765,5313969.168,2301815.303,366686.6947,0.946021736,2070.592235,0
416469.765,5313969.168,2305092.92,366849.9873,0.934540545,1939.4906,0
417469.765,5313969.168,2308370.544,367013.2815,0.912267068,1577.98413,0
418469.765,5313969.168,2311648.174,367176.5774,0.982207586,1027.93133,0
419469.765,5313969.168,2314925.81,367339.8748,0.996284572,1367.195118,0
420469.765,5313969.168,2318203.453,367503.1739,0.992897032,1713.216551,0
421469.765,5313969.168,2321481.102,367666.4745,0.983440563,1543.361764,0
422469.765,5313969.168,2324758.758,367829.7768,0.962722097,2182.06086,0
423469.765,5313969.168,2328036.42,367993.0806,0.978453794,2131.989426,0
424469.765,5313969.168,2331314.087,368156.3861,0.993636891,2104.758702,0
425469.765,5313969.168,2334591.761,368319.6931,0.991662534,1641.635204,0.558052818
426469.765,5313969.168,2337869.441,368483.0017,0.966691501,2058.051404,0.463367561
427469.765,5313969.168,2341147.126,368646.3119,0.988036604,2142.4425,0.205825007
428469.765,5313969.168,2344424.818,368809.6236,0.999585678,1887.085052,0.418857803
429469.765,5313969.168,2347702.515,368972.937,0.995983734,1730.518053,0
430469.765,5313969.168,2350980.217,369136.2518,0.996549789,2021.634675,0
431469.765,5313969.168,2354257.925,369299.5683,0.999977945,1836.094883,0
432469.765,5313969.168,2357535.639,369462.8862,0.996947487,2364.655185,0
433469.765,5313969.168,2360813.358,369626.2057,0.996901494,3194.628462,0
434469.765,5313969.168,2364091.082,369789.5268,0.999430154,2904.852898,0
435469.765,5313969.168,2367368.811,369952.8494,0.999759979,2094.822093,0
436469.765,5313969.168,2370646.546,370116.1735,0.999938362,1693.566223,0
437469.765,5313969.168,2373924.285,370279.4992,1,1502.467821,0
438469.765,5313969.168,2377202.03,370442.8263,0.998188822,2172.820485,0.162134737
439469.765,5313969.168,2380479.779,370606.155,0.989120505,2400.779034,0.162134737
440469.765,5313969.168,2383757.534,370769.4852,0.950724928,2384.530013,2.280743361
441469.765,5313969.168,2387035.293,370932.8169,0.870470836,1917.11814,2.634031177
442469.765,5313969.168,2390313.056,371096.1501,0.898553749,985.9892493,4.480502968
443469.765,5313969.168,2393590.824,371259.4848,0.811501447,1160.606121,3.379407369
444469.765,5313969.168,2396868.597,371422.8209,0.760933523,3258.563808,5.083713625
449469.765,5313969.168,2413257.524,372239.524,0.976695059,2047.146946,0
450469.765,5313969.168,2416535.322,372402.869,0.985818433,2054.233503,0
451469.765,5313969.168,2419813.124,372566.2155,0.981034255,1126.495169,0.040093485
452469.765,5313969.168,2423090.929,372729.5634,0.912265228,185.1417625,0.596437493
453469.765,5313969.168,2426368.739,372892.9128,0.735868161,1368.153636,9.324777961
454469.765,5313969.168,2429646.552,373056.2636,0.653018988,1837.51895,11.50582798
455469.765,5313969.168,2432924.368,373219.6159,0.447197628,3202.825715,12.93395805
456469.765,5313969.168,2436202.188,373382.9696,0.480064526,2971.023108,16.040312
457469.765,5313969.168,2439480.012,373546.3247,0.549444962,2732.25542,15.44224344
458469.765,5313969.168,2442757.839,373709.6813,0.338215015,5657.457377,9.840337347
459469.765,5313969.168,2446035.669,373873.0393,0.14030371,6687.272429,11.36252785
460469.765,5313969.168,2449313.502,374036.3986,0.127100436,7362.884328,18.2818198
461469.765,5313969.168,2452591.339,374199.7594,0.060879297,7738.408387,20.63552094
462469.765,5313969.168,2455869.178,374363.1216,0.140562072,6718.353499,9.202988965
463469.765,5313969.168,2459147.021,374526.4852,0.241028994,6329.351558,7.212554449
464469.765,5313969.168,2462424.866,374689.8503,0.198264384,6489.835035,38.51254327
465469.765,5313969.168,2465702.714,374853.2167,0.379635617,5259.568302,35.41257245
466469.765,5313969.168,2468980.565,375016.5844,0.467341367,3971.251505,21.56339312
467469.765,5313969.168,2472258.419,375179.9536,0.417607269,3130.805282,14.70359188
468469.765,5313969.168,2475536.275,375343.3242,0.651237532,2580.483506,1.881105617
469469.765,5313969.168,2478814.133,375506.6961,0.911475093,1991.574212,6.072795282
470469.765,5313969.168,2482091.994,375670.0694,0.979504661,1763.217162,5.787630727
471469.765,5313969.168,2485369.857,375833.444,0.946862842,2268.137309,15.57905765
472469.765,5313969.168,2488647.723,375996.8201,0.891420269,3617.190876,28.75174413
473469.765,5313969.168,2491925.59,376160.1975,0.796961941,5399.674503,48.16371663
474469.765,5313969.168,2495203.46,376323.5762,0.836314799,4321.589094,54.16504042
475469.765,5313969.168,2498481.332,376486.9563,0.867095282,2901.888525,29.69599572
399469.765,5312969.168,2249537.664,360796.742,0.397533207,256.9655109,0
400469.765,5312969.168,2252815.166,360959.9999,0.844513302,685.2580292,0
401469.765,5312969.168,2256092.675,361123.2596,0.908476381,1830.759431,0.248352036
402469.765,5312969.168,2259370.192,361286.5211,0.691297132,3527.045339,3.490723126
403469.765,5312969.168,2262647.717,361449.7844,0.646277945,2011.025132,3.366547108
404469.765,5312969.168,2265925.249,361613.0494,0.797387393,1071.535812,0.002189087
405469.765,5312969.168,2269202.79,361776.3162,0.958654333,1560.403026,0.034783415
406469.765,5312969.168,2272480.337,361939.5848,0.96356632,2052.413693,0.090604793
407469.765,5312969.168,2275757.892,362102.8551,0.878884114,3442.46883,32.39426434
408469.765,5312969.168,2279035.455,362266.1272,0.809003507,4695.240109,36.35924943
409469.765,5312969.168,2282313.025,362429.401,0.874141841,3425.946429,6.199875945
410469.765,5312969.168,2285590.602,362592.6766,0.823491456,2688.773059,1.449674019
411469.765,5312969.168,2288868.186,362755.9539,0.726722336,2013.849973,0.317682199
412469.765,5312969.168,2292145.777,362919.233,0.718799084,977.1979927,0
413469.765,5312969.168,2295423.375,363082.5137,0.804684501,1379.967912,0
414469.765,5312969.168,2298700.98,363245.7962,0.885913816,1286.032047,0
415469.765,5312969.168,2301978.592,363409.0804,0.921502186,1483.982699,0
416469.765,5312969.168,2305256.21,363572.3663,0.936519988,1938.198069,0
417469.765,5312969.168,2308533.835,363735.6539,0.926191513,1613.155276,0
418469.765,5312969.168,2311811.467,363898.9432,0.982216229,1152.56711,0
419469.765,5312969.168,2315089.105,364062.2342,0.994315576,1364.615567,0
420469.765,5312969.168,2318366.75,364225.5269,0.99224136,1423.049025,0
421469.765,5312969.168,2321644.401,364388.8213,0.98462094,1039.839133,0
422469.765,5312969.168,2324922.058,364552.1174,0.990611023,1902.093858,0
423469.765,5312969.168,2328199.721,364715.4151,0.995547832,2087.235853,0
424469.765,5312969.168,2331477.391,364878.7145,0.998636324,2129.850858,0
425469.765,5312969.168,2334755.066,365042.0156,0.982054952,1693.295844,1.376685715
426469.765,5312969.168,2338032.747,365205.3183,0.980788218,2016.74654,0.580136239
427469.765,5312969.168,2341310.434,365368.6227,0.998615456,1012.228457,0.479978412
428469.765,5312969.168,2344588.127,365531.9287,0.999698749,769.3724276,0.825617969
429469.765,5312969.168,2347865.826,365695.2364,1,1090.535994,0
430469.765,5312969.168,2351143.53,365858.5457,0.999978802,1587.137473,0
431469.765,5312969.168,2354421.24,366021.8566,0.996160888,2258.216837,0
432469.765,5312969.168,2357698.955,366185.1692,0.9901467,3080.649471,0
433469.765,5312969.168,2360976.675,366348.4834,0.995363796,4040.73902,0
434469.765,5312969.168,2364254.401,366511.7992,0.998866941,3580.496172,0
435469.765,5312969.168,2367532.132,366675.1166,0.998028964,2018.397335,0
436469.765,5312969.168,2370809.868,366838.4357,0.998348445,967.3284045,0
437469.765,5312969.168,2374087.609,367001.7563,0.999469077,424.0091158,0
438469.765,5312969.168,2377365.355,367165.0786,0.986334287,1074.257465,0.147339409
439469.765,5312969.168,2380643.106,367328.4024,0.982202031,1544.012208,0.112826045
440469.765,5312969.168,2383920.862,367491.7278,0.804690803,2577.880896,2.993785501
441469.765,5312969.168,2387198.623,367655.0548,0.655526263,2744.300656,6.859193643
442469.765,5312969.168,2390476.388,367818.3834,0.83696674,1274.110018,4.544929864
443469.765,5312969.168,2393754.157,367981.7136,0.730794499,1992.238434,3.340278317
451469.765,5312969.168,2419976.469,369288.4111,0.966163155,1021.590122,0
452469.765,5312969.168,2423254.276,369451.7553,0.992999941,49.03534985,0
453469.765,5312969.168,2426532.087,369615.1009,0.946747667,1012.214026,3.741378228
454469.765,5312969.168,2429809.901,369778.4481,0.72920616,2367.211983,7.954074303
455469.765,5312969.168,2433087.72,369941.7968,0.404387378,3562.199964,10.80268939
456469.765,5312969.168,2436365.541,370105.147,0.444709304,3901.544892,6.996679425
460469.765,5312969.168,2449476.861,370758.563,0.159639431,6591.975374,18.76715692
461469.765,5312969.168,2452754.699,370921.9207,0.147933018,7596.285167,27.3965439
462469.765,5312969.168,2456032.54,371085.2799,0.142727071,7952.595481,18.09895086
463469.765,5312969.168,2459310.384,371248.6406,0.295817494,7280.379851,13.76728494
464469.765,5312969.168,2462588.23,371412.0028,0.378675256,6654.167335,82.52651555
465469.765,5312969.168,2465866.08,371575.3664,0.366905479,5466.988522,54.70881094
466469.765,5312969.168,2469143.932,371738.7316,0.125853953,5343.937306,67.10460554
467469.765,5312969.168,2472421.787,371902.0981,0.106665218,5014.838527,17.47463839
468469.765,5312969.168,2475699.645,372065.4662,0.415718078,3346.945355,0.896637678
469469.765,5312969.168,2478977.505,372228.8357,0.825434375,2423.153299,6.235578035
470469.765,5312969.168,2482255.367,372392.2066,0.940087626,2957.538826,10.28665062
471469.765,5312969.168,2485533.231,372555.579,0.913999442,4021.219891,12.45491525
472469.765,5312969.168,2488811.098,372718.9529,0.8080698,5464.641306,22.28255065
473469.765,5312969.168,2492088.967,372882.3281,0.670878069,6809.851825,43.35933352
474469.765,5312969.168,2495366.838,373045.7048,0.753177563,5770.993806,67.67487144
400469.765,5311969.168,2252978.421,357682.4937,0.833189123,935.9726127,8.05E-13
401469.765,5311969.168,2256255.932,357845.7455,0.797329523,2770.615931,0.392991135
402469.765,5311969.168,2259533.451,358008.9992,0.535518822,3648.281028,2.110878336
403469.765,5311969.168,2262810.977,358172.2548,0.469698298,1491.217304,2.158915744
404469.765,5311969.168,2266088.512,358335.5122,0.732434075,1492.830024,0.008801009
405469.765,5311969.168,2269366.054,358498.7714,0.8890686,1438.521486,0
406469.765,5311969.168,2272643.603,358662.0325,0.852645444,1486.17423,0
407469.765,5311969.168,2275921.16,358825.2954,0.74989443,2946.986339,11.60598946
408469.765,5311969.168,2279198.724,358988.5602,0.708295637,4328.501549,11.81878726
409469.765,5311969.168,2282476.296,359151.8268,0.773944302,3083.818612,6.395182928
410469.765,5311969.168,2285753.874,359315.0952,0.925510991,2538.098815,0.475999175
411469.765,5311969.168,2289031.46,359478.3654,0.883437402,1367.468784,0.401986718
412469.765,5311969.168,2292309.053,359641.6375,0.772383672,965.0972983,0
413469.765,5311969.168,2295586.653,359804.9113,0.864066446,1452.176996,0
414469.765,5311969.168,2298864.26,359968.1869,0.81575934,1165.578823,0
415469.765,5311969.168,2302141.873,360131.4644,0.886024006,1511.787614,0
416469.765,5311969.168,2305419.494,360294.7436,0.967377594,1878.663509,0
417469.765,5311969.168,2308697.12,360458.0246,0.990883391,1994.974149,0
418469.765,5311969.168,2311974.754,360621.3074,0.954745826,1570.249681,0
419469.765,5311969.168,2315252.394,360784.592,0.99069095,1288.267893,0
420469.765,5311969.168,2318530.04,360947.8783,0.991089718,1360.633515,0
421469.765,5311969.168,2321807.693,361111.1664,0.988835432,1567.486526,0
422469.765,5311969.168,2325085.352,361274.4563,0.992422591,1793.929249,0
423469.765,5311969.168,2328363.017,361437.7479,0.998427635,1852.315991,0
424469.765,5311969.168,2331640.688,361601.0413,0.998642452,2187.129816,2.789865732
425469.765,5311969.168,2334918.365,361764.3364,0.988220852,2237.58429,1.44236592
426469.765,5311969.168,2338196.048,361927.6332,0.990296115,1886.87812,0.612491393
427469.765,5311969.168,2341473.737,362090.9318,0.999188627,679.1106453,0.291733116
428469.765,5311969.168,2344751.431,362254.2321,0.998123281,1028.234147,5.09E-16
429469.765,5311969.168,2348029.132,362417.5341,0.997304836,1662.1748,2.85E-14
430469.765,5311969.168,2351306.837,362580.8379,0.995757919,2110.049763,5.64E-14
431469.765,5311969.168,2354584.549,362744.1434,0.998658477,2016.079781,0
432469.765,5311969.168,2357862.266,362907.4505,0.989435407,3233.404554,0
433469.765,5311969.168,2361139.988,363070.7594,0.99706015,4583.860732,0
434469.765,5311969.168,2364417.715,363234.07,0.999062157,3426.588696,0.294740796
435469.765,5311969.168,2367695.448,363397.3823,0.9973722,1429.23654,0
436469.765,5311969.168,2370973.186,363560.6962,0.992453211,1189.406353,0
437469.765,5311969.168,2374250.928,363724.0119,0.993683298,475.5847612,0
438469.765,5311969.168,2377528.676,363887.3292,0.990706795,293.2330539,0.128639519
439469.765,5311969.168,2380806.429,364050.6482,0.964474574,738.7037915,0.052795389
440469.765,5311969.168,2384084.186,364213.9689,0.793493649,2306.907401,3.139604758
441469.765,5311969.168,2387361.948,364377.2912,0.501025275,2912.405829,7.420354962
462469.765,5311969.168,2456195.898,367807.4367,0.278503775,7987.175387,27.08331435
463469.765,5311969.168,2459473.744,367970.7945,0.370167382,8429.440437,45.95538282
464469.765,5311969.168,2462751.592,368134.1539,0.254499593,8507.852952,256.8998114
465469.765,5311969.168,2466029.443,368297.5148,0.237657012,7625.435472,242.8019943
466469.765,5311969.168,2469307.297,368460.8772,0.138069948,7399.578199,147.3536358
467469.765,5311969.168,2472585.153,368624.2412,0.147881943,6840.904597,56.03619476
468469.765,5311969.168,2475863.012,368787.6067,0.271003787,5955.807875,2.695328742
469469.765,5311969.168,2479140.874,368950.9738,0.656722763,4654.906125,9.900159069
470469.765,5311969.168,2482418.737,369114.3424,0.807281407,5002.490428,23.39980423
471469.765,5311969.168,2485696.603,369277.7126,0.8973461,4935.093015,19.91083653
472469.765,5311969.168,2488974.472,369441.0842,0.747488901,4953.42646,17.2198704
400469.765,5310969.168,2253141.668,354404.9856,0.872884113,1212.944394,0.702534559
401469.765,5310969.168,2256419.181,354568.2296,0.743388104,3205.283397,0.749719067
402469.765,5310969.168,2259696.701,354731.4755,0.618074198,2995.016946,1.21483282
403469.765,5310969.168,2262974.23,354894.7233,0.569061782,1848.786664,0.691859066
404469.765,5310969.168,2266251.766,355057.9731,0.679455983,1199.039891,0.017602017
405469.765,5310969.168,2269529.31,355221.2248,0.708142563,465.0930953,5.45E-13
406469.765,5310969.168,2272806.861,355384.4784,0.439486414,525.7534646,0.027997846
407469.765,5310969.168,2276084.42,355547.7339,0.320653604,1206.680051,0.063596088
408469.765,5310969.168,2279361.986,355710.9914,0.309877363,1591.251914,9.179227941
409469.765,5310969.168,2282639.56,355874.2507,0.357435097,1533.673469,4.806093653
410469.765,5310969.168,2285917.14,356037.512,0.505355761,2150.081116,0.742862821
411469.765,5310969.168,2289194.728,356200.7751,0.784757565,2141.57286,0.015769223
412469.765,5310969.168,2292472.323,356364.0402,0.76945994,1403.107221,0
413469.765,5310969.168,2295749.924,356527.3071,0.788407158,2155.217059,0
414469.765,5310969.168,2299027.533,356690.5759,0.806704208,1980.468477,0
415469.765,5310969.168,2302305.148,356853.8466,0.885465874,1985.642493,0
416469.765,5310969.168,2305582.77,357017.1191,0.977532034,2093.644015,0
417469.765,5310969.168,2308860.399,357180.3935,0.84309527,2456.384882,0.192516811
418469.765,5310969.168,2312138.034,357343.6698,0.77234819,2842.982856,1.217269845
419469.765,5310969.168,2315415.676,357506.948,0.972980593,1874.749224,1.165202212
420469.765,5310969.168,2318693.324,357670.2279,0.988717314,1172.297903,0
421469.765,5310969.168,2321970.979,357833.5098,0.990236308,1682.412354,0
422469.765,5310969.168,2325248.639,357996.7934,0.99899583,1434.255513,0.016877098
423469.765,5310969.168,2328526.306,358160.0789,0.999685789,1581.694242,2.508203536
424469.765,5310969.168,2331803.979,358323.3663,0.997502077,2215.222384,3.897192001
425469.765,5310969.168,2335081.658,358486.6554,0.99625621,2153.592707,1.674743348
426469.765,5310969.168,2338359.343,358649.9464,0.997465526,1802.335641,0.101216258
427469.765,5310969.168,2341637.033,358813.2392,0.99863112,1736.854148,0.398184128
428469.765,5310969.168,2344914.73,358976.5338,0.991207123,1863.148479,1.803502517
429469.765,5310969.168,2348192.432,359139.8302,0.98962149,2480.157348,1.57162872
430469.765,5310969.168,2351470.139,359303.1284,0.994504242,2279.689643,0.45881182
431469.765,5310969.168,2354747.852,359466.4284,0.996551417,1936.300292,0
432469.765,5310969.168,2358025.571,359629.7302,0.993400391,2107.601933,0
433469.765,5310969.168,2361303.295,359793.0337,0.995026216,2871.893222,0
434469.765,5310969.168,2364581.024,359956.3391,0.990972684,2519.935143,0.294740796
435469.765,5310969.168,2367858.758,360119.6462,0.989710409,980.110605,0.294740796
436469.765,5310969.168,2371136.498,360282.9551,0.983931369,1156.825374,0
437469.765,5310969.168,2374414.242,360446.2658,0.987336279,1442.549298,0.087876096
438469.765,5310969.168,2377691.992,360609.5782,0.978623179,938.7687682,0.352863744
439469.765,5310969.168,2380969.746,360772.8924,0.820862965,1533.475305,2.048402926
401469.765,5309969.168,2256582.422,351290.7117,0.521257198,3304.563958,1.10098167
402469.765,5309969.168,2259859.944,351453.9498,0.514471322,2434.969576,0.669725178
403469.765,5309969.168,2263137.475,351617.1899,0.534325995,2206.326166,1.593868006
404469.765,5309969.168,2266415.013,351780.432,0.466225648,1036.088937,0.00789211
405469.765,5309969.168,2269692.559,351943.6762,0.436814101,124.9989061,0.102845083
406469.765,5309969.168,2272970.112,352106.9223,0.419019888,442.7247673,0.078901613
407469.765,5309969.168,2276247.673,352270.1705,0.535612267,772.5256247,0.003535602
408469.765,5309969.168,2279525.241,352433.4206,0.64378521,1144.851332,0.170390815
409469.765,5309969.168,2282802.816,352596.6727,0.480571526,642.2789215,1.090159178
410469.765,5309969.168,2286080.399,352759.9268,0.191296453,686.6664238,0.016065691
411469.765,5309969.168,2289357.989,352923.1829,0.567039544,2218.64723,0.016065691
412469.765,5309969.168,2292635.585,353086.441,0.735003478,2803.731197,0
413469.765,5309969.168,2295913.189,353249.701,0.71840073,2602.135569,0
414469.765,5309969.168,2299190.799,353412.963,0.672345039,1583.440313,0
415469.765,5309969.168,2302468.417,353576.2269,0.757841964,1855.600765,0
416469.765,5309969.168,2305746.041,353739.4928,0.958632987,2367.285037,0
417469.765,5309969.168,2309023.671,353902.7606,0.739568035,3162.929444,0.162149332
418469.765,5309969.168,2312301.308,354066.0304,0.665366924,3049.523088,1.217269845
419469.765,5309969.168,2315578.952,354229.3021,0.951129838,2376.83309,1.165202212
420469.765,5309969.168,2318856.602,354392.5757,0.980164791,2185.792594,0.061467074
421469.765,5309969.168,2322134.258,354555.8513,0.983825182,2472.469581,0
422469.765,5309969.168,2325411.921,354719.1287,0.984856322,2707.658528,1.038185576
427469.765,5309969.168,2341800.324,355535.5448,0.998842727,1614.181239,0.451409634
428469.765,5309969.168,2345078.022,355698.8337,0.993977017,2188.344997,1.622614225
429469.765,5309969.168,2348355.726,355862.1244,0.991003293,1831.77798,2.4419566
430469.765,5309969.168,2351633.436,356025.4171,0.997749786,1485.720153,0
431469.765,5309969.168,2354911.151,356188.7116,0.99453641,1786.793468,0
432469.765,5309969.168,2358188.871,356352.008,0.984044787,982.7490876,0
433469.765,5309969.168,2361466.597,356515.3063,0.969602263,464.9273224,0
402469.765,5308969.168,2260023.18,348176.4221,0.508759479,2103.642597,1.076633347
403469.765,5308969.168,2263300.712,348339.6545,0.368067004,1810.567183,0.967579747
404469.765,5308969.168,2266578.252,348502.889,0.395902743,1558.178571,0.665530166
405469.765,5308969.168,2269855.8,348666.1256,0.585359205,1240.014942,1.382628638
406469.765,5308969.168,2273133.356,348829.3643,0.868798281,1447.031763,0.183710473
407469.765,5308969.168,2276410.918,348992.605,0.973607883,1744.368911,0.004717468
408469.765,5308969.168,2279688.488,349155.8479,0.992565326,2142.557966,0.046646748
409469.765,5308969.168,2282966.066,349319.0928,0.819509472,1122.651786,0
410469.765,5308969.168,2286243.65,349482.3397,0.30519221,173.8290193,0.016362159
411469.765,5308969.168,2289521.242,349645.5887,0.394228382,1834.192055,0.053403488
412469.765,5308969.168,2292798.841,349808.8398,0.651580051,3049.129397,0.090444818
413469.765,5308969.168,2296076.446,349972.0929,0.682433446,2897.377758,0
414469.765,5308969.168,2299354.059,350135.3481,0.658117904,2245.344821,0
415469.765,5308969.168,2302631.678,350298.6053,0.744432959,2629.920875,0
416469.765,5308969.168,2305909.304,350461.8645,0.962623571,2947.494079,0
417469.765,5308969.168,2309186.937,350625.1257,0.903221234,2921.97084,0.294672477
404469.765,5307969.168,2266741.484,345225.3439,0.561066385,2388.439578,3.585251514
405469.765,5307969.168,2270019.034,345388.5729,0.77361499,2186.592761,3.959478372
406469.765,5307969.168,2273296.592,345551.8042,0.879162024,2460.814908,0.196664096
407469.765,5307969.168,2276574.156,345715.0375,0.968503456,2631.529523,0.064932189
408469.765,5307969.168,2279851.729,345878.2731,0.988482663,2474.516141,0.027746876
409469.765,5307969.168,2283129.308,346041.5107,0.944222008,1633.531405,0
410469.765,5307969.168,2286406.895,346204.7506,0.545098452,684.7972283,0.657908916
411469.765,5307969.168,2289684.489,346367.9925,0.279782315,928.5688776,0.279599518
412469.765,5307969.168,2292962.089,346531.2366,0.503698558,1476.197086,0.090444818
413469.765,5307969.168,2296239.697,346694.4828,0.780081436,2569.920423,0
414469.765,5307969.168,2299517.312,346857.7311,0.865800047,3062.429927,0
415469.765,5307969.168,2302794.933,347020.9816,0.876014674,2921.02298,0
416469.765,5307969.168,2306072.561,347184.2342,0.976984815,2167.320882,0
410469.765,5306969.168,2286570.132,342927.1593,0.848954039,1614.296834,0.434010126
411469.765,5306969.168,2289847.728,343090.3942,0.450488117,658.6800559,0.319488357
412469.765,5306969.168,2293125.331,343253.6313,0.384615392,914.598682,0
413469.765,5306969.168,2296402.941,343416.8706,0.766354978,2156.818693,0
