X,Y,NAD_X,NAD_Y,FC,HFI,pop
705128.1288,5416794.451,1792228.754,682831.6493,0.219775261,0,0
706128.1288,5416794.451,1795507.948,682737.8619,0.454142858,0.000697107,0
707128.1288,5416794.451,1798787.125,682644.0683,0.528563032,83.31617894,0
708128.1288,5416794.451,1802066.284,682550.2683,0.489387386,170.7435731,0.047755621
709128.1288,5416794.451,1805345.427,682456.4621,0.549406251,11.13396226,0
710128.1288,5416794.451,1808624.552,682362.6496,0.680608854,62.48978347,0
711128.1288,5416794.451,1811903.66,682268.8308,0.574069892,189.5181009,0
712128.1288,5416794.451,1815182.751,682175.0057,0.631590796,42.35792507,0
713128.1288,5416794.451,1818461.824,682081.1743,0.630881895,0.005049088,0
703128.1288,5415794.451,1785576.552,679739.972,0.195397967,5.84527956,0
704128.1288,5415794.451,1788855.773,679646.2141,0.212657814,0,0
705128.1288,5415794.451,1792134.978,679552.4499,0.141169261,0,0
706128.1288,5415794.451,1795414.166,679458.6796,0.212979004,0,0
707128.1288,5415794.451,1798693.336,679364.903,0.417024855,26.10701914,0.047755621
708128.1288,5415794.451,1801972.49,679271.1202,0.463003234,169.8657804,0.047755621
709128.1288,5415794.451,1805251.626,679177.3313,0.444425557,205.6709184,0
710128.1288,5415794.451,1808530.745,679083.5361,0.567272018,206.0889699,0
711128.1288,5415794.451,1811809.847,678989.7347,0.594470973,301.0326642,0
712128.1288,5415794.451,1815088.931,678895.9271,0.715310749,169.0213465,0
713128.1288,5415794.451,1818367.998,678802.1133,0.491790498,49.99562762,0
714128.1288,5415794.451,1821647.047,678708.2934,0.460630424,6.453087994,0
715128.1288,5415794.451,1824926.078,678614.4673,0.431414314,0,0
701128.1288,5414794.451,1778924.324,676648.2087,0.174044224,59.66520868,0
702128.1288,5414794.451,1782203.573,676554.4799,0.315941591,197.1831448,0
703128.1288,5414794.451,1785482.805,676460.7451,0.305626598,155.7082877,0
704128.1288,5414794.451,1788762.021,676367.004,0.241640217,3.68374043,0
705128.1288,5414794.451,1792041.219,676273.2568,0.15097313,0,0
706128.1288,5414794.451,1795320.401,676179.5035,0.161790377,0,0
707128.1288,5414794.451,1798599.565,676085.744,0.235266364,0.788850428,0
708128.1288,5414794.451,1801878.713,675991.9784,0.522618285,149.5370741,0
709128.1288,5414794.451,1805157.843,675898.2066,0.593004983,280.7028061,0
710128.1288,5414794.451,1808436.956,675804.4288,0.590345604,222.4739336,0
711128.1288,5414794.451,1811716.051,675710.6448,0.639634155,239.2109774,0
712128.1288,5414794.451,1814995.129,675616.8547,0.608993472,270.2513681,0
713128.1288,5414794.451,1818274.19,675523.0585,0.333665834,236.599672,0
714128.1288,5414794.451,1821553.233,675429.2562,0.260027274,153.3653916,0
715128.1288,5414794.451,1824832.258,675335.4478,0.312391679,1.100163905,0
716128.1288,5414794.451,1828111.266,675241.6334,0.381545174,0,0
723128.1288,5414794.451,1851063.813,674584.7621,0.266937572,463.5773723,0
724128.1288,5414794.451,1854342.676,674490.8991,0.387459118,492.9453153,0
725128.1288,5414794.451,1857621.52,674397.0301,0.674843317,281.3370971,0
726128.1288,5414794.451,1860900.345,674303.1551,0.836387981,333.3170554,0
727128.1288,5414794.451,1864179.151,674209.274,0.809488976,130.7735058,0
728128.1288,5414794.451,1867457.939,674115.3869,0.870754766,0.509018036,0
729128.1288,5414794.451,1870736.708,674021.4938,0.962393311,0,0
700128.1288,5413794.451,1775551.347,673462.6605,0.394877695,0,0
701128.1288,5413794.451,1778830.607,673368.9545,0.326869909,0.693330904,0
702128.1288,5413794.451,1782109.85,673275.2424,0.430880936,108.005292,0
703128.1288,5413794.451,1785389.076,673181.5243,0.504245969,198.1907282,0
704128.1288,5413794.451,1788668.285,673087.8001,0.376087012,140.8800583,0
705128.1288,5413794.451,1791947.477,672994.0698,0.180893253,4.024230279,0
706128.1288,5413794.451,1795226.653,672900.3335,0.070338103,0.006012024,0
707128.1288,5413794.451,1798505.811,672806.5911,0.117269878,0,0
708128.1288,5413794.451,1801784.953,672712.8426,0.436179286,38.58540146,0
709128.1288,5413794.451,1805064.077,672619.0881,0.70564197,202.4359956,0
710128.1288,5413794.451,1808343.184,672525.3276,0.650381216,55.13060109,0
711128.1288,5413794.451,1811622.273,672431.561,0.604172115,15.44041545,0.002442725
712128.1288,5413794.451,1814901.345,672337.7884,0.436079232,113.826499,0
713128.1288,5413794.451,1818180.399,672244.0098,0.317085702,167.8270142,0
714128.1288,5413794.451,1821459.436,672150.2251,0.24582056,132.3649608,0
715128.1288,5413794.451,1824738.456,672056.4345,0.30986203,16.48150173,0
716128.1288,5413794.451,1828017.457,671962.6378,0.415078925,0,0
717128.1288,5413794.451,1831296.441,671868.8352,0.498029639,1.122538293,0
721128.1288,5413794.451,1844412.195,671493.5646,0.495422155,47.10493715,0
722128.1288,5413794.451,1847691.088,671399.7321,0.330402378,10.77518248,0
723128.1288,5413794.451,1850969.963,671305.8935,0.34221949,378.3640839,0
724128.1288,5413794.451,1854248.819,671212.049,0.406283524,345.1089452,0
725128.1288,5413794.451,1857527.657,671118.1985,0.541354174,5.101293496,0
726128.1288,5413794.451,1860806.476,671024.3421,0.727771595,48.59752096,0
727128.1288,5413794.451,1864085.277,670930.4798,0.699903351,92.30102041,0
728128.1288,5413794.451,1867364.059,670836.6115,0.789782023,32.85729927,0
729128.1288,5413794.451,1870642.822,670742.7372,0.914840296,0.53540146,0
730128.1288,5413794.451,1873921.566,670648.8571,0.955741722,6.363222161,0
731128.1288,5413794.451,1877200.291,670554.971,0.945820055,148.7031706,0
700128.1288,5412794.451,1775457.653,670183.3958,0.413436058,0,0
701128.1288,5412794.451,1778736.906,670089.7064,0.3560921,0,0
702128.1288,5412794.451,1782016.143,669996.011,0.179144291,0.676449143,0
703128.1288,5412794.451,1785295.363,669902.3096,0.370455175,123.4265913,0
704128.1288,5412794.451,1788574.566,669808.6022,0.491645427,206.828384,0
705128.1288,5412794.451,1791853.753,669714.8889,0.259148095,171.0433358,2.00E-14
706128.1288,5412794.451,1795132.922,669621.1695,0.115749899,19.46244987,0
707128.1288,5412794.451,1798412.074,669527.4442,0.229178174,0.003646973,0
708128.1288,5412794.451,1801691.21,669433.7129,0.497970696,10.36051815,0
709128.1288,5412794.451,1804970.328,669339.9756,0.605726698,169.3604672,0
710128.1288,5412794.451,1808249.429,669246.2324,0.555105131,94.09673893,0
711128.1288,5412794.451,1811528.512,669152.4833,0.652226619,0.022967554,0.002442725
712128.1288,5412794.451,1814807.578,669058.7281,0.563018133,1.062636562,0
713128.1288,5412794.451,1818086.627,668964.9671,0.449407524,3.358380449,0
714128.1288,5412794.451,1821365.658,668871.2001,0.332875577,20.94614823,0
715128.1288,5412794.451,1824644.671,668777.4272,0.399384472,0.743800146,0
716128.1288,5412794.451,1827923.666,668683.6483,0.535410223,0,0
717128.1288,5412794.451,1831202.644,668589.8635,0.546150213,7.924617626,0
718128.1288,5412794.451,1834481.604,668496.0728,0.482187885,674.5058309,0
719128.1288,5412794.451,1837760.545,668402.2763,0.509071322,1041.745534,0
720128.1288,5412794.451,1841039.469,668308.4738,0.644470738,180.499453,0
721128.1288,5412794.451,1844318.374,668214.6654,0.782844544,0.736698251,0
722128.1288,5412794.451,1847597.261,668120.8511,0.627848192,0.328290193,0
723128.1288,5412794.451,1850876.13,668027.0309,0.62035792,267.2451695,0
724128.1288,5412794.451,1854154.981,667933.2049,0.584675926,448.9921619,0
725128.1288,5412794.451,1857433.813,667839.3729,0.640368419,209.7349617,0
726128.1288,5412794.451,1860712.626,667745.5351,0.775363079,1.152949745,0
727128.1288,5412794.451,1863991.421,667651.6915,0.817506375,34.02715015,0
728128.1288,5412794.451,1867270.197,667557.842,0.883480535,40.545272,0
729128.1288,5412794.451,1870548.954,667463.9866,0.898651873,222.9020073,0.057956472
730128.1288,5412794.451,1873827.692,667370.1254,0.899843553,350.2169399,0.057956472
731128.1288,5412794.451,1877106.411,667276.2583,0.9364262,933.2746812,0
732128.1288,5412794.451,1880385.112,667182.3855,0.971819682,1224.360772,0
699128.1288,5411794.451,1772084.711,666997.804,0.163943213,0,0
700128.1288,5411794.451,1775363.975,666904.1371,0.409031697,0,0
701128.1288,5411794.451,1778643.222,666810.4643,0.307331816,0,0
702128.1288,5411794.451,1781922.453,666716.7856,0.08469089,0.03078885,0
703128.1288,5411794.451,1785201.667,666623.1009,0.209391895,1.842690485,0
704128.1288,5411794.451,1788480.864,666529.4104,0.366435305,97.85565883,0
705128.1288,5411794.451,1791760.045,666435.7139,0.385166706,200.9418414,0.005397392
706128.1288,5411794.451,1795039.208,666342.0116,0.281782219,178.1489245,0.010794784
707128.1288,5411794.451,1798318.355,666248.3033,0.389660809,12.32592458,0
708128.1288,5411794.451,1801597.484,666154.5892,0.488292566,1.407947503,0
709128.1288,5411794.451,1804876.596,666060.8691,0.462216305,155.1236098,0
710128.1288,5411794.451,1808155.691,665967.1432,0.519909647,156.1633582,0
711128.1288,5411794.451,1811434.769,665873.4114,0.659331757,1.129484611,0
712128.1288,5411794.451,1814713.829,665779.6738,0.677931198,0,0
713128.1288,5411794.451,1817992.871,665685.9303,0.497301167,0,0
714128.1288,5411794.451,1821271.896,665592.1809,0.485375788,0,0
715128.1288,5411794.451,1824550.904,665498.4257,0.446693045,0,0
716128.1288,5411794.451,1827829.893,665404.6647,0.548311882,0.043359446,0
717128.1288,5411794.451,1831108.865,665310.8978,0.501602166,14.04734159,0
718128.1288,5411794.451,1834387.819,665217.1251,0.454922202,941.0308225,0.012807557
719128.1288,5411794.451,1837666.755,665123.3465,0.571890021,1695.969337,0.012807557
720128.1288,5411794.451,1840945.673,665029.5622,0.747818863,608.2241883,0
721128.1288,5411794.451,1844224.572,664935.772,0.8562961,0.359591539,0
722128.1288,5411794.451,1847503.453,664841.976,0.723386765,0.060688901,0
723128.1288,5411794.451,1850782.316,664748.1742,0.671151162,33.90127505,0
724128.1288,5411794.451,1854061.161,664654.3666,0.547553504,544.564663,0
725128.1288,5411794.451,1857339.987,664560.5532,0.512385682,334.2247949,0
726128.1288,5411794.451,1860618.795,664466.734,0.723815841,1.014590553,0
727128.1288,5411794.451,1863897.584,664372.9091,0.856586637,0.15798105,0
728128.1288,5411794.451,1867176.354,664279.0783,0.936140159,219.7795591,0
729128.1288,5411794.451,1870455.105,664185.2418,0.949934532,420.7931097,0.057956472
730128.1288,5411794.451,1873733.837,664091.3995,0.958574672,406.4867079,0.057956472
731128.1288,5411794.451,1877012.551,663997.5515,0.968945641,972.7202988,0
732128.1288,5411794.451,1880291.245,663903.6977,0.976766092,860.8860944,0
733128.1288,5411794.451,1883569.921,663809.8382,0.990196518,125.3299307,0
699128.1288,5410794.451,1771991.055,663718.5348,0.259123789,0,0
700128.1288,5410794.451,1775270.313,663624.8844,0.41745135,0,0
701128.1288,5410794.451,1778549.555,663531.2282,0.181351148,2.656768082,0
702128.1288,5410794.451,1781828.779,663437.5661,0.116055657,40.4965379,0
703128.1288,5410794.451,1785107.988,663343.8982,0.117130234,3.225277727,0
704128.1288,5410794.451,1788387.179,663250.2244,0.150488233,0.137912188,0
705128.1288,5410794.451,1791666.354,663156.5449,0.299864654,57.63354603,0.010794784
706128.1288,5410794.451,1794945.511,663062.8595,0.5135969,192.0794085,0
707128.1288,5410794.451,1798224.652,662969.1683,0.490343317,163.935143,0
708128.1288,5410794.451,1801503.776,662875.4713,0.356939137,6.371334912,0
709128.1288,5410794.451,1804782.882,662781.7685,0.342345749,103.5890286,0
710128.1288,5410794.451,1808061.971,662688.0599,0.485172539,182.8401094,0
711128.1288,5410794.451,1811341.043,662594.3455,0.546567651,31.06330962,0
712128.1288,5410794.451,1814620.097,662500.6253,0.547955457,0,0
713128.1288,5410794.451,1817899.134,662406.8994,0.496958783,0,0
714128.1288,5410794.451,1821178.153,662313.1677,0.542236697,0.000182216,0
715128.1288,5410794.451,1824457.155,662219.4302,0.487998969,1.198651358,0
716128.1288,5410794.451,1827736.138,662125.6869,0.438413034,17.95735375,0
717128.1288,5410794.451,1831015.104,662031.9379,0.415944072,477.5741888,0
718128.1288,5410794.451,1834294.052,661938.1831,0.502370943,1149.992715,0.012807557
719128.1288,5410794.451,1837572.982,661844.4226,0.588736316,1301.956601,0.012807557
720128.1288,5410794.451,1840851.894,661750.6564,0.76920707,503.1361065,0
721128.1288,5410794.451,1844130.788,661656.8844,0.819100286,8.473108478,0
722128.1288,5410794.451,1847409.664,661563.1067,0.763195843,9.872495446,0
723128.1288,5410794.451,1850688.521,661469.3233,0.662774461,312.5795993,0
724128.1288,5410794.451,1853967.36,661375.5341,0.561244199,467.6273009,0
725128.1288,5410794.451,1857246.18,661281.7392,0.323278184,213.1980288,0
726128.1288,5410794.451,1860524.982,661187.9387,0.397405071,0.170104034,0
727128.1288,5410794.451,1863803.765,661094.1324,0.744383987,0.660473588,0
728128.1288,5410794.451,1867082.529,661000.3204,0.934007448,220.0727306,0
729128.1288,5410794.451,1870361.275,660906.5028,0.980545097,278.7299563,0
730128.1288,5410794.451,1873640.002,660812.6794,0.973874245,13.44567991,0
731128.1288,5410794.451,1876918.71,660718.8504,0.983477328,841.6338748,0
732128.1288,5410794.451,1880197.398,660625.0157,0.988180184,1063.904519,0
733128.1288,5410794.451,1883476.068,660531.1754,0.995406954,419.598834,0
734128.1288,5410794.451,1886754.718,660437.3294,0.988917918,353.2349079,0
699128.1288,5409794.451,1771897.416,660439.2714,0.469114676,0.036820999,0
700128.1288,5409794.451,1775176.668,660345.6375,0.499739101,0,0
701128.1288,5409794.451,1778455.904,660251.9978,0.172888995,22.03536274,0
702128.1288,5409794.451,1781735.123,660158.3524,0.161947861,132.2438935,0
703128.1288,5409794.451,1785014.325,660064.7012,0.114223429,99.947378,0
704128.1288,5409794.451,1788293.511,659971.0443,0.121011485,0.034092981,0
705128.1288,5409794.451,1791572.68,659877.3816,0.253075928,0.139390622,0
706128.1288,5409794.451,1794851.832,659783.7132,0.461908731,81.47466278,0
707128.1288,5409794.451,1798130.966,659690.0391,0.503732539,196.6676385,0.088009082
708128.1288,5409794.451,1801410.084,659596.3592,0.38505958,160.1989433,0.046627245
709128.1288,5409794.451,1804689.185,659502.6736,0.202713443,11.87860007,0.005245409
710128.1288,5409794.451,1807968.268,659408.9824,0.441034089,166.1173358,0
711128.1288,5409794.451,1811247.334,659315.2854,0.443912218,168.9272296,0
712128.1288,5409794.451,1814526.383,659221.5826,0.341167159,7.618665694,0
713128.1288,5409794.451,1817805.414,659127.8742,0.423479323,0.902749954,0
714128.1288,5409794.451,1821084.427,659034.1601,0.440436435,12.71459814,0
715128.1288,5409794.451,1824363.423,658940.4404,0.370574951,165.2833728,0
716128.1288,5409794.451,1827642.401,658846.7149,0.367289365,754.8699854,0
717128.1288,5409794.451,1830921.361,658752.9838,0.433170911,1159.281752,0.017814994
718128.1288,5409794.451,1834200.304,658659.247,0.567880344,962.2214325,0.012807557
719128.1288,5409794.451,1837479.228,658565.5045,0.671287701,221.6128327,0.012807557
720128.1288,5409794.451,1840758.134,658471.7563,0.780404643,109.3607214,0
721128.1288,5409794.451,1844037.022,658378.0026,0.875202608,9.214832362,0
722128.1288,5409794.451,1847315.892,658284.2431,0.834498964,13.07141556,0
723128.1288,5409794.451,1850594.744,658190.478,0.71947637,432.6525146,0
724128.1288,5409794.451,1853873.577,658096.7073,0.652037532,421.7546963,0
725128.1288,5409794.451,1857152.392,658002.931,0.457002151,4.461440292,0
726128.1288,5409794.451,1860431.188,657909.149,0.409770354,0,0
727128.1288,5409794.451,1863709.965,657815.3614,0.682162908,0.048104956,0
728128.1288,5409794.451,1866988.724,657721.5682,0.902950787,70.39497176,0.060878143
729128.1288,5409794.451,1870267.464,657627.7694,0.961410243,160.8125342,0
730128.1288,5409794.451,1873546.185,657533.965,0.956595828,34.15447748,0
731128.1288,5409794.451,1876824.887,657440.155,0.970242366,655.7531923,0
732128.1288,5409794.451,1880103.57,657346.3394,0.987218185,1800.37345,0
733128.1288,5409794.451,1883382.234,657252.5182,0.982392662,2390.76461,0
734128.1288,5409794.451,1886660.879,657158.6915,0.981013169,1686.142623,0
735128.1288,5409794.451,1889939.504,657064.8592,0.968743347,2008.098779,0
698128.1288,5408794.451,1768524.53,657253.6255,0.194335225,110.863595,0
699128.1288,5408794.451,1771803.793,657160.0138,0.412482384,49.35580251,0
700128.1288,5408794.451,1775083.039,657066.3964,0.428995529,3.59650082,0
701128.1288,5408794.451,1778362.269,656972.7733,0.251260875,0.746124384,0
702128.1288,5408794.451,1781641.483,656879.1445,0.248586914,148.3868613,0
703128.1288,5408794.451,1784920.68,656785.51,0.165784084,194.2450319,0
704128.1288,5408794.451,1788199.86,656691.8699,0.076499736,34.97246033,0
705128.1288,5408794.451,1791479.023,656598.2241,0.209072477,0.018407144,0
706128.1288,5408794.451,1794758.169,656504.5727,0.254407705,0.449927167,0
707128.1288,5408794.451,1798037.298,656410.9156,0.2922493,82.74580598,0.061347086
708128.1288,5408794.451,1801316.41,656317.2529,0.452908034,206.1078128,0.056791851
709128.1288,5408794.451,1804595.505,656223.5845,0.421486063,91.25218659,0.099227823
710128.1288,5408794.451,1807874.583,656129.9105,0.537051229,90.18143691,0
711128.1288,5408794.451,1811153.643,656036.2309,0.563781313,205.7550164,0
712128.1288,5408794.451,1814432.686,655942.5457,0.487566477,203.4577259,0
713128.1288,5408794.451,1817711.711,655848.8548,0.350760922,189.3180907,0
714128.1288,5408794.451,1820990.719,655755.1583,0.33551938,674.8975574,0
715128.1288,5408794.451,1824269.709,655661.4562,0.45988741,1141.771179,0.154046655
716128.1288,5408794.451,1827548.682,655567.7486,0.551122693,1215.793538,0.154046655
717128.1288,5408794.451,1830827.636,655474.0353,0.606758759,830.6257299,0.017814994
718128.1288,5408794.451,1834106.573,655380.3164,0.597026078,98.18880991,0
719128.1288,5408794.451,1837385.492,655286.592,0.713110844,1.936782656,0
720128.1288,5408794.451,1840664.392,655192.862,0.785467244,1.181271634,0
721128.1288,5408794.451,1843943.275,655099.1264,0.857242376,0.026618049,0
722128.1288,5408794.451,1847222.139,655005.3852,0.81872431,1.8033954,0
723128.1288,5408794.451,1850500.985,654911.6385,0.741556283,299.2417943,0
724128.1288,5408794.451,1853779.813,654817.8862,0.701093715,454.9402441,0
725128.1288,5408794.451,1857058.622,654724.1284,0.682158712,34.0247678,0
726128.1288,5408794.451,1860337.412,654630.365,0.747687781,0.041917259,0
727128.1288,5408794.451,1863616.184,654536.5961,0.84628006,0,0
728128.1288,5408794.451,1866894.937,654442.8217,0.877954266,11.49444141,0.060878143
729128.1288,5408794.451,1870173.672,654349.0417,0.896528552,261.1571272,0.060878143
730128.1288,5408794.451,1873452.387,654255.2562,0.914906371,289.6558572,0
731128.1288,5408794.451,1876731.084,654161.4652,0.931006906,152.735144,0
732128.1288,5408794.451,1880009.761,654067.6687,0.953148323,1075.582574,0
733128.1288,5408794.451,1883288.42,653973.8667,0.95745042,1829.227264,0
734128.1288,5408794.451,1886567.059,653880.0592,0.972654214,1282.83737,0
735128.1288,5408794.451,1889845.679,653786.2462,0.970428066,1205.781523,0
698128.1288,5407794.451,1768430.929,653974.3572,0.106765881,98.38019694,0
699128.1288,5407794.451,1771710.187,653880.7618,0.131229197,143.738299,0
700128.1288,5407794.451,1774989.427,653787.1609,0.216937911,138.2727273,0
701128.1288,5407794.451,1778268.652,653693.5544,0.275203478,0.939631589,0
702128.1288,5407794.451,1781547.86,653599.9422,0.23224895,33.5734355,0
703128.1288,5407794.451,1784827.051,653506.3245,0.245583155,197.2395188,0
704128.1288,5407794.451,1788106.225,653412.7012,0.202102389,197.8437158,0
705128.1288,5407794.451,1791385.383,653319.0723,0.240734543,26.75943138,0
706128.1288,5407794.451,1794664.523,653225.4378,0.212744336,0.000728465,0
707128.1288,5407794.451,1797943.647,653131.7978,0.27126702,11.86808976,0.03468509
708128.1288,5407794.451,1801222.753,653038.1522,0.551251753,248.2089797,0.099227823
709128.1288,5407794.451,1804501.842,652944.501,0.572074994,260.2572939,0
710128.1288,5407794.451,1807780.915,652850.8443,0.394803092,3.075268817,0
711128.1288,5407794.451,1811059.969,652757.1821,0.502917279,102.9446266,0
712128.1288,5407794.451,1814339.007,652663.5143,0.635193604,843.6706161,0
713128.1288,5407794.451,1817618.026,652569.841,0.56973149,1602.979208,0
714128.1288,5407794.451,1820897.029,652476.1621,0.535225897,1208.044659,0
715128.1288,5407794.451,1824176.013,652382.4777,0.620667406,919.4095134,0
716128.1288,5407794.451,1827454.98,652288.7878,0.561866291,285.2638484,0
717128.1288,5407794.451,1830733.929,652195.0924,0.617555799,33.86524435,0
718128.1288,5407794.451,1834012.86,652101.3915,0.676605341,1.313114754,0
719128.1288,5407794.451,1837291.774,652007.6851,0.833598065,0,0
720128.1288,5407794.451,1840570.669,651913.9731,0.803431857,0,0
721128.1288,5407794.451,1843849.546,651820.2557,0.880222168,0,0
722128.1288,5407794.451,1847128.404,651726.5328,0.866689541,0.066776136,0
723128.1288,5407794.451,1850407.245,651632.8045,0.788286477,136.8438241,0
724128.1288,5407794.451,1853686.067,651539.0706,0.777937122,519.8902861,0
725128.1288,5407794.451,1856964.87,651445.3313,0.75154247,418.0255009,0
726128.1288,5407794.451,1860243.656,651351.5865,0.826804428,27.07069971,0
727128.1288,5407794.451,1863522.422,651257.8363,0.876275404,0,0
728128.1288,5407794.451,1866801.17,651164.0806,0.792081988,0.156301295,0
729128.1288,5407794.451,1870079.899,651070.3195,0.797443464,261.2216955,0
730128.1288,5407794.451,1873358.609,650976.5529,0.859279366,635.0041917,0
731128.1288,5407794.451,1876637.3,650882.7809,0.898200165,551.4766849,0
732128.1288,5407794.451,1879915.972,650789.0035,0.916472088,688.4810496,0
733128.1288,5407794.451,1883194.625,650695.2206,0.958819001,316.6346399,0
734128.1288,5407794.451,1886473.258,650601.4323,0.974131608,90.51458257,0
735128.1288,5407794.451,1889751.873,650507.6387,0.964846976,12.25122973,0
736128.1288,5407794.451,1893030.468,650413.8396,0.96878053,16.20400729,0
698128.1288,5406794.451,1768337.345,650695.0945,0.103607431,257.084959,2.33E-13
699128.1288,5406794.451,1771616.597,650601.5155,0.122861933,128.4275032,0
700128.1288,5406794.451,1774895.832,650507.931,0.235929845,192.3008753,0
701128.1288,5406794.451,1778175.051,650414.3411,0.322581393,71.37117347,0
702128.1288,5406794.451,1781454.253,650320.7455,0.20316954,0.062317784,0
703128.1288,5406794.451,1784733.439,650227.1445,0.159432488,51.96665452,0
704128.1288,5406794.451,1788012.607,650133.538,0.231673073,219.6958265,0
705128.1288,5406794.451,1791291.759,650039.926,0.325073546,147.0621242,0
706128.1288,5406794.451,1794570.894,649946.3085,0.291523529,0.826530612,0
707128.1288,5406794.451,1797850.012,649852.6855,0.362048533,2.344884187,0
708128.1288,5406794.451,1801129.113,649759.057,0.625095432,243.8568821,0
709128.1288,5406794.451,1804408.197,649665.4231,0.663781413,392.1127505,0
710128.1288,5406794.451,1807687.264,649571.7837,0.521589552,188.2081662,0
711128.1288,5406794.451,1810966.313,649478.1388,0.535055792,535.129326,0
712128.1288,5406794.451,1814245.345,649384.4884,0.614828196,1469.819424,0
713128.1288,5406794.451,1817524.359,649290.8326,0.545204932,1489.09338,0
714128.1288,5406794.451,1820803.356,649197.1714,0.567619001,398.5480927,0
715128.1288,5406794.451,1824082.335,649103.5047,0.486243196,44.01584988,0
716128.1288,5406794.451,1827361.296,649009.8326,0.342301694,2.941883768,0
717128.1288,5406794.451,1830640.24,648916.155,0.347758702,0.028430837,0
718128.1288,5406794.451,1833919.166,648822.472,0.52385557,0,0
719128.1288,5406794.451,1837198.073,648728.7836,0.634095588,0,0
720128.1288,5406794.451,1840476.963,648635.0898,0.77520942,0,0
721128.1288,5406794.451,1843755.835,648541.3906,0.911606498,7.647487254,0
722128.1288,5406794.451,1847034.688,648447.6859,0.887876619,0,0
723128.1288,5406794.451,1850313.523,648353.9759,0.83503276,3.140539555,0
724128.1288,5406794.451,1853592.34,648260.2605,0.71666457,261.3009656,0
725128.1288,5406794.451,1856871.138,648166.5397,0.665216411,563.441852,0
726128.1288,5406794.451,1860149.917,648072.8135,0.781217599,201.0431537,0
727128.1288,5406794.451,1863428.678,647979.0819,0.877544597,1.668064163,0
728128.1288,5406794.451,1866707.421,647885.345,0.756168697,18.4157693,0
729128.1288,5406794.451,1869986.144,647791.6027,0.733333523,356.0113036,0
730128.1288,5406794.451,1873264.849,647697.855,0.829455934,578.655914,0
731128.1288,5406794.451,1876543.535,647604.102,0.891094736,907.6369763,0
732128.1288,5406794.451,1879822.201,647510.3437,0.912193204,1167.973416,0
733128.1288,5406794.451,1883100.849,647416.58,0.967616992,328.0326762,0
734128.1288,5406794.451,1886379.477,647322.8109,0.951746881,69.40711679,0
735128.1288,5406794.451,1889658.086,647229.0366,0.908451045,1.79409621,0
736128.1288,5406794.451,1892936.676,647135.2569,0.954119959,0,0
698128.1288,5405794.451,1768243.777,647415.8373,0.218665066,354.3001825,0
699128.1288,5405794.451,1771523.023,647322.2747,0.16604592,40.26341731,0
700128.1288,5405794.451,1774802.253,647228.7067,0.166829219,184.0036423,0
701128.1288,5405794.451,1778081.466,647135.1333,0.233825056,106.2326047,0
702128.1288,5405794.451,1781360.663,647041.5544,0.098330991,0.005282332,0
703128.1288,5405794.451,1784639.843,646947.9701,0.098630819,0.199635369,0
704128.1288,5405794.451,1787919.006,646854.3804,0.179901537,138.9372148,0
705128.1288,5405794.451,1791198.153,646760.7852,0.212706188,234.1430915,0
706128.1288,5405794.451,1794477.283,646667.1847,0.219532128,139.907866,0
707128.1288,5405794.451,1797756.395,646573.5787,0.317748647,141.3476043,0
708128.1288,5405794.451,1801035.491,646479.9674,0.438168671,123.967019,0
709128.1288,5405794.451,1804314.569,646386.3506,0.73868845,404.6240889,0
710128.1288,5405794.451,1807593.63,646292.7285,0.754247641,395.0885246,0
711128.1288,5405794.451,1810872.674,646199.101,0.662256901,664.747495,0
712128.1288,5405794.451,1814151.7,646105.4681,0.487518973,610.5339894,0
713128.1288,5405794.451,1817430.709,646011.8298,0.344496227,344.2322993,0
714128.1288,5405794.451,1820709.701,645918.1861,0.454457572,10.51404085,0
715128.1288,5405794.451,1823988.674,645824.5371,0.438057873,0.03773241,0
716128.1288,5405794.451,1827267.63,645730.8828,0.341116675,0,0
717128.1288,5405794.451,1830546.569,645637.2231,0.331102103,0,0
718128.1288,5405794.451,1833825.489,645543.558,0.376592249,0,0
719128.1288,5405794.451,1837104.391,645449.8876,0.493870283,0,0
720128.1288,5405794.451,1840383.276,645356.2119,0.717397902,0,0
721128.1288,5405794.451,1843662.142,645262.5308,0.879955788,7.65166697,0
722128.1288,5405794.451,1846940.99,645168.8445,0.889899713,7.653061224,0
723128.1288,5405794.451,1850219.819,645075.1528,0.776477118,0.001639344,0
724128.1288,5405794.451,1853498.631,644981.4558,0.582018649,162.260711,0
725128.1288,5405794.451,1856777.423,644887.7534,0.515017048,559.6423358,0
726128.1288,5405794.451,1860056.198,644794.0458,0.624883727,458.6365956,0
727128.1288,5405794.451,1863334.953,644700.3329,0.758865307,284.206708,0
728128.1288,5405794.451,1866613.69,644606.6147,0.795046179,427.0537439,0
729128.1288,5405794.451,1869892.409,644512.8913,0.776931605,396.6933309,0
730128.1288,5405794.451,1873171.108,644419.1625,0.828097766,123.0125729,0
731128.1288,5405794.451,1876449.788,644325.4285,0.923322015,669.8979778,0
732128.1288,5405794.451,1879728.45,644231.6892,0.859605864,1421.271551,0
733128.1288,5405794.451,1883007.092,644137.9446,0.860770146,866.3006929,0
734128.1288,5405794.451,1886285.715,644044.1948,0.897451308,452,0
735128.1288,5405794.451,1889564.319,643950.4398,0.858144452,239.1859406,0
736128.1288,5405794.451,1892842.903,643856.6795,0.908519344,18.98324836,0
685128.1288,5404794.451,1725518.637,645352.1956,0.309856891,0,0
686128.1288,5404794.451,1728798.084,645258.7196,0.229569197,0,0
687128.1288,5404794.451,1732077.515,645165.2381,0.200128685,0,0
688128.1288,5404794.451,1735356.931,645071.7513,0.127010899,0,0
689128.1288,5404794.451,1738636.332,644978.259,0.150848046,0,0
690128.1288,5404794.451,1741915.717,644884.7613,0.147140423,0,0
694128.1288,5404794.451,1755033.099,644510.7165,0.079688581,0,0
695128.1288,5404794.451,1758312.405,644417.1918,0.016056405,0,0
696128.1288,5404794.451,1761591.695,644323.6618,0.010436808,0.240342566,0
697128.1288,5404794.451,1764870.968,644230.1263,0.083101248,30.81410607,0
698128.1288,5404794.451,1768150.225,644136.5855,0.416081728,349.9403611,0
699128.1288,5404794.451,1771429.466,644043.0393,0.383082933,211.5054705,0
700128.1288,5404794.451,1774708.69,643949.4878,0.121444218,155.308183,0
701128.1288,5404794.451,1777987.898,643855.9309,0.080153317,80.72755418,0
702128.1288,5404794.451,1781267.09,643762.3687,0.065448315,0,0
703128.1288,5404794.451,1784546.265,643668.8011,0.069016861,0.009660955,0
704128.1288,5404794.451,1787825.422,643575.2281,0.213238874,81.18292905,0
705128.1288,5404794.451,1791104.564,643481.6499,0.369707842,207.6442132,0
706128.1288,5404794.451,1794383.688,643388.0663,0.450070066,236.3783045,0
707128.1288,5404794.451,1797662.795,643294.4773,0.60185085,224.8770044,0
708128.1288,5404794.451,1800941.885,643200.8831,0.709458688,227.4054251,0
709128.1288,5404794.451,1804220.958,643107.2835,0.851871488,368.0612803,0
710128.1288,5404794.451,1807500.014,643013.6787,0.924457223,904.945793,0
711128.1288,5404794.451,1810779.053,642920.0685,0.813619144,908.6936395,0
712128.1288,5404794.451,1814058.074,642826.453,0.524388954,37.83275642,0
713128.1288,5404794.451,1817337.077,642732.8323,0.29843291,1.137233461,0
714128.1288,5404794.451,1820616.063,642639.2062,0.360185842,0.001456664,0
715128.1288,5404794.451,1823895.032,642545.5749,0.369124718,0,0
716128.1288,5404794.451,1827173.982,642451.9383,0.263517975,0,0
717128.1288,5404794.451,1830452.915,642358.2965,0.237607608,0,0
718128.1288,5404794.451,1833731.83,642264.6493,0.2916399,0,0
719128.1288,5404794.451,1837010.727,642170.9969,0.403492852,0,0
720128.1288,5404794.451,1840289.606,642077.3393,0.635059791,0,0
721128.1288,5404794.451,1843568.467,641983.6764,0.814313088,0,0
722128.1288,5404794.451,1846847.31,641890.0083,0.872531592,0,0
723128.1288,5404794.451,1850126.134,641796.3349,0.718860846,0,0
724128.1288,5404794.451,1853404.94,641702.6563,0.588211544,22.37347199,0
725128.1288,5404794.451,1856683.728,641608.9725,0.590558842,273.6001095,0
726128.1288,5404794.451,1859962.497,641515.2835,0.586235522,642.1448879,0
727128.1288,5404794.451,1863241.247,641421.5892,0.595433954,553.5593591,0
728128.1288,5404794.451,1866519.979,641327.8898,0.59267506,371.470674,0
729128.1288,5404794.451,1869798.692,641234.1851,0.690155506,172.6043375,0
730128.1288,5404794.451,1873077.386,641140.4753,0.865152755,1.452472177,0
731128.1288,5404794.451,1876356.061,641046.7602,0.946932703,571.0791826,0
732128.1288,5404794.451,1879634.717,640953.04,0.887943187,2080.141633,0
733128.1288,5404794.451,1882913.354,640859.3146,0.861890948,1689.01639,0
734128.1288,5404794.451,1886191.972,640765.584,0.868543167,641.2432531,0
735128.1288,5404794.451,1889470.571,640671.8482,0.86246995,371.9790376,0.054004917
736128.1288,5404794.451,1892749.15,640578.1073,0.835194775,490.4565336,0.083273619
683128.1288,5403794.451,1718866.242,642259.649,0.212160035,0,0
684128.1288,5403794.451,1722145.714,642166.199,0.278480632,0,0
685128.1288,5403794.451,1725425.171,642072.7437,0.248360899,0,0
686128.1288,5403794.451,1728704.613,641979.283,0.327954048,0,0
687128.1288,5403794.451,1731984.039,641885.817,0.389072621,0,0
688128.1288,5403794.451,1735263.45,641792.3456,0.274139561,0,0
689128.1288,5403794.451,1738542.845,641698.8689,0.17325225,0,0
690128.1288,5403794.451,1741822.224,641605.3869,0.18036115,0,0
691128.1288,5403794.451,1745101.588,641511.8995,0.459698765,0,0
692128.1288,5403794.451,1748380.936,641418.4068,0.620445524,0,0
693128.1288,5403794.451,1751660.269,641324.9088,0.551615186,0,0
694128.1288,5403794.451,1754939.585,641231.4055,0.289274607,0,0
695128.1288,5403794.451,1758218.886,641137.8968,0.09174485,0.018068991,0
696128.1288,5403794.451,1761498.17,641044.3829,0.188335354,57.00109389,0
697128.1288,5403794.451,1764777.438,640950.8637,0.497310888,198.8388038,0
698128.1288,5403794.451,1768056.69,640857.3392,0.676862283,477.1949353,0
699128.1288,5403794.451,1771335.925,640763.8093,0.554320415,340.6907799,0
700128.1288,5403794.451,1774615.145,640670.2743,0.1731199,158.6708607,0
701128.1288,5403794.451,1777894.347,640576.7339,0.049088969,68.63634707,0
702128.1288,5403794.451,1781173.533,640483.1883,0.03109589,0.004555394,0
703128.1288,5403794.451,1784452.703,640389.6374,0.021033397,0,0
704128.1288,5403794.451,1787731.855,640296.0812,0.100475798,0.63671163,0
705128.1288,5403794.451,1791010.991,640202.5198,0.388635026,15.29467542,0
706128.1288,5403794.451,1794290.11,640108.9532,0.570028089,16.77992348,0
707128.1288,5403794.451,1797569.212,640015.3813,0.644667109,15.83679417,0
708128.1288,5403794.451,1800848.297,639921.8041,0.766277473,20.92234779,0
709128.1288,5403794.451,1804127.365,639828.2218,0.886166084,92.90503099,0
710128.1288,5403794.451,1807406.415,639734.6342,0.966662576,1529.313196,0
711128.1288,5403794.451,1810685.448,639641.0413,0.848605383,1641.929431,0
712128.1288,5403794.451,1813964.464,639547.4433,0.489913336,70.74016752,0
713128.1288,5403794.451,1817243.463,639453.8401,0.223147358,0.004370789,0
714128.1288,5403794.451,1820522.443,639360.2316,0.280263924,0,0
715128.1288,5403794.451,1823801.407,639266.618,0.362036599,0,0
716128.1288,5403794.451,1827080.352,639172.9991,0.327906728,0,0
717128.1288,5403794.451,1830359.28,639079.3751,0.350191566,0,0
718128.1288,5403794.451,1833638.189,638985.7459,0.397763571,0,0
719128.1288,5403794.451,1836917.081,638892.1115,0.44637021,0,0
720128.1288,5403794.451,1840195.955,638798.472,0.446094953,0,0
721128.1288,5403794.451,1843474.811,638704.8272,0.665635593,0,0
722128.1288,5403794.451,1846753.648,638611.1773,0.784899685,0,0
723128.1288,5403794.451,1850032.467,638517.5223,0.798945042,0,0
724128.1288,5403794.451,1853311.268,638423.8621,0.725472606,0.013301749,0
725128.1288,5403794.451,1856590.051,638330.1968,0.686841235,44.46115974,0
726128.1288,5403794.451,1859868.814,638236.5263,0.632904944,414.1512115,0
727128.1288,5403794.451,1863147.56,638142.8507,0.550435134,222.5021866,0
728128.1288,5403794.451,1866426.286,638049.17,0.612347387,14.26850164,0
729128.1288,5403794.451,1869704.994,637955.4842,0.78136658,0.712411154,0
730128.1288,5403794.451,1872983.683,637861.7932,0.916972611,0.176824818,0
731128.1288,5403794.451,1876262.353,637768.0971,0.976161723,553.1198031,0
732128.1288,5403794.451,1879541.004,637674.396,0.962079779,2155.651184,0
733128.1288,5403794.451,1882819.636,637580.6897,0.9432638,2243.026599,0.042717189
734128.1288,5403794.451,1886098.249,637486.9783,0.898404957,880.8106778,0.022255493
735128.1288,5403794.451,1889376.842,637393.2619,0.862767959,415.8264599,0.036601211
736128.1288,5403794.451,1892655.416,637299.5403,0.844000403,645.3064016,0.083273619
676128.1288,5402794.451,1695816.118,639634.0677,0.751463034,0,0
677128.1288,5402794.451,1699095.688,639540.67,0.755824531,0,0
678128.1288,5402794.451,1702375.244,639447.2669,0.405191252,0,0
679128.1288,5402794.451,1705654.786,639353.8585,0.449018738,0,0
680128.1288,5402794.451,1708934.312,639260.4449,0.50962364,0,0
681128.1288,5402794.451,1712213.824,639167.0259,0.535064367,0,0
682128.1288,5402794.451,1715493.321,639073.6017,0.444772848,0,0
683128.1288,5402794.451,1718772.803,638980.1721,0.354996354,0,0
684128.1288,5402794.451,1722052.269,638886.7373,0.318774399,0,0
685128.1288,5402794.451,1725331.721,638793.2972,0.184313203,0,0
686128.1288,5402794.451,1728611.157,638699.8518,0.246738443,0,0
687128.1288,5402794.451,1731890.578,638606.4012,0.246298216,0,0
688128.1288,5402794.451,1735169.983,638512.9453,0.165032904,0,0
689128.1288,5402794.451,1738449.373,638419.4842,0.132528472,0,0
690128.1288,5402794.451,1741728.748,638326.0177,0.28126784,0,0
691128.1288,5402794.451,1745008.106,638232.5461,0.507151869,0,0
692128.1288,5402794.451,1748287.449,638139.0692,0.503243087,0,0
693128.1288,5402794.451,1751566.776,638045.5871,0.640925888,0,0
694128.1288,5402794.451,1754846.087,637952.0997,0.49032035,0,0
695128.1288,5402794.451,1758125.382,637858.6071,0.09793597,0.212447527,0
696128.1288,5402794.451,1761404.661,637765.1093,0.253743864,108.4446067,0
697128.1288,5402794.451,1764683.924,637671.6063,0.572029804,216.3780977,0
698128.1288,5402794.451,1767963.171,637578.0981,0.671741357,411.8758194,0
699128.1288,5402794.451,1771242.401,637484.5846,0.630241121,453.0054625,0
700128.1288,5402794.451,1774521.615,637391.066,0.330361616,208.7474932,0
701128.1288,5402794.451,1777800.812,637297.5422,0.23604761,184.7536047,0
702128.1288,5402794.451,1781079.993,637204.0132,0.124108174,13.66046681,0
703128.1288,5402794.451,1784359.157,637110.479,0.056480467,0,0
704128.1288,5402794.451,1787638.305,637016.9396,0.075148303,0,0
705128.1288,5402794.451,1790917.436,636923.395,0.236056406,0,0
706128.1288,5402794.451,1794196.549,636829.8453,0.337343589,0,0
707128.1288,5402794.451,1797475.646,636736.2904,0.296486454,0,0
708128.1288,5402794.451,1800754.726,636642.7304,0.485193811,0,0
709128.1288,5402794.451,1804033.788,636549.1652,0.833402902,12.05812682,0
710128.1288,5402794.451,1807312.834,636455.5949,0.931161392,1166.689756,0
711128.1288,5402794.451,1810591.862,636362.0194,0.661092138,1633.266095,0
712128.1288,5402794.451,1813870.872,636268.4388,0.287729269,285.6960641,0
713128.1288,5402794.451,1817149.865,636174.8531,0.219448453,1.304973584,0
714128.1288,5402794.451,1820428.841,636081.2622,0.25794884,0,0
715128.1288,5402794.451,1823707.799,635987.6662,0.202790858,0,0
716128.1288,5402794.451,1826986.739,635894.0651,0.257955433,0,0
717128.1288,5402794.451,1830265.662,635800.4589,0.277017787,0,0
718128.1288,5402794.451,1833544.567,635706.8477,0.312424639,0,0
719128.1288,5402794.451,1836823.453,635613.2313,0.406092454,1.109511662,0
720128.1288,5402794.451,1840102.322,635519.6098,0.426223401,16.76216512,0
721128.1288,5402794.451,1843381.173,635425.9832,0.626642427,3.325543181,0
722128.1288,5402794.451,1846660.005,635332.3516,0.852136394,0,0
723128.1288,5402794.451,1849938.819,635238.7148,0.864437093,0,0
724128.1288,5402794.451,1853217.615,635145.0731,0.772184931,0.020032781,0
725128.1288,5402794.451,1856496.392,635051.4262,0.766057736,110.961903,0
726128.1288,5402794.451,1859775.151,634957.7743,0.745343423,525.2634458,0
727128.1288,5402794.451,1863053.891,634864.1174,0.719724151,233.3000548,0
728128.1288,5402794.451,1866332.612,634770.4554,0.858030253,0.034275296,0
729128.1288,5402794.451,1869611.315,634676.7883,0.917392896,0,0
730128.1288,5402794.451,1872889.999,634583.1162,0.955629655,0,0
731128.1288,5402794.451,1876168.664,634489.4391,0.983043435,241.1034608,0
732128.1288,5402794.451,1879447.31,634395.757,0.974732203,774.2599344,0
733128.1288,5402794.451,1882725.937,634302.0699,0.938773837,1055.27949,0.029687989
734128.1288,5402794.451,1886004.544,634208.3777,0.890649233,935.2035688,0.015730895
735128.1288,5402794.451,1889283.133,634114.6806,0.893342147,219.7946054,0.001793798
736128.1288,5402794.451,1892561.702,634020.9784,0.878894422,252.1012959,0
737128.1288,5402794.451,1895840.252,633927.2713,0.90958477,643.2344576,0
674128.1288,5401794.451,1689163.555,636541.243,0.720701704,251.1056851,0
675128.1288,5401794.451,1692443.15,636447.8703,0.36457937,25.62766539,0
676128.1288,5401794.451,1695722.73,636354.4924,0.700598929,0,0
677128.1288,5401794.451,1699002.295,636261.1092,0.815046352,0,0
678128.1288,5401794.451,1702281.846,636167.7208,0.302655132,0,0.054788828
679128.1288,5401794.451,1705561.382,636074.3272,0.149228953,0,0
680128.1288,5401794.451,1708840.904,635980.9283,0.597371263,0,0
681128.1288,5401794.451,1712120.41,635887.5243,0.72304703,0,0
682128.1288,5401794.451,1715399.902,635794.115,0.574675137,0,0
683128.1288,5401794.451,1718679.378,635700.7005,0.5318515,0,0
684128.1288,5401794.451,1721958.84,635607.2809,0.515945166,0,0
685128.1288,5401794.451,1725238.286,635513.856,0.379689028,0,0
686128.1288,5401794.451,1728517.717,635420.4259,0.248718791,0,0
687128.1288,5401794.451,1731797.132,635326.9907,0.155859713,0,0
688128.1288,5401794.451,1735076.533,635233.5502,0.084790973,0,0
689128.1288,5401794.451,1738355.917,635140.1046,0.106998195,0,0
690128.1288,5401794.451,1741635.286,635046.6539,0.227284691,0,0
691128.1288,5401794.451,1744914.64,634953.1979,0.268491593,0,3.34E-14
692128.1288,5401794.451,1748193.977,634859.7368,0.236086759,0,0.027777537
693128.1288,5401794.451,1751473.299,634766.2706,0.465749384,0,0.036525885
694128.1288,5401794.451,1754752.605,634672.7992,0.405333245,0,0
695128.1288,5401794.451,1758031.895,634579.3226,0.170070219,0.00911577,0.161757782
696128.1288,5401794.451,1761311.169,634485.8409,0.110626655,19.54164389,0.140759647
697128.1288,5401794.451,1764590.427,634392.3541,0.178974161,17.7092134,0.119761512
698128.1288,5401794.451,1767869.668,634298.8622,0.418441549,201.2030253,0
699128.1288,5401794.451,1771148.893,634205.3651,0.685324202,572.2423028,0
700128.1288,5401794.451,1774428.102,634111.8629,0.748098811,654.9848733,0
701128.1288,5401794.451,1777707.294,634018.3556,0.735820554,255.8400876,0
702128.1288,5401794.451,1780986.47,633924.8432,0.448006864,157.5300018,0
703128.1288,5401794.451,1784265.629,633831.3257,0.114618166,2.890588021,0
704128.1288,5401794.451,1787544.771,633737.8031,0.045200513,0,0
705128.1288,5401794.451,1790823.897,633644.2754,0.264022917,0,0
706128.1288,5401794.451,1794103.005,633550.7426,0.355739293,2.287461216,0
707128.1288,5401794.451,1797382.097,633457.2048,0.117675214,9.829655298,0
708128.1288,5401794.451,1800661.172,633363.6618,0.344642476,0.225888788,0
709128.1288,5401794.451,1803940.229,633270.1138,0.772153515,4.515217787,0
710128.1288,5401794.451,1807219.269,633176.5607,0.903801765,1042.898524,0
711128.1288,5401794.451,1810498.292,633083.0026,0.661358568,1492.981414,0.03141446
712128.1288,5401794.451,1813777.298,632989.4394,0.285824006,284.2365062,0.03141446
713128.1288,5401794.451,1817056.286,632895.8712,0.17441135,0.525902955,0
714128.1288,5401794.451,1820335.257,632802.2979,0.193283654,0,0
715128.1288,5401794.451,1823614.209,632708.7196,0.173392968,0,0
716128.1288,5401794.451,1826893.145,632615.1363,0.199662671,0,0
717128.1288,5401794.451,1830172.062,632521.5479,0.255552021,0,0
718128.1288,5401794.451,1833450.962,632427.9545,0.396586366,8.241530055,0
719128.1288,5401794.451,1836729.843,632334.3561,0.408668488,147.3828353,0
720128.1288,5401794.451,1840008.707,632240.7527,0.510353766,160.4605287,0
721128.1288,5401794.451,1843287.553,632147.1443,0.765950422,58.07260124,0
722128.1288,5401794.451,1846566.38,632053.5309,0.911346474,0.013309025,0
723128.1288,5401794.451,1849845.189,631959.9125,0.866088077,9.158738837,0
724128.1288,5401794.451,1853123.98,631866.2891,0.742364378,83.48159621,0
725128.1288,5401794.451,1856402.752,631772.6607,0.76199765,266.6090677,0.099713765
726128.1288,5401794.451,1859681.506,631679.0273,0.699670651,622.1083151,0.099713765
727128.1288,5401794.451,1862960.241,631585.389,0.763847528,298.7135303,0
728128.1288,5401794.451,1866238.957,631491.7457,0.904953642,0.443897099,0
729128.1288,5401794.451,1869517.655,631398.0975,0.937964029,0,0
730128.1288,5401794.451,1872796.334,631304.4443,0.965247127,0,0
731128.1288,5401794.451,1876074.994,631210.7862,0.95871767,40.41034985,0
673128.1288,5400794.451,1685790.589,633354.9971,0.911036053,249.422117,0
674128.1288,5400794.451,1689070.193,633261.644,0.765861411,274.2219388,0
675128.1288,5400794.451,1692349.782,633168.2857,0.277336601,82.63677784,0
676128.1288,5400794.451,1695629.357,633074.9222,0.360912092,0.211850501,0.075633481
677128.1288,5400794.451,1698908.917,632981.5537,0.571597326,0,0.065211155
678128.1288,5400794.451,1702188.462,632888.1799,0.261157603,0,0.054788828
679128.1288,5400794.451,1705467.993,632794.801,0.056216932,0,0
680128.1288,5400794.451,1708747.509,632701.417,0.293360428,0,0
681128.1288,5400794.451,1712027.011,632608.0278,0.443542579,0,0
682128.1288,5400794.451,1715306.497,632514.6335,0.469941898,0,0
683128.1288,5400794.451,1718585.969,632421.2341,0.568546693,0,0
684128.1288,5400794.451,1721865.425,632327.8296,0.708093829,0,0
685128.1288,5400794.451,1725144.866,632234.4199,0.574271933,0,0
686128.1288,5400794.451,1728424.292,632141.0052,0.354022182,0,0
687128.1288,5400794.451,1731703.702,632047.5853,0.164162672,0,0
688128.1288,5400794.451,1734983.097,631954.1604,0.119654455,0,0
689128.1288,5400794.451,1738262.477,631860.7303,0.148665357,0,0
690128.1288,5400794.451,1741541.841,631767.2952,0.187035709,0,0
691128.1288,5400794.451,1744821.189,631673.8549,0.150373734,0,0.013565471
692128.1288,5400794.451,1748100.522,631580.4096,0.089819666,0,0.0056167
693128.1288,5400794.451,1751379.838,631486.9592,0.19778939,0,0.036525885
694128.1288,5400794.451,1754659.139,631393.5038,0.249967285,0,0
695128.1288,5400794.451,1757938.424,631300.0433,0.310347989,0,0
696128.1288,5400794.451,1761217.693,631206.5777,0.173281286,0.006562158,0.140759647
697128.1288,5400794.451,1764496.945,631113.1071,0.088937131,0.002188583,0
698128.1288,5400794.451,1767776.182,631019.6314,0.354635543,30.49945255,0
699128.1288,5400794.451,1771055.402,630926.1507,0.734066687,554.2278112,0
700128.1288,5400794.451,1774334.606,630832.665,0.910777199,737.8176353,0
701128.1288,5400794.451,1777613.793,630739.1742,0.925586795,250.1655738,0
702128.1288,5400794.451,1780892.963,630645.6784,0.674812349,189.7454446,0
703128.1288,5400794.451,1784172.117,630552.1776,0.220807113,112.9531791,0
704128.1288,5400794.451,1787451.255,630458.6717,0.03512865,0.238155977,0
705128.1288,5400794.451,1790730.375,630365.1609,0.269950665,0,0
672128.1288,5399794.451,1682417.633,630168.7226,0.621368557,537.2985238,0.043219132
673128.1288,5399794.451,1685697.246,630075.3889,0.835233984,76.05652808,0
674128.1288,5399794.451,1688976.844,629982.0501,0.904594807,155.8213115,0
675128.1288,5399794.451,1692256.428,629888.7062,0.627727219,198.4741254,0
676128.1288,5399794.451,1695535.998,629795.3573,0.325311407,86.75821168,0.075633481
677128.1288,5399794.451,1698815.553,629702.0033,0.129629117,0.69062386,0.075633481
678128.1288,5399794.451,1702095.093,629608.6442,0.028288806,0,0
679128.1288,5399794.451,1705374.619,629515.28,0.10678927,0,0
680128.1288,5399794.451,1708654.13,629421.9108,0.269865823,0.100400875,0
732128.1288,5401794.451,1879353.635,631117.1231,0.945209143,210.3275579,0
733128.1288,5401794.451,1882632.257,631023.4551,0.873902975,308.4330292,0.003629591
734128.1288,5401794.451,1885910.859,630929.7821,0.741479196,150.0322698,0.002681698
735128.1288,5401794.451,1889189.443,630836.1043,0.818657447,33.29693766,0.001733805
736128.1288,5401794.451,1892468.007,630742.4215,0.813927105,32.81147541,0
737128.1288,5401794.451,1895746.552,630648.7338,0.855095956,557.2817337,0
706128.1288,5400794.451,1794009.479,630271.645,0.442165311,110.5608822,0
707128.1288,5400794.451,1797288.565,630178.1242,0.133538758,328.8198576,0
708128.1288,5400794.451,1800567.635,630084.5983,0.275996961,157.066922,0
709128.1288,5400794.451,1803846.687,629991.0675,0.6416669,17.42295082,0
710128.1288,5400794.451,1807125.722,629897.5316,0.759971201,661.1369763,0.032331355
711128.1288,5400794.451,1810404.74,629803.9908,0.846478948,1429.49918,0.025420135
712128.1288,5400794.451,1813683.741,629710.4451,0.581874136,543.3214677,0.021964525
713128.1288,5400794.451,1816962.724,629616.8943,0.32300343,2.112226277,0
714128.1288,5400794.451,1820241.69,629523.3386,0.234077474,0,0
715128.1288,5400794.451,1823520.637,629429.778,0.233286576,0,0
716128.1288,5400794.451,1826799.568,629336.2124,0.305062243,0.035349854,0
717128.1288,5400794.451,1830078.48,629242.6418,0.243068527,11.89206928,0
718128.1288,5400794.451,1833357.375,629149.0664,0.304715277,173.9096715,0
719128.1288,5400794.451,1836636.252,629055.4859,0.383752131,216.7048852,0
720128.1288,5400794.451,1839915.11,628961.9006,0.671090366,153.1078128,0
721128.1288,5400794.451,1843193.951,628868.3103,0.85658352,12.96848242,0
722128.1288,5400794.451,1846472.773,628774.7151,0.843983896,1.683309038,0
723128.1288,5400794.451,1849751.577,628681.115,0.746787904,249.7298086,0
724128.1288,5400794.451,1853030.363,628587.51,0.542487339,584.9742888,0
725128.1288,5400794.451,1856309.13,628493.9001,0.599778843,527.1965392,0.099713765
726128.1288,5400794.451,1859587.879,628400.2853,0.641663595,746.1745945,0.099713765
727128.1288,5400794.451,1862866.609,628306.6657,0.621172808,461.093824,0
728128.1288,5400794.451,1866145.321,628213.0411,0.867269993,24.61597374,0
729128.1288,5400794.451,1869424.014,628119.4117,0.957517663,0,0
730128.1288,5400794.451,1872702.688,628025.7773,0.973749314,0,0
731128.1288,5400794.451,1875981.343,627932.1382,0.956723419,0,0
732128.1288,5400794.451,1879259.979,627838.4941,0.900395329,68.05216123,0
733128.1288,5400794.451,1882538.596,627744.8452,0.810686269,376.1649936,0
734128.1288,5400794.451,1885817.194,627651.1915,0.675885604,199.5246857,0
735128.1288,5400794.451,1889095.772,627557.5329,0.67539381,62.15352395,0
736128.1288,5400794.451,1892374.331,627463.8695,0.641157422,174.3218579,0
737128.1288,5400794.451,1895652.871,627370.2012,0.742194713,250.0739931,0
681128.1288,5399794.451,1711933.627,629328.5365,0.223185581,0.11805429,0
682128.1288,5399794.451,1715213.108,629235.1572,0.346308812,0,0
683128.1288,5399794.451,1718492.574,629141.7728,0.584554609,0,0
684128.1288,5399794.451,1721772.025,629048.3834,0.638752668,0,0
685128.1288,5399794.451,1725051.461,628954.989,0.422226099,0,0
686128.1288,5399794.451,1728330.882,628861.5895,0.233241154,0,0
687128.1288,5399794.451,1731610.288,628768.1851,0.176653964,0,0
688128.1288,5399794.451,1734889.678,628674.7756,0.224226258,0,0
689128.1288,5399794.451,1738169.052,628581.361,0.248141053,0,0
690128.1288,5399794.451,1741448.411,628487.9415,0.261503399,0,0
691128.1288,5399794.451,1744727.754,628394.517,0.218912944,0,0
692128.1288,5399794.451,1748007.082,628301.0875,0.117051393,0,0
693128.1288,5399794.451,1751286.393,628207.653,0.13206723,0,0
694128.1288,5399794.451,1754565.689,628114.2135,0.291162644,0,0
695128.1288,5399794.451,1757844.969,628020.769,0.41813034,0,0
696128.1288,5399794.451,1761124.233,627927.3195,0.358374219,0,0
697128.1288,5399794.451,1764403.48,627833.8651,0.163118389,0,0
698128.1288,5399794.451,1767682.712,627740.4057,0.296351303,0.26272578,0
699128.1288,5399794.451,1770961.927,627646.9413,0.610134194,159.815051,0
700128.1288,5399794.451,1774241.126,627553.472,0.855531671,606.394243,0
701128.1288,5399794.451,1777520.308,627459.9978,0.938975997,517.518316,0
702128.1288,5399794.451,1780799.473,627366.5186,0.838741983,337.2443068,0
703128.1288,5399794.451,1784078.622,627273.0344,0.531179497,186.5983577,0
704128.1288,5399794.451,1787357.755,627179.5453,0.202662448,27.42137906,0
705128.1288,5399794.451,1790636.87,627086.0513,0.375758109,0,0
706128.1288,5399794.451,1793915.969,626992.5524,0.577927446,187.1239293,0
707128.1288,5399794.451,1797195.05,626899.0485,0.291006465,503.961181,0
708128.1288,5399794.451,1800474.115,626805.5398,0.306110939,476.897777,0
709128.1288,5399794.451,1803753.162,626712.0261,0.593937765,551.420113,0
710128.1288,5399794.451,1807032.193,626618.5075,0.693062513,213.9258382,0.032331355
711128.1288,5399794.451,1810311.206,626524.9841,0.901391712,1043.073629,0.022422973
712128.1288,5399794.451,1813590.201,626431.4557,0.877379481,1093.698213,0
713128.1288,5399794.451,1816869.18,626337.9225,0.56702509,136.6416986,0
714128.1288,5399794.451,1820148.14,626244.3843,0.227649368,1.125113823,0
715128.1288,5399794.451,1823427.083,626150.8413,0.22557346,1.951192861,0
716128.1288,5399794.451,1826706.009,626057.2935,0.221412007,24.652269,0
717128.1288,5399794.451,1829984.916,625963.7407,0.255717239,183.3284698,0
718128.1288,5399794.451,1833263.806,625870.1832,0.282964796,207.399708,0
719128.1288,5399794.451,1836542.678,625776.6207,0.431735344,99.26889376,0
720128.1288,5399794.451,1839821.531,625683.0534,0.766364888,1.320328168,0
721128.1288,5399794.451,1843100.367,625589.4813,0.848933196,0.001091703,0
722128.1288,5399794.451,1846379.185,625495.9043,0.716880357,0.735701275,0
723128.1288,5399794.451,1849657.984,625402.3225,0.540648364,316.2215328,0
724128.1288,5399794.451,1852936.765,625308.7359,0.457060176,563.1868954,0
725128.1288,5399794.451,1856215.527,625215.1445,0.522260787,262.4796718,0
726128.1288,5399794.451,1859494.271,625121.5482,0.570269804,345.2081283,0
727128.1288,5399794.451,1862772.997,625027.9472,0.525016175,532.1745309,0
728128.1288,5399794.451,1866051.703,624934.3413,0.623309556,359.6315118,0
729128.1288,5399794.451,1869330.391,624840.7307,0.841999217,49.09059424,0
730128.1288,5399794.451,1872609.06,624747.1152,0.94985921,0.534463895,0
731128.1288,5399794.451,1875887.711,624653.495,0.976383545,0.005472455,0
732128.1288,5399794.451,1879166.342,624559.87,0.904178121,7.262256242,0
733128.1288,5399794.451,1882444.954,624466.2402,0.828897425,425.8225219,0
734128.1288,5399794.451,1885723.547,624372.6057,0.753082086,686.1683367,0
735128.1288,5399794.451,1889002.121,624278.9664,0.759081867,805.401166,0
736128.1288,5399794.451,1892280.675,624185.3223,0.709667811,492.5718192,0
737128.1288,5399794.451,1895559.21,624091.6735,0.678393083,532.896137,0.02165656
672128.1288,5398794.451,1682324.309,626889.1053,0.654660488,600.2274217,0.05104625
673128.1288,5398794.451,1685603.916,626795.7858,0.745616044,189.1052152,0
674128.1288,5398794.451,1688883.51,626702.4614,0.920724143,12.22791037,0
675128.1288,5398794.451,1692163.089,626609.1319,0.976026109,170.7982872,0
676128.1288,5398794.451,1695442.654,626515.7974,0.708161325,203.6570647,0
677128.1288,5398794.451,1698722.204,626422.4579,0.308682421,110.3470653,0
678128.1288,5398794.451,1702001.739,626329.1135,0.073449682,1.643885548,0
679128.1288,5398794.451,1705281.26,626235.7641,0.079748274,0.170220521,0
680128.1288,5398794.451,1708560.766,626142.4096,0.440408247,37.18542805,0
681128.1288,5398794.451,1711840.257,626049.0503,0.406353757,43.73255602,0
682128.1288,5398794.451,1715119.734,625955.6859,0.415796372,0.054542138,0
683128.1288,5398794.451,1718399.195,625862.3166,0.67019351,0,0
684128.1288,5398794.451,1721678.641,625768.9423,0.482248091,0,0
685128.1288,5398794.451,1724958.072,625675.5631,0.336245776,0,0
686128.1288,5398794.451,1728237.488,625582.1789,0.345054815,0,0
687128.1288,5398794.451,1731516.888,625488.7898,0.374514957,0,0
688128.1288,5398794.451,1734796.273,625395.3958,0.349853358,0,0
689128.1288,5398794.451,1738075.643,625301.9968,0.389360591,0,0
690128.1288,5398794.451,1741354.997,625208.5929,0.334967734,0,0
691128.1288,5398794.451,1744634.335,625115.1841,0.253144488,0,0
692128.1288,5398794.451,1747913.658,625021.7703,0.133963999,0,0
693128.1288,5398794.451,1751192.964,624928.3517,0.199759082,0,0
694128.1288,5398794.451,1754472.255,624834.9281,0.353845723,0,0
695128.1288,5398794.451,1757751.53,624741.4997,0.484969181,0,0
696128.1288,5398794.451,1761030.789,624648.0663,0.429563135,0,0
697128.1288,5398794.451,1764310.032,624554.6281,0.185989948,1.762668611,0
698128.1288,5398794.451,1767589.258,624461.1849,0.110431904,22.52297593,0
699128.1288,5398794.451,1770868.468,624367.7369,0.303920696,70.93657736,0
700128.1288,5398794.451,1774147.662,624274.2841,0.621418247,786.1628415,0
701128.1288,5398794.451,1777426.839,624180.8263,0.916653486,1116.40277,0
702128.1288,5398794.451,1780706,624087.3637,0.948157828,323.0067457,0
703128.1288,5398794.451,1783985.144,623993.8962,0.838557457,189.1261179,0
704128.1288,5398794.451,1787264.271,623900.4239,0.582175337,151.1450465,0
705128.1288,5398794.451,1790543.382,623806.9467,0.627889776,7.983057023,0
706128.1288,5398794.451,1793822.476,623713.4647,0.638031045,8.830752414,0
707128.1288,5398794.451,1797101.553,623619.9778,0.531066506,67.4420765,0
708128.1288,5398794.451,1800380.612,623526.4862,0.678528362,385.2135958,0
709128.1288,5398794.451,1803659.655,623432.9897,0.85193096,1669.198321,0
710128.1288,5398794.451,1806938.68,623339.4883,0.87438744,1344.4471,0
711128.1288,5398794.451,1810217.689,623245.9822,0.930566031,696.144732,0
712128.1288,5398794.451,1813496.679,623152.4712,0.962919053,1431.074276,0
713128.1288,5398794.451,1816775.653,623058.9555,0.764608735,905.2068211,0
714128.1288,5398794.451,1820054.608,622965.4349,0.502290587,358.9325802,0
715128.1288,5398794.451,1823333.547,622871.9096,0.444960403,357.9474932,0
716128.1288,5398794.451,1826612.467,622778.3794,0.387531755,310.4931632,0
717128.1288,5398794.451,1829891.37,622684.8445,0.42919191,199.603354,0
718128.1288,5398794.451,1833170.255,622591.3048,0.403873211,53.01859278,0
719128.1288,5398794.451,1836449.122,622497.7603,0.460862554,0.770913067,0
720128.1288,5398794.451,1839727.971,622404.2111,0.74331676,0,0
721128.1288,5398794.451,1843006.802,622310.6571,0.802981698,0,0
722128.1288,5398794.451,1846285.614,622217.0984,0.613941782,1.281887755,0
723128.1288,5398794.451,1849564.409,622123.5349,0.513021697,268.2069657,0
724128.1288,5398794.451,1852843.185,622029.9666,0.549646655,434.0824667,0
725128.1288,5398794.451,1856121.943,621936.3936,0.55702465,87.76126208,0
726128.1288,5398794.451,1859400.682,621842.8159,0.469994684,91.78265622,0
727128.1288,5398794.451,1862679.402,621749.2335,0.443789733,409.1564663,0
728128.1288,5398794.451,1865958.104,621655.6464,0.476059396,596.9331512,0.026063064
729128.1288,5398794.451,1869236.788,621562.0545,0.719467159,389.3583425,0.026063064
730128.1288,5398794.451,1872515.452,621468.4579,0.937755379,217.9885016,0
731128.1288,5398794.451,1875794.097,621374.8566,0.948770357,13.70759701,0
732128.1288,5398794.451,1879072.724,621281.2506,0.884989493,24.0112912,0
733128.1288,5398794.451,1882351.331,621187.64,0.862938759,780.1408015,0
734128.1288,5398794.451,1885629.92,621094.0246,0.797018159,1823.890591,0
735128.1288,5398794.451,1888908.489,621000.4046,0.783887758,1312.557927,0
736128.1288,5398794.451,1892187.039,620906.7799,0.792166716,673.9035376,0
737128.1288,5398794.451,1895465.569,620813.1505,0.681681035,661.8058641,0.02165656
671128.1288,5397794.451,1678951.382,623702.7933,0.740972183,528.8269896,0.087980092
672128.1288,5397794.451,1682230.999,623609.493,0.775235397,469.1213778,0.032579329
673128.1288,5397794.451,1685510.602,623516.1878,0.701516085,393.0825119,0
674128.1288,5397794.451,1688790.19,623422.8776,0.689968501,93.10220843,0
675128.1288,5397794.451,1692069.764,623329.5625,0.880157381,5.676872608,0
676128.1288,5397794.451,1695349.324,623236.2425,0.861250449,155.4076909,0
677128.1288,5397794.451,1698628.869,623142.9176,0.686293461,210.0258652,0
678128.1288,5397794.451,1701908.4,623049.5878,0.498203348,195.2087812,0
679128.1288,5397794.451,1705187.915,622956.2531,0.272329988,93.86066022,0
680128.1288,5397794.451,1708467.417,622862.9135,0.423804254,145.4151322,0
681128.1288,5397794.451,1711746.903,622769.569,0.56812997,113.4457195,0
682128.1288,5397794.451,1715026.374,622676.2196,0.607511,0.324339107,0
683128.1288,5397794.451,1718305.831,622582.8653,0.711981511,0,0
684128.1288,5397794.451,1721585.272,622489.5062,0.500940114,0.005831966,1.88E-13
685128.1288,5397794.451,1724864.698,622396.1422,0.54224306,0.637324585,0.011556698
686128.1288,5397794.451,1728144.109,622302.7733,0.700884899,0.001821494,0
687128.1288,5397794.451,1731423.504,622209.3995,0.690110781,0,0
688128.1288,5397794.451,1734702.885,622116.0209,0.492707718,0,0
689128.1288,5397794.451,1737982.249,622022.6375,0.543681424,0,0
690128.1288,5397794.451,1741261.598,621929.2492,0.419655613,0.001092498,0
691128.1288,5397794.451,1744540.932,621835.8561,0.212785611,0,0
692128.1288,5397794.451,1747820.249,621742.4581,0.152276793,0,0
693128.1288,5397794.451,1751099.551,621649.0553,0.223432496,0,0
694128.1288,5397794.451,1754378.837,621555.6477,0.351535319,0,0
695128.1288,5397794.451,1757658.107,621462.2352,0.3870203,0.004745391,0
696128.1288,5397794.451,1760937.361,621368.818,0.375271717,2.153972303,0
697128.1288,5397794.451,1764216.599,621275.3959,0.23355419,119.177875,0
698128.1288,5397794.451,1767495.821,621181.9691,0.171991105,443.2903461,0
699128.1288,5397794.451,1770775.026,621088.5374,0.126592558,387.2456268,0
700128.1288,5397794.451,1774054.215,620995.1009,0.408491906,383.9923372,0
701128.1288,5397794.451,1777333.387,620901.6597,0.867588706,559.1424143,0
702128.1288,5397794.451,1780612.543,620808.2137,0.940301469,227.9558877,0
703128.1288,5397794.451,1783891.683,620714.7629,0.899132517,213.1774458,0
704128.1288,5397794.451,1787170.805,620621.3073,0.849974665,788.956062,0
705128.1288,5397794.451,1790449.911,620527.8469,0.866776313,689.2800437,0
706128.1288,5397794.451,1793729,620434.3818,0.739356953,201.0433673,0
707128.1288,5397794.451,1797008.072,620340.912,0.752498333,14.05651778,0
708128.1288,5397794.451,1800287.127,620247.4374,0.921252809,508.8610757,0
709128.1288,5397794.451,1803566.165,620153.958,0.987756913,2678.50447,0
710128.1288,5397794.451,1806845.185,620060.4739,0.96461638,2363.781546,0
711128.1288,5397794.451,1810124.189,619966.9851,0.954938462,1067.234651,0.153728183
712128.1288,5397794.451,1813403.175,619873.4915,0.895787413,1848.048669,0.004346511
713128.1288,5397794.451,1816682.143,619779.9933,0.79326515,1314.672313,0
714128.1288,5397794.451,1819961.094,619686.4903,0.6748442,424.749772,0
715128.1288,5397794.451,1823240.028,619592.9826,0.63419965,416.438971,0
716128.1288,5397794.451,1826518.944,619499.4701,0.538040038,269.2733905,0
717128.1288,5397794.451,1829797.842,619405.953,0.40939517,36.61034232,0
718128.1288,5397794.451,1833076.722,619312.4312,0.426090224,0.097614278,0
719128.1288,5397794.451,1836355.584,619218.9047,0.468668801,0,1.27E-13
720128.1288,5397794.451,1839634.428,619125.3735,0.654557244,0,0
721128.1288,5397794.451,1842913.254,619031.8377,0.739267792,0.027012229,0
722128.1288,5397794.451,1846192.062,618938.2971,0.561953645,76.46226759,0
723128.1288,5397794.451,1849470.852,618844.7519,0.493957171,421.668306,0
724128.1288,5397794.451,1852749.623,618751.2021,0.545575916,372.4043716,0
725128.1288,5397794.451,1856028.376,618657.6475,0.58770196,11.37926007,0
726128.1288,5397794.451,1859307.111,618564.0884,0.389450812,158.2289047,0
727128.1288,5397794.451,1862585.827,618470.5245,0.358012347,205.9927127,0
728128.1288,5397794.451,1865864.524,618376.9561,0.571522546,365.2885772,0.026063064
729128.1288,5397794.451,1869143.203,618283.383,0.714784966,521.9195842,0.026063064
730128.1288,5397794.451,1872421.863,618189.8053,0.8794967,589.158979,0
731128.1288,5397794.451,1875700.503,618096.2229,0.927203712,256.6152305,0
732128.1288,5397794.451,1878979.125,618002.636,0.863541676,156.8819672,0
733128.1288,5397794.451,1882257.728,617909.0444,0.905065717,1459.236559,0.06724342
734128.1288,5397794.451,1885536.312,617815.4482,0.867058919,2143.615244,0.06724342
735128.1288,5397794.451,1888814.876,617721.8475,0.755509422,937.6778548,0
736128.1288,5397794.451,1892093.421,617628.2421,0.710009086,968.0014601,0
737128.1288,5397794.451,1895371.947,617534.6321,0.756105091,1191.164266,0.02165656
670128.1288,5396794.451,1675578.465,620516.4531,0.617514497,218.6377551,0
671128.1288,5396794.451,1678858.091,620423.1718,0.746944984,372.9033728,0
672128.1288,5396794.451,1682137.703,620329.8856,0.834219696,98.29099854,0
673128.1288,5396794.451,1685417.301,620236.5946,0.773646677,339.1016423,0
674128.1288,5396794.451,1688696.885,620143.2988,0.577793733,347.8659493,0
675128.1288,5396794.451,1691976.454,620049.9981,0.570475474,27.96629623,0
676128.1288,5396794.451,1695256.009,619956.6926,0.736399318,3.375068343,0
677128.1288,5396794.451,1698535.549,619863.3822,0.713252145,120.6245902,0
678128.1288,5396794.451,1701815.075,619770.067,0.759023314,212.3645643,0
679128.1288,5396794.451,1705094.586,619676.747,0.657043214,244.6632597,0
680128.1288,5396794.451,1708374.082,619583.4222,0.569638854,282.0558394,0
681128.1288,5396794.451,1711653.563,619490.0926,0.590758219,90.74826958,0
682128.1288,5396794.451,1714933.03,619396.7581,0.567385286,0,0
683128.1288,5396794.451,1718212.481,619303.4189,0.546684337,0,1.88E-13
684128.1288,5396794.451,1721491.918,619210.0749,0.519063084,19.26571897,0.00695855
685128.1288,5396794.451,1724771.339,619116.7261,0.646061963,241.357599,0.011556698
686128.1288,5396794.451,1728050.745,619023.3725,0.755805984,14.97903373,0
687128.1288,5396794.451,1731330.136,618930.0141,0.760902825,0,0
688128.1288,5396794.451,1734609.511,618836.6509,0.589387959,0,0
689128.1288,5396794.451,1737888.871,618743.283,0.549597638,0.33722202,0
690128.1288,5396794.451,1741168.215,618649.9103,0.372762114,44.38866618,0
691128.1288,5396794.451,1744447.544,618556.5329,0.178952649,20.49872402,0
692128.1288,5396794.451,1747726.857,618463.1507,0.304731456,21.82172803,0
693128.1288,5396794.451,1751006.154,618369.7637,0.397001952,0.070543201,0
694128.1288,5396794.451,1754285.435,618276.3721,0.266376354,0.683394161,0
695128.1288,5396794.451,1757564.7,618182.9756,0.37020895,3.335886214,0
696128.1288,5396794.451,1760843.95,618089.5745,0.469410235,136.0746812,0
697128.1288,5396794.451,1764123.183,617996.1686,0.420130825,250.4791401,0
698128.1288,5396794.451,1767402.4,617902.758,0.40852177,597.6114046,0
699128.1288,5396794.451,1770681.6,617809.3427,0.42494912,1062.086933,0
700128.1288,5396794.451,1773960.784,617715.9226,0.541335185,548.7706054,0
701128.1288,5396794.451,1777239.952,617622.4979,0.885629272,508.9897792,0
702128.1288,5396794.451,1780519.103,617529.0684,0.949784699,1066.295297,0
703128.1288,5396794.451,1783798.238,617435.6343,0.94956678,1024.095845,0
704128.1288,5396794.451,1787077.356,617342.1955,0.957070506,1326.818,0
705128.1288,5396794.451,1790356.457,617248.7519,0.957082616,1885.591249,0
706128.1288,5396794.451,1793635.541,617155.3037,0.926903513,1852.320131,0
707128.1288,5396794.451,1796914.608,617061.8509,0.873553825,816.0864175,0
708128.1288,5396794.451,1800193.658,616968.3933,0.930131009,288.9309905,0
709128.1288,5396794.451,1803472.691,616874.9311,0.990277139,2032.763172,0
710128.1288,5396794.451,1806751.707,616781.4643,0.991718222,2201.288994,0
711128.1288,5396794.451,1810030.706,616687.9928,0.938426207,1181.05757,0.153728183
712128.1288,5396794.451,1813309.687,616594.5166,0.772189799,1499.670009,0.303109854
713128.1288,5396794.451,1816588.651,616501.0358,0.703163037,956.056456,0
714128.1288,5396794.451,1819867.598,616407.5503,0.668213244,282.8652689,0
715128.1288,5396794.451,1823146.527,616314.0603,0.583113087,410.5228102,0
716128.1288,5396794.451,1826425.438,616220.5656,0.429497431,7.321845368,0
717128.1288,5396794.451,1829704.331,616127.0663,0.344297035,0.029877938,0
718128.1288,5396794.451,1832983.206,616033.5623,0.416393125,0,1.27E-13
719128.1288,5396794.451,1836262.064,615940.0538,0.470905855,0,0.002197752
720128.1288,5396794.451,1839540.904,615846.5406,0.594760412,0,0.004395505
721128.1288,5396794.451,1842819.725,615753.0229,0.745018946,7.760671288,0
722128.1288,5396794.451,1846098.529,615659.5006,0.668556224,335.3307216,0
723128.1288,5396794.451,1849377.314,615565.9737,0.564975063,377.4104573,0
724128.1288,5396794.451,1852656.08,615472.4422,0.491319403,34.6344086,0
725128.1288,5396794.451,1855934.829,615378.9061,0.60931497,60.1920204,0
726128.1288,5396794.451,1859213.559,615285.3654,0.51163421,207.6783498,0
727128.1288,5396794.451,1862492.27,615191.8202,0.375157545,100.6928832,0
728128.1288,5396794.451,1865770.963,615098.2705,0.638220573,50.45144835,0
729128.1288,5396794.451,1869049.637,615004.7161,0.855094197,175.5475237,0
730128.1288,5396794.451,1872328.292,614911.1573,0.929041871,666.3286548,0
731128.1288,5396794.451,1875606.928,614817.5939,0.947756848,370.5242524,0
732128.1288,5396794.451,1878885.545,614724.0259,0.907036387,357.7319475,0
733128.1288,5396794.451,1882164.144,614630.4535,0.909099792,981.2089716,0
734128.1288,5396794.451,1885442.723,614536.8765,0.875247122,1100.82741,0.06724342
735128.1288,5396794.451,1888721.283,614443.2949,0.824364042,936.3076222,0
736128.1288,5396794.451,1891999.823,614349.7089,0.863852362,1590.077652,0
670128.1288,5395794.451,1675485.193,617236.8224,0.570993742,226.6001095,0
671128.1288,5395794.451,1678764.815,617143.5551,0.517326514,220.3605541,0
672128.1288,5395794.451,1682044.422,617050.2831,0.501732439,47.85339647,0
673128.1288,5395794.451,1685324.015,616957.0063,0.58410979,42.80809185,0
674128.1288,5395794.451,1688603.594,616863.7248,0.74597474,357.3560496,0
675128.1288,5395794.451,1691883.158,616770.4385,0.578574737,280.0725219,0
676128.1288,5395794.451,1695162.708,616677.1474,0.581463804,3.104371585,0
677128.1288,5395794.451,1698442.243,616583.8516,0.71682916,0.44298725,0
678128.1288,5395794.451,1701721.764,616490.551,0.65714518,6.744075829,0
679128.1288,5395794.451,1705001.271,616397.2457,0.697689137,114.4345445,0
680128.1288,5395794.451,1708280.762,616303.9357,0.673616004,239.1811885,0
681128.1288,5395794.451,1711560.239,616210.621,0.612616857,118.331086,0
682128.1288,5395794.451,1714839.701,616117.3015,0.549361839,0.108620375,0
683128.1288,5395794.451,1718119.147,616023.9773,0.523061801,0.071766849,0
684128.1288,5395794.451,1721398.579,615930.6484,0.62630039,322.8545388,0.009318951
685128.1288,5395794.451,1724677.996,615837.3148,0.703635125,549.7821565,0
686128.1288,5395794.451,1727957.397,615743.9764,0.796006661,130.0744526,0
687128.1288,5395794.451,1731236.783,615650.6334,0.838536258,10.18586006,0
688128.1288,5395794.451,1734516.153,615557.2857,0.627383712,5.724521422,0
689128.1288,5395794.451,1737795.509,615463.9333,0.481005242,6.991069801,0
690128.1288,5395794.451,1741074.848,615370.5762,0.336219847,204.8242479,0
691128.1288,5395794.451,1744354.172,615277.2145,0.309945536,490.3658759,0
692128.1288,5395794.451,1747633.48,615183.848,0.418642086,192.2285402,0
693128.1288,5395794.451,1750912.773,615090.4769,0.526117596,18.19045885,0
694128.1288,5395794.451,1754192.049,614997.1012,0.448243405,105.8739067,0
695128.1288,5395794.451,1757471.31,614903.7208,0.422294195,174.1844023,0
696128.1288,5395794.451,1760750.554,614810.3357,0.468541871,405.7702259,0
697128.1288,5395794.451,1764029.783,614716.946,0.475004458,374.3350948,0
698128.1288,5395794.451,1767308.995,614623.5516,0.457998578,338.8684882,0
699128.1288,5395794.451,1770588.191,614530.1526,0.535017978,749.2045206,0
700128.1288,5395794.451,1773867.37,614436.749,0.547940071,1078.955839,0
701128.1288,5395794.451,1777146.533,614343.3408,0.782830035,906.2973761,0
702128.1288,5395794.451,1780425.68,614249.9279,0.953474512,1255.146555,0
703128.1288,5395794.451,1783704.81,614156.5104,0.958086348,1848.716861,0
704128.1288,5395794.451,1786983.923,614063.0883,0.975189396,1401.377482,0
705128.1288,5395794.451,1790263.019,613969.6616,0.970602325,1035.573436,0
706128.1288,5395794.451,1793542.099,613876.2303,0.990315178,2643.681752,0
707128.1288,5395794.451,1796821.161,613782.7944,0.949456269,1830.354186,0
708128.1288,5395794.451,1800100.207,613689.354,0.952259875,277.4425214,0
709128.1288,5395794.451,1803379.236,613595.9089,0.97841274,1294.534159,0
710128.1288,5395794.451,1806658.247,613502.4593,0.990396526,2103.965561,0
711128.1288,5395794.451,1809937.241,613409.005,0.915061087,1290.673719,0
712128.1288,5395794.451,1813216.218,613315.5463,0.830585257,1837.766241,0
713128.1288,5395794.451,1816495.177,613222.0829,0.872407597,1887.725665,0
714128.1288,5395794.451,1819774.119,613128.6151,0.768351636,1095.278213,0
715128.1288,5395794.451,1823053.043,613035.1426,0.52284856,555.5409985,0
716128.1288,5395794.451,1826331.949,612941.6656,0.37951416,19.76761974,0
717128.1288,5395794.451,1829610.838,612848.1841,0.351514851,0,0
718128.1288,5395794.451,1832889.709,612754.698,0.377808028,0,0
719128.1288,5395794.451,1836168.562,612661.2075,0.469087882,0,0.004395505
720128.1288,5395794.451,1839447.397,612567.7124,0.622142252,0,0.004395505
721128.1288,5395794.451,1842726.214,612474.2127,0.64398816,43.11161773,0
722128.1288,5395794.451,1846005.013,612380.7086,0.575893749,401.1326772,0
723128.1288,5395794.451,1849283.794,612287.2,0.598167302,369.6741348,0
724128.1288,5395794.451,1852562.556,612193.6868,0.555472189,3.553672316,0
725128.1288,5395794.451,1855841.3,612100.1692,0.408218861,117.1684287,0
726128.1288,5395794.451,1859120.025,612006.6471,0.453240429,235.4166819,0
727128.1288,5395794.451,1862398.732,611913.1205,0.499462528,17.33187375,0
728128.1288,5395794.451,1865677.42,611819.5894,0.62142133,0,0
729128.1288,5395794.451,1868956.09,611726.0538,0.912335156,46.38502187,0
730128.1288,5395794.451,1872234.74,611632.5138,0.967910485,449.475783,0
731128.1288,5395794.451,1875513.372,611538.9693,0.976894196,379.6331814,0
732128.1288,5395794.451,1878791.985,611445.4204,0.971961094,708.0855371,0
733128.1288,5395794.451,1882070.579,611351.867,0.948610719,827.0058384,0
734128.1288,5395794.451,1885349.153,611258.3092,0.920178557,156.9201895,0
735128.1288,5395794.451,1888627.709,611164.7469,0.913371756,1042.783607,0
736128.1288,5395794.451,1891906.245,611071.1802,0.917877393,1894.782213,0
737128.1288,5395794.451,1895184.761,610977.6091,0.90861902,1817.544013,0
670128.1288,5394794.451,1675391.935,613957.1965,0.902232028,21.29358133,0
671128.1288,5394794.451,1678671.552,613863.9433,0.733537821,26.17661011,0
672128.1288,5394794.451,1681951.154,613770.6854,0.543739486,0.957885141,0
673128.1288,5394794.451,1685230.743,613677.4228,0.46253829,0.322945143,0
674128.1288,5394794.451,1688510.317,613584.1555,0.600608601,222.1697014,0
675128.1288,5394794.451,1691789.876,613490.8836,0.747835845,392.4814882,0
676128.1288,5394794.451,1695069.422,613397.607,0.549717512,282.6043074,0
677128.1288,5394794.451,1698348.953,613304.3257,0.47326844,11.06999635,0
678128.1288,5394794.451,1701628.469,613211.0398,0.492585652,0.075059209,0
679128.1288,5394794.451,1704907.97,613117.7492,0.354942003,0.505378304,0
680128.1288,5394794.451,1708187.457,613024.454,0.547845767,138.1875797,0.089527912
681128.1288,5394794.451,1711466.929,612931.1541,0.720927077,168.7134524,0.089527912
682128.1288,5394794.451,1714746.386,612837.8495,0.583670858,5.470202296,0
683128.1288,5394794.451,1718025.828,612744.5404,0.558120481,0.26848816,0
684128.1288,5394794.451,1721305.255,612651.2266,0.741903391,293.4170918,0.062648611
685128.1288,5394794.451,1724584.667,612557.9082,0.794026913,489.2731253,0
686128.1288,5394794.451,1727864.064,612464.5851,0.760481961,416.2506837,0
687128.1288,5394794.451,1731143.445,612371.2574,0.80160126,484.928207,0
688128.1288,5394794.451,1734422.811,612277.9252,0.748679978,461.5065574,0
689128.1288,5394794.451,1737702.162,612184.5883,0.754496229,270.2964312,0
690128.1288,5394794.451,1740981.497,612091.2468,0.605273072,281.8840263,0
691128.1288,5394794.451,1744260.816,611997.9007,0.467875863,631.6911577,0
692128.1288,5394794.451,1747540.119,611904.55,0.465336672,524.6062762,0
693128.1288,5394794.451,1750819.407,611811.1948,0.605239353,516.6093294,0
694128.1288,5394794.451,1754098.679,611717.8349,0.563021333,488.7618961,0
695128.1288,5394794.451,1757377.935,611624.4705,0.522764365,381.5057388,0
696128.1288,5394794.451,1760657.175,611531.1015,0.531933523,710.3485871,0
697128.1288,5394794.451,1763936.399,611437.728,0.52813641,566.8650968,0
698128.1288,5394794.451,1767215.606,611344.3499,0.39460681,463.430629,0
699128.1288,5394794.451,1770494.797,611250.9672,0.355919971,274.3454313,0
700128.1288,5394794.451,1773773.972,611157.58,0.498659941,1074.838951,0
701128.1288,5394794.451,1777053.131,611064.1882,0.727974279,1353.605426,0
702128.1288,5394794.451,1780332.273,610970.792,0.91648209,1249.338739,0
703128.1288,5394794.451,1783611.398,610877.3911,0.973460155,1723.284777,0
704128.1288,5394794.451,1786890.507,610783.9858,0.981885913,1622.530237,0
705128.1288,5394794.451,1790169.599,610690.5759,0.963360969,585.0009116,0
706128.1288,5394794.451,1793448.674,610597.1615,0.990715779,1555.312546,0
707128.1288,5394794.451,1796727.732,610503.7426,0.992194967,2605.403864,0
708128.1288,5394794.451,1800006.773,610410.3192,0.982616136,1815.210613,0
709128.1288,5394794.451,1803285.797,610316.8912,0.973398712,1268.459942,0
710128.1288,5394794.451,1806564.804,610223.4588,0.976192047,1670.984876,0
711128.1288,5394794.451,1809843.793,610130.0219,0.969439457,2175.728251,0
712128.1288,5394794.451,1813122.765,610036.5805,0.944309899,2360.141033,0.193954656
713128.1288,5394794.451,1816401.72,609943.1347,0.948891157,2120.846182,0.193954656
714128.1288,5394794.451,1819680.657,609849.6843,0.72763568,1450.852277,0
715128.1288,5394794.451,1822959.577,609756.2295,0.437560271,438.0991073,0
716128.1288,5394794.451,1826238.479,609662.7702,0.369262928,1.728730188,0
717128.1288,5394794.451,1829517.363,609569.3065,0.357547985,0,0
718128.1288,5394794.451,1832796.23,609475.8383,0.37379126,0,0
719128.1288,5394794.451,1836075.078,609382.3657,0.487380402,0,0
720128.1288,5394794.451,1839353.909,609288.8886,0.583217908,0,0.004395505
721128.1288,5394794.451,1842632.721,609195.4071,0.612095403,1.980506467,0
722128.1288,5394794.451,1845911.516,609101.9211,0.475905057,367.216615,0
723128.1288,5394794.451,1849190.292,609008.4308,0.663565242,529.9627873,0
724128.1288,5394794.451,1852469.05,608914.936,0.697825076,257.809845,0
725128.1288,5394794.451,1855747.789,608821.4368,0.4908808,247.4731281,0
726128.1288,5394794.451,1859026.51,608727.9332,0.50238159,266.4191257,0
727128.1288,5394794.451,1862305.212,608634.4252,0.637673204,78.24243529,0
728128.1288,5394794.451,1865583.896,608540.9128,0.773969631,0,0.023809317
729128.1288,5394794.451,1868862.561,608447.396,0.921536999,1.155122129,0.023809317
730128.1288,5394794.451,1872141.207,608353.8748,0.959964485,238.8921283,0
731128.1288,5394794.451,1875419.835,608260.3493,0.963601707,450.3010027,0
732128.1288,5394794.451,1878698.443,608166.8193,0.944655264,1469.601387,0
733128.1288,5394794.451,1881977.032,608073.285,0.95886103,1714.800511,0
734128.1288,5394794.451,1885255.603,607979.7464,0.959343261,792.1755377,0
735128.1288,5394794.451,1888534.154,607886.2034,0.912707066,461.9945345,0
736128.1288,5394794.451,1891812.685,607792.656,0.876012301,985.5399198,0
737128.1288,5394794.451,1895091.198,607699.1043,0.875367228,1523.089051,0
738128.1288,5394794.451,1898369.691,607605.5482,0.947200836,2048.102316,0
670128.1288,5393794.451,1675298.692,610677.5752,0.967731977,0.211591033,0
671128.1288,5393794.451,1678578.303,610584.3361,0.675688719,0,0
672128.1288,5393794.451,1681857.901,610491.0923,0.423559684,0,0
673128.1288,5393794.451,1685137.485,610397.8439,0.470051015,0,0
674128.1288,5393794.451,1688417.054,610304.591,0.418701292,4.311577028,0.021386592
675128.1288,5393794.451,1691696.609,610211.3334,0.643836503,271.9301605,0
676128.1288,5393794.451,1694976.15,610118.0713,0.741481391,423.8078818,0
677128.1288,5393794.451,1698255.676,610024.8045,0.5937565,370.0357403,0
678128.1288,5393794.451,1701535.188,609931.5332,0.43140639,84.85774135,0
679128.1288,5393794.451,1704814.685,609838.2573,0.422203757,11.22177713,0
680128.1288,5393794.451,1708094.167,609744.9769,0.723200547,247.9373178,0.089527912
681128.1288,5393794.451,1711373.634,609651.6918,0.885818557,589.0297337,0
682128.1288,5393794.451,1714653.087,609558.4023,0.684031414,288.0839416,0
683128.1288,5393794.451,1717932.524,609465.1081,0.68813085,26.13400182,0.003128648
684128.1288,5393794.451,1721211.947,609371.8094,0.881597258,507.498085,0.060585176
685128.1288,5393794.451,1724491.354,609278.5062,0.892645754,1036.398652,0.02832781
686128.1288,5393794.451,1727770.746,609185.1984,0.83987164,1143.004008,0
687128.1288,5393794.451,1731050.123,609091.8861,0.773740281,1067.875706,0.095682219
688128.1288,5393794.451,1734329.484,608998.5692,0.836613477,1111.053956,0.095682219
689128.1288,5393794.451,1737608.83,608905.2479,0.930539715,787.6280766,0
690128.1288,5393794.451,1740888.161,608811.922,0.782292569,318.6334974,0
691128.1288,5393794.451,1744167.475,608718.5916,0.655969337,627.7176449,0
692128.1288,5393794.451,1747446.774,608625.2566,0.694427054,1043.365293,0
693128.1288,5393794.451,1750726.058,608531.9172,0.790080956,1247.37687,0
694128.1288,5393794.451,1754005.325,608438.5733,0.666252325,916.3846294,0
695128.1288,5393794.451,1757284.576,608345.2249,0.620648722,743.5885891,0
696128.1288,5393794.451,1760563.812,608251.872,0.608910961,949.3442743,0
697128.1288,5393794.451,1763843.031,608158.5146,0.647988506,625.2370438,0
698128.1288,5393794.451,1767122.234,608065.1527,0.581502471,512.8291705,0
699128.1288,5393794.451,1770401.421,607971.7864,0.524333745,122.849335,0
700128.1288,5393794.451,1773680.591,607878.4156,0.642695332,389.3918033,0
701128.1288,5393794.451,1776959.745,607785.0403,0.758914568,1182.29415,0
702128.1288,5393794.451,1780238.883,607691.6606,0.86592547,1350.761679,0
703128.1288,5393794.451,1783518.003,607598.2764,0.9801996,1264.766521,0
704128.1288,5393794.451,1786797.108,607504.8877,0.95489879,1463.821149,0
705128.1288,5393794.451,1790076.195,607411.4947,0.898659108,914.5457362,0
706128.1288,5393794.451,1793355.265,607318.0972,0.943234522,225.1438718,0
707128.1288,5393794.451,1796634.319,607224.6952,0.990901373,1644.313058,0
708128.1288,5393794.451,1799913.356,607131.2889,0.97645713,2546.232045,0
709128.1288,5393794.451,1803192.375,607037.8781,0.930452233,1349.98086,0
710128.1288,5393794.451,1806471.378,606944.4629,0.939344815,1725.080722,0
711128.1288,5393794.451,1809750.363,606851.0433,0.936950081,2669.43938,0
712128.1288,5393794.451,1813029.33,606757.6192,0.920836446,1487.720845,0.382892877
713128.1288,5393794.451,1816308.281,606664.1908,0.88557044,1266.609512,0.005016435
714128.1288,5393794.451,1819587.214,606570.758,0.713692523,1887.897029,0
715128.1288,5393794.451,1822866.129,606477.3208,0.468697271,755.8584442,0
716128.1288,5393794.451,1826145.026,606383.8793,0.407515905,14.93094023,0
717128.1288,5393794.451,1829423.906,606290.4333,0.318938497,0,0
718128.1288,5393794.451,1832702.768,606196.983,0.423993392,0,0
719128.1288,5393794.451,1835981.613,606103.5283,0.393618104,0,0
720128.1288,5393794.451,1839260.439,606010.0692,0.520461412,0,0
721128.1288,5393794.451,1842539.247,605916.6058,0.633501761,0.463121471,0
722128.1288,5393794.451,1845818.037,605823.1381,0.632384834,264.0187785,0
670128.1288,5392794.451,1675205.462,607397.9586,0.769014864,0,0
671128.1288,5392794.451,1678485.069,607304.7335,0.510504838,0,0
672128.1288,5392794.451,1681764.662,607211.5038,0.391336245,0,0
673128.1288,5392794.451,1685044.241,607118.2697,0.548471909,0,0
674128.1288,5392794.451,1688323.806,607025.031,0.555045756,0,0.021386592
675128.1288,5392794.451,1691603.357,606931.7878,0.455025697,2.966830691,0.021386592
676128.1288,5392794.451,1694882.893,606838.5401,0.552845321,182.6052488,0
677128.1288,5392794.451,1698162.414,606745.2879,0.747505518,400.5709078,0
678128.1288,5392794.451,1701441.922,606652.0312,0.705876212,398.2476763,0
679128.1288,5392794.451,1704721.414,606558.77,0.710344006,399.2871197,0
680128.1288,5392794.451,1708000.892,606465.5043,0.895647107,1064.197814,0
681128.1288,5392794.451,1711280.354,606372.2342,0.937315448,1868.46116,0.040274464
682128.1288,5392794.451,1714559.802,606278.9595,0.788000485,1326.142049,0.040274464
683128.1288,5392794.451,1717839.235,606185.6804,0.852880096,697.3655424,1.747746646
684128.1288,5392794.451,1721118.653,606092.3968,0.959301518,1252.890548,1.872615377
685128.1288,5392794.451,1724398.056,605999.1087,0.865372743,823.9435234,0
686128.1288,5392794.451,1727677.444,605905.8162,0.831274354,748.5605398,0
687128.1288,5392794.451,1730956.816,605812.5192,0.853201803,732.2824818,0.095682219
688128.1288,5392794.451,1734236.173,605719.2178,0.949243016,1102.455474,0.095682219
689128.1288,5392794.451,1737515.514,605625.9119,0.980778348,1351.93872,0
690128.1288,5392794.451,1740794.84,605532.6016,0.85531309,622.3123747,0
691128.1288,5392794.451,1744074.15,605439.2869,0.785671248,676.6208341,0
692128.1288,5392794.451,1747353.445,605345.9677,0.862523983,828.056992,0
693128.1288,5392794.451,1750632.724,605252.6441,0.885256054,1126.893729,0
694128.1288,5392794.451,1753911.987,605159.3161,0.870349904,1333.526978,0
695128.1288,5392794.451,1757191.234,605065.9837,0.854858096,1153.249818,0
696128.1288,5392794.451,1760470.465,604972.6469,0.824323583,1195.277433,0
697128.1288,5392794.451,1763749.679,604879.3056,0.866442011,524.7366983,0
669128.1288,5391794.451,1671832.629,604211.5531,0.409367969,100.1564663,0
670128.1288,5391794.451,1675112.246,604118.3465,0.348576705,0.845116618,0
671128.1288,5391794.451,1678391.849,604025.1354,0.365069202,0.301676996,0
723128.1288,5393794.451,1849096.808,605729.666,0.792812681,545.7581175,0
724128.1288,5393794.451,1852375.562,605636.1896,0.808769859,214.5917138,0.008535039
725128.1288,5393794.451,1855654.297,605542.7088,0.748605818,165.1844023,0
726128.1288,5393794.451,1858933.014,605449.2237,0.710291129,194.0466387,0
727128.1288,5393794.451,1862211.712,605355.7343,0.587790994,86.34499089,0
728128.1288,5393794.451,1865490.391,605262.2406,0.701172789,0,0.023809317
729128.1288,5393794.451,1868769.052,605168.7425,0.852053435,0,0.023809317
730128.1288,5393794.451,1872047.693,605075.2402,0.929337628,3.572652689,0
731128.1288,5393794.451,1875326.317,604981.7336,0.939935227,284.2971741,0
732128.1288,5393794.451,1878604.921,604888.2226,0.912663761,1202.417396,0
733128.1288,5393794.451,1881883.506,604794.7074,0.942578978,1841.25041,0
734128.1288,5393794.451,1885162.071,604701.1879,0.987326891,1914.063981,0
735128.1288,5393794.451,1888440.618,604607.6641,0.980219392,1120.483695,0
736128.1288,5393794.451,1891719.146,604514.1361,0.930500047,201.2695462,0
737128.1288,5393794.451,1894997.654,604420.6038,0.876251907,580.2430264,0
738128.1288,5393794.451,1898276.142,604327.0672,0.924720058,1457.88054,0
739128.1288,5393794.451,1901554.611,604233.5264,0.934617767,1040.314619,0
698128.1288,5392794.451,1767028.878,604785.96,0.852864608,359.7906256,0
699128.1288,5392794.451,1770308.06,604692.61,0.809854209,203.2642128,0
700128.1288,5392794.451,1773587.226,604599.2556,0.787115923,756.3544627,0
701128.1288,5392794.451,1776866.376,604505.8968,0.811149708,649.2988338,0
702128.1288,5392794.451,1780145.509,604412.5336,0.854791516,630.9029905,0
703128.1288,5392794.451,1783424.625,604319.1661,0.947332522,1220.609996,0
704128.1288,5392794.451,1786703.725,604225.7942,0.966724056,1229.644926,0
705128.1288,5392794.451,1789982.808,604132.4179,0.924508971,895.5550091,0
706128.1288,5392794.451,1793261.874,604039.0373,0.908616045,138.9825073,0
707128.1288,5392794.451,1796540.923,603945.6523,0.948738637,1024.759067,0
708128.1288,5392794.451,1799819.956,603852.263,0.984134331,2564.844217,0
709128.1288,5392794.451,1803098.971,603758.8693,0.924278466,1792.701479,0
710128.1288,5392794.451,1806377.969,603665.4713,0.878543974,2031.857715,0
711128.1288,5392794.451,1809656.95,603572.069,0.892301813,2278.794536,0
712128.1288,5392794.451,1812935.913,603478.6624,0.941187897,1599.140645,0
713128.1288,5392794.451,1816214.859,603385.2514,0.930676873,1970.401385,0
714128.1288,5392794.451,1819493.787,603291.8361,0.756651261,1421.431856,0
715128.1288,5392794.451,1822772.698,603198.4166,0.497607407,346.6409041,0
716128.1288,5392794.451,1826051.592,603104.9927,0.323790912,1.043517844,0
717128.1288,5392794.451,1829330.467,603011.5645,0.355730939,0,0
718128.1288,5392794.451,1832609.325,602918.132,0.592250247,0,0
719128.1288,5392794.451,1835888.165,602824.6953,0.635651,0,0
720128.1288,5392794.451,1839166.987,602731.2543,0.69071593,0,0
721128.1288,5392794.451,1842445.79,602637.809,0.687383887,0.010938924,0
722128.1288,5392794.451,1845724.576,602544.3594,0.747945733,183.2893586,0
723128.1288,5392794.451,1849003.343,602450.9056,0.847245084,507.445073,2.56E-13
724128.1288,5392794.451,1852282.093,602357.4475,0.842385758,201.0980857,0.007822369
725128.1288,5392794.451,1855560.823,602263.9851,0.810323024,9.237427114,0.004267519
726128.1288,5392794.451,1858839.536,602170.5185,0.657520845,142.2335155,1.28E-12
727128.1288,5392794.451,1862118.229,602077.0477,0.502258938,91.94806851,0
728128.1288,5392794.451,1865396.904,601983.5727,0.565644286,0.023353403,0
729128.1288,5392794.451,1868675.561,601890.0934,0.637272046,0,0
730128.1288,5392794.451,1871954.198,601796.6099,0.784581585,0.104303428,0
731128.1288,5392794.451,1875232.817,601703.1221,0.896176209,253.7396213,0
732128.1288,5392794.451,1878511.417,601609.6302,0.934243846,1176.242391,0
733128.1288,5392794.451,1881789.998,601516.1341,0.955676918,1655.680576,0
734128.1288,5392794.451,1885068.559,601422.6337,0.986174543,1919.956204,0
735128.1288,5392794.451,1888347.102,601329.1292,0.990725652,2035.716475,0
736128.1288,5392794.451,1891625.625,601235.6205,0.961926764,843.9578851,0
737128.1288,5392794.451,1894904.129,601142.1075,0.921053679,799.0896665,0
738128.1288,5392794.451,1898182.613,601048.5905,0.935978445,1376.77879,0
739128.1288,5392794.451,1901461.078,600955.0692,0.925424829,1024.738069,0
740128.1288,5392794.451,1904739.524,600861.5438,0.89682335,815.00766,0
672128.1288,5391794.451,1681671.437,603931.9199,0.407687202,3.222080292,0
673128.1288,5391794.451,1684951.012,603838.7,0.436096114,13.20302809,0
674128.1288,5391794.451,1688230.572,603745.4756,0.504155425,37.79948961,0
675128.1288,5391794.451,1691510.119,603652.2467,0.377299258,17.96737744,0
676128.1288,5391794.451,1694789.65,603559.0135,0.360041298,8.355438149,0
677128.1288,5391794.451,1698069.167,603465.7758,0.505661606,40.56268222,0
678128.1288,5391794.451,1701348.67,603372.5337,0.706415296,352.2122151,0
679128.1288,5391794.451,1704628.158,603279.2872,0.890572829,950.4000729,0
680128.1288,5391794.451,1707907.631,603186.0363,0.969728236,1722.363918,0
681128.1288,5391794.451,1711187.09,603092.781,0.953171601,1706.300783,0.040274464
682128.1288,5391794.451,1714466.533,602999.5212,0.918218133,1195.172345,0.040274464
683128.1288,5391794.451,1717745.962,602906.2571,0.910270487,1665.628055,3.743616581
684128.1288,5391794.451,1721025.375,602812.9886,0.934551579,2424.48086,3.874927902
685128.1288,5391794.451,1724304.773,602719.7157,0.868421431,1592.883157,3.868466258
686128.1288,5391794.451,1727584.157,602626.4385,0.779545748,445.6478411,0.019798771
687128.1288,5391794.451,1730863.524,602533.1569,0.897696227,380.5202333,0
688128.1288,5391794.451,1734142.877,602439.8708,0.979600468,908.6985951,0
689128.1288,5391794.451,1737422.214,602346.5805,0.965110002,1363.455242,0
690128.1288,5391794.451,1740701.535,602253.2858,0.901245756,873.5258652,0
691128.1288,5391794.451,1743980.841,602159.9867,0.839945658,595.3098925,0
692128.1288,5391794.451,1747260.132,602066.6833,0.847718095,326.1518134,0
693128.1288,5391794.451,1750539.406,601973.3755,0.917867293,491.8475999,0
694128.1288,5391794.451,1753818.664,601880.0634,0.9692803,1059.076446,0
695128.1288,5391794.451,1757097.907,601786.747,0.949533425,1331.369169,0
696128.1288,5391794.451,1760377.134,601693.4262,0.967991447,1274.556406,0
697128.1288,5391794.451,1763656.344,601600.1011,0.928217069,464.1494169,0
698128.1288,5391794.451,1766935.538,601506.7717,0.866741321,431.5165756,0
699128.1288,5391794.451,1770214.716,601413.438,0.850460008,974.4241153,0
700128.1288,5391794.451,1773493.878,601320.1,0.844378743,1109.943482,0
701128.1288,5391794.451,1776773.023,601226.7577,0.843943474,543.2744669,0
702128.1288,5391794.451,1780052.152,601133.411,0.910896265,626.2285558,0
703128.1288,5391794.451,1783331.264,601040.0601,0.960272023,1833.785974,0
704128.1288,5391794.451,1786610.359,600946.7049,0.931154062,1623.307818,0
705128.1288,5391794.451,1789889.438,600853.3455,0.952824431,1365.096704,0
706128.1288,5391794.451,1793168.5,600759.9817,0.942121966,730.1290087,0
707128.1288,5391794.451,1796447.545,600666.6137,0.943507476,1123.151112,0
708128.1288,5391794.451,1799726.573,600573.2414,0.978396053,2600.899653,0
709128.1288,5391794.451,1803005.584,600479.8649,0.930123249,1892.299416,0
710128.1288,5391794.451,1806284.577,600386.4841,0.938852907,2166.235058,0
711128.1288,5391794.451,1809563.554,600293.0991,0.945112285,2511.095281,0
712128.1288,5391794.451,1812842.513,600199.7098,0.985298296,3153.870785,0
713128.1288,5391794.451,1816121.455,600106.3163,0.959361769,3414.23642,0
714128.1288,5391794.451,1819400.379,600012.9186,0.690740464,1588.099033,0
715128.1288,5391794.451,1822679.285,599919.5166,0.37751805,132.4089084,0
716128.1288,5391794.451,1825958.174,599826.1104,0.333055234,2.817137648,0
717128.1288,5391794.451,1829237.046,599732.7,0.529894765,0,0
718128.1288,5391794.451,1832515.899,599639.2854,0.789594748,0,0
719128.1288,5391794.451,1835794.735,599545.8666,0.904270024,0,0
720128.1288,5391794.451,1839073.552,599452.4436,0.869578581,0,0
721128.1288,5391794.451,1842352.352,599359.0163,0.849013597,1.390114901,0
722128.1288,5391794.451,1845631.133,599265.585,0.807924499,312.6630217,0
723128.1288,5391794.451,1848909.897,599172.1494,0.827831297,492.2102387,2.56E-13
724128.1288,5391794.451,1852188.641,599078.7096,0.8189398,114.9462561,0.011377218
725128.1288,5391794.451,1855467.368,598985.2657,0.718838711,0.25920525,0.011377218
726128.1288,5391794.451,1858746.076,598891.8176,0.610246554,51.06763902,0.049134135
727128.1288,5391794.451,1862024.766,598798.3654,0.658708846,29.81738655,0.147402406
728128.1288,5391794.451,1865303.437,598704.909,0.61253104,0.007289958,0
729128.1288,5391794.451,1868582.089,598611.4484,0.621752064,0,0
730128.1288,5391794.451,1871860.722,598517.9838,0.753577441,6.199343425,0
731128.1288,5391794.451,1875139.337,598424.5149,0.8577435,431.2988338,0
732128.1288,5391794.451,1878417.932,598331.042,0.896133285,1820.195446,0
733128.1288,5391794.451,1881696.509,598237.5649,0.904456446,1593.331086,0
734128.1288,5391794.451,1884975.067,598144.0837,0.95632189,1136.676878,0
735128.1288,5391794.451,1888253.605,598050.5984,0.985365576,1421.470803,0
736128.1288,5391794.451,1891532.124,597957.109,0.968977673,1303.778284,0
737128.1288,5391794.451,1894810.624,597863.6155,0.945068509,1098.055201,0
738128.1288,5391794.451,1898089.104,597770.1179,0.949500487,862.2134402,0
739128.1288,5391794.451,1901367.565,597676.6162,0.960404602,793.8322392,0
740128.1288,5391794.451,1904646.006,597583.1104,0.914999538,1040.423098,0
669128.1288,5390794.451,1671739.432,600931.9315,0.493739461,275.5847751,0
670128.1288,5390794.451,1675019.044,600838.7388,0.240390942,173.4129009,0
671128.1288,5390794.451,1678298.642,600745.5418,0.286498738,144.8383157,0
672128.1288,5390794.451,1681578.227,600652.3404,0.369090736,190.1697666,0
673128.1288,5390794.451,1684857.797,600559.1347,0.595072647,218.6937808,0
674128.1288,5390794.451,1688137.353,600465.9245,0.608308899,218.5660893,0
675128.1288,5390794.451,1691416.895,600372.7101,0.589252118,210.3347905,0
676128.1288,5390794.451,1694696.422,600279.4913,0.596855706,210.8954082,0
677128.1288,5390794.451,1697975.935,600186.2681,0.472165578,200.5869169,0
678128.1288,5390794.451,1701255.433,600093.0406,0.598161144,230.704927,0.066156551
679128.1288,5390794.451,1704534.917,599999.8088,0.871479423,613.2709513,0.066156551
680128.1288,5390794.451,1707814.385,599906.5726,0.855303476,863.3,0
681128.1288,5390794.451,1711093.839,599813.3322,0.799263889,325.9679359,0
682128.1288,5390794.451,1714373.279,599720.0874,0.958797448,318.1830601,0.040274464
683128.1288,5390794.451,1717652.703,599626.8383,0.962901993,712.4606414,3.869242549
684128.1288,5390794.451,1720932.112,599533.5849,0.926441587,2277.512582,4.025964467
685128.1288,5390794.451,1724211.506,599440.3271,0.895703978,2873.879468,3.971658996
686128.1288,5390794.451,1727490.885,599347.0651,0.823324185,2109.625775,1.568976189
687128.1288,5390794.451,1730770.248,599253.7988,0.861453977,859.8744762,0.396646321
688128.1288,5390794.451,1734049.597,599160.5282,0.970768424,517.2648452,0
689128.1288,5390794.451,1737328.929,599067.2534,0.961976441,1281.917638,0
690128.1288,5390794.451,1740608.246,598973.9742,0.915225164,822.951375,0
691128.1288,5390794.451,1743887.548,598880.6908,0.796204781,212.3138434,0
692128.1288,5390794.451,1747166.834,598787.4031,0.756041576,128.4688297,0
693128.1288,5390794.451,1750446.104,598694.1112,0.813275831,39.38453119,0
694128.1288,5390794.451,1753725.358,598600.815,0.811512831,506.4816773,0
695128.1288,5390794.451,1757004.596,598507.5145,0.924429207,1437.734512,0
696128.1288,5390794.451,1760283.819,598414.2098,0.946864765,1026.330601,0
697128.1288,5390794.451,1763563.025,598320.9009,0.918954575,534.9469945,0
698128.1288,5390794.451,1766842.215,598227.5877,0.835419115,586.8599016,0
699128.1288,5390794.451,1770121.389,598134.2703,0.810151095,1022.091639,0
700128.1288,5390794.451,1773400.546,598040.9487,0.815614494,866.029927,0
701128.1288,5390794.451,1776679.687,597947.6228,0.737998816,365.6772959,0
702128.1288,5390794.451,1779958.811,597854.2928,0.849961089,1776.241524,0
703128.1288,5390794.451,1783237.919,597760.9585,0.972343373,2493.570804,0
704128.1288,5390794.451,1786517.01,597667.62,0.956707604,2208.141138,0
705128.1288,5390794.451,1789796.085,597574.2773,0.948790551,2066.874795,0
706128.1288,5390794.451,1793075.142,597480.9305,0.919079592,1438.374476,0
707128.1288,5390794.451,1796354.183,597387.5794,0.959868691,701.9124021,0
708128.1288,5390794.451,1799633.207,597294.2242,0.963752082,1559.491343,0
709128.1288,5390794.451,1802912.213,597200.8647,0.943250435,1864.881421,0
710128.1288,5390794.451,1806191.203,597107.5012,0.971738703,2562.042677,0
711128.1288,5390794.451,1809470.175,597014.1334,0.989893056,2825.465464,0
712128.1288,5390794.451,1812749.13,596920.7615,0.975258144,3240.820368,0
713128.1288,5390794.451,1816028.068,596827.3854,0.936793746,2743.530002,0
714128.1288,5390794.451,1819306.988,596734.0052,0.627005794,1436.77954,0
715128.1288,5390794.451,1822585.89,596640.6208,0.372836095,757.0074736,0
716128.1288,5390794.451,1825864.775,596547.2323,0.534847535,148.14775,0
717128.1288,5390794.451,1829143.642,596453.8397,0.537981341,15.286833,0
718128.1288,5390794.451,1832422.491,596360.4429,0.650062689,2.506197594,0
719128.1288,5390794.451,1835701.323,596267.042,0.804971497,0,0
720128.1288,5390794.451,1838980.136,596173.637,0.793785043,0.280445499,0
721128.1288,5390794.451,1842258.932,596080.2279,0.827644273,59.04631656,0
722128.1288,5390794.451,1845537.709,595986.8147,0.860464205,536.9385933,0.034133155
723128.1288,5390794.451,1848816.468,595893.3974,0.857178453,392.162236,2.56E-13
724128.1288,5390794.451,1852095.209,595799.976,0.834285336,10.45996717,0.011377218
725128.1288,5390794.451,1855373.931,595706.5505,0.792999104,37.68248175,0.011377218
726128.1288,5390794.451,1858652.635,595613.1209,0.642198379,1.086829624,0.073701203
727128.1288,5390794.451,1861931.321,595519.6872,0.620652433,0.086417502,0.147402406
728128.1288,5390794.451,1865209.987,595426.2495,0.541540625,0,0
729128.1288,5390794.451,1868488.636,595332.8077,0.606454906,0,0
730128.1288,5390794.451,1871767.265,595239.3618,0.727396027,15.42110058,0
731128.1288,5390794.451,1875045.875,595145.9119,0.861095339,516.4404523,0
732128.1288,5390794.451,1878324.467,595052.4579,0.895464836,1092.636281,0
733128.1288,5390794.451,1881603.04,594958.9999,0.867414937,1347.010753,0
734128.1288,5390794.451,1884881.593,594865.5378,0.953497223,1168.472035,0
735128.1288,5390794.451,1888160.127,594772.0718,0.977182748,584.4826895,0
736128.1288,5390794.451,1891438.642,594678.6016,0.969654572,1196.291803,0
737128.1288,5390794.451,1894717.138,594585.1275,0.951504628,1078.537256,0
738128.1288,5390794.451,1897995.614,594491.6494,0.913543726,1220.83309,0
739128.1288,5390794.451,1901274.071,594398.1672,0.927339655,1571.563013,0
740128.1288,5390794.451,1904552.508,594304.6811,0.899794017,1234.249772,0
668128.1288,5389794.451,1668366.626,597745.4887,0.643252076,159.7702703,0
669128.1288,5389794.451,1671646.248,597652.3143,0.480771656,202.470073,0
670128.1288,5389794.451,1674925.856,597559.1356,0.307073168,196.1688549,0
671128.1288,5389794.451,1678205.45,597465.9526,0.457579198,200.6156648,0
672128.1288,5389794.451,1681485.03,597372.7653,0.509475546,184.2666788,0
673128.1288,5389794.451,1684764.596,597279.5737,0.446132119,142.6598615,0
674128.1288,5389794.451,1688044.148,597186.3779,0.406666621,82.82197522,0
675128.1288,5389794.451,1691323.685,597093.1778,0.475999898,122.1947531,0
676128.1288,5389794.451,1694603.208,596999.9734,0.585371875,158.4849699,0
677128.1288,5389794.451,1697882.717,596906.7647,0.512682966,164.2132701,0
678128.1288,5389794.451,1701162.211,596813.5519,0.466508683,145.9803028,0.066156551
679128.1288,5389794.451,1704441.69,596720.3347,0.498669535,67.03410542,0
680128.1288,5389794.451,1707721.154,596627.1133,0.63240035,169.4307832,0
681128.1288,5389794.451,1711000.604,596533.8877,0.495281917,239.7855711,0
682128.1288,5389794.451,1714280.039,596440.6578,0.673749065,105.9402441,0
683128.1288,5389794.451,1717559.459,596347.4237,0.897962421,25.91454082,0
684128.1288,5389794.451,1720838.864,596254.1854,0.876445531,670.8799051,0.894896668
685128.1288,5389794.451,1724118.254,596160.9428,0.893104715,1956.095273,1.837391218
686128.1288,5389794.451,1727397.628,596067.6961,0.816764053,3009.969741,1.567251414
687128.1288,5389794.451,1730676.988,595974.4451,0.82085323,2576.738607,0.246361585
688128.1288,5389794.451,1733956.332,595881.1899,0.904295748,1131.611992,0.014925319
689128.1288,5389794.451,1737235.66,595787.9305,0.955333345,1238.251914,0
690128.1288,5389794.451,1740514.973,595694.667,0.882113151,1063.119161,0
691128.1288,5389794.451,1743794.27,595601.3992,0.704871402,129.1217645,0
692128.1288,5389794.451,1747073.552,595508.1273,0.658888582,54.59591911,0
693128.1288,5389794.451,1750352.818,595414.8511,0.701043048,48.22758746,0
694128.1288,5389794.451,1753632.068,595321.5708,0.758279891,1032.229858,0
695128.1288,5389794.451,1756911.302,595228.2863,0.821819608,1322.825009,0
696128.1288,5389794.451,1760190.52,595134.9977,0.88378829,266.9347786,0
697128.1288,5389794.451,1763469.722,595041.7049,0.96856589,289.6560394,0
698128.1288,5389794.451,1766748.908,594948.4079,0.942547731,493.9534841,0
699128.1288,5389794.451,1770028.077,594855.1068,0.893275557,1183.311816,0
700128.1288,5389794.451,1773307.23,594761.8016,0.833270093,1014.497539,0
701128.1288,5389794.451,1776586.367,594668.4922,0.683133593,432.8892532,0
702128.1288,5389794.451,1779865.487,594575.1787,0.827647466,1423.475514,0
703128.1288,5389794.451,1783144.591,594481.861,0.97097751,2043.349189,0
704128.1288,5389794.451,1786423.678,594388.5393,0.965508785,3288.086964,0
705128.1288,5389794.451,1789702.748,594295.2134,0.917555599,3552.73641,0
706128.1288,5389794.451,1792981.802,594201.8834,0.889438246,2156.42964,0
707128.1288,5389794.451,1796260.839,594108.5493,0.889095012,1041.30392,0
708128.1288,5389794.451,1799539.858,594015.2111,0.956949927,772.808561,0
709128.1288,5389794.451,1802818.861,593921.8688,0.959834371,2141.806487,0
710128.1288,5389794.451,1806097.846,593828.5224,0.96880101,3191.254148,0
711128.1288,5389794.451,1809376.814,593735.1719,0.984003353,2648.646221,0
712128.1288,5389794.451,1812655.765,593641.8173,0.96848927,1828.183227,0.049384438
713128.1288,5389794.451,1815934.698,593548.4587,0.937060938,1239.523697,0.049384438
714128.1288,5389794.451,1819213.614,593455.096,0.786262202,1313.25578,0
715128.1288,5389794.451,1822492.513,593361.7292,0.557847017,1407.984688,0
716128.1288,5389794.451,1825771.393,593268.3584,0.613952366,737.9533273,0
717128.1288,5389794.451,1829050.256,593174.9835,0.492504859,421.2305869,0
718128.1288,5389794.451,1832329.102,593081.6046,0.43870453,396.029712,0
719128.1288,5389794.451,1835607.929,592988.2216,0.587211636,25.35391621,0.041850287
720128.1288,5389794.451,1838886.738,592894.8346,0.686169583,41.73646802,0.041850287
721128.1288,5389794.451,1842165.53,592801.4436,0.740239162,534.4904249,0
722128.1288,5389794.451,1845444.303,592708.0485,0.849359093,700.5421906,0.034133155
723128.1288,5389794.451,1848723.058,592614.6495,0.904736565,513.4871561,0
724128.1288,5389794.451,1852001.795,592521.2464,0.836754217,473.223598,0
725128.1288,5389794.451,1855280.513,592427.8393,0.659974937,424.5391209,0
726128.1288,5389794.451,1858559.213,592334.4282,0.415190419,105.2820653,0
727128.1288,5389794.451,1861837.894,592241.0131,0.401225552,2.933989788,0
728128.1288,5389794.451,1865116.557,592147.594,0.562090199,7.565415452,0
729128.1288,5389794.451,1868395.201,592054.1709,0.68646009,1.226817271,0
730128.1288,5389794.451,1871673.826,591960.7439,0.693983393,2.914769623,0
731128.1288,5389794.451,1874952.433,591867.3128,0.708691897,56.00492881,0
732128.1288,5389794.451,1878231.02,591773.8779,0.873979927,87.22828467,0
733128.1288,5389794.451,1881509.589,591680.4389,0.94893336,874.4811372,0
734128.1288,5389794.451,1884788.138,591586.996,0.974937332,1373.867371,0
735128.1288,5389794.451,1888066.669,591493.5491,0.977680215,575.9801457,0
736128.1288,5389794.451,1891345.18,591400.0983,0.979749134,660.515041,0
737128.1288,5389794.451,1894623.671,591306.6436,0.983772533,1472.501735,0
738128.1288,5389794.451,1897902.144,591213.1849,0.948052579,1957.491612,0
739128.1288,5389794.451,1901180.596,591119.7223,0.958928831,2002.837464,0
740128.1288,5389794.451,1904459.03,591026.2557,0.938629248,1578.515753,1.28E-12
741128.1288,5389794.451,1907737.443,590932.7853,0.786286831,663.285558,0
668128.1288,5388794.451,1668273.461,594465.8619,0.501121561,3.030381944,0
669128.1288,5388794.451,1671553.078,594372.7014,0.50376679,1.089018606,0
670128.1288,5388794.451,1674832.682,594279.5366,0.33354329,9.045446249,0
671128.1288,5388794.451,1678112.272,594186.3676,0.352301183,8.885808099,0
672128.1288,5388794.451,1681391.848,594093.1944,0.249808668,2.695208599,0.076307401
673128.1288,5388794.451,1684671.41,594000.0171,0.19256919,0.257876525,0.076307401
674128.1288,5388794.451,1687950.957,593906.8355,0.12633043,0.016043756,0
675128.1288,5388794.451,1691230.49,593813.6497,0.229788185,0.191240876,0
676128.1288,5388794.451,1694510.009,593720.4598,0.309164177,0.447603426,0
677128.1288,5388794.451,1697789.513,593627.2656,0.166736151,1.266994715,0
678128.1288,5388794.451,1701069.003,593534.0673,0.216531403,1.591256831,0
679128.1288,5388794.451,1704348.478,593440.8649,0.332032784,2.812682216,0
680128.1288,5388794.451,1707627.938,593347.6582,0.609486721,10.36756658,0
681128.1288,5388794.451,1710907.384,593254.4474,0.573620168,156.9351312,0
682128.1288,5388794.451,1714186.815,593161.2325,0.614040497,100.2434402,0
683128.1288,5388794.451,1717466.23,593068.0134,0.796694768,0.810470631,0
684128.1288,5388794.451,1720745.631,592974.7901,0.801911689,24.57473569,0
685128.1288,5388794.451,1724025.017,592881.5628,0.769714226,174.4594348,1.269288063
686128.1288,5388794.451,1727304.387,592788.3312,0.80889992,1558.195957,0.79093793
687128.1288,5388794.451,1730583.742,592695.0956,0.798090997,2991.888221,0.445653601
688128.1288,5388794.451,1733863.082,592601.8558,0.723208663,2068.385092,0.314304928
689128.1288,5388794.451,1737142.406,592508.6119,0.763835906,1348.110119,0
690128.1288,5388794.451,1740421.715,592415.3639,0.852787187,1123.57552,0
691128.1288,5388794.451,1743701.008,592322.1118,0.823298356,522.3497627,0
692128.1288,5388794.451,1746980.286,592228.8556,0.817872871,108.6311281,0
693128.1288,5388794.451,1750259.547,592135.5952,0.857617166,340.8729493,0
694128.1288,5388794.451,1753538.793,592042.3308,0.896098174,1523.33564,0
695128.1288,5388794.451,1756818.023,591949.0623,0.851072516,1173.680277,0
696128.1288,5388794.451,1760097.237,591855.7897,0.783920614,221.2256298,0
697128.1288,5388794.451,1763376.435,591762.5131,0.853737497,1.637060004,0
698128.1288,5388794.451,1766655.617,591669.2323,0.932903275,60.77168367,0
699128.1288,5388794.451,1769934.782,591575.9475,0.977734392,612.9539078,0
700128.1288,5388794.451,1773213.931,591482.6586,0.974176592,1535.264406,0
701128.1288,5388794.451,1776493.064,591389.3657,0.833739759,1512.916181,0
702128.1288,5388794.451,1779772.18,591296.0687,0.812403155,906.9316442,0
703128.1288,5388794.451,1783051.28,591202.7677,0.885208829,1217.428493,0
704128.1288,5388794.451,1786330.363,591109.4626,0.914697801,3138.425082,0
705128.1288,5388794.451,1789609.429,591016.1535,0.934033165,3244.579869,0
706128.1288,5388794.451,1792888.478,590922.8404,0.931365743,1986.425187,0.20552884
707128.1288,5388794.451,1796167.511,590829.5232,0.910956947,1037.897431,0.20552884
708128.1288,5388794.451,1799446.526,590736.2021,0.924986468,1049.26079,6.19E-13
709128.1288,5388794.451,1802725.525,590642.8769,0.970009493,2449.232634,6.19E-13
710128.1288,5388794.451,1806004.506,590549.5477,0.979577018,3296.375091,0
711128.1288,5388794.451,1809283.47,590456.2144,0.980256962,3640.646468,0
712128.1288,5388794.451,1812562.417,590362.8772,0.840889804,1385.771418,0.049384438
713128.1288,5388794.451,1815841.346,590269.536,0.806490662,566.3857221,0.049384438
714128.1288,5388794.451,1819120.258,590176.1908,0.783406116,562.311099,0
715128.1288,5388794.451,1822399.153,590082.8417,0.643887943,1153.280999,0
716128.1288,5388794.451,1825678.029,589989.4885,0.712893082,1002.491241,0
717128.1288,5388794.451,1828956.888,589896.1314,0.719932981,1324.284698,0
718128.1288,5388794.451,1832235.73,589802.7703,0.660150048,1440.578017,0
719128.1288,5388794.451,1835514.553,589709.4053,0.702113822,795.0734062,0.041850287
720128.1288,5388794.451,1838793.358,589616.0363,0.738439415,1007.953535,0
721128.1288,5388794.451,1842072.146,589522.6633,0.778466563,1238.194024,0
722128.1288,5388794.451,1845350.915,589429.2864,0.848427292,672.9423988,0
723128.1288,5388794.451,1848629.666,589335.9056,0.841567422,334.9921519,0
724128.1288,5388794.451,1851908.399,589242.5208,0.792458005,494.6305338,0
725128.1288,5388794.451,1855187.113,589149.1321,0.565624969,738.2144029,0.040057488
726128.1288,5388794.451,1858465.809,589055.7395,0.391109422,334.3292039,0.040057488
727128.1288,5388794.451,1861744.486,588962.343,0.59994318,341.3377073,0
728128.1288,5388794.451,1865023.145,588868.9425,0.807454721,371.4144653,0
729128.1288,5388794.451,1868301.785,588775.5382,0.870096618,353.1155458,0
730128.1288,5388794.451,1871580.407,588682.1299,0.772151947,259.5352652,0
731128.1288,5388794.451,1874859.009,588588.7178,0.693294623,35.16411379,0
732128.1288,5388794.451,1878137.593,588495.3018,0.856986477,1.561509021,0
733128.1288,5388794.451,1881416.158,588401.8819,0.934202862,238.7158987,0
734128.1288,5388794.451,1884694.703,588308.4581,0.95682625,1151.764524,0
735128.1288,5388794.451,1887973.23,588215.0304,0.970613939,1578.946591,0
736128.1288,5388794.451,1891251.737,588121.5989,0.956021971,1335.41732,0.065443635
737128.1288,5388794.451,1894530.224,588028.1635,0.966294956,1794.924621,0
738128.1288,5388794.451,1897808.693,587934.7243,0.874154828,1796.204525,0
739128.1288,5388794.451,1901087.142,587841.2812,0.881910466,1683.197922,1.28E-12
740128.1288,5388794.451,1904365.571,587747.8343,0.935595385,2005.03589,0.035102546
741128.1288,5388794.451,1907643.981,587654.3836,0.821374334,977.0843813,0
668128.1288,5387794.451,1668180.309,591186.2393,0.476566472,0,0
669128.1288,5387794.451,1671459.923,591093.0926,0.724904914,0,0
670128.1288,5387794.451,1674739.522,590999.9418,0.424654066,0,0
671128.1288,5387794.451,1678019.108,590906.7869,0.383738189,0,0
672128.1288,5387794.451,1681298.68,590813.6278,0.136637696,0,0.076307401
673128.1288,5387794.451,1684578.237,590720.4646,0.228726407,0,0.076307401
674128.1288,5387794.451,1687857.781,590627.2973,0.244220809,0,0
675128.1288,5387794.451,1691137.31,590534.1259,0.345626542,0.651086361,0
676128.1288,5387794.451,1694416.824,590440.9503,0.380464942,14.46121555,0
677128.1288,5387794.451,1697696.324,590347.7707,0.111385283,50.14691943,0
678128.1288,5387794.451,1700975.81,590254.587,0.177703614,79.58984162,0
679128.1288,5387794.451,1704255.281,590161.3992,0.27017203,141.8340317,0
680128.1288,5387794.451,1707534.737,590068.2073,0.476996626,185.0920861,0
681128.1288,5387794.451,1710814.178,589975.0113,0.643251974,154.9505384,0
682128.1288,5387794.451,1714093.605,589881.8113,0.746483994,131.1141503,0
683128.1288,5387794.451,1717373.017,589788.6072,0.748154193,40.27223032,0
684128.1288,5387794.451,1720652.413,589695.399,0.644903812,4.86554928,0
685128.1288,5387794.451,1723931.795,589602.1868,0.735571117,6.33558271,0
686128.1288,5387794.451,1727211.161,589508.9705,0.856677674,586.1966108,0
687128.1288,5387794.451,1730490.512,589415.7502,0.838956729,2169.534002,0.789769034
688128.1288,5387794.451,1733769.848,589322.5258,0.752490588,2711.533163,4.054386437
689128.1288,5387794.451,1737049.168,589229.2974,0.762907455,1730.356297,4.310014725
690128.1288,5387794.451,1740328.473,589136.0649,0.890046486,1358.924872,0
691128.1288,5387794.451,1743607.762,589042.8285,0.970984648,1461.730587,0
692128.1288,5387794.451,1746887.035,588949.588,0.977180593,909.15707,0
693128.1288,5387794.451,1750166.293,588856.3434,0.971612744,834.6366782,0
694128.1288,5387794.451,1753445.535,588763.0949,0.953095966,1368.233449,0
695128.1288,5387794.451,1756724.761,588669.8424,0.858340267,1158.67171,0
696128.1288,5387794.451,1760003.971,588576.5858,0.68982273,432.1762774,0
697128.1288,5387794.451,1763283.165,588483.3253,0.780140639,39.3019522,0
698128.1288,5387794.451,1766562.342,588390.0608,0.904811992,7.54437762,0
699128.1288,5387794.451,1769841.504,588296.7923,0.955577597,102.8537341,0
700128.1288,5387794.451,1773120.649,588203.5198,0.979724444,1485.095247,0
701128.1288,5387794.451,1776399.777,588110.2433,0.925502685,2530.657059,0.071661934
702128.1288,5387794.451,1779678.889,588016.9628,0.770738196,1985.153804,0
703128.1288,5387794.451,1782957.985,587923.6784,0.741858073,1290.450201,0
704128.1288,5387794.451,1786237.064,587830.3901,0.826004255,2093.163752,0
705128.1288,5387794.451,1789516.126,587737.0977,0.905885257,1845.873224,0
706128.1288,5387794.451,1792795.172,587643.8014,0.946037563,1773.636662,0.20552884
707128.1288,5387794.451,1796074.2,587550.5012,0.950182751,1411.238469,0.20552884
708128.1288,5387794.451,1799353.212,587457.1971,0.932167145,1737.258212,0.32251066
709128.1288,5387794.451,1802632.206,587363.889,0.924864097,2840.96957,0.215007106
710128.1288,5387794.451,1805911.183,587270.5769,0.973656747,2806.12935,0
711128.1288,5387794.451,1809190.144,587177.261,0.879881864,2951.973579,0
712128.1288,5387794.451,1812469.086,587083.9411,0.745287526,1214.375433,0
713128.1288,5387794.451,1815748.012,586990.6174,0.71124118,37.98833819,0
714128.1288,5387794.451,1819026.92,586897.2897,0.607078871,489.1891399,0
715128.1288,5387794.451,1822305.81,586803.9581,0.634329701,781.217811,0
716128.1288,5387794.451,1825584.683,586710.6226,0.773526564,492.3285923,0
717128.1288,5387794.451,1828863.538,586617.2832,0.79226185,404.6748175,0
718128.1288,5387794.451,1832142.375,586523.94,0.890370683,1040.346217,0
719128.1288,5387794.451,1835421.195,586430.5928,0.893023589,1457.19734,0
720128.1288,5387794.451,1838699.996,586337.2418,0.853193739,1348.425137,0
721128.1288,5387794.451,1841978.78,586243.8869,0.825421823,867.6659381,0
722128.1288,5387794.451,1845257.545,586150.5282,0.741536067,103.7118613,0
723128.1288,5387794.451,1848536.292,586057.1656,0.531903018,1.833150785,0
724128.1288,5387794.451,1851815.021,585963.7992,0.41912469,122.4962639,0
725128.1288,5387794.451,1855093.732,585870.4289,0.353781474,508.7979964,0.040057488
726128.1288,5387794.451,1858372.424,585777.0547,0.496424018,584.0491893,0.031116495
727128.1288,5387794.451,1861651.097,585683.6768,0.802736928,501.4308617,0
728128.1288,5387794.451,1864929.752,585590.295,0.89494961,533.670923,0
729128.1288,5387794.451,1868208.389,585496.9093,0.882778241,473.1424922,0
730128.1288,5387794.451,1871487.006,585403.5199,0.852772937,740.3370397,0
731128.1288,5387794.451,1874765.605,585310.1266,0.889466123,527.6652103,0
732128.1288,5387794.451,1878044.185,585216.7296,0.940751193,96.0705818,0
733128.1288,5387794.451,1881322.745,585123.3287,0.942639825,20.72006561,0
734128.1288,5387794.451,1884601.287,585029.9241,0.910439059,683.358979,0
735128.1288,5387794.451,1887879.81,584936.5156,0.90043314,1632.816442,0
736128.1288,5387794.451,1891158.313,584843.1034,0.906207485,2347.650036,0.065443635
737128.1288,5387794.451,1894436.797,584749.6874,0.939524992,2315.213674,0.065443635
738128.1288,5387794.451,1897715.261,584656.2676,0.773677087,1441.026613,0
739128.1288,5387794.451,1900993.706,584562.844,0.569922232,517.9300419,0.070205092
740128.1288,5387794.451,1904272.132,584469.4167,0.7064201,1422.423364,0.070205092
741128.1288,5387794.451,1907550.538,584375.9857,0.695265947,1228.108521,0
668128.1288,5386794.451,1668087.171,587906.6209,0.584836577,0,0
669128.1288,5386794.451,1671366.781,587813.4881,0.615315582,0,0.007338174
670128.1288,5386794.451,1674646.377,587720.3512,0.392320795,0,0.007338174
671128.1288,5386794.451,1677925.958,587627.2102,0.707003688,0,0
672128.1288,5386794.451,1681205.526,587534.0652,0.344908958,0,0.076307401
673128.1288,5386794.451,1684485.079,587440.9162,0.225917567,0,0
674128.1288,5386794.451,1687764.618,587347.7632,0.310069836,1.101275046,0
675128.1288,5386794.451,1691044.143,587254.6061,0.364481359,32.57838133,0
676128.1288,5386794.451,1694323.654,587161.445,0.472476801,272.3319358,0
677128.1288,5386794.451,1697603.15,587068.2799,0.439520433,824.8540718,0
678128.1288,5386794.451,1700882.631,586975.1107,0.537431523,1195.98707,0
679128.1288,5386794.451,1704162.098,586881.9376,0.534122553,1772.958629,0
680128.1288,5386794.451,1707441.55,586788.7605,0.586043141,2112.607768,0
681128.1288,5386794.451,1710720.988,586695.5793,0.7455556,1839.995985,0
682128.1288,5386794.451,1714000.41,586602.3942,0.864701884,1483.716135,0
683128.1288,5386794.451,1717279.818,586509.2051,0.829709119,635.0936248,0
684128.1288,5386794.451,1720559.211,586416.012,0.712523084,162.8318761,0
685128.1288,5386794.451,1723838.588,586322.8149,0.7468743,91.9504644,0
686128.1288,5386794.451,1727117.95,586229.6138,0.773608,210.960219,0
687128.1288,5386794.451,1730397.297,586136.4088,0.845790299,1696.068966,1.205554694
688128.1288,5386794.451,1733676.629,586043.1998,0.884613854,3975.316126,5.563990742
689128.1288,5386794.451,1736955.945,585949.9869,0.847453959,3784.935872,10.45046663
690128.1288,5386794.451,1740235.246,585856.77,0.861652361,2984.720219,5.90653339
691128.1288,5386794.451,1743514.531,585763.5492,0.885754196,2513.272827,9.021475673
692128.1288,5386794.451,1746793.801,585670.3244,0.937087239,2176.084564,3.218013823
693128.1288,5386794.451,1750073.054,585577.0957,0.958505387,1771.56348,1.495975494
694128.1288,5386794.451,1753352.292,585483.863,0.947926009,871.057398,0
695128.1288,5386794.451,1756631.514,585390.6264,0.854308226,795.2131148,0
696128.1288,5386794.451,1759910.72,585297.3859,0.658965762,536.6430394,0
697128.1288,5386794.451,1763189.91,585204.1415,0.771296497,314.2422089,0
698128.1288,5386794.451,1766469.084,585110.8932,0.921698279,141.4328902,0
699128.1288,5386794.451,1769748.241,585017.641,0.949876044,2.203501094,0
700128.1288,5386794.451,1773027.382,584924.3848,0.971723975,380.384223,0.071661934
701128.1288,5386794.451,1776306.507,584831.1248,0.963607468,1508.123428,0.071661934
702128.1288,5386794.451,1779585.615,584737.8609,0.819060005,1672.533942,0
703128.1288,5386794.451,1782864.707,584644.5931,0.653565038,1478.255377,0
704128.1288,5386794.451,1786143.782,584551.3214,0.621764661,1567.585717,0
705128.1288,5386794.451,1789422.84,584458.0459,0.716190295,1355.900128,0
706128.1288,5386794.451,1792701.882,584364.7664,0.866267389,1943.800109,0
707128.1288,5386794.451,1795980.906,584271.4832,0.955013943,1694.445073,0
708128.1288,5386794.451,1799259.914,584178.196,0.955703811,2329.3815,0.329012927
709128.1288,5386794.451,1802538.905,584084.905,0.909305323,3336.410864,0.329012927
710128.1288,5386794.451,1805817.878,583991.6102,0.881171567,1513.17495,0
711128.1288,5386794.451,1809096.834,583898.3115,0.817479974,737.0745398,0
712128.1288,5386794.451,1812375.773,583805.0089,0.739965267,199.2249135,0
713128.1288,5386794.451,1815654.695,583711.7026,0.649597916,364.833151,0
714128.1288,5386794.451,1818933.599,583618.3924,0.560959779,1024.829958,0
715128.1288,5386794.451,1822212.485,583525.0784,0.682134179,604.8135933,0
716128.1288,5386794.451,1825491.354,583431.7606,0.605176249,28.3742253,0
717128.1288,5386794.451,1828770.206,583338.439,0.55958076,0.489431487,0
718128.1288,5386794.451,1832049.039,583245.1135,0.816927551,213.8292638,0
719128.1288,5386794.451,1835327.855,583151.7843,0.821685168,1209.054512,0
720128.1288,5386794.451,1838606.652,583058.4513,0.79568045,1126.471392,0
721128.1288,5386794.451,1841885.432,582965.1145,0.817901559,194.8766175,0
722128.1288,5386794.451,1845164.194,582871.7739,0.714736458,3.151896426,0
723128.1288,5386794.451,1848442.937,582778.4295,0.449400475,0,0
724128.1288,5386794.451,1851721.662,582685.0814,0.217790246,4.048807139,0
725128.1288,5386794.451,1855000.369,582591.7295,0.30709436,215.3497268,0.013234509
726128.1288,5386794.451,1858279.057,582498.3738,0.623983234,317.7501367,0.026645998
727128.1288,5386794.451,1861557.727,582405.0144,0.672178503,175.5564266,0
728128.1288,5386794.451,1864836.378,582311.6512,0.742129376,406.9386861,0
729128.1288,5386794.451,1868115.01,582218.2843,0.817731362,578.0043764,0
730128.1288,5386794.451,1871393.624,582124.9136,0.825822647,856.8809914,0
731128.1288,5386794.451,1874672.219,582031.5393,0.910079202,959.8208819,7.76E-13
732128.1288,5386794.451,1877950.795,581938.1612,0.975368323,435.5494626,0
733128.1288,5386794.451,1881229.352,581844.7793,0.931767163,127.3865378,0
734128.1288,5386794.451,1884507.89,581751.3938,0.824641145,201.6568144,0
735128.1288,5386794.451,1887786.409,581658.0046,0.888655279,1106.270788,0
736128.1288,5386794.451,1891064.908,581564.6116,0.955221652,2083.270359,0.082030762
737128.1288,5386794.451,1894343.389,581471.215,0.963843976,2348.198543,0.082030762
738128.1288,5386794.451,1897621.849,581377.8146,0.829758437,1817.034257,0
739128.1288,5386794.451,1900900.291,581284.4106,0.506145005,606.2224654,0
740128.1288,5386794.451,1904178.713,581191.0029,0.427040987,1068.344406,0.070205092
668128.1288,5385794.451,1667994.048,584627.0065,0.377825195,8.484992101,0
669128.1288,5385794.451,1671273.653,584533.8875,0.383460044,0.208310552,0.007338174
670128.1288,5385794.451,1674553.245,584440.7646,0.48673818,0,0.007338174
671128.1288,5385794.451,1677832.822,584347.6376,0.71871144,0,0
672128.1288,5385794.451,1681112.386,584254.5067,0.340585284,0,0
673128.1288,5385794.451,1684391.935,584161.3719,0.050484008,0.318264674,0
674128.1288,5385794.451,1687671.47,584068.2331,0.176460936,26.3288395,0
675128.1288,5385794.451,1690950.991,583975.0904,0.340910418,400.0506467,0
676128.1288,5385794.451,1694230.498,583881.9437,0.674985367,2113.596392,0
677128.1288,5385794.451,1697509.99,583788.7931,0.86239254,3499.624909,0
678128.1288,5385794.451,1700789.468,583695.6385,0.936312353,3830.378102,0
679128.1288,5385794.451,1704068.93,583602.48,0.921461682,3873.848032,0
680128.1288,5385794.451,1707348.379,583509.3176,0.887789683,3895.096045,0
681128.1288,5385794.451,1710627.812,583416.1513,0.957621562,3945.394133,0
682128.1288,5385794.451,1713907.231,583322.9811,0.98007187,3945.817387,0
683128.1288,5385794.451,1717186.634,583229.8069,0.968594033,3266.145226,0.147077426
684128.1288,5385794.451,1720466.023,583136.6289,0.825588383,1901.941852,0.147077426
685128.1288,5385794.451,1723745.397,583043.447,0.622117903,1422.885813,0.034758084
686128.1288,5385794.451,1727024.755,582950.2611,0.713042151,1981.071819,0.439471513
687128.1288,5385794.451,1730304.098,582857.0714,0.863028295,3974.858029,7.332932949
688128.1288,5385794.451,1733583.426,582763.8778,0.931536479,5926.547858,11.91309108
689128.1288,5385794.451,1736862.738,582670.6804,0.873148828,5994.33388,11.10492432
690128.1288,5385794.451,1740142.035,582577.479,0.815666404,5785.724672,8.879555178
691128.1288,5385794.451,1743421.316,582484.2738,0.698978709,4651.52341,9.778243005
692128.1288,5385794.451,1746700.582,582391.0648,0.668555675,2975.056945,3.706706077
693128.1288,5385794.451,1749979.832,582297.8518,0.782932814,1758.071885,3.28340736
694128.1288,5385794.451,1753259.066,582204.6351,0.904382313,530.4876937,4.733612776
695128.1288,5385794.451,1756538.284,582111.4144,0.916009649,531.4926243,0
696128.1288,5385794.451,1759817.486,582018.19,0.82016246,777.3654091,0
697128.1288,5385794.451,1763096.672,581924.9617,0.808267492,611.15707,0
698128.1288,5385794.451,1766375.842,581831.7296,0.860984255,481.7919781,0
699128.1288,5385794.451,1769654.995,581738.4936,0.921995167,87.17776967,0
700128.1288,5385794.451,1772934.132,581645.2538,0.976901884,101.2019318,0
701128.1288,5385794.451,1776213.253,581552.0103,0.980336638,1155.71957,0
702128.1288,5385794.451,1779492.358,581458.7629,0.814305019,1715.927127,0
703128.1288,5385794.451,1782771.446,581365.5117,0.620830663,1369.47914,0
704128.1288,5385794.451,1786050.517,581272.2567,0.497915066,1214.254284,0
705128.1288,5385794.451,1789329.571,581178.9979,0.463708486,831.8347604,0.054863818
706128.1288,5385794.451,1792608.609,581085.7353,0.733873237,1931.007105,0
707128.1288,5385794.451,1795887.63,580992.4689,0.845146568,1654.742253,0
708128.1288,5385794.451,1799166.634,580899.1988,0.908090657,2384.946188,1.545652386
709128.1288,5385794.451,1802445.62,580805.9249,0.893129061,2520.24016,1.074507959
710128.1288,5385794.451,1805724.59,580712.6472,0.824222444,1463.084017,0
711128.1288,5385794.451,1809003.542,580619.3658,0.836376743,1161.124134,0
712128.1288,5385794.451,1812282.478,580526.0806,0.828984115,1033.01749,0
713128.1288,5385794.451,1815561.395,580432.7916,0.726848595,1554.227455,0
714128.1288,5385794.451,1818840.296,580339.499,0.617405944,1375.879175,0.031250481
668128.1288,5384794.451,1667900.937,581347.3961,0.227041692,171.694517,0
669128.1288,5384794.451,1671180.539,581254.291,0.121152902,42.0428285,0
670128.1288,5384794.451,1674460.127,581161.1819,0.420959286,0.369695866,0
671128.1288,5384794.451,1677739.7,581068.069,0.549443151,0,0
672128.1288,5384794.451,1681019.26,580974.9522,0.227664336,0,0
673128.1288,5384794.451,1684298.805,580881.8315,0.262409205,8.63609845,0
674128.1288,5384794.451,1687578.337,580788.707,0.400121759,262.2542373,0
675128.1288,5384794.451,1690857.854,580695.5786,0.61816623,2192.234008,0
676128.1288,5384794.451,1694137.356,580602.4463,0.879614108,3688.294353,0
677128.1288,5384794.451,1697416.845,580509.3102,0.772486815,3177.562774,0
678128.1288,5384794.451,1700696.318,580416.1702,0.812177417,2096.219668,0
679128.1288,5384794.451,1703975.777,580323.0264,0.803494965,1537.148013,0
680128.1288,5384794.451,1707255.222,580229.8787,0.801607185,1179.101257,0
681128.1288,5384794.451,1710534.651,580136.7272,0.933559867,1465.408055,0
682128.1288,5384794.451,1713814.066,580043.5719,0.983265395,2155.24786,0
683128.1288,5384794.451,1717093.466,579950.4127,0.99756518,3413.982319,0
684128.1288,5384794.451,1720372.851,579857.2497,0.964024228,3993.838839,0
685128.1288,5384794.451,1723652.22,579764.0829,0.876200121,4541.652269,0.237114798
686128.1288,5384794.451,1726931.575,579670.9123,0.905452132,5469.057398,0.439471513
687128.1288,5384794.451,1730210.914,579577.7379,0.978470709,5912.64395,0
688128.1288,5384794.451,1733490.238,579484.5597,0.983233192,5075.191873,0
689128.1288,5384794.451,1736769.547,579391.3777,0.952780335,4514.445862,0
741128.1288,5386794.451,1907457.115,581097.5915,0.614213657,1125.241706,0.283390075
715128.1288,5385794.451,1822119.178,580246.2025,0.510248685,453.1260703,0.043568093
716128.1288,5385794.451,1825398.044,580152.9024,0.324330579,6.608885652,0.055885706
717128.1288,5385794.451,1828676.891,580059.5985,0.325762402,0.001639046,0
718128.1288,5385794.451,1831955.721,579966.2909,0.644638697,26.58064516,0
719128.1288,5385794.451,1835234.533,579872.9795,0.885178086,686.5249042,0
720128.1288,5385794.451,1838513.326,579779.6645,0.869371399,1201.181536,0
721128.1288,5385794.451,1841792.102,579686.3457,0.860716739,882.5365143,0
722128.1288,5385794.451,1845070.86,579593.0233,0.738831946,50.36156648,0
723128.1288,5385794.451,1848349.6,579499.6972,0.597367339,0,0
724128.1288,5385794.451,1851628.321,579406.3673,0.429945154,0.003463361,0
725128.1288,5385794.451,1854907.024,579313.0338,0.406863746,9.481569343,0
726128.1288,5385794.451,1858185.709,579219.6966,0.565304734,17.44950784,0
727128.1288,5385794.451,1861464.375,579126.3557,0.591205766,265.1928259,0
728128.1288,5385794.451,1864743.022,579033.0112,0.705821786,650.4272959,0
729128.1288,5385794.451,1868021.651,578939.663,0.853092541,663.5084684,0
730128.1288,5385794.451,1871300.261,578846.3111,0.88606172,900.6661199,0
731128.1288,5385794.451,1874578.852,578752.9556,0.915196116,1051.548222,0.04268169
732128.1288,5385794.451,1877857.425,578659.5965,0.955187676,1015.792388,0.085363381
733128.1288,5385794.451,1881135.978,578566.2337,0.96105767,749.9106817,0
734128.1288,5385794.451,1884414.512,578472.8673,0.918064257,473.7683884,0
735128.1288,5385794.451,1887693.027,578379.4972,0.92315967,367.564425,0
736128.1288,5385794.451,1890971.523,578286.1236,0.910722367,596.4043756,0.098617889
737128.1288,5385794.451,1894250,578192.7463,0.923459386,1330.846602,0
738128.1288,5385794.451,1897528.457,578099.3654,0.879537374,1662.125137,0
739128.1288,5385794.451,1900806.895,578005.9809,0.576889495,1110.964429,9.341413498
740128.1288,5385794.451,1904085.313,577912.5928,0.27625968,1426.80551,0.256049655
741128.1288,5385794.451,1907363.711,577819.2011,0.468234828,1204.281939,0.141695037
742128.1288,5385794.451,1910642.09,577725.8058,0.452812689,362.4533698,9.00E-14
690128.1288,5384794.451,1740048.84,579298.1919,0.867148185,5087.377118,0.299417257
691128.1288,5384794.451,1743328.117,579205.0023,0.736587519,5839.73252,6.37981089
692128.1288,5384794.451,1746607.379,579111.809,0.575185081,5406.662475,4.195398331
693128.1288,5384794.451,1749886.625,579018.6118,0.727898649,3555.163262,5.605417013
694128.1288,5384794.451,1753165.855,578925.4109,0.915170893,1648.867687,7.971250057
695128.1288,5384794.451,1756445.069,578832.2063,0.926979977,768.7761983,0
696128.1288,5384794.451,1759724.267,578738.9978,0.904596246,1112.284387,0
697128.1288,5384794.451,1763003.45,578645.7857,0.89757434,1342.90255,0
698128.1288,5384794.451,1766282.616,578552.5697,0.840758595,1530.825365,0
699128.1288,5384794.451,1769561.765,578459.35,0.849040496,600.7409704,0
700128.1288,5384794.451,1772840.899,578366.1266,0.953759263,883.19876,0
701128.1288,5384794.451,1776120.016,578272.8995,0.984497119,2376.43289,0
702128.1288,5384794.451,1779399.117,578179.6686,0.879105053,2534.849854,0
703128.1288,5384794.451,1782678.201,578086.434,0.780291319,1921.545819,0
704128.1288,5384794.451,1785957.268,577993.1957,0.51863434,939.2184705,0.116056927
705128.1288,5384794.451,1789236.319,577899.9537,0.310423518,943.2347144,0.085460372
706128.1288,5384794.451,1792515.353,577806.7079,0.584782876,1774.759752,0.195077362
707128.1288,5384794.451,1795794.37,577713.4585,0.66515047,1598.660776,0.265184134
708128.1288,5384794.451,1799073.37,577620.2054,0.860397648,2339.428051,0.132219106
709128.1288,5384794.451,1802352.353,577526.9485,0.880162336,2860.803318,1.11424615
710128.1288,5384794.451,1805631.319,577433.688,0.85944972,2638.430525,0
711128.1288,5384794.451,1808910.268,577340.4238,0.884441256,1589.7531,0
712128.1288,5384794.451,1812189.199,577247.156,0.898438502,626.4115931,0
713128.1288,5384794.451,1815468.113,577153.8845,0.847567167,1174.411475,0
714128.1288,5384794.451,1818747.01,577060.6093,0.777065743,987.4169553,0.031250481
715128.1288,5384794.451,1822025.889,576967.3304,0.497540679,741.380215,0.043568093
716128.1288,5384794.451,1825304.75,576874.0479,0.3657951,316.5258746,0.055885706
717128.1288,5384794.451,1828583.594,576780.7617,0.40078946,1.386073642,0
718128.1288,5384794.451,1831862.42,576687.4719,0.537531779,0.323127392,0
719128.1288,5384794.451,1835141.228,576594.1785,0.754750435,23.7310219,0
720128.1288,5384794.451,1838420.019,576500.8814,0.845536523,392.8940747,0
721128.1288,5384794.451,1841698.791,576407.5807,0.761820975,620.443068,0
722128.1288,5384794.451,1844977.545,576314.2764,0.635969259,142.0499271,0
723128.1288,5384794.451,1848256.281,576220.9685,0.62307294,0,0
724128.1288,5384794.451,1851534.999,576127.657,0.627928131,0,0
725128.1288,5384794.451,1854813.698,576034.3418,0.475257953,8.070985401,0
726128.1288,5384794.451,1858092.379,575941.0231,0.590489845,158.1240876,0
727128.1288,5384794.451,1861371.041,575847.7008,0.669919436,726.4578247,0
728128.1288,5384794.451,1864649.685,575754.3749,0.881114178,787.2910516,0
729128.1288,5384794.451,1867928.31,575661.0454,0.964396229,435.8376754,0
730128.1288,5384794.451,1871206.917,575567.7123,0.975014928,539.0590702,0
731128.1288,5384794.451,1874485.504,575474.3756,0.972732659,948.1520628,0.085363381
732128.1288,5384794.451,1877764.073,575381.0354,0.96042652,1336.582239,0
733128.1288,5384794.451,1881042.623,575287.6917,0.94707398,1151.071298,0
734128.1288,5384794.451,1884321.154,575194.3444,0.970367103,643.2415741,0.011586695
735128.1288,5384794.451,1887599.665,575100.9935,0.806498118,194.6293936,0.082079254
736128.1288,5384794.451,1890878.157,575007.6391,0.639556063,317.2995442,0.076285906
737128.1288,5384794.451,1894156.63,574914.2812,0.73255339,900.8276239,0.129981354
738128.1288,5384794.451,1897435.084,574820.9197,0.71958015,884.8797376,0
739128.1288,5384794.451,1900713.518,574727.5547,0.608448488,1544.496354,86.85671902
740128.1288,5384794.451,1903991.933,574634.1862,0.272982177,2370.027337,59.58554187
741128.1288,5384794.451,1907270.328,574540.8142,0.161180461,1703.075437,1.283369104
742128.1288,5384794.451,1910548.703,574447.4387,0.234839437,1327.23374,0.63808612
668128.1288,5383794.451,1667807.841,578067.7896,0.423735901,330.8440243,0
669128.1288,5383794.451,1671087.439,577974.6983,0.294699292,225.0499726,0
670128.1288,5383794.451,1674367.023,577881.6032,0.45127,115.6245902,0
671128.1288,5383794.451,1677646.592,577788.5043,0.735155707,1.859876093,0
672128.1288,5383794.451,1680926.148,577695.4015,0.710207165,0.034614684,0
673128.1288,5383794.451,1684205.69,577602.295,0.794936039,49.36868963,0
674128.1288,5383794.451,1687485.217,577509.1847,0.8908793,1350.054857,0
675128.1288,5383794.451,1690764.731,577416.0706,0.927344279,3468.912552,0
676128.1288,5383794.451,1694044.229,577322.9528,0.893802021,2688.9918,0
677128.1288,5383794.451,1697323.714,577229.8311,0.533089838,584.6746307,0.016950091
678128.1288,5383794.451,1700603.184,577136.7057,0.555182083,176.8840051,0.016950091
679128.1288,5383794.451,1703882.639,577043.5765,0.618140531,116.3270773,0
680128.1288,5383794.451,1707162.08,576950.4436,0.606022202,77.97740525,0
681128.1288,5383794.451,1710441.505,576857.3069,0.86321801,105.3913281,0
682128.1288,5383794.451,1713720.916,576764.1665,0.98544985,204.0389871,0
683128.1288,5383794.451,1717000.312,576671.0223,0.995673816,759.9543879,0
684128.1288,5383794.451,1720279.693,576577.8744,0.992146401,1605.21851,0
685128.1288,5383794.451,1723559.059,576484.7227,0.995484345,3003.314254,0.163133629
686128.1288,5383794.451,1726838.41,576391.5673,0.992838125,4607.153552,0.227321402
687128.1288,5383794.451,1730117.746,576298.4082,0.976121003,4692.995807,0
688128.1288,5383794.451,1733397.066,576205.2454,0.960466363,2332.318091,0
689128.1288,5383794.451,1736676.37,576112.0788,0.981001023,1470.591639,0
690128.1288,5383794.451,1739955.66,576018.9086,0.966258707,1804.304871,0.157733224
691128.1288,5383794.451,1743234.933,575925.7346,0.882221904,2975.377758,7.249866199
692128.1288,5383794.451,1746514.191,575832.557,0.686747399,5280.619672,4.984361877
693128.1288,5383794.451,1749793.434,575739.3756,0.708420798,5556.049371,5.524511258
694128.1288,5383794.451,1753072.66,575646.1906,0.901412958,3042.300109,5.222117364
695128.1288,5383794.451,1756351.871,575553.0019,0.864625316,1667.91615,0.452122569
696128.1288,5383794.451,1759631.065,575459.8095,0.879537083,1273.840226,0.866247922
697128.1288,5383794.451,1762910.244,575366.6134,0.951163931,1542.53992,0
698128.1288,5383794.451,1766189.406,575273.4136,0.834144656,1548.453418,0.234315619
699128.1288,5383794.451,1769468.552,575180.2102,0.784175539,534.5044684,0.234315619
700128.1288,5383794.451,1772747.682,575087.0032,0.9377925,1629.211812,0
701128.1288,5383794.451,1776026.795,574993.7925,0.976564423,3267.43094,3.64E-13
702128.1288,5383794.451,1779305.892,574900.5781,0.949039212,3215.126799,3.64E-13
703128.1288,5383794.451,1782584.973,574807.3601,0.875639295,2612.819723,0.383635283
704128.1288,5383794.451,1785864.036,574714.1384,0.673455984,1985.51378,0.213920909
705128.1288,5383794.451,1789143.083,574620.9132,0.489897946,1993.628034,0.198587887
706128.1288,5383794.451,1792422.114,574527.6843,0.453768769,2168.199672,0.837231943
707128.1288,5383794.451,1795701.127,574434.4518,0.420757781,1662.036625,1.341618528
708128.1288,5383794.451,1798980.124,574341.2156,0.729334579,3193.899126,1.165710687
709128.1288,5383794.451,1802259.103,574247.9759,0.924224974,4172.880605,1.139357328
710128.1288,5383794.451,1805538.065,574154.7325,0.938332699,4364.235906,0
711128.1288,5383794.451,1808817.01,574061.4856,0.840154054,1710.757664,0
712128.1288,5383794.451,1812095.938,573968.235,0.796452636,97.66952086,0
713128.1288,5383794.451,1815374.849,573874.9809,0.697377828,249.8903261,0
714128.1288,5383794.451,1818653.742,573781.7232,0.7869414,988.4636413,0.031250481
715128.1288,5383794.451,1821932.617,573688.4619,0.727758367,1070.04959,0.043568093
716128.1288,5383794.451,1825211.475,573595.1971,0.549755969,333.9532761,0.055885706
717128.1288,5383794.451,1828490.315,573501.9286,0.650554025,1.026071103,0
718128.1288,5383794.451,1831769.137,573408.6566,0.682151909,0,0
719128.1288,5383794.451,1835047.942,573315.3811,0.673587666,0.003097668,0
720128.1288,5383794.451,1838326.729,573222.102,0.674544217,9.196793003,0
721128.1288,5383794.451,1841605.497,573128.8194,0.502706617,82.00765585,0
722128.1288,5383794.451,1844884.248,573035.5332,0.436587563,12.26663022,0
723128.1288,5383794.451,1848162.98,572942.2435,0.53767863,0,0
724128.1288,5383794.451,1851441.694,572848.9502,0.651605693,0,0
725128.1288,5383794.451,1854720.39,572755.6535,0.557431643,0.934889659,0
726128.1288,5383794.451,1857999.068,572662.3532,0.651188538,479.088423,0
727128.1288,5383794.451,1861277.726,572569.0494,0.786721741,1160.805946,0
728128.1288,5383794.451,1864556.367,572475.7421,0.932094189,1062.997449,0
729128.1288,5383794.451,1867834.988,572382.4313,0.981165868,873.8973751,0
730128.1288,5383794.451,1871113.591,572289.117,0.986999636,670.36677,0
731128.1288,5383794.451,1874392.175,572195.7992,0.986446894,635.9018427,0
732128.1288,5383794.451,1877670.741,572102.478,0.937671621,1338.620237,0
733128.1288,5383794.451,1880949.287,572009.1532,0.862370123,1358.421283,0
734128.1288,5383794.451,1884227.814,571915.825,0.84490984,1029.846056,0.011586695
735128.1288,5383794.451,1887506.322,571822.4933,0.76109822,741.9296519,0.082079254
736128.1288,5383794.451,1890784.811,571729.1582,0.637031528,892.0815693,0.076285906
737128.1288,5383794.451,1894063.28,571635.8196,0.642687373,960.1149845,0.129981354
738128.1288,5383794.451,1897341.731,571542.4776,0.485208465,632.6742576,0
739128.1288,5383794.451,1900620.161,571449.1321,0.39795165,2732.245173,137.1543706
740128.1288,5383794.451,1903898.572,571355.7832,0.30183976,3699.810929,87.72845752
741128.1288,5383794.451,1907176.964,571262.4308,0.277716479,1549.738877,1.925053656
742128.1288,5383794.451,1910455.336,571169.075,0.256070688,1142.296533,0.744180838
668128.1288,5382794.451,1667714.759,574788.1869,0.80779382,98.81465969,0
669128.1288,5382794.451,1670994.353,574695.1095,0.68237937,178.0118613,0
670128.1288,5382794.451,1674273.933,574602.0282,0.720808335,209.7921983,0
671128.1288,5382794.451,1677553.499,574508.9433,0.781452855,105.9983601,0
672128.1288,5382794.451,1680833.051,574415.8547,0.784840228,0.73715847,0
673128.1288,5382794.451,1684112.589,574322.7623,0.701937687,146.509293,0
674128.1288,5382794.451,1687392.112,574229.6662,0.764483382,2423.438766,0
675128.1288,5382794.451,1690671.622,574136.5665,0.954115021,3126.268515,0
676128.1288,5382794.451,1693951.117,574043.463,0.762564117,616.2114754,0
677128.1288,5382794.451,1697230.598,573950.3558,0.401060171,51.88057528,0.246961846
678128.1288,5382794.451,1700510.064,573857.245,0.492740841,4.773240977,0.328251521
679128.1288,5382794.451,1703789.515,573764.1305,0.432602941,1.882813924,0.212732047
680128.1288,5382794.451,1707068.952,573671.0122,0.600747431,0.580598104,0.004233523
681128.1288,5382794.451,1710348.374,573577.8904,0.860787742,1.492888403,0
682128.1288,5382794.451,1713627.781,573484.7648,0.96375306,7.559766764,0
683128.1288,5382794.451,1716907.174,573391.6356,0.973649216,49.27516411,0
684128.1288,5382794.451,1720186.551,573298.5027,0.962056033,122.9618822,0
685128.1288,5382794.451,1723465.913,573205.3662,0.961472465,348.2366023,0.01517129
686128.1288,5382794.451,1726745.26,573112.226,0.976036817,1874.982156,0
687128.1288,5382794.451,1730024.592,573019.0822,0.932227254,2595.007289,0
688128.1288,5382794.451,1733303.909,572925.9348,0.918870714,753.984506,0
689128.1288,5382794.451,1736583.21,572832.7837,0.919257733,253.193466,0
690128.1288,5382794.451,1739862.495,572739.6289,0.874820709,388.5121328,0
691128.1288,5382794.451,1743141.765,572646.4706,0.939842262,707.7327869,0.17483031
692128.1288,5382794.451,1746421.02,572553.3086,0.783767775,3250.0874,5.450561504
693128.1288,5382794.451,1749700.258,572460.1431,0.786987429,4818.544262,2.731374481
694128.1288,5382794.451,1752979.481,572366.9739,0.85784084,4716.508935,3.702926208
695128.1288,5382794.451,1756258.688,572273.8011,0.838950043,3744.777108,5.840070486
696128.1288,5382794.451,1759537.879,572180.6247,0.882739916,2818.082299,10.22628202
697128.1288,5382794.451,1762817.054,572087.4448,0.888958333,2057.591331,9.628938774
698128.1288,5382794.451,1766096.213,571994.2612,0.884081551,1618.23004,0.234315619
699128.1288,5382794.451,1769375.355,571901.0741,0.860296654,528.2746492,0.234315619
700128.1288,5382794.451,1772654.481,571807.8834,0.916494955,1661.352223,0
701128.1288,5382794.451,1775933.591,571714.6891,0.972113008,3407.442722,0.400328428
702128.1288,5382794.451,1779212.684,571621.4912,0.944104264,3800.22917,0.301047102
703128.1288,5382794.451,1782491.761,571528.2898,0.760682598,3040.006922,0.501349201
704128.1288,5382794.451,1785770.821,571435.0848,0.601876346,2020.173984,0.302207962
705128.1288,5382794.451,1789049.865,571341.8763,0.562015755,1620.647713,0.603087563
706128.1288,5382794.451,1792328.891,571248.6642,0.404538547,1591.437785,1.42727741
707128.1288,5382794.451,1795607.901,571155.4486,0.267320093,1954.177478,5.276634047
708128.1288,5382794.451,1798886.894,571062.2295,0.504309868,4079.222121,2.894619289
709128.1288,5382794.451,1802165.87,570969.0068,0.678954601,4925.701658,0.890229668
710128.1288,5382794.451,1805444.829,570875.7806,0.839733815,4979.60084,0
711128.1288,5382794.451,1808723.77,570782.5509,0.694469697,2038.919584,0
712128.1288,5382794.451,1812002.694,570689.3177,0.635465518,397.8600328,0
713128.1288,5382794.451,1815281.601,570596.081,0.616609709,516.8185131,0
714128.1288,5382794.451,1818560.491,570502.8407,0.686749024,676.3440743,0
715128.1288,5382794.451,1821839.363,570409.597,0.577658809,310.0355515,0
716128.1288,5382794.451,1825118.217,570316.3498,0.510781935,6.064733771,0
717128.1288,5382794.451,1828397.054,570223.0991,0.570205222,0,0
718128.1288,5382794.451,1831675.873,570129.8449,0.67340013,0,0
719128.1288,5382794.451,1834954.674,570036.5872,0.640016162,0,0
720128.1288,5382794.451,1838233.457,569943.3261,0.554401356,0.109673893,0
721128.1288,5382794.451,1841512.222,569850.0615,0.427053953,4.626618049,0
722128.1288,5382794.451,1844790.969,569756.7935,0.379892839,0.395255474,0
723128.1288,5382794.451,1848069.698,569663.5219,0.41361357,0,0
724128.1288,5382794.451,1851348.409,569570.247,0.583517435,0,0
725128.1288,5382794.451,1854627.101,569476.9686,0.449742627,0.071220401,0
726128.1288,5382794.451,1857905.775,569383.6868,0.512069891,119.48051,0
727128.1288,5382794.451,1861184.43,569290.4015,0.684654158,445.3711942,0
728128.1288,5382794.451,1864463.067,569197.1128,0.915451583,681.6145435,0
729128.1288,5382794.451,1867741.685,569103.8207,0.978563921,1072.600292,0
730128.1288,5382794.451,1871020.285,569010.5252,0.994445551,823.3167487,0
731128.1288,5382794.451,1874298.865,568917.2263,0.993584904,1360.574344,0
732128.1288,5382794.451,1877577.427,568823.924,0.977401504,1752.216955,0
733128.1288,5382794.451,1880855.97,568730.6182,0.886835657,1152.676873,0
734128.1288,5382794.451,1884134.494,568637.3091,0.800790621,754.8077624,0
735128.1288,5382794.451,1887412.998,568543.9966,0.587168064,1070.235926,0.098888859
736128.1288,5382794.451,1890691.484,568450.6807,0.597341771,1267.132567,0.10952916
737128.1288,5382794.451,1893969.95,568357.3615,0.493440397,713.1059639,0.193461537
738128.1288,5382794.451,1897248.396,568264.0389,0.26952716,923.0777919,0.748898325
739128.1288,5382794.451,1900526.824,568170.7129,0.309244134,3152.388231,49.92097605
740128.1288,5382794.451,1903805.231,568077.3835,0.218297842,3755.851778,49.02541706
741128.1288,5382794.451,1907083.62,567984.0509,0.180414282,1493.210536,7.832240179
742128.1288,5382794.451,1910361.988,567890.7148,0.12093801,1246.384279,1.008654421
743128.1288,5382794.451,1913640.337,567797.3755,0.057454714,1077.370073,1.283203498
744128.1288,5382794.451,1916918.665,567704.0328,0.070513702,348.0797009,0
668128.1288,5381794.451,1667621.69,571508.588,0.63325977,0.634525099,0
669128.1288,5381794.451,1670901.28,571415.5243,0.393829577,11.28636529,0
670128.1288,5381794.451,1674180.856,571322.457,0.414107582,241.5214858,0
671128.1288,5381794.451,1677460.419,571229.3861,0.485263683,149.6220845,0
672128.1288,5381794.451,1680739.967,571136.3115,0.332965495,18.33436645,0
673128.1288,5381794.451,1684019.502,571043.2333,0.465635808,460.1482495,0
674128.1288,5381794.451,1687299.022,570950.1515,0.702469221,2860.380978,0
675128.1288,5381794.451,1690578.527,570857.066,0.91448664,2776.32646,0.029922629
676128.1288,5381794.451,1693858.019,570763.9769,0.652681179,179.9262161,0.084382497
677128.1288,5381794.451,1697137.496,570670.8843,0.237792265,11.00309767,0.084382497
678128.1288,5381794.451,1700416.958,570577.788,0.288755508,0.194535519,0.639552951
679128.1288,5381794.451,1703696.406,570484.6881,0.404905268,0,0.108482785
680128.1288,5381794.451,1706975.839,570391.5846,0.758344264,0,0.108482785
681128.1288,5381794.451,1710255.258,570298.4775,0.781248825,0,0
682128.1288,5381794.451,1713534.662,570205.3668,0.730953713,0.080524686,0
683128.1288,5381794.451,1716814.05,570112.2526,0.836839383,16.12115139,0
684128.1288,5381794.451,1720093.424,570019.1348,0.847892371,128.6809402,0
685128.1288,5381794.451,1723372.783,569926.0134,0.89126784,211.8596683,0
686128.1288,5381794.451,1726652.126,569832.8884,0.952310726,386.1570022,0
687128.1288,5381794.451,1729931.454,569739.7599,0.965926793,726.992159,0
688128.1288,5381794.451,1733210.767,569646.6278,0.821149988,89.50801749,0
689128.1288,5381794.451,1736490.065,569553.4921,0.777290735,1.142831117,0
690128.1288,5381794.451,1739769.347,569460.3529,0.771999434,4.234360751,0
691128.1288,5381794.451,1743048.613,569367.2102,0.842470377,374.9373634,0
692128.1288,5381794.451,1746327.864,569274.0639,0.895775987,1227.196647,0
693128.1288,5381794.451,1749607.099,569180.9141,0.916576139,2907.98378,0.00257271
694128.1288,5381794.451,1752886.318,569087.7608,0.858759303,4585.498633,3.794770389
695128.1288,5381794.451,1756165.521,568994.604,0.747934067,5787.260084,6.154195213
696128.1288,5381794.451,1759444.709,568901.4436,0.812545687,5212.591721,18.59811223
697128.1288,5381794.451,1762723.88,568808.2797,0.828906212,3262.92623,13.60294131
698128.1288,5381794.451,1766003.035,568715.1124,0.865491338,1394.933102,2.428150058
699128.1288,5381794.451,1769282.174,568621.9415,0.937072978,744.1693372,0.186953947
700128.1288,5381794.451,1772561.297,568528.7671,0.955104915,1951.491615,0.138983339
701128.1288,5381794.451,1775840.403,568435.5892,0.98637833,2935.215289,0.564222465
702128.1288,5381794.451,1779119.493,568342.4079,0.957354614,3777.561131,0.805832648
703128.1288,5381794.451,1782398.566,568249.2231,0.768640384,3846.852979,0.900894682
704128.1288,5381794.451,1785677.623,568156.0348,0.500222076,2069.234329,0.799854132
705128.1288,5381794.451,1788956.663,568062.843,0.522526879,1248.447805,0.722985302
706128.1288,5381794.451,1792235.686,567969.6477,0.418733868,1543.746764,2.722325587
707128.1288,5381794.451,1795514.692,567876.449,0.319860057,2981.81858,7.685589979
708128.1288,5381794.451,1798793.682,567783.2469,0.462392117,4799.687876,7.797723482
709128.1288,5381794.451,1802072.654,567690.0413,0.520228165,4106.356167,3.562925066
710128.1288,5381794.451,1805351.609,567596.8323,0.688561374,4779.063993,0
711128.1288,5381794.451,1808630.547,567503.6198,0.760207382,3564.789474,0
712128.1288,5381794.451,1811909.468,567410.4039,0.677612371,1980.131814,0
713128.1288,5381794.451,1815188.372,567317.1845,0.642671511,1513.052123,0
714128.1288,5381794.451,1818467.258,567223.9618,0.626382109,846.4027322,0
715128.1288,5381794.451,1821746.126,567130.7356,0.4694612,290.7286313,0
716128.1288,5381794.451,1825024.977,567037.506,0.427424273,33.52576944,0
717128.1288,5381794.451,1828303.81,566944.273,0.48079717,0,0
718128.1288,5381794.451,1831582.626,566851.0366,0.549607357,0.006565749,0
719128.1288,5381794.451,1834861.423,566757.7968,0.493756956,0.549280379,0
720128.1288,5381794.451,1838140.203,566664.5537,0.38888435,21.54883382,0
721128.1288,5381794.451,1841418.965,566571.3071,0.340441804,99.59055262,0
722128.1288,5381794.451,1844697.708,566478.0572,0.36606613,28.68431623,0
723128.1288,5381794.451,1847976.434,566384.8039,0.510542907,0,0
724128.1288,5381794.451,1851255.141,566291.5472,0.57252283,0,0
725128.1288,5381794.451,1854533.83,566198.2872,0.363650348,0,0
726128.1288,5381794.451,1857812.5,566105.0238,0.354515883,2.199088423,0
727128.1288,5381794.451,1861091.152,566011.7571,0.619407632,114.0178832,0
728128.1288,5381794.451,1864369.786,565918.487,0.858661585,617.2046698,0
729128.1288,5381794.451,1867648.401,565825.2136,0.960798384,980.4928936,8.18E-13
730128.1288,5381794.451,1870926.997,565731.9368,0.988091941,1306.023502,0.021263104
731128.1288,5381794.451,1874205.574,565638.6567,0.995171082,1895.171403,0.042526208
732128.1288,5381794.451,1877484.133,565545.3733,0.992942531,1976.971028,0.02760689
733128.1288,5381794.451,1880762.672,565452.0866,0.982907594,1116.414478,0
734128.1288,5381794.451,1884041.192,565358.7966,0.927073403,833.6657549,0
735128.1288,5381794.451,1887319.694,565265.5033,0.7156019,1150.630898,0
736128.1288,5381794.451,1890598.176,565172.2067,0.624277412,1357.596648,0
737128.1288,5381794.451,1893876.639,565078.9067,0.508113143,507.597521,0.563279027
738128.1288,5381794.451,1897155.082,564985.6035,0.407822717,1181.158701,0.730096538
739128.1288,5381794.451,1900433.506,564892.297,0.376769177,1751.842412,0.694927722
740128.1288,5381794.451,1903711.91,564798.9873,0.139238068,3045.574162,2.05535532
741128.1288,5381794.451,1906990.295,564705.6743,0.088893358,3389.253508,2.964500338
742128.1288,5381794.451,1910268.66,564612.358,0.129849504,2752.775611,1.447079204
743128.1288,5381794.451,1913547.005,564519.0384,0.032726846,1968.062341,0.391940504
744128.1288,5381794.451,1916825.331,564425.7156,0.047242211,592.5876458,0
745128.1288,5381794.451,1920103.636,564332.3896,0.04932487,612.8105302,0
746128.1288,5381794.451,1923381.922,564239.0603,0.063283413,443.8188445,0.124870934
669128.1288,5380794.451,1670808.222,568135.9428,0.254600657,250.7131896,0
670128.1288,5380794.451,1674087.794,568042.8894,0.383052617,360.9467736,0
671128.1288,5380794.451,1677367.353,567949.8325,0.605213411,316.8152808,0
672128.1288,5380794.451,1680646.898,567856.772,0.603647715,220.3292016,0
673128.1288,5380794.451,1683926.429,567763.7079,0.732503404,434.8209798,0
674128.1288,5380794.451,1687205.945,567670.6403,0.706072439,2642.746856,0.029922629
675128.1288,5380794.451,1690485.447,567577.5692,0.848292883,2674.865525,0.029922629
676128.1288,5380794.451,1693764.935,567484.4945,0.663018469,394.0804954,0
677128.1288,5380794.451,1697044.409,567391.4163,0.175669545,125.2464455,0
678128.1288,5380794.451,1700323.868,567298.3345,0.031008203,13.1075857,0
679128.1288,5380794.451,1703603.312,567205.2493,0.170423351,0,0
680128.1288,5380794.451,1706882.742,567112.1605,0.365227534,0,0
681128.1288,5380794.451,1710162.156,567019.0682,0.325999235,0.06693416,0
682128.1288,5380794.451,1713441.557,566925.9724,0.53629178,46.99599052,0
683128.1288,5380794.451,1716720.942,566832.8731,0.813034143,193.7181122,0
684128.1288,5380794.451,1720000.312,566739.7703,0.894952969,219.7018758,0
685128.1288,5380794.451,1723279.667,566646.6641,0.924680618,195.6936248,0
686128.1288,5380794.451,1726559.007,566553.5543,0.952812587,106.8078396,0
687128.1288,5380794.451,1729838.332,566460.4411,0.968591912,13.85544807,0
688128.1288,5380794.451,1733117.641,566367.3243,0.796653935,0.588224572,0
689128.1288,5380794.451,1736396.935,566274.2041,0.68179805,0,0
690128.1288,5380794.451,1739676.213,566181.0805,0.775204582,0.003279286,0
691128.1288,5380794.451,1742955.476,566087.9534,0.843741461,78.28824066,0
692128.1288,5380794.451,1746234.724,565994.8228,0.908976936,716.8718978,0
693128.1288,5380794.451,1749513.955,565901.6887,0.924907016,1010.697903,0
694128.1288,5380794.451,1752793.171,565808.5513,0.843188666,1660.406409,1.577061653
695128.1288,5380794.451,1756072.371,565715.4104,0.718200915,4151.022591,2.375469406
696128.1288,5380794.451,1759351.555,565622.266,0.619110718,6426.839468,12.05291319
697128.1288,5380794.451,1762630.723,565529.1182,0.731377355,5499.778385,10.60259274
698128.1288,5380794.451,1765909.874,565435.967,0.723250406,2147.344206,2.071887016
699128.1288,5380794.451,1769189.01,565342.8124,0.829740307,1012.462113,0.186953947
700128.1288,5380794.451,1772468.129,565249.6544,0.966582006,1753.873542,0.186953947
701128.1288,5380794.451,1775747.232,565156.4929,0.923126984,2251.77437,0
702128.1288,5380794.451,1779026.318,565063.3281,0.761172329,2253.642909,0.105616108
703128.1288,5380794.451,1782305.388,564970.1598,0.563994899,2453.128644,0.821031302
704128.1288,5380794.451,1785584.441,564876.9882,0.281032419,1337.646148,0.968522882
705128.1288,5380794.451,1788863.478,564783.8131,0.164526177,364.0967389,0.054955609
706128.1288,5380794.451,1792142.498,564690.6347,0.186785063,741.014958,2.282894594
707128.1288,5380794.451,1795421.5,564597.4529,0.32754302,2881.294418,9.10670352
708128.1288,5380794.451,1798700.486,564504.2677,0.514457637,4368.829896,6.151064843
709128.1288,5380794.451,1801979.455,564411.0792,0.588092538,2847.756378,0.736596048
710128.1288,5380794.451,1805258.407,564317.8873,0.833458042,4077.720918,0
711128.1288,5380794.451,1808537.342,564224.6921,0.818195418,3827.211514,0
712128.1288,5380794.451,1811816.259,564131.4934,0.755226748,2304.708082,0
713128.1288,5380794.451,1815095.159,564038.2915,0.753667613,1907.366441,0
714128.1288,5380794.451,1818374.042,563945.0862,0.688059727,1006.118687,0
715128.1288,5380794.451,1821652.907,563851.8776,0.667964206,683.0249727,0
716128.1288,5380794.451,1824931.754,563758.6656,0.560837023,159.5029144,0
717128.1288,5380794.451,1828210.584,563665.4503,0.532938459,3.84623793,0
718128.1288,5380794.451,1831489.396,563572.2318,0.478070785,42.32099891,0
719128.1288,5380794.451,1834768.191,563479.0098,0.287373396,143.9547858,0
720128.1288,5380794.451,1838046.967,563385.7846,0.253272201,232.1072406,0
721128.1288,5380794.451,1841325.725,563292.5561,0.333867597,188.1322645,0
722128.1288,5380794.451,1844604.466,563199.3243,0.383534086,16.13752277,0
723128.1288,5380794.451,1847883.188,563106.0892,0.418313711,0,0
724128.1288,5380794.451,1851161.892,563012.8508,0.475092928,0,0
725128.1288,5380794.451,1854440.577,562919.6091,0.336920272,7.157856362,0
726128.1288,5380794.451,1857719.245,562826.3642,0.368077367,12.69471767,0
727128.1288,5380794.451,1860997.893,562733.116,0.585287337,237.8391685,0
728128.1288,5380794.451,1864276.524,562639.8645,0.739492225,528.5790146,0
729128.1288,5380794.451,1867555.135,562546.6097,0.923546732,833.9434925,0
730128.1288,5380794.451,1870833.728,562453.3518,0.97952236,1359.635569,0
731128.1288,5380794.451,1874112.302,562360.0905,0.987551616,1453.752095,0.02760689
732128.1288,5380794.451,1877390.857,562266.826,0.99134444,1672.255466,0.02760689
733128.1288,5380794.451,1880669.393,562173.5583,0.989513127,1873.872104,0
734128.1288,5380794.451,1883947.91,562080.2874,0.993056397,1254.950739,0
735128.1288,5380794.451,1887226.408,561987.0132,0.964896891,1344.614585,0
736128.1288,5380794.451,1890504.887,561893.7359,0.932059977,2552.496811,1.66E-12
737128.1288,5380794.451,1893783.347,561800.4553,0.885501381,2054.084168,0.523943129
738128.1288,5380794.451,1897061.787,561707.1715,0.823913525,1258.275793,0.680743098
739128.1288,5380794.451,1900340.208,561613.8845,0.631019097,820.6100365,0.786353409
740128.1288,5380794.451,1903618.609,561520.5943,0.418802105,1037.135352,0.056990582
741128.1288,5380794.451,1906896.99,561427.3009,0.275399816,1794.260893,3.191831946
742128.1288,5380794.451,1910175.352,561334.0043,0.228366973,2621.922783,1.964664616
743128.1288,5380794.451,1913453.694,561240.7046,0.07844459,3722.500638,2.24866355
744128.1288,5380794.451,1916732.017,561147.4017,0.027156796,2310.00875,2.006529415
745128.1288,5380794.451,1920010.319,561054.0956,0.023003488,1029.488228,0.234605074
746128.1288,5380794.451,1923288.601,560960.7864,0.046401394,397.1727405,0.214724809
747128.1288,5380794.451,1926566.863,560867.474,0.086771569,577.6956997,0
670128.1288,5379794.451,1673994.746,564763.3254,0.706360977,309.3392336,0
671128.1288,5379794.451,1677274.301,564670.2824,0.913057787,360.0512587,0
672128.1288,5379794.451,1680553.843,564577.236,0.809095134,209.5936873,0
673128.1288,5379794.451,1683833.37,564484.1861,0.52631605,210.4058288,0
674128.1288,5379794.451,1687112.883,564391.1327,0.389893988,2422.095412,0.029922629
675128.1288,5379794.451,1690392.382,564298.0759,0.750371567,2679.262304,0.029922629
676128.1288,5379794.451,1693671.866,564205.0156,0.630344572,374.5705432,0
677128.1288,5379794.451,1696951.336,564111.9518,0.216905248,87.38898011,0
678128.1288,5379794.451,1700230.791,564018.8846,0.03749601,2.162807657,0
679128.1288,5379794.451,1703510.232,563925.814,0.075307488,0,0
680128.1288,5379794.451,1706789.658,563832.7399,0.08246946,0.035369189,0
681128.1288,5379794.451,1710069.07,563739.6624,0.26619354,38.84295864,0
682128.1288,5379794.451,1713348.466,563646.5815,0.71511831,193.4166211,0
683128.1288,5379794.451,1716627.848,563553.4972,0.883078544,191.5329079,0
684128.1288,5379794.451,1719907.215,563460.4094,0.782408146,39.01165544,0
685128.1288,5379794.451,1723186.567,563367.3183,0.622637278,2.998359161,0
686128.1288,5379794.451,1726465.903,563274.2237,0.668178929,0.447546068,0
687128.1288,5379794.451,1729745.224,563181.1257,0.855247626,0,0
688128.1288,5379794.451,1733024.53,563088.0244,0.878290394,0,0
689128.1288,5379794.451,1736303.821,562994.9196,0.80025211,0,0
690128.1288,5379794.451,1739583.096,562901.8115,0.812985429,0,0
691128.1288,5379794.451,1742862.355,562808.7,0.885554668,0.053600729,0
692128.1288,5379794.451,1746141.599,562715.5851,0.910593572,26.02553812,0
693128.1288,5379794.451,1749420.827,562622.4668,0.910129589,237.1160372,0
694128.1288,5379794.451,1752700.04,562529.3452,0.704337539,111.17423,0
695128.1288,5379794.451,1755979.236,562436.2202,0.734976962,1171.923063,7.267112017
696128.1288,5379794.451,1759258.417,562343.0918,0.555439878,4815.924576,9.570657015
697128.1288,5379794.451,1762537.581,562249.9601,0.535624475,6541.974476,5.269876743
698128.1288,5379794.451,1765816.729,562156.8251,0.677920209,4225.821468,1.314005345
699128.1288,5379794.451,1769095.862,562063.6867,0.682545948,3136.89466,0.838724867
700128.1288,5379794.451,1772374.977,561970.545,0.815729389,2322.583668,0.12760713
701128.1288,5379794.451,1775654.077,561877.4,0.677147903,1573.646684,0
702128.1288,5379794.451,1778933.16,561784.2516,0.468916902,645.563855,0.575892642
703128.1288,5379794.451,1782212.226,561691.0999,0.497019226,1479.381447,0.586375276
704128.1288,5379794.451,1785491.276,561597.9449,0.342608063,1740.708402,0.73652282
705128.1288,5379794.451,1788770.309,561504.7866,0.111518512,741.6427269,1.590327028
706128.1288,5379794.451,1792049.326,561411.625,0.133088382,609.2467201,3.810459296
707128.1288,5379794.451,1795328.325,561318.4601,0.390569677,2120.889922,8.814821482
708128.1288,5379794.451,1798607.308,561225.292,0.545473978,3270.248542,5.648808589
709128.1288,5379794.451,1801886.274,561132.1205,0.394528561,2409.22526,0.937702894
710128.1288,5379794.451,1805165.222,561038.9457,0.646908354,2118.417562,0
711128.1288,5379794.451,1808444.154,560945.7677,0.806434524,2373.262161,0
712128.1288,5379794.451,1811723.068,560852.5864,0.834895489,2247.311816,0
713128.1288,5379794.451,1815001.964,560759.4018,0.770613014,1453.625,0
714128.1288,5379794.451,1818280.844,560666.214,0.600595677,892.2467627,0
715128.1288,5379794.451,1821559.705,560573.0229,0.598271573,656.7711633,0
716128.1288,5379794.451,1824838.55,560479.8286,0.520951176,274.8835429,0
717128.1288,5379794.451,1828117.376,560386.631,0.495661029,184.5184983,0
718128.1288,5379794.451,1831396.185,560293.4302,0.411190862,225.7228916,0
719128.1288,5379794.451,1834674.976,560200.2261,0.173231122,223.884917,0
720128.1288,5379794.451,1837953.749,560107.0189,0.209815362,192.2763398,0
721128.1288,5379794.451,1841232.504,560013.8084,0.370997254,97.01257289,0
722128.1288,5379794.451,1844511.241,559920.5947,0.331462372,0.361136405,0
723128.1288,5379794.451,1847789.96,559827.3778,0.24361327,0,0
724128.1288,5379794.451,1851068.661,559734.1576,0.301211303,0.291993434,0
725128.1288,5379794.451,1854347.343,559640.9343,0.286525623,156.393033,0
726128.1288,5379794.451,1857626.007,559547.7078,0.235614507,274.2469023,0
727128.1288,5379794.451,1860904.653,559454.4781,0.402335228,102.3757973,0
728128.1288,5379794.451,1864183.28,559361.2452,0.653630473,124.0333455,0
729128.1288,5379794.451,1867461.888,559268.0092,0.913037486,625.8112245,0
730128.1288,5379794.451,1870740.478,559174.7699,0.950673231,806.5463824,0
731128.1288,5379794.451,1874019.048,559081.5275,0.883924949,905.6254101,0.023098398
732128.1288,5379794.451,1877297.6,558988.282,0.948946415,1839.678513,0.025352644
733128.1288,5379794.451,1880576.133,558895.0333,0.993024188,2234.846883,0
734128.1288,5379794.451,1883854.647,558801.7814,0.987892361,1718.649954,0
735128.1288,5379794.451,1887133.142,558708.5264,0.977725189,2020.786599,0
736128.1288,5379794.451,1890411.618,558615.2683,0.972578959,3308.27059,0.354581396
737128.1288,5379794.451,1893690.074,558522.007,0.944376768,1728.787343,0.320172076
738128.1288,5379794.451,1896968.511,558428.7426,0.735723154,695.103354,0.317316592
739128.1288,5379794.451,1900246.929,558335.4751,0.65603073,453.7626871,0
740128.1288,5379794.451,1903525.327,558242.2045,0.593028019,50.45278892,0
741128.1288,5379794.451,1906803.705,558148.9308,0.307649146,112.5813445,0
742128.1288,5379794.451,1910082.064,558055.6539,0.128033825,781.1978502,1.218885327
743128.1288,5379794.451,1913360.403,557962.374,0.109236225,3308.8963,2.611973075
744128.1288,5379794.451,1916638.722,557869.091,0.052499598,4133.070803,2.366504287
745128.1288,5379794.451,1919917.021,557775.8049,0.019441135,2849.575934,0.517796904
746128.1288,5379794.451,1923195.3,557682.5157,0.033913573,1399.895025,0.514947479
747128.1288,5379794.451,1926473.559,557589.2234,0.075744737,1693.546548,0.935557604
748128.1288,5379794.451,1929751.798,557495.9281,0.031932398,700.4710277,0
670128.1288,5378794.451,1673901.712,561483.7649,0.517406441,32.82515953,0
671128.1288,5378794.451,1677181.264,561390.7359,0.633573743,195.8700493,0
672128.1288,5378794.451,1680460.802,561297.7035,0.432904568,297.6355515,0
673128.1288,5378794.451,1683740.325,561204.6677,0.177799141,742.2322827,0.076372392
674128.1288,5378794.451,1687019.835,561111.6285,0.316211455,3079.255831,0
675128.1288,5378794.451,1690299.33,561018.586,0.623251291,2284.345726,0
676128.1288,5378794.451,1693578.811,560925.5401,0.480929964,132.2463504,0
677128.1288,5378794.451,1696858.278,560832.4908,0.234244971,0.587527352,0
678128.1288,5378794.451,1700137.73,560739.4382,0.035909039,0,0
679128.1288,5378794.451,1703417.167,560646.3822,0.115791916,0.002550556,0
680128.1288,5378794.451,1706696.59,560553.3228,0.161160733,27.37493168,0
681128.1288,5378794.451,1709975.998,560460.2601,0.477834391,189.3270773,0
682128.1288,5378794.451,1713255.391,560367.1941,0.598183112,185.4789349,0
683128.1288,5378794.451,1716534.77,560274.1247,0.457070291,22.24534502,0
684128.1288,5378794.451,1719814.133,560181.0519,0.389553952,0.025519504,0
685128.1288,5378794.451,1723093.481,560087.9759,0.182592163,0,0
686128.1288,5378794.451,1726372.814,559994.8965,0.322235151,0,0
687128.1288,5378794.451,1729652.132,559901.8138,0.648109632,0,0
688128.1288,5378794.451,1732931.435,559808.7278,0.854554454,0,0
689128.1288,5378794.451,1736210.722,559715.6385,0.906745258,0,0
690128.1288,5378794.451,1739489.994,559622.5459,0.834258987,0,0
691128.1288,5378794.451,1742769.25,559529.4499,0.842726349,0,0
692128.1288,5378794.451,1746048.49,559436.3507,0.925223534,0.001093693,0
693128.1288,5378794.451,1749327.715,559343.2482,0.928303868,0.141450966,0
694128.1288,5378794.451,1752606.924,559250.1424,0.81793322,2.958781689,0
695128.1288,5378794.451,1755886.117,559157.0333,0.766004887,141.4222991,5.708014091
696128.1288,5378794.451,1759165.295,559063.921,0.704829859,2128.07639,4.223750283
697128.1288,5378794.451,1762444.456,558970.8054,0.733253503,4206.161379,1.86403885
698128.1288,5378794.451,1765723.601,558877.6865,0.823679282,4738.100931,2.499405642
699128.1288,5378794.451,1769002.73,558784.5644,0.645089218,5423.230405,2.903606749
700128.1288,5378794.451,1772281.842,558691.439,0.480710108,5382.924954,0.952874674
701128.1288,5378794.451,1775560.938,558598.3104,0.453548986,3046.068645,2.103463069
702128.1288,5378794.451,1778840.018,558505.1785,0.340353748,1227.963902,1.451334198
703128.1288,5378794.451,1782119.081,558412.0434,0.431765549,1131.382917,0.468241257
704128.1288,5378794.451,1785398.128,558318.905,0.277482442,1102.069891,0.654360881
705128.1288,5378794.451,1788677.158,558225.7635,0.209501784,1558.707201,1.736550661
706128.1288,5378794.451,1791956.171,558132.6187,0.140258312,1313.875387,2.729324063
707128.1288,5378794.451,1795235.167,558039.4707,0.387403693,2100.508836,7.567363191
708128.1288,5378794.451,1798514.147,557946.3195,0.523472337,3571.21633,4.971086701
709128.1288,5378794.451,1801793.109,557853.165,0.153648544,2575.786951,2.89393878
710128.1288,5378794.451,1805072.054,557760.0074,0.287870006,1292.291705,0
711128.1288,5378794.451,1808350.982,557666.8466,0.70416739,2024.814335,0
712128.1288,5378794.451,1811629.893,557573.6826,0.795556553,2901.499089,0
713128.1288,5378794.451,1814908.787,557480.5154,0.437666943,1644.187614,0
714128.1288,5378794.451,1818187.663,557387.345,0.169057884,1100.340743,0
715128.1288,5378794.451,1821466.522,557294.1715,0.248810791,603.0880262,0
716128.1288,5378794.451,1824745.363,557200.9948,0.40415816,692.442136,0
717128.1288,5378794.451,1828024.186,557107.8149,0.448389729,707.2518667,0
718128.1288,5378794.451,1831302.992,557014.6319,0.306475568,490.5345362,0
719128.1288,5378794.451,1834581.779,556921.4457,0.177326072,59.86626528,0
720128.1288,5378794.451,1837860.549,556828.2564,0.297877193,4.248815166,0
721128.1288,5378794.451,1841139.301,556735.0639,0.404678277,0.539456898,0
722128.1288,5378794.451,1844418.035,556641.8683,0.415596711,0,0
723128.1288,5378794.451,1847696.751,556548.6696,0.361606303,0,0
724128.1288,5378794.451,1850975.448,556455.4677,0.425330143,0.072445255,0
725128.1288,5378794.451,1854254.128,556362.2627,0.388940528,168.6277372,0
726128.1288,5378794.451,1857532.788,556269.0546,0.273926823,421.9271004,0
727128.1288,5378794.451,1860811.431,556175.8434,0.354583437,178.3377664,0
728128.1288,5378794.451,1864090.055,556082.6292,0.629507917,69.64856987,0
729128.1288,5378794.451,1867368.66,555989.4118,0.83237656,240.2595698,0
730128.1288,5378794.451,1870647.246,555896.1913,0.839820069,196.5455209,0
731128.1288,5378794.451,1873925.814,555802.9677,0.787521063,94.85826341,0
672128.1288,5377794.451,1680367.775,558018.1744,0.471799802,2324.75346,0
673128.1288,5377794.451,1683647.295,557925.1527,0.456070181,3396.479942,0.076372392
674128.1288,5377794.451,1686926.801,557832.1278,0.552836941,3403.638499,0.076372392
675128.1288,5377794.451,1690206.293,557739.0995,0.400984137,1069.730965,0
676128.1288,5377794.451,1693485.771,557646.068,0.173524401,32.52597995,0
677128.1288,5377794.451,1696765.234,557553.0332,0.105957111,0.02698268,0.053156015
678128.1288,5377794.451,1700044.683,557459.9951,0.047124678,0,0
679128.1288,5377794.451,1703324.117,557366.9537,0.119146564,3.261257976,0
680128.1288,5377794.451,1706603.536,557273.909,0.346074746,162.1489439,0
681128.1288,5377794.451,1709882.941,557180.8611,0.591943159,189.6086006,0
682128.1288,5377794.451,1713162.331,557087.8099,0.292129444,29.6385696,0
683128.1288,5377794.451,1716441.706,556994.7555,0.227125912,0.025538125,0
684128.1288,5377794.451,1719721.066,556901.6978,0.234837238,0,0
685128.1288,5377794.451,1723000.411,556808.6368,0.081057806,0,0
686128.1288,5377794.451,1726279.741,556715.5726,0.3552423,0,0
687128.1288,5377794.451,1729559.056,556622.5052,0.677289847,0,0
688128.1288,5377794.451,1732838.355,556529.4345,0.714746892,0,0
689128.1288,5377794.451,1736117.639,556436.3606,0.772853586,0,0
690128.1288,5377794.451,1739396.907,556343.2835,0.771167633,0,0
691128.1288,5377794.451,1742676.16,556250.2032,0.781647644,0,0
692128.1288,5377794.451,1745955.397,556157.1197,0.788819722,0,0
693128.1288,5377794.451,1749234.619,556064.0329,0.903559256,0,0
694128.1288,5377794.451,1752513.825,555970.9429,0.959331541,0,0
695128.1288,5377794.451,1755793.015,555877.8498,0.910638884,3.353745216,0
696128.1288,5377794.451,1759072.189,555784.7534,0.822345339,356.0235187,0.05895386
697128.1288,5377794.451,1762351.347,555691.6539,0.89952753,1934.625182,0.450128317
698128.1288,5377794.451,1765630.488,555598.5512,0.969386568,3009.672681,0.266693458
699128.1288,5377794.451,1768909.614,555505.4453,0.77878302,4810.61408,0.551421543
700128.1288,5377794.451,1772188.723,555412.3362,0.54423683,5558.570231,1.30262406
701128.1288,5377794.451,1775467.816,555319.224,0.358277286,4651.887411,1.738446511
702128.1288,5377794.451,1778746.893,555226.1086,0.180930495,3258.230377,2.453243633
703128.1288,5377794.451,1782025.953,555132.9901,0.136021446,1112.565622,1.354903698
704128.1288,5377794.451,1785304.996,555039.8684,0.165452119,1025.355839,0.751881318
705128.1288,5377794.451,1788584.023,554946.7435,0.176262097,1476.336007,0.276723836
706128.1288,5377794.451,1791863.033,554853.6155,0.121308495,1359.250957,2.224930107
673128.1288,5376794.451,1683554.279,554645.641,0.617529725,4320.568613,0
674128.1288,5376794.451,1686833.782,554552.6303,0.686268801,3791.638189,0
675128.1288,5376794.451,1690113.27,554459.6163,0.398635633,606.4275296,0
676128.1288,5376794.451,1693392.745,554366.5992,0.071464297,8.720116618,0
677128.1288,5376794.451,1696672.205,554273.5788,0.194194057,0,0.053156015
678128.1288,5376794.451,1699951.65,554180.5552,0.296373507,0,0.053156015
679128.1288,5376794.451,1703231.081,554087.5285,0.350537135,41.32810791,0
680128.1288,5376794.451,1706510.497,553994.4985,0.650584785,175.6030618,0
732128.1288,5378794.451,1877204.363,555709.7411,0.891157931,1091.997996,0.023098398
733128.1288,5378794.451,1880482.893,555616.5114,0.986758956,1782.689561,0
734128.1288,5378794.451,1883761.403,555523.2786,0.98430397,1567.538195,0
735128.1288,5378794.451,1887039.895,555430.0427,0.983925578,2203.266266,0
736128.1288,5378794.451,1890318.368,555336.8038,0.986455216,2436.918431,0.534186333
737128.1288,5378794.451,1893596.821,555243.5619,0.941398346,1277.602989,0.27353644
738128.1288,5378794.451,1896875.255,555150.3169,0.758018382,756.7159505,0.012886548
739128.1288,5378794.451,1900153.669,555057.0689,0.602129029,525.813309,0
740128.1288,5378794.451,1903432.064,554963.8178,0.411882091,142.4381716,0
741128.1288,5378794.451,1906710.44,554870.5637,0.20530734,121.5639344,0
742128.1288,5378794.451,1909988.795,554777.3066,0.202161338,270.4190962,0.362890638
743128.1288,5378794.451,1913267.131,554684.0464,0.205413516,1151.560087,1.159043045
744128.1288,5378794.451,1916545.447,554590.7833,0.080014008,2846.178304,1.12125844
745128.1288,5378794.451,1919823.744,554497.5172,0.027093508,3542.293764,0.411080175
746128.1288,5378794.451,1923102.02,554404.248,0.043244985,3295.146346,0.317745532
747128.1288,5378794.451,1926380.276,554310.9759,0.060505472,2927.211227,0.243196102
748128.1288,5378794.451,1929658.512,554217.7008,0.037519734,2478.076307,0.640136936
749128.1288,5378794.451,1932936.727,554124.4227,0.048787412,3378.278294,1.097827102
707128.1288,5377794.451,1795142.026,554760.4844,0.353325627,2386.733734,3.561148882
708128.1288,5377794.451,1798421.002,554667.3502,0.44027203,4496.110565,7.588820547
709128.1288,5377794.451,1801699.962,554574.2128,0.148979016,3698.000548,10.02166543
710128.1288,5377794.451,1804978.904,554481.0723,0.18861345,1771.439029,0
711128.1288,5377794.451,1808257.829,554387.9287,0.533994233,1665.937659,0
712128.1288,5377794.451,1811536.736,554294.782,0.610823659,1876.966485,0
713128.1288,5377794.451,1814815.627,554201.6321,0.389663855,2689.667395,0
714128.1288,5377794.451,1818094.5,554108.4792,0.27841897,2326.124431,0
715128.1288,5377794.451,1821373.355,554015.3232,0.304220814,1186.654197,0
716128.1288,5377794.451,1824652.193,553922.1641,0.558896738,1166.452407,0
717128.1288,5377794.451,1827931.013,553829.0019,0.651790659,1042.85337,0
718128.1288,5377794.451,1831209.816,553735.8367,0.561196769,620.7952268,0
719128.1288,5377794.451,1834488.601,553642.6684,0.400821225,91.25842901,0
720128.1288,5377794.451,1837767.367,553549.497,0.464802791,0,0
721128.1288,5377794.451,1841046.116,553456.3225,0.610427293,0,0
722128.1288,5377794.451,1844324.847,553363.145,0.646501022,0,0
723128.1288,5377794.451,1847603.56,553269.9645,0.666210897,0,0
724128.1288,5377794.451,1850882.254,553176.7809,0.707302352,0.006924198,0
725128.1288,5377794.451,1854160.93,553083.5942,0.462135727,5.076039387,0
726128.1288,5377794.451,1857439.588,552990.4046,0.367477794,349.8828993,0
727128.1288,5377794.451,1860718.227,552897.2119,0.459092674,211.0821643,0
728128.1288,5377794.451,1863996.848,552804.0162,0.45323115,0.859981768,0
729128.1288,5377794.451,1867275.45,552710.8175,0.392725125,5.153144941,0
730128.1288,5377794.451,1870554.034,552617.6157,0.614021003,0.558050383,0
731128.1288,5377794.451,1873832.598,552524.411,0.65365884,4.713295641,0
732128.1288,5377794.451,1877111.144,552431.2032,0.796851223,684.4857872,0
733128.1288,5377794.451,1880389.671,552337.9925,0.95610693,1458.735471,6.06E-14
734128.1288,5377794.451,1883668.179,552244.7788,0.975124976,1283.521042,6.06E-14
735128.1288,5377794.451,1886946.667,552151.5621,0.98246579,1425.269427,0
736128.1288,5377794.451,1890225.137,552058.3424,0.991465437,1660.587666,0.002314239
737128.1288,5377794.451,1893503.587,551965.1198,0.962974004,1747.224553,0.004649726
738128.1288,5377794.451,1896782.018,551871.8942,0.840141334,1429.686099,0.039228913
739128.1288,5377794.451,1900060.43,551778.6656,0.66961859,968.7303698,0.103716314
740128.1288,5377794.451,1903338.822,551685.4341,0.563185894,1450.754466,0
741128.1288,5377794.451,1906617.194,551592.1997,0.424809802,1143.52189,0.131856143
742128.1288,5377794.451,1909895.547,551498.9623,0.376201988,582.6122673,0.259218141
743128.1288,5377794.451,1913173.88,551405.7219,0.292476599,936.5899727,1.056471477
744128.1288,5377794.451,1916452.193,551312.4787,0.13821533,1391.005285,1.530942343
745128.1288,5377794.451,1919730.486,551219.2325,0.079329233,2763.607611,0.062739264
746128.1288,5377794.451,1923008.759,551125.9834,0.040793042,2713.716211,0.07293728
747128.1288,5377794.451,1926287.012,551032.7313,0.029758278,3355.741112,0.048043087
748128.1288,5377794.451,1929565.245,550939.4764,0.071882671,4306.335218,0.878934012
749128.1288,5377794.451,1932843.458,550846.2186,0.068160704,4846.247449,2.573884916
681128.1288,5376794.451,1709789.899,553901.4654,0.655043303,64.71165756,0
682128.1288,5376794.451,1713069.286,553808.429,0.145457199,0.048487058,0.037373789
683128.1288,5376794.451,1716348.657,553715.3895,0.270661542,0,0
684128.1288,5376794.451,1719628.014,553622.3468,0.105747991,0,0
685128.1288,5376794.451,1722907.356,553529.301,0.085418857,0,0
686128.1288,5376794.451,1726186.683,553436.252,0.364411265,0,0
687128.1288,5376794.451,1729465.994,553343.1998,0.628476298,0,0
688128.1288,5376794.451,1732745.29,553250.1445,0.435975628,0,0
689128.1288,5376794.451,1736024.571,553157.086,0.528789317,0,0
690128.1288,5376794.451,1739303.836,553064.0244,0.854503944,0,0
691128.1288,5376794.451,1742583.086,552970.9597,0.805383701,0,0
692128.1288,5376794.451,1745862.32,552877.8918,0.720890124,0,0
693128.1288,5376794.451,1749141.539,552784.8208,0.812918945,0,0
694128.1288,5376794.451,1752420.741,552691.7467,0.916956085,0,0
695128.1288,5376794.451,1755699.928,552598.6694,0.929551627,0,0
696128.1288,5376794.451,1758979.099,552505.5891,0.936089665,446.2831633,0
697128.1288,5376794.451,1762258.254,552412.5056,0.969119495,1044.955341,0
698128.1288,5376794.451,1765537.392,552319.419,0.978442678,1984.58145,0
699128.1288,5376794.451,1768816.515,552226.3294,0.963688433,3341.07782,0.895715058
700128.1288,5376794.451,1772095.621,552133.2366,0.831565896,3980.896791,0.54943908
701128.1288,5376794.451,1775374.711,552040.1408,0.633422644,3805.97355,0.10656499
702128.1288,5376794.451,1778653.784,551947.0419,0.420881706,3817.967189,2.777773698
703128.1288,5376794.451,1781932.841,551853.9399,0.149591269,2903.160744,1.827103751
704128.1288,5376794.451,1785211.881,551760.8348,0.07752754,1402.112609,0.644743229
705128.1288,5376794.451,1788490.905,551667.7267,0.055495425,790.295844,0.487818062
706128.1288,5376794.451,1791769.912,551574.6155,0.042340799,931.3132859,1.440254284
707128.1288,5376794.451,1795048.902,551481.5013,0.264564555,1558.771907,3.281169499
708128.1288,5376794.451,1798327.875,551388.384,0.445339237,3689.056841,7.76500984
709128.1288,5376794.451,1801606.831,551295.2637,0.243924439,3527.764631,11.76913249
710128.1288,5376794.451,1804885.77,551202.1403,0.220750567,1905.894199,6.550121665
711128.1288,5376794.451,1808164.692,551109.0139,0.32177897,1225.889213,0
712128.1288,5376794.451,1811443.597,551015.8844,0.459581955,1153.232999,0
713128.1288,5376794.451,1814722.484,550922.752,0.439387058,2390.567316,0
714128.1288,5376794.451,1818001.354,550829.6165,0.39406791,2566.062671,0
715128.1288,5376794.451,1821280.206,550736.478,0.533344447,1301.685094,0
716128.1288,5376794.451,1824559.041,550643.3365,0.64921713,815.0288321,0
717128.1288,5376794.451,1827837.859,550550.1921,0.594446737,556.5264213,0
718128.1288,5376794.451,1831116.658,550457.0446,0.469882443,250.1156648,0
719128.1288,5376794.451,1834395.44,550363.8941,0.520666916,17.656102,0
720128.1288,5376794.451,1837674.203,550270.7406,0.608678314,1.871126504,0
721128.1288,5376794.451,1840952.949,550177.5842,0.699455641,91.80915891,0
722128.1288,5376794.451,1844231.677,550084.4248,0.690132668,10.25501642,0
723128.1288,5376794.451,1847510.387,549991.2624,0.732671293,20.09092566,0
724128.1288,5376794.451,1850789.078,549898.0971,0.646940682,57.36842105,0
725128.1288,5376794.451,1854067.751,549804.9288,0.384427298,63.7036632,0
726128.1288,5376794.451,1857346.406,549711.7575,0.504680481,371.7347311,0
727128.1288,5376794.451,1860625.042,549618.5833,0.636252764,179.0355904,0
728128.1288,5376794.451,1863903.66,549525.4062,0.302534237,0,0
729128.1288,5376794.451,1867182.259,549432.2262,0.070556188,0.031136198,0
730128.1288,5376794.451,1870460.84,549339.0432,0.293039422,0.439846883,0
731128.1288,5376794.451,1873739.401,549245.8572,0.426846795,0.258105647,0
732128.1288,5376794.451,1877017.944,549152.6684,0.636426515,233.9303809,0
733128.1288,5376794.451,1880296.468,549059.4767,0.902443479,1054.938571,0.00896799
734128.1288,5376794.451,1883574.973,548966.282,0.911482263,970.8193736,0.00896799
735128.1288,5376794.451,1886853.459,548873.0845,0.960430095,768.1297849,0
736128.1288,5376794.451,1890131.925,548779.884,0.986849686,600.4282589,2.14E-13
737128.1288,5376794.451,1893410.373,548686.6807,0.961465709,1224.239475,0.002015273
738128.1288,5376794.451,1896688.801,548593.4745,0.883295742,2618.728433,0
739128.1288,5376794.451,1899967.209,548500.2654,0.830938214,2083.069361,0.103716314
740128.1288,5376794.451,1903245.598,548407.0534,0.828888001,1760.330964,0
741128.1288,5376794.451,1906523.968,548313.8386,0.655291853,1472.811087,0
742128.1288,5376794.451,1909802.318,548220.6209,0.469620918,644.0074818,0.260454163
743128.1288,5376794.451,1913080.648,548127.4003,0.27712132,376.7088192,2.43254818
744128.1288,5376794.451,1916358.958,548034.1769,0.163593151,650.904172,0
745128.1288,5376794.451,1919637.248,547940.9507,0.068355397,1538.068903,0
746128.1288,5376794.451,1922915.519,547847.7216,0.043882651,955.6354357,0.157310277
747128.1288,5376794.451,1926193.769,547754.4897,0.027461095,1383.624681,0.078655139
748128.1288,5376794.451,1929471.999,547661.255,0.063712277,2180.78518,1.356528163
749128.1288,5376794.451,1932750.209,547568.0174,0.056830977,1511.999636,3.432544231
750128.1288,5376794.451,1936028.398,547474.7771,0.025449902,3431.416545,6.969160716
676128.1288,5375794.451,1693299.733,551087.1336,0.171150271,90.31760204,0
677128.1288,5375794.451,1696579.19,550994.1276,0.36537056,3.53105081,0.053156015
678128.1288,5375794.451,1699858.632,550901.1186,0.541500553,0.240750866,0
679128.1288,5375794.451,1703138.06,550808.1064,0.500999386,41.67214312,0
680128.1288,5375794.451,1706417.473,550715.0912,0.717036711,203.5432482,0
681128.1288,5375794.451,1709696.872,550622.0728,0.792638818,70.63490618,0
682128.1288,5375794.451,1712976.255,550529.0513,0.405790556,0,0.021110121
683128.1288,5375794.451,1716255.624,550436.0267,0.203486285,0,0.021110121
684128.1288,5375794.451,1719534.978,550342.9991,0.073510681,0,0
685128.1288,5375794.451,1722814.316,550249.9683,0.014474447,0,0.048306558
686128.1288,5375794.451,1726093.64,550156.9345,0.063945406,0,0.048306558
687128.1288,5375794.451,1729372.948,550063.8976,0.185712035,0,0
688128.1288,5375794.451,1732652.241,549970.8576,0.232921246,0,0
689128.1288,5375794.451,1735931.519,549877.8146,0.381440149,0,0
690128.1288,5375794.451,1739210.781,549784.7685,0.638293676,0,0
691128.1288,5375794.451,1742490.028,549691.7193,0.788789839,0,0
692128.1288,5375794.451,1745769.259,549598.6671,0.802334592,0,0
693128.1288,5375794.451,1749048.474,549505.6118,0.799109544,0,0
694128.1288,5375794.451,1752327.673,549412.5535,0.743698371,0,0
695128.1288,5375794.451,1755606.857,549319.4922,0.765155873,0,0
696128.1288,5375794.451,1758886.025,549226.4278,0.81573487,28.23368575,0
697128.1288,5375794.451,1762165.177,549133.3604,0.840934656,667.4005827,0
698128.1288,5375794.451,1765444.312,549040.29,0.923244955,1280.220725,0
699128.1288,5375794.451,1768723.432,548947.2166,0.923196397,1294.328173,0.895715058
700128.1288,5375794.451,1772002.535,548854.1401,0.819845751,3404.245665,0.369615012
701128.1288,5375794.451,1775281.622,548761.0607,0.830423357,3630.97663,2.128469057
702128.1288,5375794.451,1778560.692,548667.9782,0.736032015,3687.946237,5.012026691
703128.1288,5375794.451,1781839.746,548574.8928,0.328910591,4344.030077,2.815772022
704128.1288,5375794.451,1785118.783,548481.8044,0.07620365,3188.47906,0.971920747
705128.1288,5375794.451,1788397.804,548388.7129,0.075463609,1203.63108,0.853622884
706128.1288,5375794.451,1791676.808,548295.6186,0.073238478,1120.249316,3.387656557
707128.1288,5375794.451,1794955.795,548202.5212,0.148970903,1446.849143,8.064986954
708128.1288,5375794.451,1798234.765,548109.4209,0.431947776,2793.061213,15.42910719
709128.1288,5375794.451,1801513.718,548016.3176,0.410984019,2790.951202,8.399179459
710128.1288,5375794.451,1804792.654,547923.2113,0.277071673,2158.406746,2.122384628
711128.1288,5375794.451,1808071.573,547830.1021,0.215084369,1751.6677,1.188846141
712128.1288,5375794.451,1811350.474,547736.9899,0.258042053,994.3855268,0.002812683
713128.1288,5375794.451,1814629.359,547643.8749,0.527707686,1551.4907,0
714128.1288,5375794.451,1817908.226,547550.7568,0.64428768,2332.98688,0
715128.1288,5375794.451,1821187.075,547457.6359,0.735546245,1286.512755,0
716128.1288,5375794.451,1824465.907,547364.512,0.69672067,619.742753,0
717128.1288,5375794.451,1827744.721,547271.3852,0.401043266,931.6743763,0
718128.1288,5375794.451,1831023.518,547178.2555,0.134896409,261.0584913,0
719128.1288,5375794.451,1834302.297,547085.1228,0.443257034,31.95752051,0
720128.1288,5375794.451,1837581.058,546991.9873,0.7425441,40.71399927,0
721128.1288,5375794.451,1840859.8,546898.8489,0.679741068,274.2602665,0.064863689
722128.1288,5375794.451,1844138.525,546805.7075,0.74145392,305.172835,0.064863689
723128.1288,5375794.451,1847417.232,546712.5633,0.710682287,389.3324831,0
724128.1288,5375794.451,1850695.92,546619.4162,0.547470868,249.4756786,0
725128.1288,5375794.451,1853974.591,546526.2663,0.497188059,159.4849754,0
726128.1288,5375794.451,1857253.243,546433.1134,0.591822951,441.481495,0
727128.1288,5375794.451,1860531.876,546339.9577,0.549924423,74.46588836,0
728128.1288,5375794.451,1863810.491,546246.7992,0.263004877,0.000182482,0
729128.1288,5375794.451,1867089.087,546153.6378,0.238060433,18.36181454,0
730128.1288,5375794.451,1870367.665,546060.4735,0.382759371,96.33928897,0
731128.1288,5375794.451,1873646.224,545967.3064,0.443392756,8.620080175,0
732128.1288,5375794.451,1876924.763,545874.1365,0.526371441,25.72747173,0
733128.1288,5375794.451,1880203.284,545780.9637,0.648484438,200.2386861,0.037083824
734128.1288,5375794.451,1883481.786,545687.7881,0.777914254,313.9604448,0.027650553
735128.1288,5375794.451,1886760.269,545594.6097,0.932068706,989.2895169,0.008784011
736128.1288,5375794.451,1890038.733,545501.4285,0.981081589,581.6902204,0
737128.1288,5375794.451,1893317.178,545408.2444,0.963767057,534.6279366,0
738128.1288,5375794.451,1896595.603,545315.0576,0.950538111,2810.808604,0
739128.1288,5375794.451,1899874.008,545221.868,0.762127333,1984.474558,0
740128.1288,5375794.451,1903152.395,545128.6755,0.706735892,1091.015312,0
741128.1288,5375794.451,1906430.761,545035.4803,0.649281103,1067.370741,0
742128.1288,5375794.451,1909709.108,544942.2823,0.577485793,373.0038251,0.389052182
743128.1288,5375794.451,1912987.436,544849.0816,0.423833277,485.0134864,0.326065779
744128.1288,5375794.451,1916265.743,544755.878,0.235590601,1099.410565,0.312575787
745128.1288,5375794.451,1919544.031,544662.6717,0.186011113,1700.175838,0.22628051
746128.1288,5375794.451,1922822.298,544569.4627,0.083389715,924.8023701,1.620359788
747128.1288,5375794.451,1926100.546,544476.2509,0.037775631,199.35911,0.058079123
748128.1288,5375794.451,1929378.773,544383.0364,0.030940991,128.7219183,1.356528163
749128.1288,5375794.451,1932656.98,544289.8191,0.036126433,44.78506375,2.713056326
750128.1288,5375794.451,1935935.167,544196.5991,0.028606063,1427.422251,8.019816399
677128.1288,5374794.451,1696486.19,547714.6796,0.32276516,37.43018593,0
678128.1288,5374794.451,1699765.629,547621.6851,0.507296541,100.2405248,0
679128.1288,5374794.451,1703045.054,547528.6875,0.547979365,193.9120438,0
680128.1288,5374794.451,1706324.464,547435.687,0.632095854,287.2317651,0
681128.1288,5374794.451,1709603.859,547342.6833,0.584175181,88.80732107,0
682128.1288,5374794.451,1712883.24,547249.6767,0.365286828,0.000728863,0.004846454
683128.1288,5374794.451,1716162.605,547156.6671,0.217905296,0,0.004846454
684128.1288,5374794.451,1719441.956,547063.6544,0.230770117,0,0
685128.1288,5374794.451,1722721.292,546970.6388,0.28336698,3.377076109,0.048306558
686128.1288,5374794.451,1726000.612,546877.6201,0.173846572,22.36532847,0.048306558
687128.1288,5374794.451,1729279.917,546784.5984,0.153970494,13.25355191,0.257799983
688128.1288,5374794.451,1732559.207,546691.5738,0.34227017,2.547740525,0
689128.1288,5374794.451,1735838.482,546598.5462,0.535787654,0.000546647,0
690128.1288,5374794.451,1739117.741,546505.5155,0.649573979,0,0
691128.1288,5374794.451,1742396.985,546412.482,0.714434792,0,0
692128.1288,5374794.451,1745676.213,546319.4454,0.778424973,0,0
693128.1288,5374794.451,1748955.425,546226.4059,0.788319582,0,0
694128.1288,5374794.451,1752234.622,546133.3634,0.769604888,0.099836036,0
695128.1288,5374794.451,1755513.802,546040.3179,0.619363959,4.841836735,0
696128.1288,5374794.451,1758792.967,545947.2696,0.504528856,57.18148688,0
697128.1288,5374794.451,1762072.116,545854.2182,0.623817191,144.2578353,0
698128.1288,5374794.451,1765351.248,545761.164,0.775512634,231.6331329,0
699128.1288,5374794.451,1768630.365,545668.1067,0.769126622,722.5545836,0
700128.1288,5374794.451,1771909.465,545575.0466,0.744339723,2834.836403,1.87E-14
701128.1288,5374794.451,1775188.549,545481.9835,0.744217441,3968.707877,0.68621796
702128.1288,5374794.451,1778467.616,545388.9176,0.630341634,2984.521406,4.225715309
703128.1288,5374794.451,1781746.667,545295.8487,0.328049242,4560.732702,6.778187603
704128.1288,5374794.451,1785025.702,545202.7769,0.144476162,4751.24517,5.934643179
705128.1288,5374794.451,1788304.719,545109.7022,0.088321095,3796.061451,4.135036031
706128.1288,5374794.451,1791583.72,545016.6246,0.066611262,2616.396278,6.093490911
707128.1288,5374794.451,1794862.704,544923.5441,0.106150536,2290.599635,15.43748355
708128.1288,5374794.451,1798141.671,544830.4607,0.324297193,3811.175592,36.69858265
709128.1288,5374794.451,1801420.622,544737.3744,0.346010314,3324.893788,19.25425225
710128.1288,5374794.451,1804699.555,544644.2853,0.336382848,2621.927869,5.014019549
711128.1288,5374794.451,1807978.471,544551.1933,0.240704564,2211.7891,1.495010208
712128.1288,5374794.451,1811257.37,544458.0984,0.283062828,1786.287252,0.330824079
713128.1288,5374794.451,1814536.251,544365.0007,0.50826571,1961.955109,1.350113481
714128.1288,5374794.451,1817815.115,544271.9001,0.630547757,1965.478229,0.496296108
715128.1288,5374794.451,1821093.962,544178.7966,0.574121907,1040.265574,0
716128.1288,5374794.451,1824372.791,544085.6903,0.509011043,984.7633017,0
717128.1288,5374794.451,1827651.602,543992.5812,0.289726525,1402.949326,0
718128.1288,5374794.451,1830930.396,543899.4692,0.101280956,462.7660157,0
719128.1288,5374794.451,1834209.172,543806.3545,0.449410104,39.419249,0
720128.1288,5374794.451,1837487.93,543713.2368,0.801548323,74.94701384,0
721128.1288,5374794.451,1840766.67,543620.1164,0.739198395,324.3994169,0
722128.1288,5374794.451,1844045.392,543526.9932,0.700165079,431.4210239,0.064863689
723128.1288,5374794.451,1847324.095,543433.8671,0.624353955,416.3222749,0
724128.1288,5374794.451,1850602.781,543340.7383,0.572589818,315.8818812,0
725128.1288,5374794.451,1853881.448,543247.6067,0.569185004,247.4765027,0
726128.1288,5374794.451,1857160.098,543154.4722,0.518537447,513.1809732,0
727128.1288,5374794.451,1860438.728,543061.335,0.407977933,200.7349134,0
728128.1288,5374794.451,1863717.34,542968.195,0.361369613,0.60991615,0
729128.1288,5374794.451,1866995.934,542875.0523,0.512395865,263.5695002,0
730128.1288,5374794.451,1870274.508,542781.9067,0.620430456,794.1666667,0
731128.1288,5374794.451,1873553.064,542688.7584,0.637673401,287.8206343,0
732128.1288,5374794.451,1876831.602,542595.6074,0.648785684,1.769511306,0
733128.1288,5374794.451,1880110.12,542502.4536,0.578381492,52.70476538,0.047263678
734128.1288,5374794.451,1883388.619,542409.297,0.730390078,908.6225624,0.028023845
735128.1288,5374794.451,1886667.099,542316.1378,0.967607977,1403.431615,0.008784011
736128.1288,5374794.451,1889945.56,542222.9757,0.856261284,468.691691,0
737128.1288,5374794.451,1893224.002,542129.811,0.861035791,1549.620262,0
738128.1288,5374794.451,1896502.424,542036.6435,0.959244754,3526.105129,0
739128.1288,5374794.451,1899780.827,541943.4734,0.79832725,1232.106263,0.460257143
740128.1288,5374794.451,1903059.211,541850.3005,0.757272902,1320.438331,0.460257143
741128.1288,5374794.451,1906337.575,541757.1249,0.718286055,1888.038994,0
742128.1288,5374794.451,1909615.919,541663.9466,0.544644468,565.9453552,0
743128.1288,5374794.451,1912894.243,541570.7656,0.486520473,1054.838316,0.237800546
744128.1288,5374794.451,1916172.548,541477.5819,0.37277567,2082.983397,0.150123752
745128.1288,5374794.451,1919450.833,541384.3956,0.253108176,1331.369486,0.387019902
746128.1288,5374794.451,1922729.098,541291.2065,0.161241772,1138.656637,1.352209665
747128.1288,5374794.451,1926007.342,541198.0148,0.097718183,986.2408453,2.427695505
748128.1288,5374794.451,1929285.567,541104.8205,0.044393215,212.0067457,0
749128.1288,5374794.451,1932563.772,541011.6235,0.0556491,38.41454082,0
750128.1288,5374794.451,1935841.956,540918.4238,0.053061418,263.8752735,0.056129679
676128.1288,5373794.451,1693113.753,544528.2116,0.420735427,37.22189781,0
677128.1288,5373794.451,1696393.204,544435.2346,0.253464784,36.05467469,0
678128.1288,5373794.451,1699672.64,544342.2546,0.472436937,177.3304807,0
679128.1288,5373794.451,1702952.062,544249.2717,0.621466587,215.8030607,0
680128.1288,5373794.451,1706231.469,544156.2858,0.66844189,236.8826317,0
681128.1288,5373794.451,1709510.861,544063.2969,0.545019506,146.0652332,0
682128.1288,5373794.451,1712790.239,543970.3051,0.175499716,0.488977956,0
683128.1288,5373794.451,1716069.602,543877.3104,0.149757941,0,0
684128.1288,5373794.451,1719348.949,543784.3127,0.428584898,0.004741065,0
685128.1288,5373794.451,1722628.282,543691.3122,0.689619499,56.87851149,0
686128.1288,5373794.451,1725907.599,543598.3087,0.663238372,165.8397448,0.257799983
687128.1288,5373794.451,1729186.902,543505.3023,0.574819597,212.5322639,0.257799983
688128.1288,5373794.451,1732466.189,543412.293,0.596465451,152.5833182,0
689128.1288,5373794.451,1735745.46,543319.2807,0.563236298,13.1042654,0
690128.1288,5373794.451,1739024.717,543226.2656,0.690542601,2.940211447,0
691128.1288,5373794.451,1742303.957,543133.2476,0.705818602,5.704304998,0
692128.1288,5373794.451,1745583.183,543040.2267,0.594431678,12.23229927,0
693128.1288,5373794.451,1748862.392,542947.2029,0.667723757,35.59908842,0
694128.1288,5373794.451,1752141.586,542854.1762,0.782518103,104.6765671,0
695128.1288,5373794.451,1755420.763,542761.1467,0.799891696,191.8033503,0
696128.1288,5373794.451,1758699.925,542668.1143,0.724615567,221.2712359,0
697128.1288,5373794.451,1761979.071,542575.079,0.785681477,224.8566995,0
698128.1288,5373794.451,1765258.201,542482.0409,0.812768573,351.1673961,0
699128.1288,5373794.451,1768537.314,542388.9999,0.770190282,1306.510115,0
700128.1288,5373794.451,1771816.412,542295.956,0.665974163,3112.72974,1.099722147
701128.1288,5373794.451,1775095.493,542202.9093,0.544788194,3122.124476,1.153765008
702128.1288,5373794.451,1778374.557,542109.8598,0.576804522,2201.689027,2.441980263
703128.1288,5373794.451,1781653.605,542016.8075,0.438202411,2747.685199,2.779323076
704128.1288,5373794.451,1784932.637,541923.7523,0.355222356,4072.570725,4.968808377
705128.1288,5373794.451,1788211.651,541830.6943,0.216889221,6057.815085,7.749783516
706128.1288,5373794.451,1791490.65,541737.6335,0.164932197,5449.368373,13.97041214
707128.1288,5373794.451,1794769.631,541644.5698,0.164514602,5022.245397,60.92824214
708128.1288,5373794.451,1798048.595,541551.5034,0.176895762,5744.559723,124.7379049
709128.1288,5373794.451,1801327.542,541458.4342,0.165810624,3858.577624,68.54502145
710128.1288,5373794.451,1804606.473,541365.3621,0.216963984,2262.047958,4.777611215
711128.1288,5373794.451,1807885.386,541272.2873,0.270780591,1309.525433,0.874163189
712128.1288,5373794.451,1811164.282,541179.2097,0.227033237,1527.65,0.844636697
713128.1288,5373794.451,1814443.161,541086.1293,0.446524555,2655.611233,1.253681839
714128.1288,5373794.451,1817722.022,540993.0462,0.528145196,1869.974667,0.496296108
715128.1288,5373794.451,1821000.866,540899.9602,0.443749393,777.1414785,0
716128.1288,5373794.451,1824279.692,540806.8715,0.155487333,683.738299,0
717128.1288,5373794.451,1827558.5,540713.7801,0.079505085,570.8435449,0
718128.1288,5373794.451,1830837.291,540620.6859,0.07468153,465.0394089,0
719128.1288,5373794.451,1834116.064,540527.5889,0.355687577,932.5685094,0
720128.1288,5373794.451,1837394.819,540434.4892,0.748656206,912.5002733,0
721128.1288,5373794.451,1840673.557,540341.3868,0.808475481,441.7978122,0
722128.1288,5373794.451,1843952.276,540248.2816,0.698233185,460.6694606,0
723128.1288,5373794.451,1847230.977,540155.1737,0.70629252,495.0324758,0
724128.1288,5373794.451,1850509.66,540062.0631,0.755959099,578.1432482,0
725128.1288,5373794.451,1853788.325,539968.9498,0.59129106,288.8676631,0
726128.1288,5373794.451,1857066.971,539875.8338,0.595241088,469.3085339,0
727128.1288,5373794.451,1860345.599,539782.715,0.578030241,295.7977405,0
728128.1288,5373794.451,1863624.208,539689.5936,0.571711733,24.21831755,0
729128.1288,5373794.451,1866902.799,539596.4695,0.67544969,710.4575283,0
730128.1288,5373794.451,1870181.371,539503.3427,0.644948807,1889.113744,0
731128.1288,5373794.451,1873459.924,539410.2132,0.571560971,885.0926669,0
732128.1288,5373794.451,1876738.459,539317.081,0.631528668,16.43924212,0
733128.1288,5373794.451,1880016.974,539223.9462,0.742640413,96.31699763,0
734128.1288,5373794.451,1883295.471,539130.8087,0.870880386,774.5284257,0
735128.1288,5373794.451,1886573.948,539037.6685,0.869938481,659.1872837,0
736128.1288,5373794.451,1889852.406,538944.5257,0.688390192,56.2776462,0
737128.1288,5373794.451,1893130.845,538851.3803,0.691552457,1557.387896,0
738128.1288,5373794.451,1896409.265,538758.2322,0.846836525,2839.978855,0
739128.1288,5373794.451,1899687.665,538665.0815,0.809945529,1035.609338,0.238103173
740128.1288,5373794.451,1902966.046,538571.9281,0.786762245,997.6055748,0.238103173
741128.1288,5373794.451,1906244.407,538478.7721,0.74532807,1502.206231,0.02477821
742128.1288,5373794.451,1909522.749,538385.6135,0.660587818,813.5706215,0
743128.1288,5373794.451,1912801.071,538292.4523,0.550114609,878.229577,0
744128.1288,5373794.451,1916079.373,538199.2885,0.421991269,1904.780212,4.90E-05
745128.1288,5373794.451,1919357.655,538106.1221,0.246033698,710.1337591,0
746128.1288,5373794.451,1922635.917,538012.953,0.135342611,665.0535617,0
747128.1288,5373794.451,1925914.16,537919.7814,0.219920249,1062.447459,0.635127954
748128.1288,5373794.451,1929192.382,537826.6072,0.089674433,231.6446913,0
749128.1288,5373794.451,1932470.583,537733.4305,0.059176818,782.0713113,0.8576774
750128.1288,5373794.451,1935748.765,537640.2512,0.069309421,1239.292153,3.09649083
676128.1288,5372794.451,1693020.785,541248.7552,0.497011737,53.09389243,0
677128.1288,5372794.451,1696300.233,541155.7926,0.142365547,20.16128444,0
678128.1288,5372794.451,1699579.666,541062.8271,0.231270683,69.41458523,0
679128.1288,5372794.451,1702859.085,540969.8587,0.15098963,6.910880262,0
680128.1288,5372794.451,1706138.489,540876.8875,0.347901515,127.1027135,0
681128.1288,5372794.451,1709417.878,540783.9134,0.647830348,150.2893873,0
682128.1288,5372794.451,1712697.253,540690.9365,0.298382369,2.252372263,0
683128.1288,5372794.451,1715976.613,540597.9567,0.071635902,0,0
684128.1288,5372794.451,1719255.958,540504.974,0.25726618,0,0
685128.1288,5372794.451,1722535.287,540411.9885,0.58486043,12.47221716,0
686128.1288,5372794.451,1725814.602,540319.0002,0.533512435,85.98724954,0.257799983
687128.1288,5372794.451,1729093.902,540226.009,0.576530296,147.216773,0.257799983
688128.1288,5372794.451,1732373.186,540133.015,0.712713203,207.8286235,0
689128.1288,5372794.451,1735652.455,540040.0182,0.673191476,221.2941498,0
690128.1288,5372794.451,1738931.708,539947.0186,0.709715582,191.0158585,0
691128.1288,5372794.451,1742210.946,539854.0161,0.734350728,200.8036821,0
692128.1288,5372794.451,1745490.168,539761.0109,0.691649801,218.0112994,0
693128.1288,5372794.451,1748769.375,539668.0028,0.692283963,230.0970679,0
694128.1288,5372794.451,1752048.565,539574.9919,0.803094674,221.3700128,0
695128.1288,5372794.451,1755327.74,539481.9783,0.893938661,187.7436645,0
696128.1288,5372794.451,1758606.899,539388.9618,0.884270921,97.51449407,0
697128.1288,5372794.451,1761886.042,539295.9426,0.773353893,21.6933747,0
698128.1288,5372794.451,1765165.169,539202.9206,0.750241004,136.059854,0
699128.1288,5372794.451,1768444.28,539109.8958,0.797400275,942.2936031,0
700128.1288,5372794.451,1771723.375,539016.8683,0.782596305,1883.64287,0.549861074
701128.1288,5372794.451,1775002.453,538923.838,0.683346443,2305.534147,1.122764997
702128.1288,5372794.451,1778281.514,538830.8049,0.531877087,2505.71728,2.335651302
703128.1288,5372794.451,1781560.56,538737.7691,0.37925374,2214.400511,1.344588584
704128.1288,5372794.451,1784839.588,538644.7305,0.478293986,2278.548175,0.547475676
705128.1288,5372794.451,1788118.6,538551.6892,0.466807819,3966.414176,5.617660105
706128.1288,5372794.451,1791397.596,538458.6452,0.36324648,5620.213661,14.6384396
707128.1288,5372794.451,1794676.574,538365.5984,0.276840174,6402.57484,47.3784508
708128.1288,5372794.451,1797955.536,538272.5489,0.194772302,7336.87058,134.8284626
709128.1288,5372794.451,1801234.48,538179.4967,0.076778616,5358.620255,90.45386227
710128.1288,5372794.451,1804513.408,538086.4418,0.083893234,2317.356062,38.58973166
711128.1288,5372794.451,1807792.318,537993.3841,0.179138914,1093.455274,0.102060762
712128.1288,5372794.451,1811071.212,537900.3238,0.196187836,1179.43261,1.092863557
713128.1288,5372794.451,1814350.087,537807.2607,0.315589542,1715.944444,1.508658543
714128.1288,5372794.451,1817628.946,537714.195,0.434262911,1274.99763,0.496296108
715128.1288,5372794.451,1820907.787,537621.1266,0.367583217,809.2401094,0
716128.1288,5372794.451,1824186.61,537528.0555,0.101428598,192.2663875,0
717128.1288,5372794.451,1827465.416,537434.9817,0.052459324,41.00291598,0
718128.1288,5372794.451,1830744.204,537341.9052,0.072134944,376.3793984,0
719128.1288,5372794.451,1834022.975,537248.8261,0.260792759,1225.613197,0
720128.1288,5372794.451,1837301.727,537155.7443,0.64882709,1501.105071,0
721128.1288,5372794.451,1840580.462,537062.6599,0.770381907,581.6201056,0
722128.1288,5372794.451,1843859.179,536969.5728,0.695979695,585.0122107,0
723128.1288,5372794.451,1847137.877,536876.4831,0.785008044,634.5786978,0
724128.1288,5372794.451,1850416.557,536783.3907,0.93712021,697.2687112,0
725128.1288,5372794.451,1853695.219,536690.2957,0.807119833,299.508388,0
726128.1288,5372794.451,1856973.863,536597.198,0.790050536,428.2776261,0
727128.1288,5372794.451,1860252.488,536504.0978,0.771475869,423.8332726,0
728128.1288,5372794.451,1863531.095,536410.9949,0.789498529,187.5298086,0
729128.1288,5372794.451,1866809.683,536317.8894,0.732866,1305.200438,0
730128.1288,5372794.451,1870088.252,536224.7813,0.451314215,2029.249407,0
731128.1288,5372794.451,1873366.803,536131.6706,0.310419291,732.3456633,0
732128.1288,5372794.451,1876645.335,536038.5574,0.335620411,6.989433412,0
733128.1288,5372794.451,1879923.847,535945.4415,0.614354344,345.2405755,0
734128.1288,5372794.451,1883202.341,535852.323,0.810111534,730.5357989,0
735128.1288,5372794.451,1886480.816,535759.202,0.577498283,309.900365,0
736128.1288,5372794.451,1889759.272,535666.0784,0.379514432,3.336191171,0
737128.1288,5372794.451,1893037.708,535572.9522,0.585939174,681.6658772,0
738128.1288,5372794.451,1896316.125,535479.8235,0.819275131,1407.492535,0
739128.1288,5372794.451,1899594.523,535386.6922,0.811423054,533.4145097,0.015949203
740128.1288,5372794.451,1902872.901,535293.5583,0.728001687,388.9225018,0.015949203
741128.1288,5372794.451,1906151.26,535200.422,0.594337028,416.2111212,0.02477821
742128.1288,5372794.451,1909429.599,535107.2831,0.823337535,616.5556163,0.02477821
743128.1288,5372794.451,1912707.918,535014.1416,0.713964807,560.8088557,0
744128.1288,5372794.451,1915986.218,534920.9976,0.556264365,967.6284621,0
745128.1288,5372794.451,1919264.497,534827.8511,0.314388428,530.5087464,4.56E-13
746128.1288,5372794.451,1922542.757,534734.7021,0.170055719,194.3829206,1.032736659
747128.1288,5372794.451,1925820.997,534641.5506,0.307245105,437.2195878,1.032736659
748128.1288,5372794.451,1929099.216,534548.3966,0.205407525,357.0091091,0
749128.1288,5372794.451,1932377.415,534455.2401,0.144096559,1162.553692,0
750128.1288,5372794.451,1935655.594,534362.0811,0.1127805,1246.258577,2.087107989
675128.1288,5371794.451,1689648.372,538062.247,0.708018235,238.8423547,0
676128.1288,5371794.451,1692927.831,537969.3016,0.598419155,200.6505102,0
677128.1288,5371794.451,1696207.276,537876.3534,0.206922962,60.501732,0
678128.1288,5371794.451,1699486.706,537783.4024,0.063507463,19.37935437,0
679128.1288,5371794.451,1702766.122,537690.4487,0.099743197,6.396212673,0
680128.1288,5371794.451,1706045.524,537597.4921,0.230953433,145.7336857,0
681128.1288,5371794.451,1709324.91,537504.5328,0.39465077,142.7478578,0
682128.1288,5371794.451,1712604.282,537411.5707,0.242977637,0.776419055,0
683128.1288,5371794.451,1715883.639,537318.6058,0.097759546,0,0
684128.1288,5371794.451,1719162.981,537225.6381,0.134006708,0,0
685128.1288,5371794.451,1722442.308,537132.6677,0.253278966,0.000363901,0
686128.1288,5371794.451,1725721.62,537039.6945,0.33513406,0.022404372,0.09077578
687128.1288,5371794.451,1729000.917,536946.7186,0.478005753,0.432037949,0.09077578
688128.1288,5371794.451,1732280.198,536853.7399,0.758844009,47.46596094,0
689128.1288,5371794.451,1735559.464,536760.7585,0.868890486,150.8127279,0
690128.1288,5371794.451,1738838.715,536667.7743,0.885954262,166.9952598,0
691128.1288,5371794.451,1742117.95,536574.7874,0.800436423,159.1373406,0
692128.1288,5371794.451,1745397.169,536481.7978,0.811211524,148.5677549,0
693128.1288,5371794.451,1748676.373,536388.8055,0.80367144,94.2260711,0
694128.1288,5371794.451,1751955.561,536295.8104,0.84495662,37.73587313,0
695128.1288,5371794.451,1755234.733,536202.8127,0.899404542,5.809732094,0
696128.1288,5371794.451,1758513.889,536109.8122,0.869651905,0.520757465,0
697128.1288,5371794.451,1761793.03,536016.809,0.766662505,0.51831602,0
698128.1288,5371794.451,1765072.154,535923.8031,0.720666909,35.00437238,0
699128.1288,5371794.451,1768351.262,535830.7946,0.788982687,971.26748,0
700128.1288,5371794.451,1771630.354,535737.7833,0.936299021,1612.035747,2.20E-11
701128.1288,5371794.451,1774909.429,535644.7694,0.881852526,1531.102204,0.135491237
702128.1288,5371794.451,1778188.488,535551.7528,0.663314318,2286.788149,0.517072245
703128.1288,5371794.451,1781467.531,535458.7335,0.395544586,3394.112591,0.517072245
704128.1288,5371794.451,1784746.557,535365.7115,0.400325963,1950.671832,0.281976223
705128.1288,5371794.451,1788025.566,535272.6869,0.490371879,1523.281677,1.096901774
706128.1288,5371794.451,1791304.559,535179.6596,0.477177648,4458.502003,7.662856412
707128.1288,5371794.451,1794583.535,535086.6297,0.481096244,5419.039176,28.49091689
708128.1288,5371794.451,1797862.493,534993.5972,0.400679862,5686.37135,74.85248375
709128.1288,5371794.451,1801141.435,534900.562,0.255524347,6063.78402,80.6412257
710128.1288,5371794.451,1804420.36,534807.5241,0.090986145,4019.062375,25.73442586
711128.1288,5371794.451,1807699.268,534714.4837,0.110495516,2342.889091,5.949470706
712128.1288,5371794.451,1810978.158,534621.4406,0.165816661,2704.732094,1.638594759
713128.1288,5371794.451,1814257.032,534528.3949,0.170236802,1662.982686,1.451687187
714128.1288,5371794.451,1817535.888,534435.3466,0.253725823,1854.631454,0.0044375
715128.1288,5371794.451,1820814.726,534342.2956,0.274786685,1268.487502,0
716128.1288,5371794.451,1824093.547,534249.2421,0.148231239,252.2486329,0
717128.1288,5371794.451,1827372.35,534156.186,0.072810185,106.1755697,0
718128.1288,5371794.451,1830651.136,534063.1273,0.077063713,203.7024959,0
719128.1288,5371794.451,1833929.903,533970.066,0.230676427,480.7676621,0
720128.1288,5371794.451,1837208.653,533877.0021,0.484377184,1266.200328,0
721128.1288,5371794.451,1840487.385,533783.9356,0.579820258,970.897922,0
722128.1288,5371794.451,1843766.099,533690.8666,0.576886761,572.7919022,0
723128.1288,5371794.451,1847044.795,533597.795,0.741615568,445.1991255,0
724128.1288,5371794.451,1850323.473,533504.7209,0.967668749,516.5693989,0
725128.1288,5371794.451,1853602.132,533411.6442,0.922533501,607.0526699,0
726128.1288,5371794.451,1856880.773,533318.5649,0.874635627,705.2285402,0
727128.1288,5371794.451,1860159.396,533225.4831,0.783139348,873.4216187,0
728128.1288,5371794.451,1863438,533132.3988,0.790136714,729.3599927,0
729128.1288,5371794.451,1866716.585,533039.312,0.689052752,1222.658039,0
730128.1288,5371794.451,1869995.152,532946.2226,0.40720644,1375.956577,0
731128.1288,5371794.451,1873273.7,532853.1307,0.299667834,271.2478134,0
732128.1288,5371794.451,1876552.229,532760.0363,0.193781715,18.81334306,0
733128.1288,5371794.451,1879830.74,532666.9393,0.368978531,406.6460838,0
734128.1288,5371794.451,1883109.231,532573.8399,0.53772719,604.5442623,0
735128.1288,5371794.451,1886387.703,532480.738,0.334923549,256.9257435,0
736128.1288,5371794.451,1889666.157,532387.6336,0.287654732,0.317518248,0
737128.1288,5371794.451,1892944.591,532294.5267,0.539949579,389.3229508,0
738128.1288,5371794.451,1896223.005,532201.4173,0.781929301,962.8926945,0
739128.1288,5371794.451,1899501.4,532108.3055,0.714760251,410.8755693,0.015949203
740128.1288,5371794.451,1902779.776,532015.1911,0.713037537,330.6944951,0.015949203
741128.1288,5371794.451,1906058.132,531922.0744,0.582442218,256.733309,0.02477821
742128.1288,5371794.451,1909336.469,531828.9551,0.808657792,776.0666058,0.095778212
743128.1288,5371794.451,1912614.786,531735.8334,0.913566274,1349.412719,0.095778212
744128.1288,5371794.451,1915893.083,531642.7093,0.64029766,783.7892916,4.56E-13
745128.1288,5371794.451,1919171.36,531549.5827,0.3864308,365.5584108,0.421470533
746128.1288,5371794.451,1922449.617,531456.4537,0.348173408,432.0249772,0.632205799
747128.1288,5371794.451,1925727.854,531363.3223,0.250437764,259.0660825,1.032736659
748128.1288,5371794.451,1929006.071,531270.1884,0.108520774,172.000729,0
749128.1288,5371794.451,1932284.268,531177.0522,0.173415305,1011.626847,0
675128.1288,5370794.451,1689555.435,534782.7818,0.652394156,300.5006379,0
676128.1288,5370794.451,1692834.891,534689.8508,0.722770084,357.9193078,0
677128.1288,5370794.451,1696114.334,534596.917,0.609916338,292.3415878,0
678128.1288,5370794.451,1699393.761,534503.9806,0.359275059,220.9416697,0
679128.1288,5370794.451,1702673.175,534411.0414,0.330387149,317.3148013,0
680128.1288,5370794.451,1705952.573,534318.0995,0.341806455,472.4110139,0.084841438
681128.1288,5370794.451,1709231.957,534225.1549,0.26859972,197.641035,0
682128.1288,5370794.451,1712511.326,534132.2076,0.210957415,0.12837345,0
683128.1288,5370794.451,1715790.68,534039.2576,0.210798049,0,0
684128.1288,5370794.451,1719070.02,533946.305,0.3440811,0,0
685128.1288,5370794.451,1722349.344,533853.3496,0.244679903,0,0
686128.1288,5370794.451,1725628.653,533760.3916,0.268682683,0,0.09077578
687128.1288,5370794.451,1728907.947,533667.4309,0.509120979,0,0
688128.1288,5370794.451,1732187.226,533574.4675,0.673979665,0.039423252,0
689128.1288,5370794.451,1735466.489,533481.5015,0.806626912,1.433546035,0
690128.1288,5370794.451,1738745.737,533388.5328,0.680344886,26.43936635,0
691128.1288,5370794.451,1742024.969,533295.5615,0.613628404,166.4802188,0
692128.1288,5370794.451,1745304.186,533202.5875,0.466505498,181.180791,0
693128.1288,5370794.451,1748583.387,533109.6109,0.540832734,110.7877075,0
694128.1288,5370794.451,1751862.573,533016.6316,0.69714726,271.3473742,0
695128.1288,5370794.451,1755141.742,532923.6498,0.755696066,171.1843545,0
696128.1288,5370794.451,1758420.896,532830.6652,0.840041196,218.2001457,0
697128.1288,5370794.451,1761700.033,532737.6781,0.853469638,222.7717668,0
698128.1288,5370794.451,1764979.155,532644.6883,0.800702885,279.8268319,0
699128.1288,5370794.451,1768258.26,532551.696,0.884718918,1268.49389,0
700128.1288,5370794.451,1771537.349,532458.701,0.972177397,1528.247855,0
701128.1288,5370794.451,1774816.422,532365.7034,0.915856804,1354.362742,0
702128.1288,5370794.451,1778095.479,532272.7033,0.833863402,1951.100219,0.492611498
703128.1288,5370794.451,1781374.518,532179.7005,0.518990983,2658.679978,1.624420568
704128.1288,5370794.451,1784653.542,532086.6952,0.176934481,1948.7057,0.316336855
705128.1288,5370794.451,1787932.549,531993.6872,0.151496258,1064.865731,0.981055975
706128.1288,5370794.451,1791211.539,531900.6767,0.324977911,3836.295061,8.996208286
707128.1288,5370794.451,1794490.512,531807.6637,0.529596905,4722.300801,16.422089
708128.1288,5370794.451,1797769.468,531714.648,0.547568016,3421.684959,31.09328119
709128.1288,5370794.451,1801048.407,531621.6299,0.475685064,4969.179581,23.52685694
710128.1288,5370794.451,1804327.33,531528.6091,0.218039116,6299.66527,23.22740194
711128.1288,5370794.451,1807606.235,531435.5858,0.146731349,4844.510305,9.764535708
712128.1288,5370794.451,1810885.123,531342.56,0.205948118,3855.589221,2.242456668
713128.1288,5370794.451,1814163.993,531249.5316,0.235907377,2437.475132,1.221333232
714128.1288,5370794.451,1817442.847,531156.5007,0.298720352,1825.887673,0.243393075
715128.1288,5370794.451,1820721.683,531063.4673,0.392676626,1882.301808,0
716128.1288,5370794.451,1824000.501,530970.4313,0.216151452,743.1274152,0
717128.1288,5370794.451,1827279.301,530877.3929,0.120440658,805.1870333,0
718128.1288,5370794.451,1830558.084,530784.3519,0.098505812,634.1249772,0
719128.1288,5370794.451,1833836.85,530691.3084,0.245625799,586.2085688,0
720128.1288,5370794.451,1837115.597,530598.2624,0.336827351,1455.538153,0
721128.1288,5370794.451,1840394.326,530505.2139,0.328179779,1205.742795,0.053637959
722128.1288,5370794.451,1843673.038,530412.163,0.482103659,412.3288994,0.053637959
723128.1288,5370794.451,1846951.731,530319.1095,0.584560788,195.977223,0
674128.1288,5369794.451,1686183.044,531596.2335,0.592654746,70.4316691,0
675128.1288,5369794.451,1689462.512,531503.3194,0.776494343,136.2001821,0
676128.1288,5369794.451,1692741.966,531410.4027,0.658121721,163.2390235,0
677128.1288,5369794.451,1696021.406,531317.4834,0.599183989,134.2672744,0
678128.1288,5369794.451,1699300.831,531224.5614,0.508238422,131.9,0
679128.1288,5369794.451,1702580.241,531131.6368,0.376458366,326.2900401,0
680128.1288,5369794.451,1705859.637,531038.7096,0.457778059,558.1507474,0.084841438
681128.1288,5369794.451,1709139.018,530945.7797,0.475195781,427.151841,0.084841438
682128.1288,5369794.451,1712418.385,530852.8473,0.37887781,90.66089965,0
683128.1288,5369794.451,1715697.736,530759.9122,0.279766234,7.11830113,0
684128.1288,5369794.451,1718977.073,530666.9745,0.467045751,0.144967177,0
685128.1288,5369794.451,1722256.395,530574.0342,0.312212368,0,0
686128.1288,5369794.451,1725535.701,530481.0914,0.221424131,0.058158614,0
687128.1288,5369794.451,1728814.993,530388.1459,0.484520746,22.54457612,0
688128.1288,5369794.451,1732094.269,530295.1978,0.652124156,65.91950464,0
689128.1288,5369794.451,1735373.529,530202.2472,0.555743955,93.92600693,0
690128.1288,5369794.451,1738652.775,530109.294,0.529337309,239.674622,0
691128.1288,5369794.451,1741932.004,530016.3382,0.520732577,244.3055201,0
692128.1288,5369794.451,1745211.219,529923.3799,0.274969395,212.7987983,0
693128.1288,5369794.451,1748490.417,529830.419,0.419927648,268.6111212,0
694128.1288,5369794.451,1751769.6,529737.4555,0.655743525,901.6215328,0
695128.1288,5369794.451,1755048.767,529644.4895,0.72737811,1083.335643,0
696128.1288,5369794.451,1758327.918,529551.5209,0.749993421,648.1775105,0
697128.1288,5369794.451,1761607.053,529458.5498,0.790981089,337.8890104,0
750128.1288,5371794.451,1935562.444,531083.9135,0.19552645,695.6109694,0.068342306
724128.1288,5370794.451,1850230.406,530226.0536,0.849650295,366.3854281,0
725128.1288,5370794.451,1853509.063,530132.9952,0.918498378,676.3932216,0
726128.1288,5370794.451,1856787.702,530039.9343,0.937970467,838.8184969,0
727128.1288,5370794.451,1860066.322,529946.871,0.911190698,708.4749316,0
728128.1288,5370794.451,1863344.923,529853.8052,0.875267252,554.8761159,0
729128.1288,5370794.451,1866623.506,529760.737,0.754062615,740.5496447,0
730128.1288,5370794.451,1869902.071,529667.6663,0.603506199,637.9484235,0
731128.1288,5370794.451,1873180.616,529574.5932,0.379335702,89.69072353,0
732128.1288,5370794.451,1876459.143,529481.5177,0.204470119,104.4329202,0
733128.1288,5370794.451,1879737.651,529388.4397,0.211648481,564.77407,0
734128.1288,5370794.451,1883016.14,529295.3593,0.33056733,598.4462464,4.19E-13
735128.1288,5370794.451,1886294.61,529202.2765,0.355536828,227.1994536,0.021775547
736128.1288,5370794.451,1889573.061,529109.1913,0.348948695,115.6922516,0
737128.1288,5370794.451,1892851.492,529016.1037,0.315759017,194.0145666,0
738128.1288,5370794.451,1896129.904,528923.0136,0.622980647,694.1636297,0
739128.1288,5370794.451,1899408.297,528829.9212,0.657901579,395.3749088,0
740128.1288,5370794.451,1902686.67,528736.8264,0.677479861,342.7738291,0
741128.1288,5370794.451,1905965.024,528643.7292,0.665555024,343.1721117,0
742128.1288,5370794.451,1909243.358,528550.6297,0.672259813,802.8814734,0.095778212
743128.1288,5370794.451,1912521.673,528457.5277,0.819313927,1124.292381,0.095778212
744128.1288,5370794.451,1915799.967,528364.4234,0.7747996,581.8579494,0
745128.1288,5370794.451,1919078.242,528271.3168,0.544177778,73.76658163,0.377103537
746128.1288,5370794.451,1922356.497,528178.2078,0.455643768,367.024813,0.377103537
747128.1288,5370794.451,1925634.731,528085.0964,0.287714206,642.1506475,0.761543252
748128.1288,5370794.451,1928912.946,527991.9827,0.095593845,714.1327256,0.134598847
749128.1288,5370794.451,1932191.14,527898.8667,0.16133402,1248.046266,0.186554987
750128.1288,5370794.451,1935469.315,527805.7483,0.142709462,899.4867821,0.288225532
698128.1288,5369794.451,1764886.172,529365.5762,0.723322251,127.1524868,0
699128.1288,5369794.451,1768165.275,529272.6,0.761282139,544.7725862,0
700128.1288,5369794.451,1771444.361,529179.6213,0.9377059,235.0052891,0
701128.1288,5369794.451,1774723.431,529086.6401,0.920960739,897.6334306,0
702128.1288,5369794.451,1778002.485,528993.6564,0.87111001,1076.247359,0
703128.1288,5369794.451,1781281.523,528900.6701,0.592450619,1487.393222,2.756229639
704128.1288,5369794.451,1784560.544,528807.6814,0.328581618,2428.117894,1.553463563
705128.1288,5369794.451,1787839.548,528714.6901,0.107467495,1546.709672,0
706128.1288,5369794.451,1791118.535,528621.6964,0.137794994,2728.287384,8.74E-13
707128.1288,5369794.451,1794397.506,528528.7002,0.221417276,4679.535278,17.26921892
708128.1288,5369794.451,1797676.46,528435.7015,0.222769381,3886.621538,29.23391151
709128.1288,5369794.451,1800955.396,528342.7003,0.311935168,5010.79745,12.29150963
710128.1288,5369794.451,1804234.316,528249.6966,0.24299022,6577.330359,17.74772612
711128.1288,5369794.451,1807513.219,528156.6905,0.152378853,4613.45708,11.57699367
712128.1288,5369794.451,1810792.104,528063.6819,0.166401058,1880.471746,1.327582669
713128.1288,5369794.451,1814070.972,527970.6709,0.163939258,1608.879606,1.609909644
714128.1288,5369794.451,1817349.823,527877.6574,0.25129989,1220.806522,0.482348651
715128.1288,5369794.451,1820628.657,527784.6414,0.361478534,1220.201312,0
716128.1288,5369794.451,1823907.472,527691.6231,0.205476076,1220.31037,0
717128.1288,5369794.451,1827186.271,527598.6023,0.140539502,1071.672439,0
718128.1288,5369794.451,1830465.051,527505.579,0.107222918,1066.174745,0
719128.1288,5369794.451,1833743.814,527412.5533,0.15669936,856.1346329,0
720128.1288,5369794.451,1837022.559,527319.5252,0.298392113,1020.733455,0.108619764
721128.1288,5369794.451,1840301.286,527226.4947,0.319448217,935.320197,0.081128862
722128.1288,5369794.451,1843579.995,527133.4618,0.399097853,497.9668246,0
723128.1288,5369794.451,1846858.686,527040.4265,0.495462126,482.6875684,0
724128.1288,5369794.451,1850137.358,526947.3888,0.811258277,544.8499363,0
725128.1288,5369794.451,1853416.013,526854.3487,0.964906404,536.3778466,0
726128.1288,5369794.451,1856694.649,526761.3062,0.953988414,541.3359489,0
727128.1288,5369794.451,1859973.267,526668.2614,0.948006666,168.1846715,0
728128.1288,5369794.451,1863251.866,526575.2141,0.921357119,160.2117733,0
729128.1288,5369794.451,1866530.446,526482.1645,0.832679835,476.412204,0
730128.1288,5369794.451,1869809.008,526389.1125,0.695757059,764.0269581,0
731128.1288,5369794.451,1873087.552,526296.0582,0.416770694,586.2408387,0
732128.1288,5369794.451,1876366.076,526203.0015,0.196506241,499.1609195,0
733128.1288,5369794.451,1879644.581,526109.9425,0.15819779,677.7291971,0
734128.1288,5369794.451,1882923.068,526016.8811,0.224087444,743.6345418,4.19E-13
735128.1288,5369794.451,1886201.535,525923.8174,0.405142899,407.164693,0.021775547
736128.1288,5369794.451,1889479.984,525830.7514,0.463574874,446.1288265,0.043551095
737128.1288,5369794.451,1892758.413,525737.683,0.34400923,163.4803063,0
738128.1288,5369794.451,1896036.823,525644.6123,0.610335573,613.554562,0
739128.1288,5369794.451,1899315.213,525551.5393,0.793547984,522.8031711,0.169198945
740128.1288,5369794.451,1902593.584,525458.4641,0.815484885,345.5348159,0.085621357
741128.1288,5369794.451,1905871.935,525365.3865,0.704254092,633.9719234,0.00204377
742128.1288,5369794.451,1909150.267,525272.3066,0.642809027,1336.565186,0
743128.1288,5369794.451,1912428.579,525179.2244,0.825629413,1325.241844,0
744128.1288,5369794.451,1915706.872,525086.1399,0.815179032,606.9533187,0
745128.1288,5369794.451,1918985.144,524993.0532,0.61632583,97.87481778,0
746128.1288,5369794.451,1922263.396,524899.9641,0.363528287,81.09185347,0
747128.1288,5369794.451,1925541.629,524806.8729,0.253508376,846.5041006,1.406213842
748128.1288,5369794.451,1928819.841,524713.7793,0.24364401,2249.840233,2.497605789
749128.1288,5369794.451,1932098.033,524620.6835,0.14206441,2170.973579,2.950771755
750128.1288,5369794.451,1935376.205,524527.5855,0.091522608,544.5861126,1.594666392
674128.1288,5368794.451,1686090.138,528316.7595,0.519352658,0.067941712,0
675128.1288,5368794.451,1689369.604,528223.8597,0.535880292,0.515940973,0
676128.1288,5368794.451,1692649.055,528130.9573,0.236137344,0.644197486,0
677128.1288,5368794.451,1695928.492,528038.0524,0.185699653,0.357442157,0
678128.1288,5368794.451,1699207.915,527945.1449,0.257409184,0.146999818,0
679128.1288,5368794.451,1702487.323,527852.2349,0.213330009,4.870826492,0
680128.1288,5368794.451,1705766.716,527759.3223,0.267819585,115.320445,0.084841438
681128.1288,5368794.451,1709046.095,527666.4072,0.516401685,497.1078914,0.084841438
682128.1288,5368794.451,1712325.459,527573.4896,0.576451804,817.3157799,0
683128.1288,5368794.451,1715604.808,527480.5694,0.405036648,520.2200364,0
684128.1288,5368794.451,1718884.142,527387.6467,0.440315164,35.61751825,0
685128.1288,5368794.451,1722163.461,527294.7215,0.355611669,0.812739551,0
686128.1288,5368794.451,1725442.765,527201.7937,0.232292462,0.884573304,0
687128.1288,5368794.451,1728722.053,527108.8635,0.333249376,142.643898,0
688128.1288,5368794.451,1732001.327,527015.9307,0.550590395,312.8205175,0
689128.1288,5368794.451,1735280.585,526922.9955,0.477723527,277.8100528,0
690128.1288,5368794.451,1738559.828,526830.0577,0.519655842,216.9527717,0
691128.1288,5368794.451,1741839.055,526737.1175,0.529003867,71.10145985,0
692128.1288,5368794.451,1745118.267,526644.1748,0.267368403,3.549945315,0
693128.1288,5368794.451,1748397.463,526551.2296,0.232390548,150.9074175,0
694128.1288,5368794.451,1751676.643,526458.2819,0.449400473,1084.008201,0
695128.1288,5368794.451,1754955.807,526365.3317,0.636440997,1641.984523,0
696128.1288,5368794.451,1758234.956,526272.3791,0.611872015,649.9389243,0
697128.1288,5368794.451,1761514.089,526179.4241,0.671852736,499.6318091,0
698128.1288,5368794.451,1764793.205,526086.4665,0.767729954,1183.33309,0
699128.1288,5368794.451,1768072.305,525993.5065,0.81579413,630.6738377,0
700128.1288,5368794.451,1771351.389,525900.5441,0.918955719,525.2530538,0
701128.1288,5368794.451,1774630.457,525807.5793,0.923409666,286.5016405,0
702128.1288,5368794.451,1777909.509,525714.612,0.825805049,780.7900109,0
703128.1288,5368794.451,1781188.543,525621.6423,0.664337878,2089.388565,9.340711236
704128.1288,5368794.451,1784467.562,525528.6701,0.580915703,3836.199162,4.489233488
705128.1288,5368794.451,1787746.564,525435.6955,0.298133624,3039.734865,1.331737041
706128.1288,5368794.451,1791025.549,525342.7186,0.160509995,3587.85,0.024304762
707128.1288,5368794.451,1794304.517,525249.7392,0.214817614,5279.29355,12.80829331
708128.1288,5368794.451,1797583.468,525156.7574,0.211030791,5229.119832,21.77498461
709128.1288,5368794.451,1800862.403,525063.7732,0.234573665,6316.79468,14.6872077
710128.1288,5368794.451,1804141.32,524970.7866,0.253712276,6752.450155,18.86042254
711128.1288,5368794.451,1807420.22,524877.7977,0.157208208,4488.365578,18.56577229
712128.1288,5368794.451,1810699.103,524784.8063,0.10693878,1151.817634,3.245962645
713128.1288,5368794.451,1813977.969,524691.8126,0.107712175,1369.92403,2.011945859
714128.1288,5368794.451,1817256.817,524598.8165,0.2877858,1266.26895,0.615746965
715128.1288,5368794.451,1820535.648,524505.8181,0.305048739,925.364663,0
716128.1288,5368794.451,1823814.462,524412.8172,0.145428427,1140.850401,0
717128.1288,5368794.451,1827093.257,524319.8141,0.148530646,835.5135924,0.064188771
718128.1288,5368794.451,1830372.036,524226.8086,0.090516627,852.6960248,0.064188771
719128.1288,5368794.451,1833650.796,524133.8007,0.168733985,1081.55082,0.15593943
720128.1288,5368794.451,1836929.538,524040.7905,0.368518408,1112.325861,0.124392986
721128.1288,5368794.451,1840208.263,523947.778,0.459093818,684.025328,0.108619764
722128.1288,5368794.451,1843486.97,523854.7631,0.49202348,391.6809402,0
723128.1288,5368794.451,1846765.658,523761.7459,0.593448269,368.2550128,0
724128.1288,5368794.451,1850044.329,523668.7264,0.859629046,444.3298687,0
725128.1288,5368794.451,1853322.981,523575.7046,0.980782742,653.0074681,0
726128.1288,5368794.451,1856601.614,523482.6805,0.961934227,888.9252915,0
727128.1288,5368794.451,1859880.23,523389.6541,0.95625064,829.487965,0
728128.1288,5368794.451,1863158.827,523296.6254,0.966317224,747.2722141,0
729128.1288,5368794.451,1866437.405,523203.5944,0.942555487,768.138327,0
730128.1288,5368794.451,1869715.965,523110.5611,0.838556107,702.9141451,0
731128.1288,5368794.451,1872994.505,523017.5255,0.549888912,453.4725615,0
732128.1288,5368794.451,1876273.028,522924.4877,0.501130242,288.2601314,0
733128.1288,5368794.451,1879551.531,522831.4476,0.53754135,609.6756018,0
734128.1288,5368794.451,1882830.015,522738.4053,0.513917507,647.163812,0
735128.1288,5368794.451,1886108.48,522645.3607,0.559513969,279.1987612,0
736128.1288,5368794.451,1889386.926,522552.3138,0.563078015,477.0935907,0
737128.1288,5368794.451,1892665.353,522459.2647,0.512345176,559.6905543,0
738128.1288,5368794.451,1895943.761,522366.2134,0.666986023,929.4158,0
739128.1288,5368794.451,1899222.149,522273.1598,0.750428712,1030.451113,0.169198945
740128.1288,5368794.451,1902500.517,522180.104,0.788688718,694.4747769,0.06935179
741128.1288,5368794.451,1905778.866,522087.046,0.732296234,807.0080117,0.002787019
742128.1288,5368794.451,1909057.196,521993.9857,0.759167841,1350.731001,0
743128.1288,5368794.451,1912335.506,521900.9233,0.853375083,1792.653769,0
744128.1288,5368794.451,1915613.796,521807.8587,0.83238807,1623.53129,0
745128.1288,5368794.451,1918892.066,521714.7918,0.763697721,1188.92654,0
746128.1288,5368794.451,1922170.316,521621.7228,0.469544414,947.3238564,0
747128.1288,5368794.451,1925448.547,521528.6516,0.224825761,546.9211293,1.42869404
748128.1288,5368794.451,1928726.757,521435.5782,0.336481817,1896.554847,2.897776939
749128.1288,5368794.451,1932004.947,521342.5026,0.22426345,2661.964266,4.930282831
750128.1288,5368794.451,1935283.116,521249.4249,0.043241028,890.9500091,2.987861305
751128.1288,5368794.451,1938561.266,521156.345,0.064041918,81.23641703,0.566909134
674128.1288,5367794.451,1685997.247,525037.288,0.215923599,0.003829322,0
675128.1288,5367794.451,1689276.71,524944.4025,0.248881097,0,0
676128.1288,5367794.451,1692556.159,524851.5144,0.183902953,0.011854824,0
677128.1288,5367794.451,1695835.593,524758.6239,0.123038426,0.111738972,0
678128.1288,5367794.451,1699115.013,524665.7309,0.176685309,0.761705229,0
679128.1288,5367794.451,1702394.419,524572.8355,0.149331853,16.45638317,0
680128.1288,5367794.451,1705673.81,524479.9376,0.186889984,116.2550091,0
681128.1288,5367794.451,1708953.186,524387.0372,0.421894168,297.2463557,0
682128.1288,5367794.451,1712232.547,524294.1344,0.49305926,1196.322346,0
683128.1288,5367794.451,1715511.894,524201.2291,0.496876001,1578.841626,0
684128.1288,5367794.451,1718791.225,524108.3213,0.466966757,841.5801568,0
685128.1288,5367794.451,1722070.542,524015.4112,0.488010708,105.7902991,0
686128.1288,5367794.451,1725349.843,523922.4986,0.542567052,17.56221534,0
687128.1288,5367794.451,1728629.13,523829.5836,0.512983226,146.8429014,0
688128.1288,5367794.451,1731908.401,523736.6661,0.601672731,287.2155612,0
689128.1288,5367794.451,1735187.656,523643.7462,0.484503603,128.0750729,0
690128.1288,5367794.451,1738466.897,523550.8239,0.392122993,10.28261266,0
691128.1288,5367794.451,1741746.121,523457.8992,0.616632311,0.219423147,0
692128.1288,5367794.451,1745025.331,523364.9721,0.424707402,0,0
693128.1288,5367794.451,1748304.524,523272.0426,0.156051673,4.267577413,0
694128.1288,5367794.451,1751583.702,523179.1107,0.245607915,397.107429,0
695128.1288,5367794.451,1754862.864,523086.1765,0.513271387,1225.824923,0
696128.1288,5367794.451,1758142.01,522993.2398,0.588492629,1212.237774,0
697128.1288,5367794.451,1761421.14,522900.3008,0.593877338,1382.214312,0
698128.1288,5367794.451,1764700.254,522807.3593,0.665563735,1499.280036,0
699128.1288,5367794.451,1767979.352,522714.4155,0.817004612,1206.212502,0
700128.1288,5367794.451,1771258.434,522621.4694,0.907828192,1234.191985,0
701128.1288,5367794.451,1774537.499,522528.5209,0.871381768,714.0757879,0
702128.1288,5367794.451,1777816.548,522435.57,0.784202988,543.7317295,0
703128.1288,5367794.451,1781095.581,522342.6168,0.724566083,1226.290534,9.36332655
704128.1288,5367794.451,1784374.597,522249.6612,0.669344871,2820.643404,6.069295168
705128.1288,5367794.451,1787653.596,522156.7034,0.434681589,3272.023493,2.399977088
706128.1288,5367794.451,1790932.579,522063.7431,0.246464568,2930.901621,0.152325347
707128.1288,5367794.451,1794211.545,521970.7806,0.260066991,2890.681967,1.459543422
708128.1288,5367794.451,1797490.494,521877.8157,0.198763906,2427.116554,9.090098733
709128.1288,5367794.451,1800769.426,521784.8485,0.24298674,4126.735835,9.678650002
710128.1288,5367794.451,1804048.341,521691.879,0.254053496,6060.383704,15.13296839
711128.1288,5367794.451,1807327.239,521598.9072,0.180406791,5709.825278,21.94235306
712128.1288,5367794.451,1810606.119,521505.9331,0.126262877,2589.760212,5.522242844
713128.1288,5367794.451,1813884.983,521412.9567,0.1586874,827.4576271,2.385234988
714128.1288,5367794.451,1817163.829,521319.978,0.235274775,762.647777,0.054185397
715128.1288,5367794.451,1820442.657,521226.997,0.206891039,688.5282332,0
716128.1288,5367794.451,1823721.468,521134.0138,0.057848582,474.342019,0
717128.1288,5367794.451,1827000.262,521041.0282,0.109576911,455.2908759,0.090274334
718128.1288,5367794.451,1830279.038,520948.0404,0.086747656,399.1954023,0.09749927
719128.1288,5367794.451,1833557.796,520855.0504,0.213279425,643.9622676,0.121795948
720128.1288,5367794.451,1836836.536,520762.0581,0.374633109,617.2226271,0.15593943
721128.1288,5367794.451,1840115.258,520669.0635,0.273843861,101.0761384,0
722128.1288,5367794.451,1843393.963,520576.0667,0.231844458,3.804993621,0
723128.1288,5367794.451,1846672.649,520483.0676,0.30781358,3.311986864,0
724128.1288,5367794.451,1849951.317,520390.0663,0.713742463,16.77800073,0
725128.1288,5367794.451,1853229.967,520297.0628,0.956926949,249.093824,0
726128.1288,5367794.451,1856508.598,520204.0571,0.949658439,584.6029867,0
727128.1288,5367794.451,1859787.211,520111.0491,0.951172672,1073.182249,0
728128.1288,5367794.451,1863065.806,520018.0389,0.991662184,1312.621035,0
729128.1288,5367794.451,1866344.382,519925.0265,0.984359688,1082.612703,0
730128.1288,5367794.451,1869622.939,519832.0119,0.9617501,385.8989973,0
731128.1288,5367794.451,1872901.478,519738.9952,0.839514361,30.60469774,0
732128.1288,5367794.451,1876179.998,519645.9762,0.823397136,420.2820419,0
733128.1288,5367794.451,1879458.499,519552.955,0.8656077,897.4194136,0
734128.1288,5367794.451,1882736.981,519459.9317,0.672567981,705.9506105,0
735128.1288,5367794.451,1886015.444,519366.9062,0.511852353,547.0761939,0
736128.1288,5367794.451,1889293.888,519273.8785,0.549015236,367.2211293,0
737128.1288,5367794.451,1892572.312,519180.8486,0.541946664,426.2507746,0
738128.1288,5367794.451,1895850.718,519087.8166,0.537173684,986.7462632,0
739128.1288,5367794.451,1899129.104,518994.7825,0.528508123,1449.670736,0
740128.1288,5367794.451,1902407.47,518901.7462,0.581130675,1395.479132,0.004273518
741128.1288,5367794.451,1905685.817,518808.7077,0.636355528,806.7966843,0.004273518
742128.1288,5367794.451,1908964.145,518715.6671,0.687647542,651.5533078,0
743128.1288,5367794.451,1912242.452,518622.6244,0.827285165,1443.047775,0
744128.1288,5367794.451,1915520.74,518529.5796,0.873278014,1629.30219,0
745128.1288,5367794.451,1918799.008,518436.5327,0.812326008,1248.371127,0
746128.1288,5367794.451,1922077.256,518343.4836,0.658610408,1261.850711,0
747128.1288,5367794.451,1925355.484,518250.4325,0.340306955,1145.771684,0.359727986
748128.1288,5367794.451,1928633.692,518157.3792,0.22237981,928.3656404,1.29280204
749128.1288,5367794.451,1931911.88,518064.3238,0.17021661,3024.332116,3.457989812
750128.1288,5367794.451,1935190.048,517971.2664,0.102936785,2227.845592,3.246240098
751128.1288,5367794.451,1938468.195,517878.2069,0.050922223,108.515528,3.126633883
674128.1288,5366794.451,1685904.37,521757.8191,0.263490691,34.3325433,0
675128.1288,5366794.451,1689183.83,521664.9478,0.530915237,24.82144811,0
676128.1288,5366794.451,1692463.277,521572.074,0.643958226,68.86454911,0
677128.1288,5366794.451,1695742.709,521479.1979,0.505733955,115.9834093,0
678128.1288,5366794.451,1699022.126,521386.3194,0.51422712,161.6353863,0
679128.1288,5366794.451,1702301.529,521293.4385,0.448283525,237.2127505,0
680128.1288,5366794.451,1705580.918,521200.5553,0.378918268,308.7810791,0
681128.1288,5366794.451,1708860.291,521107.6696,0.3935139,206.8562044,0
682128.1288,5366794.451,1712139.65,521014.7816,0.23786697,429.3805616,0
683128.1288,5366794.451,1715418.995,520921.8912,0.321979143,1419.054847,0
684128.1288,5366794.451,1718698.324,520828.9985,0.563949198,1730.185361,0.075754471
685128.1288,5366794.451,1721977.638,520736.1033,0.807107759,1045.497721,0.075754471
686128.1288,5366794.451,1725256.937,520643.2059,0.859578169,470.9147075,0
687128.1288,5366794.451,1728536.221,520550.3061,0.703410729,335.7899727,0
688128.1288,5366794.451,1731815.49,520457.4039,0.674301823,165.3429978,0
689128.1288,5366794.451,1735094.743,520364.4994,0.569511438,6.142154183,0
690128.1288,5366794.451,1738373.981,520271.5926,0.450644003,0.01840379,0
691128.1288,5366794.451,1741653.203,520178.6834,0.581515177,0,0
692128.1288,5366794.451,1744932.41,520085.7719,0.396238581,0.243440233,0
693128.1288,5366794.451,1748211.601,519992.8581,0.17539839,3.951183971,0
694128.1288,5366794.451,1751490.777,519899.942,0.227834855,28.5140255,0
695128.1288,5366794.451,1754769.937,519807.0236,0.41783001,678.9267226,0
696128.1288,5366794.451,1758049.08,519714.1029,0.672146953,1780.146506,0
697128.1288,5366794.451,1761328.208,519621.1798,0.706840629,1997.221614,0
698128.1288,5366794.451,1764607.32,519528.2545,0.703078664,1412.318215,0
699128.1288,5366794.451,1767886.415,519435.3269,0.808515624,1128.754693,0
700128.1288,5366794.451,1771165.495,519342.397,0.813723739,1642.596574,0
701128.1288,5366794.451,1774444.558,519249.4648,0.706099591,1207.892252,0
702128.1288,5366794.451,1777723.604,519156.5304,0.741358532,736.1405879,0
703128.1288,5366794.451,1781002.635,519063.5937,0.679715722,410.3806569,2.801460266
704128.1288,5366794.451,1784281.648,518970.6547,0.571273565,872.7703097,3.468217134
705128.1288,5366794.451,1787560.645,518877.7135,0.319197792,1563.872813,0
706128.1288,5366794.451,1790839.626,518784.77,0.218876027,1234.360721,0
707128.1288,5366794.451,1794118.589,518691.8243,0.126982665,691.3669524,0.003329625
708128.1288,5366794.451,1797397.536,518598.8763,0.063707662,333.4927933,0.003329625
709128.1288,5366794.451,1800676.466,518505.9261,0.076205515,1284.570569,0.733766865
710128.1288,5366794.451,1803955.379,518412.9737,0.176007755,3950.655009,4.796861672
711128.1288,5366794.451,1807234.274,518320.019,0.285146291,5632.269266,8.544826388
712128.1288,5366794.451,1810513.153,518227.0622,0.259483988,4224.517135,5.732885838
713128.1288,5366794.451,1813792.014,518134.1031,0.169632488,1725.909737,2.588973549
714128.1288,5366794.451,1817070.858,518041.1418,0.110054634,444.8972303,0.10007073
715128.1288,5366794.451,1820349.684,517948.1783,0.033473001,370.7423,0
716128.1288,5366794.451,1823628.493,517855.2126,0.028497208,390.7485423,0
717128.1288,5366794.451,1826907.284,517762.2447,0.02838442,368.1960284,0.116359897
718128.1288,5366794.451,1830186.058,517669.2746,0.054914275,461.2661805,0.197809714
719128.1288,5366794.451,1833464.814,517576.3023,0.166971539,384.2396213,0.530603469
720128.1288,5366794.451,1836743.552,517483.3279,0.172496975,90.80142102,0.550556481
721128.1288,5366794.451,1840022.272,517390.3513,0.121536023,12.5752051,0.755564377
722128.1288,5366794.451,1843300.974,517297.3725,0.074939568,4.859825009,0
723128.1288,5366794.451,1846579.658,517204.3916,0.146077975,0.015875912,0
724128.1288,5366794.451,1849858.324,517111.4085,0.416887999,0.000729395,0
725128.1288,5366794.451,1853136.971,517018.4232,0.710425271,5.846966661,0
726128.1288,5366794.451,1856415.601,516925.4358,0.868875001,178.5068318,0
727128.1288,5366794.451,1859694.212,516832.4463,0.930282545,798.5130213,0
728128.1288,5366794.451,1862972.804,516739.4547,0.951714766,900.9697356,0
729128.1288,5366794.451,1866251.378,516646.4609,0.976520221,676.0785779,0
730128.1288,5366794.451,1869529.933,516553.465,0.937292525,476.8934501,0
731128.1288,5366794.451,1872808.47,516460.4669,0.892962541,1035.286469,0
732128.1288,5366794.451,1876086.987,516367.4668,0.8952047,1111.456815,0
733128.1288,5366794.451,1879365.486,516274.4646,0.884246668,958.8039001,0
734128.1288,5366794.451,1882643.966,516181.4602,0.796749264,549.4285714,0
735128.1288,5366794.451,1885922.427,516088.4538,0.719741202,819.5121417,0
736128.1288,5366794.451,1889200.869,515995.4453,0.67221336,395.7981032,0
737128.1288,5366794.451,1892479.291,515902.4347,0.558868762,30.57627119,0
738128.1288,5366794.451,1895757.694,515809.422,0.403581723,255.8936248,0
739128.1288,5366794.451,1899036.078,515716.4073,0.416237281,827.2846729,0
740128.1288,5366794.451,1902314.443,515623.3905,0.420898925,1495.508292,0.107603878
741128.1288,5366794.451,1905592.787,515530.3716,0.509972893,805.2936349,0.139034006
742128.1288,5366794.451,1908871.113,515437.3507,0.610987049,430.0656335,0.048710016
743128.1288,5366794.451,1912149.418,515344.3277,0.77029844,1063.832544,0.032760307
744128.1288,5366794.451,1915427.704,515251.3027,0.758617633,885.9178057,0
745128.1288,5366794.451,1918705.97,515158.2756,0.716708782,456.615637,0.09540125
746128.1288,5366794.451,1921984.216,515065.2465,0.688536306,159.214507,0.040002161
747128.1288,5366794.451,1925262.442,514972.2154,0.391754075,909.3091638,0.294069559
748128.1288,5366794.451,1928540.648,514879.1823,0.190837868,1461.96575,0.642239352
749128.1288,5366794.451,1931818.834,514786.1472,0.142362274,3699.136919,2.355592652
750128.1288,5366794.451,1935096.999,514693.11,0.112596557,3275.275894,3.19437102
751128.1288,5366794.451,1938375.145,514600.0709,0.068264556,1043.290111,1.349356466
752128.1288,5366794.451,1941653.269,514507.0297,0.026257977,277.1267708,1.203024785
674128.1288,5365794.451,1685811.507,518478.3525,0.59047006,294.4793946,0
675128.1288,5365794.451,1689090.965,518385.4954,0.781475571,247.8663628,0
676128.1288,5365794.451,1692370.409,518292.6361,0.887034424,223.48323,0
677128.1288,5365794.451,1695649.839,518199.7743,0.773948043,217.358951,0
678128.1288,5365794.451,1698929.254,518106.9103,0.79260738,201.6747405,0
679128.1288,5365794.451,1702208.655,518014.044,0.642188994,194.5823615,0
680128.1288,5365794.451,1705488.041,517921.1754,0.498881109,212.6912837,0
681128.1288,5365794.451,1708767.412,517828.3044,0.425219734,52.97006207,0
682128.1288,5365794.451,1712046.769,517735.4312,0.243314934,9.119343066,0
683128.1288,5365794.451,1715326.11,517642.5557,0.086154904,206.6882289,0
684128.1288,5365794.451,1718605.437,517549.6779,0.337545228,1064.621582,0.075754471
685128.1288,5365794.451,1721884.749,517456.7979,0.759411034,1473.989069,0.075754471
686128.1288,5365794.451,1725164.046,517363.9155,0.932222619,1160.122289,0
687128.1288,5365794.451,1728443.328,517271.0309,0.725988576,355.0032841,0
688128.1288,5365794.451,1731722.594,517178.144,0.640934137,206.4013866,0
689128.1288,5365794.451,1735001.845,517085.2549,0.749506477,8.119103988,0
690128.1288,5365794.451,1738281.081,516992.3635,0.594779165,0,0
691128.1288,5365794.451,1741560.301,516899.4699,0.630905547,1.117186076,0
692128.1288,5365794.451,1744839.505,516806.574,0.538350896,68.17277201,0
693128.1288,5365794.451,1748118.694,516713.6759,0.272772682,176.992521,0
694128.1288,5365794.451,1751397.867,516620.7756,0.306399367,303.2952971,0
695128.1288,5365794.451,1754677.025,516527.873,0.504280258,635.2507283,0
696128.1288,5365794.451,1757956.166,516434.9682,0.705937411,1537.744716,0
697128.1288,5365794.451,1761235.292,516342.0612,0.779998714,2151.956086,0
698128.1288,5365794.451,1764514.401,516249.152,0.703632698,2096.91852,0
699128.1288,5365794.451,1767793.495,516156.2405,0.651438753,2145.807945,0
700128.1288,5365794.451,1771072.572,516063.3269,0.579060134,1147.229914,0
701128.1288,5365794.451,1774351.633,515970.4111,0.587606666,1170.912306,0
702128.1288,5365794.451,1777630.677,515877.4931,0.460800136,1024.726875,0
703128.1288,5365794.451,1780909.705,515784.5728,0.337716276,224.0908096,0
704128.1288,5365794.451,1784188.717,515691.6505,0.217408731,455.9863338,0
705128.1288,5365794.451,1787467.711,515598.7259,0.227583156,1218.858834,0
706128.1288,5365794.451,1790746.69,515505.7992,0.232604258,1343.059424,0
707128.1288,5365794.451,1794025.651,515412.8703,0.17947883,1318.561976,4.42E-13
708128.1288,5365794.451,1797304.595,515319.9392,0.115948417,1279.133917,0.088060081
709128.1288,5365794.451,1800583.523,515227.006,0.083872138,658.9990873,1.463009238
710128.1288,5365794.451,1803862.434,515134.0706,0.122094442,1285.208857,1.825240558
711128.1288,5365794.451,1807141.327,515041.1331,0.298474514,3632.156062,4.797347273
712128.1288,5365794.451,1810420.203,514948.1935,0.298006567,5514.343477,4.737945596
713128.1288,5365794.451,1813699.062,514855.2517,0.250518236,3272.250091,2.540700853
714128.1288,5365794.451,1816977.904,514762.3078,0.114384066,561.9872309,1.24859786
715128.1288,5365794.451,1820256.728,514669.3617,0.024302809,280.0588986,2.15E-14
716128.1288,5365794.451,1823535.535,514576.4136,0.007363877,409.6440678,0
717128.1288,5365794.451,1826814.324,514483.4633,0.014263126,644.3578065,0
718128.1288,5365794.451,1830093.095,514390.5109,0.054555675,716.6763311,0.533418419
719128.1288,5365794.451,1833371.849,514297.5565,0.10218912,531.2769371,0.565773121
720128.1288,5365794.451,1836650.585,514204.5999,0.117293514,343.9279066,0.550556481
721128.1288,5365794.451,1839929.303,514111.6412,0.167368945,381.9518863,0.755564377
722128.1288,5365794.451,1843208.003,514018.6805,0.241302236,193.4094302,0.410015792
723128.1288,5365794.451,1846486.685,513925.7177,0.194868555,3.514212828,0
724128.1288,5365794.451,1849765.349,513832.7528,0.236486109,0,0
725128.1288,5365794.451,1853043.994,513739.7858,0.443684964,0.004739336,0
726128.1288,5365794.451,1856322.621,513646.8168,0.644689221,66.58108601,0
727128.1288,5365794.451,1859601.23,513553.8457,0.780993023,459.4562842,0
728128.1288,5365794.451,1862879.821,513460.8725,0.922671898,432.3244031,0
729128.1288,5365794.451,1866158.392,513367.8973,0.977531461,771.2360124,0
730128.1288,5365794.451,1869436.946,513274.9201,0.926661939,1552.546035,0
731128.1288,5365794.451,1872715.48,513181.9409,0.855861192,3735.614192,0
732128.1288,5365794.451,1875993.996,513088.9596,0.92148665,3206.354345,0
733128.1288,5365794.451,1879272.492,512995.9762,0.941671473,1622.826713,0
734128.1288,5365794.451,1882550.97,512902.9909,0.937737296,638.4018964,0
735128.1288,5365794.451,1885829.429,512810.0036,0.951489752,718.1069343,0
736128.1288,5365794.451,1889107.869,512717.0142,0.83693625,679.7925251,0
737128.1288,5365794.451,1892386.289,512624.0228,0.623837939,53.63697632,0
738128.1288,5365794.451,1895664.69,512531.0295,0.460409671,104.3531985,0
739128.1288,5365794.451,1898943.072,512438.0342,0.489408336,579.2898524,0
740128.1288,5365794.451,1902221.435,512345.0368,0.481679125,1344.76287,0.749100953
741128.1288,5365794.451,1905499.777,512252.0375,0.577416399,824.3352802,0.398453546
742128.1288,5365794.451,1908778.101,512159.0362,0.654279496,506.6905543,0.068820497
743128.1288,5365794.451,1912056.404,512066.033,0.793311136,1138.697759,0.25491228
744128.1288,5365794.451,1915334.688,511973.0278,0.718629756,844.0200474,0.349144995
745128.1288,5365794.451,1918612.952,511880.0206,0.736991184,567.5035526,0.048541028
746128.1288,5365794.451,1921891.196,511787.0115,0.644665427,80.8649142,0.035015722
747128.1288,5365794.451,1925169.42,511694.0004,0.322231159,82.2860011,0
748128.1288,5365794.451,1928447.624,511600.9875,0.188213878,1303.256789,1.03863246
749128.1288,5365794.451,1931725.808,511507.9725,0.123825798,3727.764845,1.340415945
750128.1288,5365794.451,1935003.971,511414.9557,0.088565978,2830.954438,1.219907818
751128.1288,5365794.451,1938282.115,511321.9369,0.07168538,2563.680766,6.082280112
752128.1288,5365794.451,1941560.237,511228.9162,0.036680027,3532.19537,11.91837996
674128.1288,5364794.451,1685718.658,515198.8883,0.666278175,186.9717514,0.00133485
675128.1288,5364794.451,1688998.114,515106.0455,0.759245289,130.8581573,0.001049882
676128.1288,5364794.451,1692277.556,515013.2004,0.596360037,56.6526815,0.064197764
677128.1288,5364794.451,1695556.983,514920.3531,0.525384373,14.71699489,0
678128.1288,5364794.451,1698836.396,514827.5035,0.534305824,8.151111921,0
679128.1288,5364794.451,1702115.794,514734.6518,0.445534537,7.388008019,0.057503021
680128.1288,5364794.451,1705395.178,514641.7978,0.626941777,212.60463,0.027432909
681128.1288,5364794.451,1708674.547,514548.9415,0.668044487,119.2607586,0
682128.1288,5364794.451,1711953.902,514456.0831,0.467684195,0.134888808,0
683128.1288,5364794.451,1715233.241,514363.2225,0.243789669,10.18499636,0
684128.1288,5364794.451,1718512.566,514270.3597,0.316064457,105.8782577,0
685128.1288,5364794.451,1721791.876,514177.4946,0.580525554,972.3211745,0.075754471
686128.1288,5364794.451,1725071.17,514084.6274,0.839603227,1388.686475,0
687128.1288,5364794.451,1728350.449,513991.758,0.880416472,1231.291842,0
688128.1288,5364794.451,1731629.714,513898.8864,0.840918586,550.5441284,0
689128.1288,5364794.451,1734908.962,513806.0127,0.736461389,43.476043,0
690128.1288,5364794.451,1738188.196,513713.1367,0.549382106,62.55146657,0
691128.1288,5364794.451,1741467.414,513620.2586,0.658917009,97.41223598,0
692128.1288,5364794.451,1744746.616,513527.3784,0.667316542,238.4979949,0
693128.1288,5364794.451,1748025.803,513434.4959,0.300541197,225.127349,0
694128.1288,5364794.451,1751304.974,513341.6114,0.305920047,589.5368613,0
695128.1288,5364794.451,1754584.129,513248.7246,0.653974933,1338.40317,0
696128.1288,5364794.451,1757863.268,513155.8358,0.87048678,1951.363636,0
697128.1288,5364794.451,1761142.392,513062.9448,0.926392448,2439.138666,0
698128.1288,5364794.451,1764421.499,512970.0516,0.794651926,2595.326222,6.32E-13
699128.1288,5364794.451,1767700.59,512877.1564,0.515623469,1966.784307,0.034999058
700128.1288,5364794.451,1770979.665,512784.259,0.421998262,749.4531193,0
701128.1288,5364794.451,1774258.724,512691.3595,0.514904267,999.2107468,0
702128.1288,5364794.451,1777537.766,512598.4579,0.375867894,1002.666181,0
703128.1288,5364794.451,1780816.792,512505.5542,0.145375517,163.3077624,0
704128.1288,5364794.451,1784095.801,512412.6484,0.083909055,430.8013861,0
705128.1288,5364794.451,1787374.794,512319.7405,0.118618032,1116.412687,0
706128.1288,5364794.451,1790653.77,512226.8305,0.124158979,594.8141399,0
707128.1288,5364794.451,1793932.729,512133.9184,0.151713437,936.7203791,0.02935336
708128.1288,5364794.451,1797211.672,512041.0042,0.172294857,1819.530527,0.375152767
709128.1288,5364794.451,1800490.597,511948.088,0.170167931,1238.591506,1.463009238
710128.1288,5364794.451,1803769.506,511855.1697,0.183456407,635.7815004,2.956665964
711128.1288,5364794.451,1807048.397,511762.2493,0.198342639,2966.269812,3.502882009
712128.1288,5364794.451,1810327.271,511669.3269,0.333898843,5807.308352,4.624396586
713128.1288,5364794.451,1813606.128,511576.4024,0.294254693,3887.417396,2.129574974
714128.1288,5364794.451,1816884.968,511483.4759,0.178334636,614.8695494,0.412576534
715128.1288,5364794.451,1820163.79,511390.5473,0.036017925,448.1130768,0.100500181
716128.1288,5364794.451,1823442.594,511297.6167,0.009470479,427.8300237,0.025689606
717128.1288,5364794.451,1826721.381,511204.684,0.036369963,694.7757333,0.076688863
718128.1288,5364794.451,1830000.151,511111.7494,0.177415646,1915.21534,0.957920775
719128.1288,5364794.451,1833278.903,511018.8127,0.202396652,1594.9165,0.917178285
720128.1288,5364794.451,1836557.636,510925.874,0.129457792,424.5336617,0.550556481
721128.1288,5364794.451,1839836.352,510832.9333,0.170574168,349.9073162,0.755564377
722128.1288,5364794.451,1843115.05,510739.9905,0.231702694,144.1095117,0.410015792
723128.1288,5364794.451,1846393.73,510647.0458,0.176265098,5.289934354,0
724128.1288,5364794.451,1849672.392,510554.0991,0.148041745,7.01858262,0
725128.1288,5364794.451,1852951.035,510461.1504,0.321342942,26.74252371,0
726128.1288,5364794.451,1856229.661,510368.1997,0.604870094,85.85638686,0
727128.1288,5364794.451,1859508.267,510275.2471,0.710917197,104.5363587,2.45E-11
728128.1288,5364794.451,1862786.856,510182.2925,0.825900981,588.3553327,1.818791643
729128.1288,5364794.451,1866065.425,510089.3359,0.946940507,2761.992169,1.835846722
730128.1288,5364794.451,1869343.977,509996.3773,0.882648613,4134.681727,0.258852839
731128.1288,5364794.451,1872622.509,509903.4168,0.856632143,4899.733455,0
732128.1288,5364794.451,1875901.023,509810.4543,0.961148509,4719.11105,0
733128.1288,5364794.451,1879179.518,509717.4899,0.98795081,3916.939084,0
734128.1288,5364794.451,1882457.993,509624.5236,0.980845394,3204.110625,0
735128.1288,5364794.451,1885736.45,509531.5553,0.965885089,1972.264711,0
736128.1288,5364794.451,1889014.888,509438.5851,0.939306152,1378.740572,0.005022435
737128.1288,5364794.451,1892293.306,509345.613,0.831542925,855.7283658,1.436317772
738128.1288,5364794.451,1895571.706,509252.639,0.714737886,793.7529155,3.384532809
739128.1288,5364794.451,1898850.086,509159.663,0.73084048,999.2327869,1.541834325
740128.1288,5364794.451,1902128.446,509066.6852,0.551255712,1490.46353,1.065397988
741128.1288,5364794.451,1905406.787,508973.7054,0.626657037,978.9978126,1.203045741
742128.1288,5364794.451,1908685.108,508880.7238,0.651502374,1037.014031,1.078421678
743128.1288,5364794.451,1911963.41,508787.7403,0.690947645,1287.154098,0.455160964
744128.1288,5364794.451,1915241.692,508694.7548,0.687705009,592.0484782,0.338066414
745128.1288,5364794.451,1918519.954,508601.7676,0.617872525,411.6235187,0.026565756
746128.1288,5364794.451,1921798.196,508508.7784,0.457101505,107.162744,0.003714082
747128.1288,5364794.451,1925076.418,508415.7874,0.162620378,25.98065693,0.027818866
748128.1288,5364794.451,1928354.62,508322.7945,0.123228196,1697.246902,1.701501224
749128.1288,5364794.451,1931632.802,508229.7998,0.098986247,4472.807727,2.032751411
750128.1288,5364794.451,1934910.964,508136.8032,0.043107425,2666.32016,1.141947551
751128.1288,5364794.451,1938189.105,508043.8048,0.062939344,2938.112671,9.481255556
752128.1288,5364794.451,1941467.226,507950.8046,0.071496738,5348.961682,17.05000903
674128.1288,5363794.451,1685625.823,511919.4263,0.254700245,15.67128028,0.00133485
675128.1288,5363794.451,1688905.277,511826.5977,0.348072661,0.484975414,0.032908791
676128.1288,5363794.451,1692184.717,511733.7669,0.226546096,0.00692546,0.064197764
677128.1288,5363794.451,1695464.142,511640.934,0.207031254,0,0
678128.1288,5363794.451,1698743.553,511548.0989,0.231139718,0,0.087573133
679128.1288,5363794.451,1702022.949,511455.2617,0.23571803,46.82491337,0.057503021
680128.1288,5363794.451,1705302.33,511362.4224,0.419662946,148.7577413,0.027432909
681128.1288,5363794.451,1708581.697,511269.5809,0.566682069,88.24153005,0
682128.1288,5363794.451,1711861.05,511176.7372,0.477106178,40.09987243,0
683128.1288,5363794.451,1715140.387,511083.8915,0.467585293,182.7276208,0
684128.1288,5363794.451,1718419.709,510991.0436,0.490504096,218.4199197,0
685128.1288,5363794.451,1721699.017,510898.1936,0.465881767,245.1914312,0
686128.1288,5363794.451,1724978.309,510805.3415,0.616165874,892.6476052,0
687128.1288,5363794.451,1728257.587,510712.4873,0.857529302,1216.721787,0
688128.1288,5363794.451,1731536.849,510619.631,0.929522582,1138.074863,0
689128.1288,5363794.451,1734816.095,510526.7726,0.876991926,662.9737514,0.030867523
690128.1288,5363794.451,1738095.327,510433.9121,0.723390545,651.3127392,0
691128.1288,5363794.451,1741374.542,510341.0495,0.670651447,500.0114754,0
692128.1288,5363794.451,1744653.743,510248.1848,0.613436982,266.3458455,0
693128.1288,5363794.451,1747932.927,510155.3181,0.507888156,203.0166028,0
694128.1288,5363794.451,1751212.096,510062.4493,0.431580372,314.4184139,0
695128.1288,5363794.451,1754491.249,509969.5784,0.664959622,653.8886662,0
696128.1288,5363794.451,1757770.387,509876.7055,0.851832919,1535.561384,0
697128.1288,5363794.451,1761049.508,509783.8305,0.880153587,1941.454281,0
698128.1288,5363794.451,1764328.613,509690.9534,0.927573198,2034.133163,0.017499529
699128.1288,5363794.451,1767607.702,509598.0743,0.758613274,1705.566034,0.017499529
700128.1288,5363794.451,1770886.775,509505.1932,0.491779581,903.9788321,0.002814683
701128.1288,5363794.451,1774165.832,509412.31,0.502475728,1017.076572,0.002814683
702128.1288,5363794.451,1777444.872,509319.4248,0.426473346,1025.442745,1.00E-12
703128.1288,5363794.451,1780723.896,509226.5376,0.189096467,288.4864274,0.437379748
704128.1288,5363794.451,1784002.903,509133.6484,0.076155963,237.7084777,0.7510629
705128.1288,5363794.451,1787281.894,509040.7571,0.057361381,1035.007666,0.627366304
706128.1288,5363794.451,1790560.867,508947.8639,0.039279009,614.8783513,0.1712607
707128.1288,5363794.451,1793839.825,508854.9686,0.060591271,341.8714911,0.402886306
708128.1288,5363794.451,1797118.765,508762.0713,0.122868965,1414.302186,0.384546044
709128.1288,5363794.451,1800397.688,508669.172,0.131069663,1581.997265,0.116239913
710128.1288,5363794.451,1803676.595,508576.2708,0.122023491,874.420525,0.921438217
711128.1288,5363794.451,1806955.484,508483.3676,0.140383125,2148.012951,1.869513075
712128.1288,5363794.451,1810234.356,508390.4623,0.302593195,5356.653117,2.924677297
713128.1288,5363794.451,1813513.211,508297.5552,0.305799251,4255.960677,5.381748106
714128.1288,5363794.451,1816792.049,508204.646,0.147368402,1538.705378,4.831703832
715128.1288,5363794.451,1820070.869,508111.7349,0.050387726,569.0377118,0.276179383
716128.1288,5363794.451,1823349.672,508018.8218,0.012525067,457.2309515,0.250127825
717128.1288,5363794.451,1826628.457,507925.9068,0.043125708,576.1553327,0.279973966
718128.1288,5363794.451,1829907.224,507832.9898,0.180005965,2233.528587,1.285968164
719128.1288,5363794.451,1833185.974,507740.0709,0.153755414,1900.878782,1.181895084
720128.1288,5363794.451,1836464.706,507647.1501,0.053007705,59.88635534,0.150434062
721128.1288,5363794.451,1839743.42,507554.2273,0.012987784,24.63281677,0
722128.1288,5363794.451,1843022.116,507461.3026,0.015063608,85.94510305,0
723128.1288,5363794.451,1846300.793,507368.376,0.014469539,164.8959738,0
724128.1288,5363794.451,1849579.453,507275.4475,0.040999736,234.2710042,0
725128.1288,5363794.451,1852858.095,507182.517,0.290058209,414.3379537,0
726128.1288,5363794.451,1856136.718,507089.5847,0.635975589,439.6788388,0
727128.1288,5363794.451,1859415.323,506996.6505,0.521908554,316.796097,0.11237134
728128.1288,5363794.451,1862693.909,506903.7143,0.593604731,1160.302131,0.11237134
729128.1288,5363794.451,1865972.477,506810.7763,0.881196982,3936.659199,0.258852839
730128.1288,5363794.451,1869251.026,506717.8364,0.945832153,4155.669098,0.258852839
731128.1288,5363794.451,1872529.557,506624.8947,0.921957712,2818.154984,0
732128.1288,5363794.451,1875808.069,506531.9511,0.97784375,1644.274302,0
733128.1288,5363794.451,1879086.562,506439.0056,0.981652587,2729.169887,0
734128.1288,5363794.451,1882365.036,506346.0582,0.980518802,4257.195446,0
735128.1288,5363794.451,1885643.491,506253.109,0.972107952,4273.496902,0.064093783
736128.1288,5363794.451,1888921.926,506160.158,0.964700261,3907.733018,0.236177602
737128.1288,5363794.451,1892200.343,506067.2051,0.965658825,4004.384489,0.620654439
738128.1288,5363794.451,1895478.74,505974.2503,0.956368924,4125.838745,2.35502242
739128.1288,5363794.451,1898757.118,505881.2938,0.837148933,3298.550474,0.953744367
740128.1288,5363794.451,1902035.477,505788.3354,0.626878351,2480.564845,0.759393457
675128.1288,5362794.451,1688812.455,508547.1521,0.285010781,0,0
676128.1288,5362794.451,1692091.892,508454.3357,0.256404545,0,0
677128.1288,5362794.451,1695371.315,508361.5171,0.053039534,0,0
678128.1288,5362794.451,1698650.724,508268.6965,0.089277743,0.020441686,0
679128.1288,5362794.451,1701930.118,508175.8738,0.165585741,35.13637192,0
680128.1288,5362794.451,1705209.497,508083.0491,0.349227579,165.3381308,0
681128.1288,5362794.451,1708488.862,507990.2223,0.469985982,160.0105647,0
682128.1288,5362794.451,1711768.212,507897.3935,0.542515589,210.6252962,0
683128.1288,5362794.451,1715047.548,507804.5626,0.503792719,199.6129562,0
684128.1288,5362794.451,1718326.868,507711.7297,0.423557687,88.70844736,0
685128.1288,5362794.451,1721606.173,507618.8947,0.398224446,22.42552416,0
686128.1288,5362794.451,1724885.464,507526.0577,0.424171893,34.46793003,0
687128.1288,5362794.451,1728164.739,507433.2187,0.524529639,253.6675169,0
688128.1288,5362794.451,1731443.999,507340.3777,0.762026532,968.9548187,0
689128.1288,5362794.451,1734723.244,507247.5346,0.923902951,1335.318505,0.030867523
690128.1288,5362794.451,1738002.473,507154.6896,0.938887874,1221.215772,0.030867523
691128.1288,5362794.451,1741281.687,507061.8425,0.752802871,1036.579763,0
692128.1288,5362794.451,1744560.885,506968.9934,0.655334033,903.972278,0
693128.1288,5362794.451,1747840.067,506876.1424,0.770884982,1356.150638,0
694128.1288,5362794.451,1751119.234,506783.2893,0.76270963,1960.167244,0
695128.1288,5362794.451,1754398.385,506690.4343,0.693919337,967.1640241,0
696128.1288,5362794.451,1757677.521,506597.5772,0.749554758,1627.240845,0
697128.1288,5362794.451,1760956.64,506504.7182,0.795277478,1576.1848,0
698128.1288,5362794.451,1764235.743,506411.8573,0.847802343,969.1873178,9.94E-12
699128.1288,5362794.451,1767514.83,506318.9943,0.868910571,1689.130672,0.588987966
700128.1288,5362794.451,1770793.901,506226.1295,0.782544233,2051.141972,2.804971547
701128.1288,5362794.451,1774072.956,506133.2626,0.812024108,2390.144835,2.781112602
702128.1288,5362794.451,1777351.994,506040.3938,0.625779459,2572.067395,4.801004022
703128.1288,5362794.451,1780631.016,505947.5231,0.408962715,2103.612286,6.573784545
704128.1288,5362794.451,1783910.021,505854.6504,0.242239502,2055.014215,4.119854605
705128.1288,5362794.451,1787189.01,505761.7758,0.141878819,2197.455823,3.042965317
706128.1288,5362794.451,1790467.982,505668.8992,0.103573885,1574.30155,1.625843521
707128.1288,5362794.451,1793746.937,505576.0208,0.049058723,1447.531512,2.692223689
708128.1288,5362794.451,1797025.875,505483.1404,0.069422057,2358.766175,5.478154279
709128.1288,5362794.451,1800304.797,505390.2581,0.061143986,2348.750547,6.399724843
710128.1288,5362794.451,1803583.701,505297.3739,0.038349659,1212.781569,2.64557155
711128.1288,5362794.451,1806862.589,505204.4878,0.078676237,1152.193395,1.343463992
712128.1288,5362794.451,1810141.459,505111.5998,0.305587554,3824.366223,6.08627139
713128.1288,5362794.451,1813420.312,505018.7099,0.372334249,5308.893768,11.27669907
714128.1288,5362794.451,1816699.147,504925.8181,0.162974622,2294.885225,6.320132153
715128.1288,5362794.451,1819977.966,504832.9244,0.062831451,363.4376822,0.306798762
675128.1288,5361794.451,1688719.646,505267.7086,0.340073564,0,0
676128.1288,5361794.451,1691999.082,505174.9065,0.456392237,0,0
677128.1288,5361794.451,1695278.503,505082.1023,0.197793228,0,0
678128.1288,5361794.451,1698557.909,504989.2961,0.183422366,3.247995627,0
679128.1288,5361794.451,1701837.301,504896.488,0.178649584,169.7334669,0
680128.1288,5361794.451,1705116.679,504803.6779,0.258675999,285.006381,0
681128.1288,5361794.451,1708396.042,504710.8658,0.414596994,226.9340499,0
682128.1288,5361794.451,1711675.39,504618.0518,0.567549607,172.8235615,0
683128.1288,5361794.451,1714954.723,504525.2357,0.464468486,29.4936178,0
684128.1288,5361794.451,1718234.042,504432.4178,0.276189165,0.047801496,0
685128.1288,5361794.451,1721513.345,504339.5978,0.300849686,0,0
686128.1288,5361794.451,1724792.633,504246.7759,0.33850993,0.035564472,0
687128.1288,5361794.451,1728071.907,504153.9521,0.453016096,1.120080175,0
688128.1288,5361794.451,1731351.164,504061.1264,0.607310345,80.78516764,0
689128.1288,5361794.451,1734630.407,503968.2986,0.652585587,601.2260536,0.030867523
741128.1288,5363794.451,1905313.816,505695.3752,0.615807285,1334.266351,1.201743829
742128.1288,5363794.451,1908592.135,505602.4132,0.609456482,1185.465002,1.792264266
743128.1288,5363794.451,1911870.435,505509.4494,0.500733053,1096.486684,1.522100898
744128.1288,5363794.451,1915148.715,505416.4838,0.468390807,342.7985782,0.120953042
745128.1288,5363794.451,1918426.976,505323.5164,0.305364628,53.65664845,0.005528377
746128.1288,5363794.451,1921705.216,505230.5472,0.219281498,359.900328,0.001826294
747128.1288,5363794.451,1924983.436,505137.5762,0.177271326,327.8646137,3.296682596
748128.1288,5363794.451,1928261.636,505044.6034,0.167104649,1922.691691,2.432048516
749128.1288,5363794.451,1931539.817,504951.6289,0.090940039,4753.882878,3.572469423
750128.1288,5363794.451,1934817.976,504858.6526,0.03161393,3435.286079,2.00312813
751128.1288,5363794.451,1938096.116,504765.6746,0.029986134,2915.643521,7.206421554
752128.1288,5363794.451,1941374.235,504672.6948,0.066402023,4563.364501,22.50381766
716128.1288,5362794.451,1823256.766,504740.0289,0.002446301,32.56939632,0.526398867
717128.1288,5362794.451,1826535.549,504647.1315,0.005516015,126.3470803,0.448501483
718128.1288,5362794.451,1829814.315,504554.2322,0.082450853,1658.825738,1.338549748
719128.1288,5362794.451,1833093.063,504461.3311,0.09113761,2146.179066,1.224866197
720128.1288,5362794.451,1836371.793,504368.4281,0.024609962,350.5899071,1.176319504
721128.1288,5362794.451,1839650.505,504275.5233,0.026628978,438.6246585,0.056972083
722128.1288,5362794.451,1842929.199,504182.6166,0.033370547,1169.051768,2.972576271
723128.1288,5362794.451,1846207.875,504089.7081,0.102494688,1983.870215,5.747941494
724128.1288,5362794.451,1849486.533,503996.7977,0.138678944,2425.417107,2.424507231
725128.1288,5362794.451,1852765.173,503903.8856,0.318968976,2632.336248,0.39318921
726128.1288,5362794.451,1856043.794,503810.9716,0.587309833,2652.24663,0
727128.1288,5362794.451,1859322.397,503718.0557,0.523562352,2865.312432,0
728128.1288,5362794.451,1862600.982,503625.1381,0.725542548,3816.270093,0
729128.1288,5362794.451,1865879.548,503532.2187,0.96535756,3836.085855,0
730128.1288,5362794.451,1869158.095,503439.2975,0.992002864,2096.024221,0
731128.1288,5362794.451,1872436.624,503346.3744,0.992836365,617.3202698,0
732128.1288,5362794.451,1875715.134,503253.4496,0.963456594,546.4615946,0
733128.1288,5362794.451,1878993.625,503160.523,0.964123328,1635.48423,0
734128.1288,5362794.451,1882272.097,503067.5947,0.968153907,2848.069242,0
735128.1288,5362794.451,1885550.55,502974.6645,0.977888299,4167.181338,0.064093783
736128.1288,5362794.451,1888828.984,502881.7326,0.982311487,4003.963928,0.106272034
737128.1288,5362794.451,1892107.399,502788.799,0.979730548,4293.080124,0.348909184
738128.1288,5362794.451,1895385.794,502695.8635,0.963404265,4363.364781,0.296001643
739128.1288,5362794.451,1898664.171,502602.9264,0.868441792,4035.20255,3.38E-15
740128.1288,5362794.451,1901942.527,502509.9875,0.643518958,4179.100948,0.845879715
741128.1288,5362794.451,1905220.865,502417.0468,0.500872854,3345.098525,0.8303488
742128.1288,5362794.451,1908499.182,502324.1044,0.48961317,2991.713791,1.419904872
743128.1288,5362794.451,1911777.48,502231.1603,0.329660798,2627.469622,1.231571456
744128.1288,5362794.451,1915055.759,502138.2145,0.266894586,1403.272263,0.077792486
745128.1288,5362794.451,1918334.017,502045.267,0.240171503,770.3644315,0.106914454
746128.1288,5362794.451,1921612.256,501952.3177,0.234624602,1094.700802,0.183561817
747128.1288,5362794.451,1924890.474,501859.3668,0.262785902,643.8350328,0
748128.1288,5362794.451,1928168.673,501766.4141,0.230315562,1733.767688,5.591848373
749128.1288,5362794.451,1931446.851,501673.4598,0.078144939,4149.686918,9.219613194
750128.1288,5362794.451,1934725.009,501580.5038,0.038192107,3518.723509,4.33749336
751128.1288,5362794.451,1938003.147,501487.5461,0.031714354,4692.801677,24.79277496
752128.1288,5362794.451,1941281.265,501394.5867,0.029653014,6562.230159,222.9567082
690128.1288,5361794.451,1737909.634,503875.469,0.810652447,890.8682962,0.075011554
691128.1288,5361794.451,1741188.846,503782.6375,0.915417195,1368.534731,0.119155586
692128.1288,5361794.451,1744468.043,503689.804,0.822436996,1677.246448,0
693128.1288,5361794.451,1747747.223,503596.9686,0.850236367,2033.082499,0
694128.1288,5361794.451,1751026.388,503504.1313,0.871658121,2982.883136,0
695128.1288,5361794.451,1754305.537,503411.2921,0.764787219,2270.725315,0
696128.1288,5361794.451,1757584.67,503318.451,0.75725893,1986.869343,0
697128.1288,5361794.451,1760863.788,503225.608,0.760768494,1976.772064,0.231496915
698128.1288,5361794.451,1764142.889,503132.7631,0.769425796,2074.467395,1.804783026
699128.1288,5361794.451,1767421.974,503039.9163,0.829756415,2677.092367,2.118351102
700128.1288,5361794.451,1770701.043,502947.0677,0.914374106,2998.765853,3.440898746
701128.1288,5361794.451,1773980.096,502854.2171,0.906500622,2999.168429,4.170261562
702128.1288,5361794.451,1777259.132,502761.3647,0.821075802,2661.779602,5.415924281
703128.1288,5361794.451,1780538.152,502668.5105,0.795780647,2624.716837,7.870234098
704128.1288,5361794.451,1783817.156,502575.6544,0.763231521,2613.160991,6.064937929
705128.1288,5361794.451,1787096.142,502482.7964,0.544789513,2418.731232,3.64686507
706128.1288,5361794.451,1790375.112,502389.9366,0.466268133,2890.83634,1.529869604
707128.1288,5361794.451,1793654.066,502297.0749,0.361705485,4140.402623,2.604624212
708128.1288,5361794.451,1796933.002,502204.2114,0.295394849,4844.839286,9.608308653
709128.1288,5361794.451,1800211.922,502111.3461,0.278576319,4787.925906,10.71055269
710128.1288,5361794.451,1803490.825,502018.4789,0.307088733,3417.931292,10.33657618
711128.1288,5361794.451,1806769.71,501925.6099,0.278171683,2111.052372,7.844735011
712128.1288,5361794.451,1810048.578,501832.7391,0.352158699,4110.150228,45.7014509
713128.1288,5361794.451,1813327.43,501739.8665,0.358082824,6237.592451,72.99891357
714128.1288,5361794.451,1816606.263,501646.9921,0.212066459,2946.74016,32.04327455
715128.1288,5361794.451,1819885.08,501554.1159,0.080414008,447.3449344,0.765747985
716128.1288,5361794.451,1823163.879,501461.2379,0.009124969,434.9061076,0.774837387
717128.1288,5361794.451,1826442.66,501368.3581,0.007022561,160.1983215,0.430889223
718128.1288,5361794.451,1829721.424,501275.4765,0.04409793,869.453518,0.520305391
719128.1288,5361794.451,1833000.17,501182.5931,0.113954202,2775.118761,1.942654847
720128.1288,5361794.451,1836278.898,501089.708,0.067042248,2378.22516,1.780774817
721128.1288,5361794.451,1839557.608,500996.8211,0.085249029,3007.567366,0.056972083
722128.1288,5361794.451,1842836.3,500903.9324,0.182373652,3788.408577,2.58772489
723128.1288,5361794.451,1846114.975,500811.042,0.361752322,3921.553083,4.906972647
724128.1288,5361794.451,1849393.631,500718.1498,0.4635138,3864.436874,2.424507231
725128.1288,5361794.451,1852672.269,500625.2559,0.367182099,3767.914874,0.39318921
726128.1288,5361794.451,1855950.888,500532.3602,0.480393491,3764.528041,0.075373508
727128.1288,5361794.451,1859229.489,500439.4628,0.671811055,3889.944961,0
728128.1288,5361794.451,1862508.072,500346.5637,0.871074591,4218.748541,0
729128.1288,5361794.451,1865786.637,500253.6628,0.931037352,3421.54791,0
730128.1288,5361794.451,1869065.182,500160.7603,0.969212302,2421.82474,0
731128.1288,5361794.451,1872343.709,500067.856,0.975080602,1021.899216,0
732128.1288,5361794.451,1875622.217,499974.95,0.926789216,1784.507289,0
733128.1288,5361794.451,1878900.707,499882.0423,0.903672125,1884.030794,0
734128.1288,5361794.451,1882179.177,499789.1329,0.907794946,2464.260164,0
735128.1288,5361794.451,1885457.628,499696.2218,0.95408254,4309.145697,0
736128.1288,5361794.451,1888736.061,499603.3091,0.979172161,3239.928363,0
737128.1288,5361794.451,1892014.474,499510.3946,0.979228477,2122.930758,0
738128.1288,5361794.451,1895292.868,499417.4785,0.868326767,1079.265913,0
739128.1288,5361794.451,1898571.242,499324.5607,0.722941741,1260.293003,0
740128.1288,5361794.451,1901849.597,499231.6413,0.654231935,3015.982869,1.1026088
741128.1288,5361794.451,1905127.933,499138.7202,0.401850485,3875.914541,0.941596955
742128.1288,5361794.451,1908406.249,499045.7974,0.33820917,4051.403937,0.353891819
743128.1288,5361794.451,1911684.545,498952.873,0.236133676,4352.173207,0.126331105
744128.1288,5361794.451,1914962.822,498859.947,0.273661423,4246.375821,0.073689697
745128.1288,5361794.451,1918241.079,498767.0193,0.307979568,1907.28384,0.142552605
746128.1288,5361794.451,1921519.316,498674.09,0.287754807,898.7968294,0.248435007
747128.1288,5361794.451,1924797.533,498581.159,0.186703982,164.9989067,0
748128.1288,5361794.451,1928075.729,498488.2265,0.150322847,1265.253965,5.318253716
749128.1288,5361794.451,1931353.906,498395.2924,0.07507369,4090.841673,7.860022736
750128.1288,5361794.451,1934632.063,498302.3566,0.018507017,3051.458957,4.737262249
751128.1288,5361794.451,1937910.199,498209.4192,0.01759693,4947.284153,50.383633
752128.1288,5361794.451,1941188.315,498116.4803,0.041028111,8010.704524,226.3930664
675128.1288,5360794.451,1688626.852,501988.2671,0.346151652,0.019350128,0
676128.1288,5360794.451,1691906.286,501895.4792,0.441071574,3.222424795,0
677128.1288,5360794.451,1695185.705,501802.6895,0.451240288,8.746448087,0
678128.1288,5360794.451,1698465.109,501709.8978,0.506372033,10.08549034,0
679128.1288,5360794.451,1701744.5,501617.1042,0.32629126,79.64018947,0
680128.1288,5360794.451,1705023.875,501524.3087,0.079737365,69.55914567,0
681128.1288,5360794.451,1708303.236,501431.5113,0.205032404,17.93121693,0
682128.1288,5360794.451,1711582.582,501338.712,0.40728247,2.993251869,0
683128.1288,5360794.451,1714861.914,501245.9109,0.393346012,0.023870262,0
684128.1288,5360794.451,1718141.23,501153.1078,0.312854889,0,0
685128.1288,5360794.451,1721420.532,501060.3029,0.262400289,0.00236751,0
686128.1288,5360794.451,1724699.818,500967.4961,0.284984356,0.700218818,0
687128.1288,5360794.451,1727979.089,500874.6875,0.428162428,4.226088541,0
688128.1288,5360794.451,1731258.345,500781.877,0.501255314,2.035714286,0
689128.1288,5360794.451,1734537.586,500689.0646,0.348389924,19.99052133,0
690128.1288,5360794.451,1737816.812,500596.2504,0.548263711,327.9241706,0.119155586
691128.1288,5360794.451,1741096.022,500503.4344,0.871094377,920.3009301,0.252460569
692128.1288,5360794.451,1744375.216,500410.6165,0.875138978,1495.8832,0.098400585
693128.1288,5360794.451,1747654.395,500317.7967,0.809402526,1234.417927,0.017816993
694128.1288,5360794.451,1750933.558,500224.9752,0.807351598,2000.807468,0.00106688
695128.1288,5360794.451,1754212.705,500132.1518,0.766841509,1755.853992,0
696128.1288,5360794.451,1757491.836,500039.3266,0.592323789,1751.209489,0.124383985
697128.1288,5360794.451,1760770.952,499946.4996,0.652129877,2668.653664,3.25425693
698128.1288,5360794.451,1764050.051,499853.6708,0.754222888,2967.059574,2.661038062
699128.1288,5360794.451,1767329.135,499760.8402,0.896490366,3015.288318,4.148163566
700128.1288,5360794.451,1770608.202,499668.0077,0.944309493,2342.720977,5.39686811
701128.1288,5360794.451,1773887.253,499575.1735,0.844116731,1833.412484,1.349346042
702128.1288,5360794.451,1777166.287,499482.3375,0.746358548,1893.936337,2.002450069
703128.1288,5360794.451,1780445.305,499389.4997,0.864958707,2692.10082,1.489814401
704128.1288,5360794.451,1783724.307,499296.6602,0.857290916,1821.219592,1.205794215
705128.1288,5360794.451,1787003.292,499203.8188,0.669947053,881.0406341,0
706128.1288,5360794.451,1790282.26,499110.9757,0.517994465,1379.273274,0.429270655
707128.1288,5360794.451,1793561.212,499018.1309,0.556860994,3120.851204,1.786685482
708128.1288,5360794.451,1796840.146,498925.2842,0.632420503,3315.35365,6.727903982
709128.1288,5360794.451,1800119.064,498832.4359,0.629006299,3498.957703,9.669626117
710128.1288,5360794.451,1803397.965,498739.5857,0.742725613,2550.067639,12.28536585
711128.1288,5360794.451,1806676.849,498646.7339,0.569374357,1901.849545,10.23705475
712128.1288,5360794.451,1809955.715,498553.8803,0.392511893,4123.985798,81.62310362
713128.1288,5360794.451,1813234.565,498461.0249,0.233630298,7332.4567,219.939792
714128.1288,5360794.451,1816513.397,498368.1679,0.123177773,5436.90576,167.9350032
715128.1288,5360794.451,1819792.211,498275.3091,0.079109251,2934.209078,35.47361059
716128.1288,5360794.451,1823071.008,498182.4486,0.025702536,1286.565986,1.100874998
717128.1288,5360794.451,1826349.788,498089.5864,0.016988242,411.6325378,0.078052208
718128.1288,5360794.451,1829628.55,497996.7225,0.011199767,1201.06421,0.11002361
719128.1288,5360794.451,1832907.294,497903.8569,0.105832079,4371.689379,2.01876819
720128.1288,5360794.451,1836186.021,497810.9896,0.110056787,4589.690177,2.621931865
721128.1288,5360794.451,1839464.729,497718.1207,0.092445588,3723.500911,2.52770464
722128.1288,5360794.451,1842743.42,497625.25,0.168494909,2645.11725,1.855276215
723128.1288,5360794.451,1846022.092,497532.3776,0.255351688,1382.33382,3.924833198
724128.1288,5360794.451,1849300.747,497439.5036,0.289765434,1035.132385,2.424507231
725128.1288,5360794.451,1852579.383,497346.628,0.165249541,914.5814208,0.075373508
726128.1288,5360794.451,1855858.001,497253.7506,0.241562706,850.875592,0
727128.1288,5360794.451,1859136.6,497160.8716,0.389745097,1125.309472,0
728128.1288,5360794.451,1862415.182,497067.991,0.547965571,1790.299507,0
729128.1288,5360794.451,1865693.744,496975.1087,0.801127801,2273.451525,0
730128.1288,5360794.451,1868972.288,496882.2248,0.93254616,1881.037726,0
731128.1288,5360794.451,1872250.813,496789.3392,0.8701877,1805.498908,0
732128.1288,5360794.451,1875529.32,496696.4521,0.853694893,2549.663814,0
733128.1288,5360794.451,1878807.808,496603.5633,0.883558002,1275.104486,0
734128.1288,5360794.451,1882086.276,496510.6728,0.872825321,1877.593248,0
735128.1288,5360794.451,1885364.726,496417.7808,0.941860463,3660.17135,0.0195348
736128.1288,5360794.451,1888643.157,496324.8872,0.927485215,1781.495901,0.013398491
737128.1288,5360794.451,1891921.568,496231.9919,0.732817468,1065.876503,0.007262181
738128.1288,5360794.451,1895199.96,496139.0951,0.532559751,214.6755969,0
739128.1288,5360794.451,1898478.333,496046.1967,0.514669675,292.4118505,0
740128.1288,5360794.451,1901756.687,495953.2967,0.532323621,755.8653039,1.1026088
741128.1288,5360794.451,1905035.021,495860.3951,0.233278228,1136.260077,0.51703152
742128.1288,5360794.451,1908313.335,495767.492,0.15528242,1470.915118,0.21702996
743128.1288,5360794.451,1911591.63,495674.5873,0.122859574,2946.313354,0.437105953
744128.1288,5360794.451,1914869.905,495581.681,0.117440627,5015.555475,6.41023147
745128.1288,5360794.451,1918148.16,495488.7732,0.13917168,3087.69703,1.637398534
746128.1288,5360794.451,1921426.396,495395.8638,0.144364752,360.1321787,0.367123634
747128.1288,5360794.451,1924704.611,495302.9529,0.145490358,26.38465743,0
748128.1288,5360794.451,1927982.806,495210.0405,0.126075851,484.4847878,2.075942039
749128.1288,5360794.451,1931260.981,495117.1265,0.037940352,3732.645708,4.526417593
750128.1288,5360794.451,1934539.136,495024.211,0.005720331,4853.430004,3.68378214
751128.1288,5360794.451,1937817.271,494931.294,0.057951073,5716.205502,37.66216213
752128.1288,5360794.451,1941095.385,494838.3755,0.068390901,8049.701194,103.8920025
676128.1288,5359794.451,1691813.504,498616.0539,0.403237653,175.3442623,0
677128.1288,5359794.451,1695092.921,498523.2785,0.421324585,207.6869423,0
678128.1288,5359794.451,1698372.324,498430.5013,0.540960284,194.3601239,0
679128.1288,5359794.451,1701651.712,498337.7222,0.521885229,119.9166667,0
680128.1288,5359794.451,1704931.086,498244.9413,0.120744494,1.292259949,0
681128.1288,5359794.451,1708210.445,498152.1586,0.184617235,0,0
682128.1288,5359794.451,1711489.789,498059.3741,0.319335901,0,0
683128.1288,5359794.451,1714769.119,497966.5878,0.196709602,0.181602914,0
684128.1288,5359794.451,1718048.434,497873.7997,0.359443264,5.376911872,0
685128.1288,5359794.451,1721327.733,497781.0098,0.364294947,35.33934755,0.064274758
686128.1288,5359794.451,1724607.018,497688.2182,0.305865212,147.6419708,0
687128.1288,5359794.451,1727886.287,497595.4247,0.394142306,182.276359,0
688128.1288,5359794.451,1731165.542,497502.6294,0.381803603,170.5979231,0
689128.1288,5359794.451,1734444.781,497409.8324,0.29383735,117.0306011,0
690128.1288,5359794.451,1737724.004,497317.0336,0.376294491,97.07999271,0
691128.1288,5359794.451,1741003.212,497224.2331,0.689673131,556.9333212,0
692128.1288,5359794.451,1744282.405,497131.4308,0.841693703,1428.483953,0.133165004
693128.1288,5359794.451,1747561.582,497038.6267,0.750349772,1501.367202,0.00878851
694128.1288,5359794.451,1750840.743,496945.8209,0.748425546,1760.184902,0.237946187
695128.1288,5359794.451,1754119.889,496853.0133,0.691829592,1902.600073,2.265117794
696128.1288,5359794.451,1757399.018,496760.204,0.684016473,1891.661079,1.943210074
697128.1288,5359794.451,1760678.132,496667.393,0.738594624,2389.663509,2.182091567
698128.1288,5359794.451,1763957.23,496574.5803,0.78179742,2118.763206,2.470934145
699128.1288,5359794.451,1767236.311,496481.7658,0.855485443,1361.230363,0.210746273
700128.1288,5359794.451,1770515.377,496388.9496,0.911517427,871.2503186,0
701128.1288,5359794.451,1773794.426,496296.1317,0.829663302,1158.001458,0
702128.1288,5359794.451,1777073.458,496203.3121,0.767486343,2346.108902,2.960065365
703128.1288,5359794.451,1780352.475,496110.4908,0.828922038,3613.519227,2.084028661
704128.1288,5359794.451,1783631.475,496017.6677,0.647784576,2642.430837,1.207991958
705128.1288,5359794.451,1786910.458,495924.843,0.509707899,1656.416758,0
706128.1288,5359794.451,1790189.425,495832.0166,0.453877684,2017.767984,1.597940117
707128.1288,5359794.451,1793468.374,495739.1886,0.491602336,2835.001642,2.930405691
708128.1288,5359794.451,1796747.307,495646.3588,0.598024932,1934.369823,2.06358121
709128.1288,5359794.451,1800026.223,495553.5274,0.690231436,2008.93275,2.062392277
710128.1288,5359794.451,1803305.123,495460.6943,0.664286385,1564.61701,1.568068516
711128.1288,5359794.451,1806584.005,495367.8596,0.520731057,1122.22285,0.137387026
712128.1288,5359794.451,1809862.869,495275.0231,0.455389741,2253.640904,27.79776661
713128.1288,5359794.451,1813141.717,495182.1851,0.438202082,4983.488686,152.3599869
714128.1288,5359794.451,1816420.547,495089.3454,0.274476871,7177.562306,87.88653088
715128.1288,5359794.451,1819699.36,494996.5041,0.108104488,6302.837464,40.01157855
716128.1288,5359794.451,1822978.156,494903.6611,0.037090702,4615.468841,11.85169233
717128.1288,5359794.451,1826256.934,494810.8165,0.015234622,2754.634542,4.490806321
718128.1288,5359794.451,1829535.694,494717.9703,0.019767468,3269.319242,1.498482764
719128.1288,5359794.451,1832814.437,494625.1224,0.078517563,4977.159737,2.365772769
720128.1288,5359794.451,1836093.161,494532.273,0.057339407,3223.934683,2.554155743
721128.1288,5359794.451,1839371.868,494439.4219,0.029244421,1471.774194,1.552956887
722128.1288,5359794.451,1842650.557,494346.5692,0.03979455,438.4614543,0.337430488
723128.1288,5359794.451,1845929.228,494253.715,0.057022982,105.2616141,0.106604494
724128.1288,5359794.451,1849207.881,494160.8591,0.040132901,68.23596939,0.04019947
725128.1288,5359794.451,1852486.516,494068.0017,0.070751578,85.64983595,0.04019947
726128.1288,5359794.451,1855765.132,493975.1427,0.147098638,343.8819027,0
727128.1288,5359794.451,1859043.73,493882.2821,0.138314934,516.012935,0
728128.1288,5359794.451,1862322.309,493789.4199,0.208373905,1215.720663,0.112540327
729128.1288,5359794.451,1865600.87,493696.5562,0.636070072,2225.343665,0.060092233
730128.1288,5359794.451,1868879.413,493603.6909,0.879058328,1829.797595,0.007644139
731128.1288,5359794.451,1872157.936,493510.8241,0.787142669,1120.62434,0
732128.1288,5359794.451,1875436.441,493417.9557,0.841077141,1505.331754,0
733128.1288,5359794.451,1878714.927,493325.0858,0.858667967,1281.508475,0
734128.1288,5359794.451,1881993.395,493232.2144,0.847824711,2531.457299,0
735128.1288,5359794.451,1885271.843,493139.3414,0.842456948,2868.064163,0.012316113
736128.1288,5359794.451,1888550.272,493046.4669,0.750893564,1485.400583,0.009192965
737128.1288,5359794.451,1891828.682,492953.5909,0.505014662,765.8713088,0.00487745
738128.1288,5359794.451,1895107.072,492860.7133,0.241957672,321.2046283,0.01092277
739128.1288,5359794.451,1898385.444,492767.8343,0.380781223,386.3762539,0
740128.1288,5359794.451,1901663.796,492674.9537,0.313877429,429.5155937,0
741128.1288,5359794.451,1904942.128,492582.0717,0.157249605,344.3653285,0.092466084
742128.1288,5359794.451,1908220.441,492489.1882,0.157383973,1406.989241,0.09541825
743128.1288,5359794.451,1911498.734,492396.3032,0.058851202,2179.683588,0.415525165
744128.1288,5359794.451,1914777.008,492303.4167,0.033000333,4600.189401,9.578502357
745128.1288,5359794.451,1918055.262,492210.5287,0.040482621,5520.195184,13.37365581
746128.1288,5359794.451,1921333.495,492117.6393,0.048290072,2362.98942,0.320801187
747128.1288,5359794.451,1924611.709,492024.7484,0.100029025,265.0601751,0.006135309
748128.1288,5359794.451,1927889.903,491931.856,0.090953614,285.059177,2.770613611
749128.1288,5359794.451,1931168.077,491838.9622,0.007699783,3253.6411,2.334626079
750128.1288,5359794.451,1934446.23,491746.067,0.018053389,6559.509111,2.186813593
751128.1288,5359794.451,1937724.363,491653.1703,0.049174927,7721.333637,7.029414334
752128.1288,5359794.451,1941002.476,491560.2722,0.049506603,6801.424542,9.533533719
676128.1288,5358794.451,1691720.737,495336.6305,0.434328486,215.0209586,0
677128.1288,5358794.451,1695000.152,495243.8694,0.255220338,158.3462801,0
678128.1288,5358794.451,1698279.553,495151.1066,0.389566012,232.6931632,0
679128.1288,5358794.451,1701558.94,495058.3421,0.622706738,233.9615455,0
680128.1288,5358794.451,1704838.312,494965.5758,0.336215851,31.44033522,0
681128.1288,5358794.451,1708117.669,494872.8078,0.201755537,0.618049225,0
682128.1288,5358794.451,1711397.011,494780.0381,0.257097332,15.54436145,0
683128.1288,5358794.451,1714676.339,494687.2666,0.350243843,114.6212425,0
684128.1288,5358794.451,1717955.652,494594.4935,0.549070118,190.6042654,0
685128.1288,5358794.451,1721234.95,494501.7186,0.508831084,217.68865,0.064274758
686128.1288,5358794.451,1724514.233,494408.942,0.399781415,210.2082801,0
687128.1288,5358794.451,1727793.501,494316.1637,0.412697965,194.3321168,0
688128.1288,5358794.451,1731072.753,494223.3837,0.363260619,196.4110038,0
689128.1288,5358794.451,1734351.99,494130.602,0.319950846,211.2302368,0
690128.1288,5358794.451,1737631.212,494037.8186,0.331488307,220.89816,0
691128.1288,5358794.451,1740910.419,493945.0336,0.531688739,331.498725,0
692128.1288,5358794.451,1744189.61,493852.2468,0.633647652,610.8028478,0
693128.1288,5358794.451,1747468.785,493759.4584,0.644349014,1152.436998,0.013455485
694128.1288,5358794.451,1750747.944,493666.6684,0.712398923,1504.574084,0.325878029
695128.1288,5358794.451,1754027.088,493573.8766,0.813857601,1872.421101,1.232431646
696128.1288,5358794.451,1757306.216,493481.0832,0.851809853,1434.808526,1.533197592
697128.1288,5358794.451,1760585.328,493388.2882,0.807155713,1013.829082,0.27163139
698128.1288,5358794.451,1763864.424,493295.4915,0.636967664,1126.597481,0
699128.1288,5358794.451,1767143.504,493202.6932,0.693501424,1185.158336,0
700128.1288,5358794.451,1770422.568,493109.8932,0.828416561,793.2726444,0
701128.1288,5358794.451,1773701.615,493017.0916,0.89507238,1041.619603,0
702128.1288,5358794.451,1776980.646,492924.2883,0.945947909,1352.5593,0
703128.1288,5358794.451,1780259.661,492831.4835,0.834971798,1334.393768,0
704128.1288,5358794.451,1783538.659,492738.677,0.647888134,1327.769006,0
705128.1288,5358794.451,1786817.641,492645.8689,0.52346268,1559.455805,0
706128.1288,5358794.451,1790096.606,492553.0592,0.590312951,1805.349736,0
707128.1288,5358794.451,1793375.554,492460.248,0.655263436,1710.688549,3.456384182
708128.1288,5358794.451,1796654.485,492367.4351,0.628772399,902.3217867,0.004211525
709128.1288,5358794.451,1799933.4,492274.6206,0.686049266,1066.478863,0.416753381
710128.1288,5358794.451,1803212.297,492181.8045,0.712251212,1923.197922,0.26764565
711128.1288,5358794.451,1806491.178,492088.9869,0.652151694,1510.209146,0.333931901
712128.1288,5358794.451,1809770.041,491996.1677,0.636417215,695.8987434,1.840663165
713128.1288,5358794.451,1813048.887,491903.3469,0.550664155,1693.766497,2.10182476
714128.1288,5358794.451,1816327.716,491810.5245,0.434894262,4377.892375,7.587704182
715128.1288,5358794.451,1819606.527,491717.7006,0.281937805,5904.935472,14.74357414
716128.1288,5358794.451,1822885.321,491624.8752,0.205792809,6608.60845,15.62405682
717128.1288,5358794.451,1826164.097,491532.0482,0.087128143,6594.190528,7.634679993
718128.1288,5358794.451,1829442.856,491439.2196,0.078931063,5825.328657,2.481884301
719128.1288,5358794.451,1832721.597,491346.3895,0.088002372,4933.808142,2.530404824
720128.1288,5358794.451,1836000.32,491253.5579,0.036287871,2416.694216,1.659819709
721128.1288,5358794.451,1839279.025,491160.7248,0.024737368,1391.838833,0.755095418
722128.1288,5358794.451,1842557.713,491067.8901,0.044191304,506.6282332,0.256687585
723128.1288,5358794.451,1845836.382,490975.0539,0.070401789,384.8906905,0.147242412
724128.1288,5358794.451,1849115.033,490882.2162,0.037772587,396.1431955,0.025127836
725128.1288,5358794.451,1852393.667,490789.377,0.037129719,458.6652682,0.028895744
726128.1288,5358794.451,1855672.281,490696.5363,0.056439324,792.7242701,0
727128.1288,5358794.451,1858950.878,490603.6941,0.051270614,927.8063752,0
728128.1288,5358794.451,1862229.456,490510.8504,0.204265072,1083.509836,0.075120538
729128.1288,5358794.451,1865508.015,490418.0053,0.517017847,1235.472207,0.065101668
730128.1288,5358794.451,1868786.556,490325.1586,0.685263723,916.1522056,0.007644139
731128.1288,5358794.451,1872065.078,490232.3105,0.735031034,505.8516153,0
732128.1288,5358794.451,1875343.582,490139.461,0.859228384,168.321969,0
733128.1288,5358794.451,1878622.066,490046.6099,0.769023206,777.1373156,0
734128.1288,5358794.451,1881900.532,489953.7574,0.811157267,1692.048652,0
735128.1288,5358794.451,1885178.979,489860.9035,0.673505194,1999.760759,0
736128.1288,5358794.451,1888457.406,489768.0481,0.433953998,1575.18074,0.00487745
737128.1288,5358794.451,1891735.815,489675.1913,0.427160873,1082.960255,0.01092277
738128.1288,5358794.451,1895014.204,489582.333,0.395522888,646.4797814,0.01092277
739128.1288,5358794.451,1898292.574,489489.4734,0.39078161,651.9451231,0
740128.1288,5358794.451,1901570.924,489396.6123,0.325026946,505.9759344,0
741128.1288,5358794.451,1904849.255,489303.7497,0.25745024,371.6653909,0
742128.1288,5358794.451,1908127.567,489210.8858,0.133213008,1140.002186,0
743128.1288,5358794.451,1911405.858,489118.0205,0.024269449,1401.489342,0
744128.1288,5358794.451,1914684.131,489025.1538,0.017529435,2598.924394,0
745128.1288,5358794.451,1917962.383,488932.2856,0.054918389,5072.952069,3.907693942
746128.1288,5358794.451,1921240.615,488839.4161,0.087339595,5070.275598,2.916336218
747128.1288,5358794.451,1924518.828,488746.5453,0.070685978,2887.245943,2.228003053
748128.1288,5358794.451,1927797.02,488653.673,0.031606588,2597.5409,1.981281757
749128.1288,5358794.451,1931075.192,488560.7994,0.006134322,2769.811988,2.106219967
750128.1288,5358794.451,1934353.344,488467.9244,0.018655051,5629.524504,16.8135321
751128.1288,5358794.451,1937631.476,488375.048,0.036048398,7451.991607,20.03408364
752128.1288,5358794.451,1940909.587,488282.1703,0.032250096,5881.499292,18.41635003
677128.1288,5357794.451,1694907.397,491964.4621,0.442069026,0.537577526,0
678128.1288,5357794.451,1698186.797,491871.7137,0.423884305,135.6815112,0
679128.1288,5357794.451,1701466.181,491778.9637,0.593992333,224.8883221,0
680128.1288,5357794.451,1704745.552,491686.212,0.410644933,25.07853499,0
681128.1288,5357794.451,1708024.907,491593.4587,0.342661074,129.3778021,0
682128.1288,5357794.451,1711304.248,491500.7037,0.548782737,206.3708295,0
683128.1288,5357794.451,1714583.574,491407.9471,0.575437447,217.733528,0
684128.1288,5357794.451,1717862.886,491315.1889,0.526429046,184.7055606,0
685128.1288,5357794.451,1721142.182,491222.429,0.353012801,106.1549244,0.064274758
686128.1288,5357794.451,1724421.463,491129.6675,0.327918847,19.12955539,0
687128.1288,5357794.451,1727700.729,491036.9044,0.327299281,1.244306795,0
688128.1288,5357794.451,1730979.98,490944.1396,0.340580798,5.68099836,0
689128.1288,5357794.451,1734259.216,490851.3733,0.337839788,18.63873201,0
690128.1288,5357794.451,1737538.436,490758.6053,0.324488747,48.91601385,0
691128.1288,5357794.451,1740817.641,490665.8357,0.399466273,179.1709495,0
692128.1288,5357794.451,1744096.83,490573.0646,0.473875907,177.6083546,0
693128.1288,5357794.451,1747376.003,490480.2918,0.432555095,139.9566089,0
694128.1288,5357794.451,1750655.161,490387.5175,0.589392181,512.9959913,0.121610299
695128.1288,5357794.451,1753934.304,490294.7416,0.71566562,657.4320335,0.199745499
696128.1288,5357794.451,1757213.43,490201.9641,0.763933063,335.1069606,0.277880698
697128.1288,5357794.451,1760492.54,490109.185,0.752057219,54.83017493,0
698128.1288,5357794.451,1763771.635,490016.4043,0.63614567,318.9275812,0
699128.1288,5357794.451,1767050.713,489923.6221,0.70238073,1089.604927,0
700128.1288,5357794.451,1770329.775,489830.8384,0.904239055,1386.849362,0
701128.1288,5357794.451,1773608.821,489738.0531,0.937807215,692.0102004,0
702128.1288,5357794.451,1776887.85,489645.2662,0.912261548,657.8861774,0
703128.1288,5357794.451,1780166.864,489552.4778,0.732627768,715.8905908,0
704128.1288,5357794.451,1783445.86,489459.6879,0.503192057,487.7522819,0
705128.1288,5357794.451,1786724.84,489366.8964,0.578424566,1092.176428,0
706128.1288,5357794.451,1790003.804,489274.1034,0.63987553,1132.583349,0
707128.1288,5357794.451,1793282.75,489181.3089,0.629995443,494.7103825,0
708128.1288,5357794.451,1796561.68,489088.5129,0.645683661,108.5042829,0
709128.1288,5357794.451,1799840.593,488995.7154,0.646154033,65.61374408,0.55131489
710128.1288,5357794.451,1803119.489,488902.9163,0.794845412,844.3147236,0.32027892
711128.1288,5357794.451,1806398.368,488810.1158,0.904681973,820.2748314,0.333931901
712128.1288,5357794.451,1809677.229,488717.3138,0.833937451,54.12449872,1.229438181
713128.1288,5357794.451,1812956.074,488624.5103,0.717464734,203.3284126,1.216849189
714128.1288,5357794.451,1816234.901,488531.7052,0.514839637,1269.634791,4.054748371
715128.1288,5357794.451,1819513.711,488438.8988,0.340329389,2931.701895,7.307634577
716128.1288,5357794.451,1822792.503,488346.0908,0.327290492,5296.925109,19.8432921
717128.1288,5357794.451,1826071.278,488253.2814,0.187154794,6800.878827,26.16073777
718128.1288,5357794.451,1829350.035,488160.4705,0.121451412,6241.214325,17.84803853
719128.1288,5357794.451,1832628.775,488067.6582,0.062674256,4590.98979,3.731239191
720128.1288,5357794.451,1835907.497,487974.8444,0.080157462,2661.121969,1.634786206
721128.1288,5357794.451,1839186.201,487882.0291,0.059141182,721.116008,0.696507505
722128.1288,5357794.451,1842464.886,487789.2125,0.123583559,556.9145875,0.052870377
723128.1288,5357794.451,1845743.554,487696.3943,0.171005882,884.1672741,0.147242412
724128.1288,5357794.451,1849022.204,487603.5748,0.123452878,812.9008204,0.011728012
725128.1288,5357794.451,1852300.836,487510.7538,0.090823621,990.7532847,0.008796009
726128.1288,5357794.451,1855579.449,487417.9314,0.079875339,947.5949298,0
727128.1288,5357794.451,1858858.044,487325.1076,0.097042353,964.1265938,0
728128.1288,5357794.451,1862136.621,487232.2824,0.221471087,1036.741659,0.075120538
729128.1288,5357794.451,1865415.179,487139.4558,0.383267906,913.6268439,0.075120538
730128.1288,5357794.451,1868693.718,487046.6278,0.470158247,578.0089335,0
731128.1288,5357794.451,1871972.239,486953.7984,0.558922176,311.4990883,0
732128.1288,5357794.451,1875250.741,486860.9676,0.699408896,142.8859489,0
733128.1288,5357794.451,1878529.224,486768.1355,0.594579988,94.4726477,0
734128.1288,5357794.451,1881807.688,486675.302,0.56698117,821.3560372,0
735128.1288,5357794.451,1885086.133,486582.467,0.514360482,1523.167061,0
736128.1288,5357794.451,1888364.56,486489.6308,0.210296058,1678.893307,0
737128.1288,5357794.451,1891642.967,486396.7932,0.203114953,1157.352383,0.061881032
738128.1288,5357794.451,1894921.355,486303.9542,0.297333066,518.6498267,0
739128.1288,5357794.451,1898199.723,486211.1139,0.254948648,290.8038286,0
740128.1288,5357794.451,1901478.072,486118.2722,0.256224641,329.7081436,0
741128.1288,5357794.451,1904756.402,486025.4292,0.348748053,214.7736468,0
742128.1288,5357794.451,1908034.712,485932.5849,0.262078011,205.8829748,0
743128.1288,5357794.451,1911313.002,485839.7392,0.090239251,745.9547363,0
744128.1288,5357794.451,1914591.273,485746.8923,0.014044905,926.7052497,0
745128.1288,5357794.451,1917869.524,485654.044,0.030732734,2076.048825,1.297012687
746128.1288,5357794.451,1921147.755,485561.1944,0.053170059,5648.552133,2.120324183
747128.1288,5357794.451,1924425.966,485468.3435,0.039554625,6736.617079,3.917227497
748128.1288,5357794.451,1927704.157,485375.4913,0.027590764,5555.791249,1.526628777
749128.1288,5357794.451,1930982.328,485282.6379,0.009565284,4326.883403,0.179783747
750128.1288,5357794.451,1934260.479,485189.7831,0.008146642,5907.199526,28.10868317
751128.1288,5357794.451,1937538.609,485096.9271,0.052029173,7491.122858,38.07363876
752128.1288,5357794.451,1940816.719,485004.0698,0.062705459,5185.294717,9.576999187
678128.1288,5356794.451,1698094.055,488592.3225,0.634692129,110.8380449,0
679128.1288,5356794.451,1701373.438,488499.587,0.533242962,157.366934,0
680128.1288,5356794.451,1704652.807,488406.8499,0.574481849,158.2928962,0
681128.1288,5356794.451,1707932.161,488314.1112,0.665586992,210.5556365,0
682128.1288,5356794.451,1711211.5,488221.371,0.630153591,169.1020966,0
683128.1288,5356794.451,1714490.824,488128.6293,0.592847311,40.30082042,0
684128.1288,5356794.451,1717770.134,488035.8859,0.430149296,3.407738638,0
685128.1288,5356794.451,1721049.429,487943.1411,0.246586351,0.094057601,0
686128.1288,5356794.451,1724328.708,487850.3946,0.364868236,0,0
687128.1288,5356794.451,1727607.973,487757.6467,0.499977623,0,0
688128.1288,5356794.451,1730887.222,487664.8972,0.462629507,0,0
689128.1288,5356794.451,1734166.456,487572.1461,0.436402555,0.370072993,0
690128.1288,5356794.451,1737445.675,487479.3936,0.477863765,110.8968283,0
691128.1288,5356794.451,1740724.878,487386.6395,0.427940056,258.5418414,0
692128.1288,5356794.451,1744004.066,487293.8839,0.385473061,135.9519038,0
693128.1288,5356794.451,1747283.238,487201.1268,0.348299124,0.828868234,0
694128.1288,5356794.451,1750562.394,487108.3682,0.396500871,4.50665694,0
695128.1288,5356794.451,1753841.535,487015.6081,0.482905117,12.40991977,0
696128.1288,5356794.451,1757120.66,486922.8465,0.513556206,3.12620828,0
697128.1288,5356794.451,1760399.768,486830.0834,0.644078679,58.71058866,0
698128.1288,5356794.451,1763678.861,486737.3188,0.675163867,419.875,0
699128.1288,5356794.451,1766957.938,486644.5527,0.722046882,992.3803099,0
700128.1288,5356794.451,1770236.999,486551.7852,0.938000259,1462.608047,0
701128.1288,5356794.451,1773516.043,486459.0161,0.929473225,426.3860033,0
702128.1288,5356794.451,1776795.071,486366.2457,0.764958738,538.5667153,0
703128.1288,5356794.451,1780074.083,486273.4737,0.583655938,1702.796975,0
704128.1288,5356794.451,1783353.078,486180.7003,0.623363072,1508.746944,0
705128.1288,5356794.451,1786632.056,486087.9255,0.816092535,1040.125821,0
706128.1288,5356794.451,1789911.018,485995.1492,0.864185739,399.5035513,0
707128.1288,5356794.451,1793189.963,485902.3714,0.689873959,567.3322398,0
708128.1288,5356794.451,1796468.892,485809.5923,0.759114075,871.9447987,0
709128.1288,5356794.451,1799747.803,485716.8117,0.785468586,520.0845635,0
710128.1288,5356794.451,1803026.698,485624.0296,0.840409139,726.4695255,0
711128.1288,5356794.451,1806305.575,485531.2462,0.910760942,792.4231471,0
712128.1288,5356794.451,1809584.435,485438.4614,0.927907705,382.1385345,0.006988213
713128.1288,5356794.451,1812863.278,485345.6751,0.858569438,67.7835277,0.331873619
714128.1288,5356794.451,1816142.104,485252.8874,0.571465365,95.49854281,0.291025892
715128.1288,5356794.451,1819420.913,485160.0984,0.326253588,1098.600875,1.921002787
716128.1288,5356794.451,1822699.704,485067.3079,0.352993483,3564.42453,4.480828571
717128.1288,5356794.451,1825978.477,484974.5161,0.33543415,6060.361481,24.6811238
718128.1288,5356794.451,1829257.233,484881.7228,0.196017385,6296.262573,20.80889425
719128.1288,5356794.451,1832535.971,484788.9283,0.089992048,4025.723912,2.612948462
720128.1288,5356794.451,1835814.691,484696.1323,0.128283707,1093.748268,1.289182102
721128.1288,5356794.451,1839093.394,484603.3349,0.064390865,127.0592309,0
722128.1288,5356794.451,1842372.078,484510.5363,0.1501196,385.6276441,0
723128.1288,5356794.451,1845650.745,484417.7362,0.152263901,464.9451131,0
724128.1288,5356794.451,1848929.393,484324.9348,0.079988582,278.9395484,0.015292777
725128.1288,5356794.451,1852208.023,484232.1321,0.117079085,650.6786885,0.015292777
726128.1288,5356794.451,1855486.635,484139.328,0.112495261,858.0477318,0.028922742
727128.1288,5356794.451,1858765.229,484046.5226,0.147973968,767.1018586,0.028922742
728128.1288,5356794.451,1862043.804,483953.7158,0.19429355,1026.29355,0.015951203
729128.1288,5356794.451,1865322.361,483860.9078,0.290730369,874.6282799,0.027722877
730128.1288,5356794.451,1868600.899,483768.0984,0.192387048,211.5837434,0
731128.1288,5356794.451,1871879.418,483675.2877,0.159717707,78.07310848,0
732128.1288,5356794.451,1875157.919,483582.4757,0.403519189,387.9418414,0.002116762
733128.1288,5356794.451,1878436.401,483489.6624,0.4432394,666.2220805,0.723645025
734128.1288,5356794.451,1881714.863,483396.8478,0.298392992,824.0411583,0.542823195
735128.1288,5356794.451,1884993.307,483304.032,0.298722065,1658.234415,0.673945069
736128.1288,5356794.451,1888271.732,483211.2148,0.138644068,1853.918505,0.586435459
737128.1288,5356794.451,1891550.138,483118.3964,0.121313835,1279.541522,0.159717011
738128.1288,5356794.451,1894828.525,483025.5767,0.118287825,358.7096245,0.061881032
739128.1288,5356794.451,1898106.892,482932.7557,0.036096668,3.951747997,0
740128.1288,5356794.451,1901385.24,482839.9335,0.111308263,86.1189652,0
741128.1288,5356794.451,1904663.568,482747.11,0.184927242,70.875,0
742128.1288,5356794.451,1907941.877,482654.2853,0.246350855,180.9567518,0
743128.1288,5356794.451,1911220.166,482561.4593,0.146540887,656.2906108,0.228249285
744128.1288,5356794.451,1914498.435,482468.6321,0.039846309,1739.342748,1.251331598
745128.1288,5356794.451,1917776.685,482375.8036,0.03774742,3267.142441,3.429055834
746128.1288,5356794.451,1921054.915,482282.974,0.036627334,5880.266399,5.121753534
747128.1288,5356794.451,1924333.125,482190.1431,0.042191407,6527.414936,3.570620112
748128.1288,5356794.451,1927611.314,482097.311,0.028304846,5609.620803,1.443270832
749128.1288,5356794.451,1930889.484,482004.4776,0.014381577,6186.052728,8.503643911
750128.1288,5356794.451,1934167.634,481911.6431,0.064915199,7132.283658,23.97242473
751128.1288,5356794.451,1937445.763,481818.8074,0.083673075,5498.926749,16.09608518
679128.1288,5355794.451,1701280.709,485220.2118,0.643362981,294.7468562,0
680128.1288,5355794.451,1704560.076,485127.4893,0.797887513,207.5421072,0
681128.1288,5355794.451,1707839.428,485034.7653,0.64953492,101.4102004,0
682128.1288,5355794.451,1711118.766,484942.0399,0.408014466,1.539905248,0
683128.1288,5355794.451,1714398.089,484849.313,0.623961104,0.004559548,0
684128.1288,5355794.451,1717677.397,484756.5846,0.521242279,0,0
685128.1288,5355794.451,1720956.69,484663.8547,0.334106376,0,0
686128.1288,5355794.451,1724235.969,484571.1233,0.633362437,0,0
687128.1288,5355794.451,1727515.232,484478.3905,0.801854752,0,0
688128.1288,5355794.451,1730794.479,484385.6563,0.663479669,0,0
689128.1288,5355794.451,1734073.712,484292.9205,0.662395959,42.04818398,0
690128.1288,5355794.451,1737352.929,484200.1834,0.7452181,195.2434751,0
691128.1288,5355794.451,1740632.131,484107.4448,0.539962371,309.6090047,0
692128.1288,5355794.451,1743911.317,484014.7048,0.433832724,85.23515483,0
693128.1288,5355794.451,1747190.488,483921.9633,0.322740985,0,0
694128.1288,5355794.451,1750469.643,483829.2204,0.351225895,0,0
695128.1288,5355794.451,1753748.782,483736.4761,0.449374954,0,0
696128.1288,5355794.451,1757027.905,483643.7304,0.569973936,0,0
697128.1288,5355794.451,1760307.013,483550.9832,0.684618475,205.3555556,0
698128.1288,5355794.451,1763586.104,483458.2347,0.714728042,915.9517216,0
699128.1288,5355794.451,1766865.179,483365.4847,0.804996481,1366.601604,0
700128.1288,5355794.451,1770144.238,483272.7334,0.969586446,1441.810973,0
701128.1288,5355794.451,1773423.281,483179.9807,0.950864491,939.0195327,0
702128.1288,5355794.451,1776702.308,483087.2265,0.806587903,1726.537003,0
703128.1288,5355794.451,1779981.318,482994.471,0.809531291,1977.37006,0
704128.1288,5355794.451,1783260.312,482901.7142,0.918979463,944.3879373,0
705128.1288,5355794.451,1786539.289,482808.9559,0.946619167,190.743029,0
706128.1288,5355794.451,1789818.249,482716.1963,0.878573652,6.172376093,0
707128.1288,5355794.451,1793097.193,482623.4354,0.80665303,156.6970856,0
708128.1288,5355794.451,1796376.12,482530.6731,0.832526016,941.2741024,0.117356777
709128.1288,5355794.451,1799655.03,482437.9094,0.843620672,890.5764041,0
710128.1288,5355794.451,1802933.923,482345.1444,0.851615925,875.067639,0
711128.1288,5355794.451,1806212.799,482252.378,0.834931304,626.476121,0
712128.1288,5355794.451,1809491.658,482159.6103,0.763883864,350.8513932,0
713128.1288,5355794.451,1812770.5,482066.8413,0.574974924,229.6401384,0
714128.1288,5355794.451,1816049.325,481974.071,0.356726028,328.388737,0.260191709
715128.1288,5355794.451,1819328.132,481881.2994,0.369945791,216.4712853,1.444072371
716128.1288,5355794.451,1822606.921,481788.5264,0.290960389,1806.37678,1.637951516
717128.1288,5355794.451,1825885.693,481695.7521,0.276101608,3715.867883,5.932251825
718128.1288,5355794.451,1829164.448,481602.9766,0.229235027,5101.871491,3.469692409
719128.1288,5355794.451,1832443.184,481510.1997,0.103121204,2699.20973,1.787439063
720128.1288,5355794.451,1835721.903,481417.4216,0.062869085,187.4988158,3.622146063
721128.1288,5355794.451,1839000.605,481324.6421,0.004865683,158.6853134,4.653766155
722128.1288,5355794.451,1842279.288,481231.8614,0.120260738,353.2391027,1.265890364
723128.1288,5355794.451,1845557.953,481139.0794,0.127400855,181.4948002,0.108855732
724128.1288,5355794.451,1848836.6,481046.2962,0.031695311,2.904701166,0.030585553
725128.1288,5355794.451,1852115.229,480953.5116,0.063150422,182.2446712,0.030585553
726128.1288,5355794.451,1855393.84,480860.7259,0.181349134,687.2253778,0.028922742
727128.1288,5355794.451,1858672.432,480767.9388,0.219911798,693.0616226,0.028922742
728128.1288,5355794.451,1861951.006,480675.1505,0.223428282,857.163351,0.027722877
729128.1288,5355794.451,1865229.561,480582.361,0.254671444,633.1529626,0.022168503
730128.1288,5355794.451,1868508.098,480489.5703,0.108118395,75.09438776,0.004519991
731128.1288,5355794.451,1871786.616,480396.7783,0.051807385,579.0236708,0.010372498
732128.1288,5355794.451,1875065.115,480303.9851,0.1406733,1216.104831,0.064729459
681128.1288,5354794.451,1707746.711,481755.4209,0.315455433,15.19901586,0
682128.1288,5354794.451,1711026.047,481662.7102,0.365150274,0.502462156,0
683128.1288,5354794.451,1714305.369,481569.9981,0.647988334,0.004552076,0
684128.1288,5354794.451,1717584.676,481477.2846,0.513941196,0,0
685128.1288,5354794.451,1720863.967,481384.5697,0.577602919,0,0
686128.1288,5354794.451,1724143.244,481291.8535,0.746217517,0,0
687128.1288,5354794.451,1727422.506,481199.1358,0.73332429,0,0
688128.1288,5354794.451,1730701.752,481106.4168,0.56607175,5.366320394,0
689128.1288,5354794.451,1733980.983,481013.6964,0.790959909,174.1350219,0
690128.1288,5354794.451,1737260.199,480920.9746,0.723336501,295.8035356,0
691128.1288,5354794.451,1740539.399,480828.2515,0.492477882,192.2097979,0
692128.1288,5354794.451,1743818.584,480735.527,0.403530013,39.67692588,0
693128.1288,5354794.451,1747097.753,480642.8012,0.305167648,0,0
694128.1288,5354794.451,1750376.907,480550.074,0.359030166,0,0
695128.1288,5354794.451,1753656.045,480457.3455,0.44750807,0.063891931,0
696128.1288,5354794.451,1756935.167,480364.6157,0.606493462,6.79562443,0
697128.1288,5354794.451,1760214.273,480271.8845,0.672900325,119.7220703,0
698128.1288,5354794.451,1763493.363,480179.152,0.59085121,349.1149362,0
699128.1288,5354794.451,1766772.437,480086.4182,0.703816106,193.4574759,0
700128.1288,5354794.451,1770051.495,479993.683,0.968254851,1655.834427,0
701128.1288,5354794.451,1773330.536,479900.9466,0.940655202,2586.027722,0
702128.1288,5354794.451,1776609.561,479808.2088,0.920827684,2303.32719,0
703128.1288,5354794.451,1779888.57,479715.4698,0.930813478,1587.343847,0
704128.1288,5354794.451,1783167.563,479622.7294,0.917920437,237.5268719,0
705128.1288,5354794.451,1786446.538,479529.9878,0.908870153,330.8647123,0
706128.1288,5354794.451,1789725.498,479437.2449,0.74745882,241.9677243,0
733128.1288,5355794.451,1878343.596,480211.1906,0.310605631,1636.269827,0.507693505
734128.1288,5355794.451,1881622.058,480118.395,0.242535,1694.996172,1.401745939
735128.1288,5355794.451,1884900.5,480025.5982,0.128390315,1921.506562,1.074946394
736128.1288,5355794.451,1888178.924,479932.8001,0.086597869,1643.538153,1.066258132
737128.1288,5355794.451,1891457.329,479840.0009,0.101225059,1539.197047,0.474819772
738128.1288,5355794.451,1894735.714,479747.2004,0.073490421,776.5921268,0.196004423
739128.1288,5355794.451,1898014.08,479654.3988,0.098528799,133.7556487,0.002756689
740128.1288,5355794.451,1901292.426,479561.596,0.134592433,130.423133,0
741128.1288,5355794.451,1904570.754,479468.792,0.121597822,79.07993445,0
742128.1288,5355794.451,1907849.061,479375.9869,0.126826119,24.69790337,0
743128.1288,5355794.451,1911127.349,479283.1806,0.11444056,1066.100273,0.398276642
744128.1288,5355794.451,1914405.617,479190.3731,0.074360253,3443.085126,1.203149512
745128.1288,5355794.451,1917683.866,479097.5645,0.04216398,6125.203937,8.296536386
746128.1288,5355794.451,1920962.094,479004.7547,0.038836192,6980.860317,8.427465064
747128.1288,5355794.451,1924240.303,478911.9438,0.03136233,6740.278557,11.0879725
748128.1288,5355794.451,1927518.492,478819.1318,0.055515495,6844.765725,12.46614642
749128.1288,5355794.451,1930796.66,478726.3186,0.085185496,6737.339292,9.954193642
750128.1288,5355794.451,1934074.809,478633.5044,0.078749119,4973.486506,8.444672629
707128.1288,5354794.451,1793004.44,479344.5007,0.569190985,47.1629562,0
708128.1288,5354794.451,1796283.366,479251.7552,0.549308542,168.4690007,0.117356777
709128.1288,5354794.451,1799562.274,479159.0084,0.605416778,373.1860084,0.117356777
710128.1288,5354794.451,1802841.166,479066.2604,0.657057006,331.5512844,0
711128.1288,5354794.451,1806120.041,478973.5112,0.631006449,100.0712983,0
712128.1288,5354794.451,1809398.899,478880.7607,0.625596257,19.25473761,0
713128.1288,5354794.451,1812677.739,478788.0089,0.326998323,184.7086069,0
714128.1288,5354794.451,1815956.562,478695.2559,0.240145522,504.1822822,0
715128.1288,5354794.451,1819235.368,478602.5017,0.363570953,302.8701512,0.002553712
716128.1288,5354794.451,1822514.156,478509.7462,0.30297576,378.5788227,0.033748196
717128.1288,5354794.451,1825792.927,478416.9895,0.249742981,2532.42066,1.940013456
718128.1288,5354794.451,1829071.68,478324.2316,0.272808201,5171.490257,6.892585482
719128.1288,5354794.451,1832350.416,478231.4725,0.073399911,3033.9499,9.88815341
720128.1288,5354794.451,1835629.134,478138.7121,0.046277672,1445.657013,6.033841729
721128.1288,5354794.451,1838907.833,478045.9506,0.05826819,1355.029723,3.81765852
722128.1288,5354794.451,1842186.515,477953.1878,0.1505483,897.290146,1.527716257
723128.1288,5354794.451,1845465.179,477860.4239,0.130809451,338.5281575,2.422924995
724128.1288,5354794.451,1848743.825,477767.6588,0.040889716,24.67565598,0
725128.1288,5354794.451,1852022.453,477674.8925,0.039849233,26.44754098,0
726128.1288,5354794.451,1855301.062,477582.125,0.123056624,353.1059253,0
727128.1288,5354794.451,1858579.653,477489.3563,0.316007508,1320.266545,0
728128.1288,5354794.451,1861858.226,477396.5865,0.391576494,1285.876415,0
729128.1288,5354794.451,1865136.78,477303.8155,0.243717534,717.3983221,0.004842455
730128.1288,5354794.451,1868415.316,477211.0434,0.099413796,386.0074695,0.004519991
731128.1288,5354794.451,1871693.833,477118.2701,0.045531153,571.3982881,0.024920193
732128.1288,5354794.451,1874972.331,477025.4957,0.064685657,1023.57346,0.074047994
733128.1288,5354794.451,1878250.81,476932.7201,0.145597846,1015.859515,0.078655642
734128.1288,5354794.451,1881529.271,476839.9434,0.156320432,1157.244165,0.729586861
735128.1288,5354794.451,1884807.713,476747.1656,0.096510689,1672.514676,1.466003072
736128.1288,5354794.451,1888086.135,476654.3866,0.128797284,1244.543799,1.10658855
737128.1288,5354794.451,1891364.538,476561.6065,0.093085838,1304.235198,0.296587258
738128.1288,5354794.451,1894642.923,476468.8254,0.096873857,2105.897978,0.135279363
739128.1288,5354794.451,1897921.287,476376.0431,0.122167561,1000.25547,0.018663397
740128.1288,5354794.451,1901199.633,476283.2597,0.113549474,431.7863139,0
741128.1288,5354794.451,1904477.959,476190.4752,0.075539963,267.9793984,0
742128.1288,5354794.451,1907756.265,476097.6897,0.07844061,23.83925642,0
743128.1288,5354794.451,1911034.552,476004.903,0.056535326,889.434268,6.600513395
744128.1288,5354794.451,1914312.819,475912.1153,0.04434495,4399.393696,17.29190544
745128.1288,5354794.451,1917591.067,475819.3265,0.029205047,6970.461356,27.35205305
746128.1288,5354794.451,1920869.294,475726.5366,0.038729524,7610.875638,15.49926229
747128.1288,5354794.451,1924147.502,475633.7457,0.050169238,7637.473847,12.05520973
748128.1288,5354794.451,1927425.689,475540.9538,0.107830381,6099.66442,13.48249127
749128.1288,5354794.451,1930703.857,475448.1607,0.117246462,3572.075032,0.563964145
750128.1288,5354794.451,1933982.004,475355.3667,0.050402397,1307.474586,0.836223781
682128.1288,5353794.451,1710933.343,478383.382,0.40098388,108.8084138,0
683128.1288,5353794.451,1714212.664,478290.6847,0.392882648,37.65300546,0
684128.1288,5353794.451,1717491.969,478197.9861,0.358399736,1.291575492,0
685128.1288,5353794.451,1720771.259,478105.2862,0.478744733,0,0
686128.1288,5353794.451,1724050.535,478012.585,0.719282058,0.030828165,0
687128.1288,5353794.451,1727329.795,477919.8825,0.475244018,1.371944546,0
688128.1288,5353794.451,1730609.04,477827.1787,0.36732232,80.12222222,0
689128.1288,5353794.451,1733888.27,477734.4736,0.712593177,216.1546448,0
690128.1288,5353794.451,1737167.484,477641.7672,0.707475993,263.2490889,0
691128.1288,5353794.451,1740446.683,477549.0596,0.571433165,146.4106817,0
692128.1288,5353794.451,1743725.867,477456.3507,0.414078169,1.157116788,0
693128.1288,5353794.451,1747005.035,477363.6405,0.369441079,0,0
694128.1288,5353794.451,1750284.187,477270.929,0.440284057,0.256190823,0
695128.1288,5353794.451,1753563.323,477178.2163,0.467427108,41.16645397,0
696128.1288,5353794.451,1756842.444,477085.5023,0.565700965,185.4116576,0
697128.1288,5353794.451,1760121.549,476992.7871,0.760901755,185.7548752,0
698128.1288,5353794.451,1763400.638,476900.0706,0.623594211,323.5744487,0
699128.1288,5353794.451,1766679.71,476807.3529,0.649113481,666.0713765,0
700128.1288,5353794.451,1769958.767,476714.6339,0.904655875,2324.065427,0
701128.1288,5353794.451,1773237.807,476621.9138,0.960470143,2962.742477,0
702128.1288,5353794.451,1776516.831,476529.1924,0.943750743,2190.670252,0
703128.1288,5353794.451,1779795.839,476436.4698,0.936513151,1926.169127,0
704128.1288,5353794.451,1783074.83,476343.7459,0.839419262,436.576867,0
705128.1288,5353794.451,1786353.804,476251.0209,0.766916306,517.0286183,0
706128.1288,5353794.451,1789632.762,476158.2947,0.626486337,530.4873291,0
707128.1288,5353794.451,1792911.704,476065.5672,0.53059558,469.2231148,0
708128.1288,5353794.451,1796190.628,475972.8386,0.551058783,92.42948367,0.117356777
709128.1288,5353794.451,1799469.536,475880.1088,0.548743547,9.459001458,0
710128.1288,5353794.451,1802748.426,475787.3778,0.529884054,61.93718135,0.892026484
711128.1288,5353794.451,1806027.3,475694.6456,0.592670488,37.96139137,0.892026484
712128.1288,5353794.451,1809306.156,475601.9122,0.630864019,0.068770522,0
713128.1288,5353794.451,1812584.995,475509.1777,0.38594891,4.851669403,0
714128.1288,5353794.451,1815863.817,475416.442,0.209304521,357.2311622,0
715128.1288,5353794.451,1819142.622,475323.7052,0.183785606,457.4619169,0
716128.1288,5353794.451,1822421.409,475230.9672,0.119538808,618.6653314,0.033695202
717128.1288,5353794.451,1825700.179,475138.2281,0.138159268,3845.531985,3.826133728
718128.1288,5353794.451,1828978.931,475045.4878,0.140543175,5361.170616,5.986234566
719128.1288,5353794.451,1832257.665,474952.7464,0.087892742,3041.9739,8.648894012
720128.1288,5353794.451,1835536.382,474860.0039,0.13221378,1893.017685,4.114157847
721128.1288,5353794.451,1838815.08,474767.2602,0.111868852,1224.570491,1.601551172
722128.1288,5353794.451,1842093.761,474674.5155,0.209183901,950.1513386,1.388457884
723128.1288,5353794.451,1845372.424,474581.7696,0.282140119,611.1182365,1.211462498
724128.1288,5353794.451,1848651.069,474489.0226,0.354434975,422.8115202,1.28E-12
725128.1288,5353794.451,1851929.695,474396.2745,0.257506766,147.4854174,0
726128.1288,5353794.451,1855208.303,474303.5253,0.058806401,74.28363106,0
727128.1288,5353794.451,1858486.893,474210.775,0.208481884,923.8767073,0
728128.1288,5353794.451,1861765.465,474118.0236,0.287196465,1257.28264,7.26E-13
729128.1288,5353794.451,1865044.018,474025.2712,0.246970233,821.2881109,0.073599377
730128.1288,5353794.451,1868322.552,473932.5176,0.180060267,757.5754098,0.064071284
731128.1288,5353794.451,1871601.068,473839.763,0.07002663,500.3806052,0.017274221
732128.1288,5353794.451,1874879.565,473747.0074,0.026280389,418.7154042,0.059969912
733128.1288,5353794.451,1878158.044,473654.2507,0.016758988,443.2273473,0.033288251
734128.1288,5353794.451,1881436.503,473561.4929,0.045774242,173.0096733,0.065499022
735128.1288,5353794.451,1884714.944,473468.7341,0.070874932,743.9759344,0.885655195
736128.1288,5353794.451,1887993.365,473375.9742,0.104338959,1551.795736,0.8702856
737128.1288,5353794.451,1891271.767,473283.2133,0.089262722,1853.241166,0.651472044
738128.1288,5353794.451,1894550.15,473190.4514,0.084077162,2238.58816,0.200667062
739128.1288,5353794.451,1897828.514,473097.6885,0.112810069,1463.239051,0.063520844
740128.1288,5353794.451,1901106.859,473004.9245,0.043130576,609.419449,0
741128.1288,5353794.451,1904385.184,472912.1595,0.050832904,190.9405977,0
742128.1288,5353794.451,1907663.489,472819.3935,0.077867908,140.4520124,0
743128.1288,5353794.451,1910941.775,472726.6265,0.062542586,2073.276421,8.319028926
744128.1288,5353794.451,1914220.041,472633.8586,0.030110866,6328.061965,60.35577984
745128.1288,5353794.451,1917498.287,472541.0896,0.043852871,7983.114051,78.20384121
746128.1288,5353794.451,1920776.514,472448.3196,0.10097253,6662.484389,11.9508666
747128.1288,5353794.451,1924054.72,472355.5487,0.097553198,4826.20503,1.167349306
748128.1288,5353794.451,1927332.907,472262.7768,0.136771371,2767.925838,0.142631446
683128.1288,5352794.451,1714119.973,475011.3726,0.619243943,221.9812284,0
684128.1288,5352794.451,1717399.277,474918.6889,0.562491528,132.4021125,0
685128.1288,5352794.451,1720678.566,474826.004,0.434830332,11.5141346,0
686128.1288,5352794.451,1723957.84,474733.3178,0.575715395,22.15693431,0.103552334
687128.1288,5352794.451,1727237.099,474640.6305,0.54134258,148.0964624,0
688128.1288,5352794.451,1730516.343,474547.9419,0.518290292,231.6452259,0
689128.1288,5352794.451,1733795.572,474455.2521,0.647697703,291.2135179,0
690128.1288,5352794.451,1737074.785,474362.5611,0.538678338,180.1725269,0
691128.1288,5352794.451,1740353.983,474269.8689,0.401804074,10.22883212,0.019145843
692128.1288,5352794.451,1743633.165,474177.1755,0.583434863,0,0.019145843
693128.1288,5352794.451,1746912.332,474084.481,0.719237473,0.167699599,0
694128.1288,5352794.451,1750191.483,473991.7852,0.719452633,81.45846995,0
695128.1288,5352794.451,1753470.618,473899.0883,0.677955404,204.4707597,0
696128.1288,5352794.451,1756749.737,473806.3902,0.727011254,199.8570128,0
697128.1288,5352794.451,1760028.841,473713.6909,0.836072461,117.4146608,0
698128.1288,5352794.451,1763307.929,473620.9905,0.724643665,1126.206752,0
699128.1288,5352794.451,1766587,473528.2889,0.624960216,1756.533273,0
700128.1288,5352794.451,1769866.055,473435.5861,0.726605552,1907.135485,0
701128.1288,5352794.451,1773145.095,473342.8822,0.818197936,1412.671462,0
702128.1288,5352794.451,1776424.117,473250.1772,0.862028149,1015.318149,0
703128.1288,5352794.451,1779703.124,473157.471,0.954436631,1416.460543,0
704128.1288,5352794.451,1782982.114,473064.7637,0.876757047,469.1385092,0
705128.1288,5352794.451,1786261.087,472972.0552,0.690337077,537.5647895,0
706128.1288,5352794.451,1789540.044,472879.3457,0.62393076,1092.828233,0
707128.1288,5352794.451,1792818.984,472786.635,0.655790867,906.7573382,0
708128.1288,5352794.451,1796097.907,472693.9232,0.580629206,124.9217867,0
709128.1288,5352794.451,1799376.814,472601.2103,0.573415447,291.8967401,0
710128.1288,5352794.451,1802655.703,472508.4963,0.549406589,585.7494986,0.616746515
711128.1288,5352794.451,1805934.575,472415.7812,0.548285036,548.7512755,0.616746515
712128.1288,5352794.451,1809213.431,472323.065,0.505260143,181.6401239,0
713128.1288,5352794.451,1812492.269,472230.3477,0.387706697,0,0
714128.1288,5352794.451,1815771.09,472137.6293,0.260662233,53.06726212,0
715128.1288,5352794.451,1819049.893,472044.9099,0.127346137,529.2843602,5.999403
716128.1288,5352794.451,1822328.679,471952.1894,0.066155621,2560.434791,7.893699845
717128.1288,5352794.451,1825607.448,471859.4678,0.086126321,5533.187136,6.37964048
718128.1288,5352794.451,1828886.199,471766.7452,0.10754412,3672.650429,3.445252453
719128.1288,5352794.451,1832164.932,471674.0215,0.093317655,852.5731485,3.799502999
720128.1288,5352794.451,1835443.647,471581.2968,0.138208533,388.7634938,1.766153523
721128.1288,5352794.451,1838722.345,471488.571,0.09523182,163.5278587,0.205250376
722128.1288,5352794.451,1842001.025,471395.8442,0.144835522,892.1313058,0.400510877
723128.1288,5352794.451,1845279.686,471303.1163,0.23043538,634.5335522,0.070151098
724128.1288,5352794.451,1848558.33,471210.3875,0.627263661,661.0890511,0.035075549
725128.1288,5352794.451,1851836.956,471117.6576,0.68923401,581.5923764,0
726128.1288,5352794.451,1855115.563,471024.9267,0.393005587,293.9589641,0
727128.1288,5352794.451,1858394.152,470932.1947,0.179293869,222.6022955,0.007528152
728128.1288,5352794.451,1861672.722,470839.4618,0.162461286,613.8017131,0
729128.1288,5352794.451,1864951.274,470746.7279,0.242090467,781.5992346,0.027902858
730128.1288,5352794.451,1868229.808,470653.993,0.187249604,798.6333637,0.07396367
731128.1288,5352794.451,1871508.323,470561.2571,0.062642286,707.6336923,0.055251777
732128.1288,5352794.451,1874786.819,470468.5202,0.03149614,535.5493985,0.061809753
733128.1288,5352794.451,1878065.296,470375.7823,0.030092747,386.4381265,0.066495311
734128.1288,5352794.451,1881343.754,470283.0434,0.04046077,68.21359577,0.094312126
735128.1288,5352794.451,1884622.194,470190.3036,0.01179665,374.997815,0.26950048
736128.1288,5352794.451,1887900.614,470097.5629,0.075090697,2640.631109,0.933888078
737128.1288,5352794.451,1891179.016,470004.8211,0.089280465,3839.593038,1.191377066
738128.1288,5352794.451,1894457.398,469912.0785,0.067545109,2247.662172,1.059828615
739128.1288,5352794.451,1897735.76,469819.3349,0.090553082,1657.40051,0.273055914
740128.1288,5352794.451,1901014.104,469726.5903,0.067749041,1417.844444,0.132488075
741128.1288,5352794.451,1904292.428,469633.8448,0.052290951,603.4675774,0.102907074
742128.1288,5352794.451,1907570.732,469541.0984,0.084955743,1195.263752,0.332974496
743128.1288,5352794.451,1910849.017,469448.3511,0.085729835,4865.222222,5.578337343
744128.1288,5352794.451,1914127.282,469355.6028,0.048047792,7726.128462,71.86411386
745128.1288,5352794.451,1917405.528,469262.8536,0.04829804,6263.123974,115.8184293
746128.1288,5352794.451,1920683.753,469170.1036,0.10281079,3679.925278,5.211550508
747128.1288,5352794.451,1923961.959,469077.3526,0.138941347,1989.935507,0.17066129
683128.1288,5351794.451,1714027.297,471732.0617,0.815008626,190.9804816,0
684128.1288,5351794.451,1717306.6,471639.3929,0.8666033,282.1578564,0
685128.1288,5351794.451,1720585.888,471546.723,0.643799573,198.3169887,0
686128.1288,5351794.451,1723865.161,471454.0519,0.550155016,193.0872813,0.103552334
687128.1288,5351794.451,1727144.419,471361.3796,0.795191796,247.6211044,0
688128.1288,5351794.451,1730423.662,471268.7063,0.745614633,164.9387755,0.105091162
689128.1288,5351794.451,1733702.889,471176.0318,0.601548744,224.6803936,0.105091162
690128.1288,5351794.451,1736982.101,471083.3562,0.358692852,131.8481428,0
691128.1288,5351794.451,1740261.298,470990.6795,0.109689154,0.086584032,0.01142138
692128.1288,5351794.451,1743540.479,470898.0016,0.442142014,0,0.007559148
693128.1288,5351794.451,1746819.644,470805.3227,0.712466171,21.11572808,0
694128.1288,5351794.451,1750098.794,470712.6426,0.76844348,184.3564266,0
695128.1288,5351794.451,1753377.928,470619.9615,0.674407504,185.4634013,0
696128.1288,5351794.451,1756657.047,470527.2792,0.611000374,21.59850556,0
697128.1288,5351794.451,1759936.149,470434.5959,0.687637266,163.0481313,0
698128.1288,5351794.451,1763215.236,470341.9115,0.750108393,878.7946005,0
699128.1288,5351794.451,1766494.306,470249.226,0.681675719,1089.082574,0
700128.1288,5351794.451,1769773.36,470156.5394,0.593588307,861.8164269,0
701128.1288,5351794.451,1773052.398,470063.8518,0.640823463,252.5394425,0
702128.1288,5351794.451,1776331.42,469971.1631,0.784457927,712.7940908,0
703128.1288,5351794.451,1779610.425,469878.4733,0.949919662,1274.283577,0
704128.1288,5351794.451,1782889.414,469785.7825,0.767979503,464.570673,0
705128.1288,5351794.451,1786168.386,469693.0907,0.615059413,759.0800511,0
706128.1288,5351794.451,1789447.342,469600.3978,0.618129541,1507.178506,0
707128.1288,5351794.451,1792726.281,469507.7038,0.618410897,1068.548369,0
708128.1288,5351794.451,1796005.203,469415.0089,0.466568469,557.2508203,0
709128.1288,5351794.451,1799284.109,469322.3129,0.625967329,1243.060186,0
710128.1288,5351794.451,1802562.997,469229.6159,0.714599355,1423.07938,0.170733273
711128.1288,5351794.451,1805841.868,469136.9178,0.66256225,813.3310244,0.170733273
712128.1288,5351794.451,1809120.723,469044.2188,0.414973854,95.95280612,0
713128.1288,5351794.451,1812399.56,468951.5187,0.305852941,0.026795479,0
714128.1288,5351794.451,1815678.379,468858.8177,0.352079866,15.79533867,0
715128.1288,5351794.451,1818957.182,468766.1157,0.256398393,1105.841443,7.480857849
716128.1288,5351794.451,1822235.967,468673.4126,0.119333295,4709.097685,11.6844279
717128.1288,5351794.451,1825514.734,468580.7086,0.080997105,5679.674563,8.162502868
718128.1288,5351794.451,1828793.484,468488.0036,0.096686939,1846.772512,0.982326967
719128.1288,5351794.451,1832072.217,468395.2976,0.103926636,257.3555677,0.073005276
720128.1288,5351794.451,1835350.931,468302.5907,0.13779821,402.1522056,0.024223272
721128.1288,5351794.451,1838629.628,468209.8828,0.192864882,660.1120627,0
722128.1288,5351794.451,1841908.306,468117.174,0.411048636,1666.374203,0
723128.1288,5351794.451,1845186.967,468024.4641,0.463092923,1322.450638,0
724128.1288,5351794.451,1848465.61,467931.7534,0.693895542,897.3772346,0.040574763
725128.1288,5351794.451,1851744.234,467839.0417,0.90609345,759.15167,0.023672333
726128.1288,5351794.451,1855022.841,467746.3291,0.835513696,767.3758658,0.016725115
727128.1288,5351794.451,1858301.428,467653.6155,0.679918756,771.6063423,0.016725115
728128.1288,5351794.451,1861579.998,467560.901,0.501675308,636.4268537,0
729128.1288,5351794.451,1864858.549,467468.1856,0.554193555,888.2223437,0.055805717
730128.1288,5351794.451,1868137.082,467375.4693,0.438863918,777.0104015,0.046007819
731128.1288,5351794.451,1871415.596,467282.7521,0.21181139,887.9932506,0.077550268
732128.1288,5351794.451,1874694.091,467190.0339,0.059877797,853.328957,0.126708328
733128.1288,5351794.451,1877972.567,467097.3149,0.050748314,411.5560007,0.232310586
734128.1288,5351794.451,1881251.025,467004.595,0.053563224,304.131718,0.220879372
735128.1288,5351794.451,1884529.463,466911.8742,0.017796745,523.2182945,0.235117322
736128.1288,5351794.451,1887807.883,466819.1525,0.032990396,2504.472263,0.84687889
737128.1288,5351794.451,1891086.283,466726.4299,0.067945862,3474.276693,1.497956971
738128.1288,5351794.451,1894364.664,466633.7065,0.101954986,1914.715613,1.227642117
739128.1288,5351794.451,1897643.026,466540.9822,0.105920118,2455.953005,0.685902739
740128.1288,5351794.451,1900921.369,466448.257,0.052221222,3218.541978,1.031030466
741128.1288,5351794.451,1904199.692,466355.531,0.040626362,2217.536372,0.739709517
742128.1288,5351794.451,1907477.995,466262.8042,0.066830283,3590.108537,3.565877936
684128.1288,5350794.451,1717213.938,468360.0981,0.801266783,206.267906,0
685128.1288,5350794.451,1720493.225,468267.4431,0.732948645,241.5877849,0
686128.1288,5350794.451,1723772.497,468174.787,0.587740167,336.8892128,0.088675007
687128.1288,5350794.451,1727051.754,468082.13,0.54187327,171.4436145,0
688128.1288,5350794.451,1730330.995,467989.4718,0.485456861,89.30109489,0.105091162
689128.1288,5350794.451,1733610.222,467896.8126,0.668395288,204.7677855,0.105091162
690128.1288,5350794.451,1736889.433,467804.1524,0.534983839,50.54767548,0
691128.1288,5350794.451,1740168.628,467711.4911,0.26622561,0.03078885,0.007559148
692128.1288,5350794.451,1743447.808,467618.8288,0.564040604,6.038804882,0.007559148
693128.1288,5350794.451,1746726.973,467526.1655,0.777642357,169.5527226,0
694128.1288,5350794.451,1750006.121,467433.5011,0.695109197,178.4159679,0
695128.1288,5350794.451,1753285.255,467340.8358,0.358282788,13.49125364,0
696128.1288,5350794.451,1756564.372,467248.1694,0.307468865,32.50510204,0
697128.1288,5350794.451,1759843.473,467155.502,0.601193376,369.9887006,0
698128.1288,5350794.451,1763122.559,467062.8336,0.769439714,362.625797,0
699128.1288,5350794.451,1766401.628,466970.1642,0.778544914,219.5369323,0
700128.1288,5350794.451,1769680.681,466877.4938,0.745205379,299.4489796,0
701128.1288,5350794.451,1772959.718,466784.8224,0.832775144,669.7175141,0
702128.1288,5350794.451,1776238.739,466692.1501,0.890822267,1024.186157,0
703128.1288,5350794.451,1779517.743,466599.4767,0.970301393,1336.095004,0
704128.1288,5350794.451,1782796.731,466506.8024,0.81392206,1007.594817,0
705128.1288,5350794.451,1786075.702,466414.1272,0.732052239,981.4422166,0
706128.1288,5350794.451,1789354.657,466321.4509,0.597627834,1331.550027,0
707128.1288,5350794.451,1792633.595,466228.7737,0.508573353,952.6181884,7.67E-14
708128.1288,5350794.451,1795912.516,466136.0956,0.467163984,923.7112407,7.67E-14
709128.1288,5350794.451,1799191.421,466043.4165,0.600538921,1581.854353,2.27E-24
710128.1288,5350794.451,1802470.308,465950.7365,0.696798749,1462.962247,0.369870588
711128.1288,5350794.451,1805749.178,465858.0555,0.68931132,657.4491433,0.229261498
712128.1288,5350794.451,1809028.032,465765.3736,0.288475609,1.042630716,1.44E-13
713128.1288,5350794.451,1812306.868,465672.6908,0.082242914,26.56741983,1.44E-13
714128.1288,5350794.451,1815585.687,465580.0071,0.130263614,297.5485516,0
715128.1288,5350794.451,1818864.488,465487.3224,0.121483245,2854.683087,9.143147071
716128.1288,5350794.451,1822143.272,465394.6368,0.067479531,5991.496623,10.4406001
717128.1288,5350794.451,1825422.039,465301.9504,0.060708022,3942.964631,4.433925474
718128.1288,5350794.451,1828700.788,465209.263,0.052325885,747.6110807,0.828688664
719128.1288,5350794.451,1831979.519,465116.5748,0.10331142,156.0883264,0.024223272
720128.1288,5350794.451,1835258.232,465023.8856,0.181177129,446.8011664,0.024223272
721128.1288,5350794.451,1838536.928,464931.1956,0.433703523,1121.631953,0
722128.1288,5350794.451,1841815.606,464838.5047,0.757088296,1583.601423,0
723128.1288,5350794.451,1845094.266,464745.8129,0.784290888,1160.723063,0.027900858
724128.1288,5350794.451,1848372.908,464653.1203,0.814855513,839.0616001,0.025786595
725128.1288,5350794.451,1851651.531,464560.4267,0.901002682,917.498725,0.023672333
726128.1288,5350794.451,1854930.137,464467.7324,0.90237466,856.8555029,0.025922079
727128.1288,5350794.451,1858208.724,464375.0372,0.863615834,1061.446227,0.025922079
728128.1288,5350794.451,1861487.292,464282.3411,0.771173469,1153.75624,0
729128.1288,5350794.451,1864765.843,464189.6442,0.86623999,1901.700984,0
730128.1288,5350794.451,1868044.374,464096.9465,0.87787074,1319.382246,0
731128.1288,5350794.451,1871322.887,464004.2479,0.502896618,647.7536919,0
732128.1288,5350794.451,1874601.382,463911.5486,0.102044611,1115.725169,0.145286635
733128.1288,5350794.451,1877879.857,463818.8484,0.075339457,753.2212906,0.191995661
734128.1288,5350794.451,1881158.314,463726.1474,0.075648352,585.8267444,0.208451691
735128.1288,5350794.451,1884436.751,463633.4456,0.031184332,708.5113823,0.353737146
736128.1288,5350794.451,1887715.17,463540.743,0.008977657,1108.517958,0.301023103
737128.1288,5350794.451,1890993.57,463448.0396,0.021482678,1701.058545,0.26181552
738128.1288,5350794.451,1894271.95,463355.3354,0.036225457,1422.664359,0.654927565
739128.1288,5350794.451,1897550.311,463262.6304,0.035379943,1227.112204,1.022932768
740128.1288,5350794.451,1900828.653,463169.9246,0.033491899,1422.818,1.899238585
741128.1288,5350794.451,1904106.975,463077.2181,0.02719023,1926.192749,1.161778121
685128.1288,5349794.451,1720400.577,464988.1643,0.497519459,165.2297741,0
686128.1288,5349794.451,1723679.848,464895.5233,0.446250418,380.0067432,0.088675007
687128.1288,5349794.451,1726959.104,464802.8813,0.233919302,205.6734099,0
688128.1288,5349794.451,1730238.344,464710.2384,0.231735268,130.2940318,0
689128.1288,5349794.451,1733517.57,464617.5945,0.62745407,151.7492243,0
690128.1288,5349794.451,1736796.78,464524.9496,0.476625379,5.720218579,0
691128.1288,5349794.451,1740075.974,464432.3038,0.466146442,50.73920962,0
692128.1288,5349794.451,1743355.153,464339.657,0.862263275,191.4422797,0
693128.1288,5349794.451,1746634.317,464247.0093,0.899247088,204.1658465,0
694128.1288,5349794.451,1749913.464,464154.3607,0.509167745,88.86069016,0
695128.1288,5349794.451,1753192.597,464061.7111,0.145434949,4.824452555,0
696128.1288,5349794.451,1756471.713,463969.0605,0.441726529,314.1695811,0
697128.1288,5349794.451,1759750.813,463876.4091,0.55343859,392.8278689,0
698128.1288,5349794.451,1763029.898,463783.7567,0.697049253,186.7366023,0
699128.1288,5349794.451,1766308.966,463691.1034,0.75127107,227.2672131,0
700128.1288,5349794.451,1769588.018,463598.4492,0.879069954,129.695787,0
701128.1288,5349794.451,1772867.054,463505.7941,0.985072575,354.4518424,0
702128.1288,5349794.451,1776146.074,463413.138,0.994324994,730.5185928,0
703128.1288,5349794.451,1779425.078,463320.4811,0.99364669,1126.270871,0
704128.1288,5349794.451,1782704.065,463227.8233,0.982587361,1533.830722,0
705128.1288,5349794.451,1785983.035,463135.1646,0.8818969,1209.829264,0
706128.1288,5349794.451,1789261.989,463042.505,0.737900202,1188.341357,7.47E-13
707128.1288,5349794.451,1792540.926,462949.8446,0.608751296,1060.37311,0.197223127
708128.1288,5349794.451,1795819.846,462857.1833,0.467115422,1156.414905,0.29583469
709128.1288,5349794.451,1799098.75,462764.5211,0.511973345,1440.452971,1.094269253
710128.1288,5349794.451,1802377.636,462671.858,0.617396126,1174.067858,1.198754476
711128.1288,5349794.451,1805656.506,462579.1941,0.527773429,270.4029524,0.396718297
712128.1288,5349794.451,1808935.358,462486.5294,0.234930219,22.16879329,0.057888981
713128.1288,5349794.451,1812214.193,462393.8638,0.046417645,279.3386128,0.057888981
714128.1288,5349794.451,1815493.011,462301.1973,0.0265381,2289.99672,0.842398107
715128.1288,5349794.451,1818771.812,462208.5301,0.091861573,5111.258023,6.293306863
716128.1288,5349794.451,1822050.595,462115.862,0.125575936,4602.445823,7.20869869
717128.1288,5349794.451,1825329.361,462023.193,0.090852401,1827.240751,2.552251538
718128.1288,5349794.451,1828608.109,461930.5233,0.113687016,738.2696793,0.975446614
719128.1288,5349794.451,1831886.839,461837.8527,0.123638385,316.4996354,0.013304002
720128.1288,5349794.451,1835165.552,461745.1814,0.128642243,36.0562739,0.013304002
721128.1288,5349794.451,1838444.247,461652.5092,0.325518752,333.2417883,0
722128.1288,5349794.451,1841722.924,461559.8363,0.537886377,598.8986857,0.085478373
723128.1288,5349794.451,1845001.583,461467.1625,0.566778471,180.6360321,0.004621479
724128.1288,5349794.451,1848280.224,461374.488,0.637411543,352.5347905,0.019022857
725128.1288,5349794.451,1851558.846,461281.8127,0.847793113,896.4057601,0.029755148
726128.1288,5349794.451,1854837.451,461189.1366,0.888195562,880.4410639,0.019855264
727128.1288,5349794.451,1858116.037,461096.4597,0.807385431,804.3101497,0.024808205
728128.1288,5349794.451,1861394.605,461003.7821,0.816103561,1640.893229,0
729128.1288,5349794.451,1864673.154,460911.1037,0.918629344,2707.51787,0
730128.1288,5349794.451,1867951.685,460818.4246,0.905016529,1849.759934,0
731128.1288,5349794.451,1871230.198,460725.7447,0.711055671,1269.491071,0.02058568
732128.1288,5349794.451,1874508.691,460633.064,0.372617665,1014.52597,0.101306089
733128.1288,5349794.451,1877787.166,460540.3827,0.112547713,346.2466253,0.145879069
734128.1288,5349794.451,1881065.622,460447.7006,0.091279136,140.6374408,0.16143232
735128.1288,5349794.451,1884344.059,460355.0178,0.058082128,505.8264674,0.256162152
736128.1288,5349794.451,1887622.477,460262.3342,0.012663619,591.4651968,0.054703839
737128.1288,5349794.451,1890900.875,460169.65,0.017236346,904.9134475,0.054703839
738128.1288,5349794.451,1894179.255,460076.965,0.024668018,1202.518316,0.004043545
739128.1288,5349794.451,1897457.615,459984.2794,0.012862056,1179.433753,0
740128.1288,5349794.451,1900735.956,459891.593,0.01466401,490.9331024,0.02405929
741128.1288,5349794.451,1904014.278,459798.9059,0.014351022,1679.377551,0.071639426
686128.1288,5348794.451,1723587.214,461616.2605,0.523303862,174.8006566,0
687128.1288,5348794.451,1726866.469,461523.6337,0.324308633,228.5274285,0
688128.1288,5348794.451,1730145.708,461431.0059,0.203549097,215.7642128,0
689128.1288,5348794.451,1733424.933,461338.3773,0.221462506,91.72926162,0
690128.1288,5348794.451,1736704.142,461245.7478,0.249841325,147.9276735,0
691128.1288,5348794.451,1739983.336,461153.1174,0.522098583,239.9402441,0
692128.1288,5348794.451,1743262.514,461060.4862,0.881533077,217.9327379,0
693128.1288,5348794.451,1746541.676,460967.8541,0.863425177,85.4768586,0
694128.1288,5348794.451,1749820.823,460875.2211,0.516804249,0.7100894,0
695128.1288,5348794.451,1753099.954,460782.5873,0.496578755,29.27828467,0
696128.1288,5348794.451,1756379.07,460689.9526,0.5970246,226.8690107,0
697128.1288,5348794.451,1759658.169,460597.3171,0.35733763,160.4240437,0
698128.1288,5348794.451,1762937.253,460504.6807,0.502630405,181.3170066,0
699128.1288,5348794.451,1766216.32,460412.0435,0.646214347,161.9262429,0
700128.1288,5348794.451,1769495.372,460319.4054,0.849888345,3.226725082,0
701128.1288,5348794.451,1772774.407,460226.7666,0.961664704,2.169983568,0
702128.1288,5348794.451,1776053.426,460134.1269,0.966307998,58.67225665,0
703128.1288,5348794.451,1779332.428,460041.4864,0.993198399,563.3642493,0
704128.1288,5348794.451,1782611.415,459948.8451,0.971345903,1233.398141,0
705128.1288,5348794.451,1785890.384,459856.2029,0.944862245,933.7995992,0
706128.1288,5348794.451,1789169.337,459763.56,0.86030822,688.0918386,7.47E-13
707128.1288,5348794.451,1792448.273,459670.9163,0.704326919,690.9058222,0.29583469
708128.1288,5348794.451,1795727.193,459578.2718,0.653383004,1029.248952,0.591669381
709128.1288,5348794.451,1799006.095,459485.6265,0.748008066,1699.307454,1.039593644
710128.1288,5348794.451,1802284.981,459392.9804,0.661514467,1581.609472,1.627246906
711128.1288,5348794.451,1805563.85,459300.3336,0.410092054,714.8917836,1.241445417
712128.1288,5348794.451,1808842.701,459207.686,0.305007147,55.15332726,0.431452083
713128.1288,5348794.451,1812121.536,459115.0376,0.186234083,1130.147,3.35275308
714128.1288,5348794.451,1815400.353,459022.3884,0.099098496,4946.999089,19.16790496
715128.1288,5348794.451,1818679.153,458929.7386,0.128496253,5431.515207,11.28002281
716128.1288,5348794.451,1821957.935,458837.0879,0.137438555,2160.75205,3.428051333
717128.1288,5348794.451,1825236.7,458744.4365,0.103427056,435.6938776,1.704486966
718128.1288,5348794.451,1828515.447,458651.7844,0.123527612,383.3075942,1.803019881
719128.1288,5348794.451,1831794.177,458559.1315,0.144150475,396.3433515,0.002384731
720128.1288,5348794.451,1835072.889,458466.478,0.062283584,189.1643886,0
721128.1288,5348794.451,1838351.583,458373.8237,0.091305772,9.041765457,0
722128.1288,5348794.451,1841630.259,458281.1686,0.216103788,192.1186657,0.056432644
723128.1288,5348794.451,1844908.918,458188.5129,0.387336045,200.4105647,0.034345881
724128.1288,5348794.451,1848187.558,458095.8565,0.530513589,65.84990893,0.019896759
725128.1288,5348794.451,1851466.18,458003.1993,0.730328092,536.6876253,0.035837963
726128.1288,5348794.451,1854744.784,457910.5415,0.840510491,569.8170221,0.021134953
727128.1288,5348794.451,1858023.369,457817.883,0.815854704,432.6450082,0.013783447
728128.1288,5348794.451,1861301.936,457725.2238,0.84903153,1437.731836,0
729128.1288,5348794.451,1864580.485,457632.5639,0.913091835,2267.368488,0
730128.1288,5348794.451,1867859.015,457539.9034,0.922403597,1795.067979,0
731128.1288,5348794.451,1871137.527,457447.2421,0.868300434,1653.071962,0.02058568
732128.1288,5348794.451,1874416.02,457354.5803,0.715461578,593.9775793,0.037383289
733128.1288,5348794.451,1877694.494,457261.9177,0.412013386,404.0293849,0.05017335
734128.1288,5348794.451,1880972.949,457169.2545,0.177798315,215.1263235,0.176844079
735128.1288,5348794.451,1884251.385,457076.5907,0.076083917,678.1860423,0.105014503
736128.1288,5348794.451,1887529.802,456983.9262,0.029032276,929.5317909,0.001878788
737128.1288,5348794.451,1890808.2,456891.2611,0.005679532,633.4613984,0.02946368
738128.1288,5348794.451,1894086.579,456798.5954,0.021667848,731.2563308,0.01473184
739128.1288,5348794.451,1897364.939,456705.929,0.017008928,1568.251368,0
740128.1288,5348794.451,1900643.279,456613.262,0.006618176,1117.437352,0.051152238
741128.1288,5348794.451,1903921.6,456520.5945,0.02136312,2287.368373,4.059524536
688128.1288,5347794.451,1730053.088,458151.7744,0.576096357,349.7455373,0
689128.1288,5347794.451,1733332.311,458059.161,0.459594521,325.6386003,0
690128.1288,5347794.451,1736611.52,457966.5469,0.244278434,245.5102078,0
691128.1288,5347794.451,1739890.712,457873.932,0.265363901,165.9291971,0
692128.1288,5347794.451,1743169.89,457781.3162,0.473712159,20.28008753,0.014249396
693128.1288,5347794.451,1746449.052,457688.6997,0.674510075,0.205389658,0.014249396
694128.1288,5347794.451,1749728.198,457596.0824,0.739687713,0,0
695128.1288,5347794.451,1753007.328,457503.4644,0.90236958,1.521319242,0
696128.1288,5347794.451,1756286.443,457410.8455,0.595403559,39.59136455,0
697128.1288,5347794.451,1759565.541,457318.2259,0.170213894,61.82528694,0
698128.1288,5347794.451,1762844.624,457225.6055,0.483993265,199.252505,0
699128.1288,5347794.451,1766123.691,457132.9844,0.480692728,113.0360985,0
700128.1288,5347794.451,1769402.742,457040.3625,0.747045311,0.286756658,0
701128.1288,5347794.451,1772681.776,456947.7399,0.947825269,0,0
702128.1288,5347794.451,1775960.794,456855.1166,0.961941907,13.21697941,0
703128.1288,5347794.451,1779239.796,456762.4925,0.983461487,525.2285142,0
704128.1288,5347794.451,1782518.781,456669.8676,0.978356772,1211.416181,0
705128.1288,5347794.451,1785797.75,456577.2421,0.974272323,702.7966813,0
706128.1288,5347794.451,1789076.702,456484.6158,0.871717349,42.28422782,0
707128.1288,5347794.451,1792355.638,456391.9888,0.639966806,32.32414674,0
708128.1288,5347794.451,1795634.556,456299.3611,0.843189712,559.8797595,0
709128.1288,5347794.451,1798913.458,456206.7327,0.864126129,820.6903026,2.44E-13
710128.1288,5347794.451,1802192.343,456114.1036,0.633514541,859.5530055,1.314034984
711128.1288,5347794.451,1805471.211,456021.4738,0.523405408,766.8689152,0.954061702
712128.1288,5347794.451,1808750.062,455928.8433,0.403008331,418.7266752,0.711875826
713128.1288,5347794.451,1812028.896,455836.2122,0.157334339,2167.581387,5.46175758
714128.1288,5347794.451,1815307.712,455743.5803,0.099692416,5926.217668,34.27765789
715128.1288,5347794.451,1818586.511,455650.9478,0.109707531,3860.741024,25.38941377
716128.1288,5347794.451,1821865.293,455558.3146,0.098808308,1138.981603,2.138060153
717128.1288,5347794.451,1825144.057,455465.6807,0.031584503,269.4345845,0.578125834
718128.1288,5347794.451,1828422.804,455373.0462,0.055409302,6.330474453,0
719128.1288,5347794.451,1831701.533,455280.4111,0.09967647,163.3454313,0
720128.1288,5347794.451,1834980.244,455187.7753,0.017958077,103.7919475,0
721128.1288,5347794.451,1838258.937,455095.1388,0.023093937,0.288913162,0
722128.1288,5347794.451,1841537.613,455002.5017,0.154206198,176.2502278,0.027386915
723128.1288,5347794.451,1844816.271,454909.864,0.465919125,379.0038279,0.026658997
724128.1288,5347794.451,1848094.91,454817.2257,0.586770545,367.5900055,0.025931079
689128.1288,5346794.451,1733239.705,454779.9455,0.566235263,240.1761384,0.100745656
690128.1288,5346794.451,1736518.913,454687.3468,0.345860855,256.7453054,0
691128.1288,5346794.451,1739798.105,454594.7473,0.283129898,24.17308043,0
692128.1288,5346794.451,1743077.281,454502.1471,0.232124154,0.488410294,0.014249396
693128.1288,5346794.451,1746356.442,454409.5461,0.256430503,0,0.009499597
694128.1288,5346794.451,1749635.588,454316.9445,0.551420559,0,0
695128.1288,5346794.451,1752914.718,454224.3422,0.913976392,0,0
696128.1288,5346794.451,1756193.831,454131.7392,0.581080258,0.030993619,0
697128.1288,5346794.451,1759472.929,454039.1355,0.126556755,93.17390511,0
698128.1288,5346794.451,1762752.011,453946.5312,0.227737702,143.0038272,0
725128.1288,5347794.451,1851373.531,454724.5867,0.762484808,565.1126915,0
726128.1288,5347794.451,1854652.135,454631.9471,0.877534489,613.2161473,0
727128.1288,5347794.451,1857930.719,454539.307,0.893522072,493.5691383,0
728128.1288,5347794.451,1861209.286,454446.6662,0.87419222,1914.334488,0
729128.1288,5347794.451,1864487.834,454354.0248,0.846365368,3454.475305,0
730128.1288,5347794.451,1867766.364,454261.3828,0.883548151,3687.924016,0
731128.1288,5347794.451,1871044.874,454168.7403,0.866293184,2390.303991,0.031739425
732128.1288,5347794.451,1874323.367,454076.0971,0.822726931,323.5593653,0.031739425
733128.1288,5347794.451,1877601.84,453983.4534,0.634388891,545.8364333,0
734128.1288,5347794.451,1880880.295,453890.8091,0.310542099,525.9522247,0.024183776
735128.1288,5347794.451,1884158.73,453798.1643,0.113014063,1010.32271,0.014974063
736128.1288,5347794.451,1887437.147,453705.5188,0.056830788,1117.189435,0.007783123
737128.1288,5347794.451,1890715.545,453612.8729,0.003412354,517.614179,0.015995198
738128.1288,5347794.451,1893993.923,453520.2264,0.021220797,643.6134913,0
739128.1288,5347794.451,1897272.282,453427.5793,0.042552274,1356.841788,0.004408504
740128.1288,5347794.451,1900550.622,453334.9317,0.01490175,1322.847374,0.14936551
741128.1288,5347794.451,1903828.942,453242.2836,0.0149478,2054.540801,0.557469524
699128.1288,5346794.451,1766031.077,453853.9261,0.247705281,6.066010212,0
700128.1288,5346794.451,1769310.127,453761.3204,0.571156642,0.022218175,0
701128.1288,5346794.451,1772589.161,453668.714,0.830769589,0.037725533,0
702128.1288,5346794.451,1775868.178,453576.107,0.962131369,11.17572001,0
703128.1288,5346794.451,1779147.18,453483.4993,0.975769764,502.1022603,0
704128.1288,5346794.451,1782426.164,453390.8909,0.965229194,1291.635187,0
705128.1288,5346794.451,1785705.132,453298.2819,0.971543902,1026.103335,0
706128.1288,5346794.451,1788984.084,453205.6723,0.921518047,144.808344,0
707128.1288,5346794.451,1792263.019,453113.062,0.816440077,6.371194166,0
708128.1288,5346794.451,1795541.937,453020.4511,0.873410216,123.5494626,0
709128.1288,5346794.451,1798820.838,452927.8396,0.684869969,44.66417638,0
710128.1288,5346794.451,1802099.722,452835.2275,0.291086561,23.23117593,0.217720479
711128.1288,5346794.451,1805378.589,452742.6147,0.315906394,155.164723,0.323260084
712128.1288,5346794.451,1808657.44,452650.0014,0.332572819,504.1808064,2.315194562
713128.1288,5346794.451,1811936.273,452557.3874,0.254596439,2670.226295,4.094375685
714128.1288,5346794.451,1815215.089,452464.7728,0.10535274,4930.002187,19.83967747
715128.1288,5346794.451,1818493.887,452372.1577,0.086964458,1807.057013,16.96955755
716128.1288,5346794.451,1821772.668,452279.5419,0.085122211,741.2294514,1.129450023
717128.1288,5346794.451,1825051.432,452186.9256,0.051343598,448.5524973,1.276255783
718128.1288,5346794.451,1828330.178,452094.3087,0.030913469,176.2134647,0.233122748
719128.1288,5346794.451,1831608.906,452001.6913,0.054360189,37.87718978,0
720128.1288,5346794.451,1834887.617,451909.0732,0.05500688,12.97413479,0
721128.1288,5346794.451,1838166.31,451816.4546,0.133555562,0.061577701,0
722128.1288,5346794.451,1841444.985,451723.8355,0.30777804,8.584228738,0
723128.1288,5346794.451,1844723.642,451631.2158,0.442952264,303.2453071,0.025931079
724128.1288,5346794.451,1848002.28,451538.5955,0.520450414,625.8846926,0.025931079
725128.1288,5346794.451,1851280.901,451445.9747,0.838008004,653.5899635,0
726128.1288,5346794.451,1854559.504,451353.3534,0.927754932,984.3946074,0
727128.1288,5346794.451,1857838.088,451260.7315,0.923443096,934.2538728,0.035326023
728128.1288,5346794.451,1861116.654,451168.1092,0.849794386,1868.31577,0.035326023
729128.1288,5346794.451,1864395.202,451075.4863,0.744781349,2673.744987,0
730128.1288,5346794.451,1867673.731,450982.8629,0.768323869,2274.677372,0
731128.1288,5346794.451,1870952.241,450890.239,0.861655953,2060.111374,0.031739425
732128.1288,5346794.451,1874230.733,450797.6146,0.847232275,397.8134913,0.031739425
733128.1288,5346794.451,1877509.206,450704.9896,0.67511586,560.4604736,0
734128.1288,5346794.451,1880787.66,450612.3643,0.447213616,856.602078,0.016848102
735128.1288,5346794.451,1884066.095,450519.7384,0.147538182,885.6737744,0.014010422
736128.1288,5346794.451,1887344.511,450427.112,0.068104405,1116.26144,0.006849729
737128.1288,5346794.451,1890622.908,450334.4852,0.036054025,945.4983595,0.002526715
738128.1288,5346794.451,1893901.286,450241.8579,0.005445181,254.943544,0
739128.1288,5346794.451,1897179.644,450149.2301,0.057393228,612.1466837,0.004408504
740128.1288,5346794.451,1900457.984,450056.6019,0.06478489,1253.92204,0.184925673
690128.1288,5345794.451,1736426.321,451408.1473,0.688971793,275.1822157,0
691128.1288,5345794.451,1739705.513,451315.5633,0.70154255,200.7471726,0
692128.1288,5345794.451,1742984.689,451222.9786,0.440447845,93.7568799,3.61E-14
693128.1288,5345794.451,1746263.849,451130.3933,0.290569113,0.370262391,0.037290132
694128.1288,5345794.451,1749542.994,451037.8073,0.503847396,0,0
695128.1288,5345794.451,1752822.123,450945.2208,0.89448805,0.007470845,0
696128.1288,5345794.451,1756101.236,450852.6336,0.711585063,0.006198724,0
697128.1288,5345794.451,1759380.333,450760.0458,0.298305504,23.46523088,0
698128.1288,5345794.451,1762659.415,450667.4574,0.332436099,125.4330292,0
699128.1288,5345794.451,1765938.48,450574.8685,0.258459276,123.0065598,0
700128.1288,5345794.451,1769217.529,450482.2789,0.376782542,78.25045537,0
701128.1288,5345794.451,1772496.562,450389.6888,0.682363313,78.67285636,0
702128.1288,5345794.451,1775775.579,450297.098,0.887538235,38.8,0
703128.1288,5345794.451,1779054.58,450204.5067,0.982677028,565.3765049,0
704128.1288,5345794.451,1782333.564,450111.9149,0.969332349,690.6426355,0
705128.1288,5345794.451,1785612.531,450019.3224,0.941594224,587.803207,0
706128.1288,5345794.451,1788891.482,449926.7294,0.874403834,296.6795479,0
707128.1288,5345794.451,1792170.416,449834.1359,0.713999518,63.1191691,0
708128.1288,5345794.451,1795449.334,449741.5418,0.751253368,11.64478483,0
709128.1288,5345794.451,1798728.234,449648.9472,0.492288621,0.388321168,0
710128.1288,5345794.451,1802007.118,449556.352,0.203509543,0,0
711128.1288,5345794.451,1805285.985,449463.7563,0.151253474,1.288965768,0
712128.1288,5345794.451,1808564.835,449371.16,0.184844295,169.7223032,0.958670974
713128.1288,5345794.451,1811843.667,449278.5633,0.229720026,2657.910913,4.357683742
714128.1288,5345794.451,1815122.482,449185.966,0.143737546,3579.124932,4.232057583
715128.1288,5345794.451,1818401.28,449093.3682,0.06530885,681.2181918,1.643897062
716128.1288,5345794.451,1821680.061,449000.7699,0.027386202,27.68975574,0.21775315
717128.1288,5345794.451,1824958.824,448908.1711,0.067511402,337.7840743,0.99712713
718128.1288,5345794.451,1828237.569,448815.5718,0.114777257,497.3826531,1.123831701
719128.1288,5345794.451,1831516.297,448722.972,0.10243966,416.2165907,0.002877676
720128.1288,5345794.451,1834795.007,448630.3717,0.139897166,369.6150765,0.554843485
721128.1288,5345794.451,1838073.7,448537.771,0.226872954,148.3604227,0.328267681
722128.1288,5345794.451,1841352.374,448445.1697,0.296517138,3.30781848,0.387798309
723128.1288,5345794.451,1844631.031,448352.568,0.227531587,22.41107872,0
724128.1288,5345794.451,1847909.669,448259.9659,0.314978014,139.2855839,0.025931079
725128.1288,5345794.451,1851188.289,448167.3632,0.643526565,311.0629332,0
726128.1288,5345794.451,1854466.891,448074.7602,0.849111872,612.8218255,0
727128.1288,5345794.451,1857745.475,447982.1566,0.867404181,888.603753,0.035326023
728128.1288,5345794.451,1861024.041,447889.5527,0.796994789,1017.896501,0.035326023
729128.1288,5345794.451,1864302.588,447796.9483,0.655183818,610.3518687,0
730128.1288,5345794.451,1867581.116,447704.3434,0.612496365,283.0735267,0
731128.1288,5345794.451,1870859.626,447611.7382,0.611547324,477.6942873,0
732128.1288,5345794.451,1874138.117,447519.1325,0.484789933,74.32434402,0.026664496
733128.1288,5345794.451,1877416.59,447426.5264,0.433299434,386.1801129,0.040646672
734128.1288,5345794.451,1880695.043,447333.9199,0.473843776,838.4250592,0.038101709
735128.1288,5345794.451,1883973.478,447241.313,0.342542508,675.4766764,0.01340049
736128.1288,5345794.451,1887251.894,447148.7057,0.132517812,849.8426618,0.00790371
737128.1288,5345794.451,1890530.29,447056.098,0.066919194,1133.911663,0.001890454
738128.1288,5345794.451,1893808.668,446963.4899,0.01445615,735.3624271,0.075464997
739128.1288,5345794.451,1897087.026,446870.8814,0.048626677,1697.857169,0.464367909
740128.1288,5345794.451,1900365.365,446778.2726,0.070599958,2029.067929,1.186695347
690128.1288,5344794.451,1736333.745,448128.9486,0.65051007,73.21192778,0.004516491
691128.1288,5344794.451,1739612.936,448036.3799,0.706262951,180.8269896,0
692128.1288,5344794.451,1742892.111,447943.8107,0.654384337,191.6582255,0.097621001
693128.1288,5344794.451,1746171.271,447851.241,0.407306287,42.0353563,0.097621001
694128.1288,5344794.451,1749450.415,447758.6707,0.359364753,0.916165482,0
695128.1288,5344794.451,1752729.544,447666.0999,0.667623013,21.93441428,0
696128.1288,5344794.451,1756008.656,447573.5286,0.55370832,23.05596063,0
697128.1288,5344794.451,1759287.753,447480.9567,0.354471019,9.819540649,0
698128.1288,5344794.451,1762566.834,447388.3843,0.545982804,118.8277747,0
699128.1288,5344794.451,1765845.899,447295.8114,0.503509335,230.401311,0
700128.1288,5344794.451,1769124.948,447203.238,0.570404644,271.1445761,0
701128.1288,5344794.451,1772403.98,447110.6641,0.760112905,334.4125798,0
702128.1288,5344794.451,1775682.996,447018.0897,0.916802471,342.9185199,0
703128.1288,5344794.451,1778961.996,446925.5148,0.946726386,749.290146,0
704128.1288,5344794.451,1782240.98,446832.9394,0.940983373,954.4892414,0
705128.1288,5344794.451,1785519.947,446740.3635,0.854054386,811.728035,0
706128.1288,5344794.451,1788798.897,446647.7871,0.761598273,1359.140645,0
707128.1288,5344794.451,1792077.831,446555.2103,0.487037902,1379.45539,0
708128.1288,5344794.451,1795356.748,446462.633,0.32607121,388.6296499,0
709128.1288,5344794.451,1798635.648,446370.0552,0.195004034,33.6199161,0
710128.1288,5344794.451,1801914.531,446277.477,0.163834497,3.775912409,0
711128.1288,5344794.451,1805193.397,446184.8983,0.213009409,1.397045413,0
712128.1288,5344794.451,1808472.247,446092.3192,0.149966868,310.1850638,1.069785476
713128.1288,5344794.451,1811751.079,445999.7396,0.15376703,3359.260885,2.205690885
714128.1288,5344794.451,1815029.893,445907.1596,0.14129728,3316.15895,2.404115081
715128.1288,5344794.451,1818308.691,445814.5792,0.046623731,317.0094856,0.042999156
716128.1288,5344794.451,1821587.471,445721.9983,0.033982412,15.02463504,0
717128.1288,5344794.451,1824866.234,445629.417,0.06610505,76.89959913,0.024987185
718128.1288,5344794.451,1828144.979,445536.8353,0.145442797,285.4843352,0.30271439
719128.1288,5344794.451,1831423.706,445444.2532,0.152428343,326.390235,0.580441594
720128.1288,5344794.451,1834702.416,445351.6707,0.190375304,650.8360985,0.285448339
721128.1288,5344794.451,1837981.108,445259.0878,0.415742488,795.4874088,0.458140222
722128.1288,5344794.451,1841259.782,445166.5045,0.310091098,184.7253008,0.37402986
723128.1288,5344794.451,1844538.438,445073.9208,0.117553041,0.855946094,0
724128.1288,5344794.451,1847817.076,444981.3367,0.128435993,0.198723792,0
725128.1288,5344794.451,1851095.696,444888.7522,0.212895404,15.7828384,0
726128.1288,5344794.451,1854374.297,444796.1674,0.32599984,433.3422684,0
727128.1288,5344794.451,1857652.881,444703.5822,0.466770578,353.1170678,0
728128.1288,5344794.451,1860931.446,444610.9966,0.568695321,433.9143742,0
729128.1288,5344794.451,1864209.992,444518.4107,0.5953405,906.34846,0.036122932
730128.1288,5344794.451,1867488.521,444425.8244,0.46324146,798.2676878,0.007864115
731128.1288,5344794.451,1870767.03,444333.2378,0.255613693,127.341899,0
732128.1288,5344794.451,1874045.521,444240.6508,0.105745893,40.82865987,0.121468324
733128.1288,5344794.451,1877323.993,444148.0635,0.047573647,101.366454,0.08029921
734128.1288,5344794.451,1880602.446,444055.4759,0.165419706,567.8861152,0.030697542
735128.1288,5344794.451,1883880.881,443962.888,0.255463184,697.6309936,0.01474134
736128.1288,5344794.451,1887159.296,443870.2997,0.129366577,250.57526,0.068727259
737128.1288,5344794.451,1890437.692,443777.7111,0.075976327,1202.001276,0.006979214
738128.1288,5344794.451,1893716.069,443685.1222,0.033783714,1337.861309,0.082984318
739128.1288,5344794.451,1896994.427,443592.5331,0.029751319,2707.352459,1.796480651
691128.1288,5343794.451,1739520.375,444757.1971,0.607446713,12.38433515,0
692128.1288,5343794.451,1742799.55,444664.6434,0.71665226,177.162655,0
693128.1288,5343794.451,1746078.709,444572.0893,0.574511088,231.97025,0
694128.1288,5343794.451,1749357.853,444479.5347,0.298108133,120.8708265,0
695128.1288,5343794.451,1752636.981,444386.9796,0.40289583,116.7465354,0
696128.1288,5343794.451,1755916.093,444294.4241,0.314966149,146.1151603,0
697128.1288,5343794.451,1759195.189,444201.8681,0.17319016,174.3602914,0
698128.1288,5343794.451,1762474.269,444109.3117,0.485950874,255.9608093,0
699128.1288,5343794.451,1765753.334,444016.7549,0.579754826,240.9994532,0
700128.1288,5343794.451,1769032.382,443924.1976,0.700230651,380.1120029,0
701128.1288,5343794.451,1772311.414,443831.6399,0.876608148,358.0854903,0
702128.1288,5343794.451,1775590.43,443739.0818,0.960443379,289.0750592,0
703128.1288,5343794.451,1778869.429,443646.5233,0.954612936,571.2661437,0
704128.1288,5343794.451,1782148.412,443553.9644,0.927766715,1074.356102,0
705128.1288,5343794.451,1785427.379,443461.405,0.874427578,1000.242165,0
706128.1288,5343794.451,1788706.329,443368.8453,0.843563241,1600.095863,0
707128.1288,5343794.451,1791985.262,443276.2852,0.636126433,2237.63388,0
708128.1288,5343794.451,1795264.179,443183.7246,0.378418866,2012.558695,0
709128.1288,5343794.451,1798543.078,443091.1637,0.1861755,931.8366752,0
710128.1288,5343794.451,1801821.961,442998.6025,0.185336612,217.8720612,0
711128.1288,5343794.451,1805100.827,442906.0408,0.217232384,24.83184551,0
712128.1288,5343794.451,1808379.676,442813.4788,0.194820938,515.0196685,3.233096838
713128.1288,5343794.451,1811658.507,442720.9164,0.175329681,4120.300565,2.156361103
714128.1288,5343794.451,1814937.322,442628.3537,0.142353501,4191.458159,1.079625368
715128.1288,5343794.451,1818216.119,442535.7906,0.044115996,830.8638189,7.59E-14
716128.1288,5343794.451,1821494.899,442443.2272,0.043302142,284.9635303,0
717128.1288,5343794.451,1824773.661,442350.6634,0.01708566,30.9125205,0
718128.1288,5343794.451,1828052.405,442258.0993,0.030662231,6.121311475,0
719128.1288,5343794.451,1831331.133,442165.5349,0.024965788,2.169003824,0
720128.1288,5343794.451,1834609.842,442072.9701,0.103233873,153.8371923,0.043266793
721128.1288,5343794.451,1837888.533,441980.405,0.328025545,1153.258935,0.665070916
722128.1288,5343794.451,1841167.207,441887.8396,0.316679701,886.5989783,0.674370041
723128.1288,5343794.451,1844445.863,441795.2739,0.106909298,197.4106069,0.149810128
724128.1288,5343794.451,1847724.5,441702.7079,0.110128444,2.973962127,0.297162533
725128.1288,5343794.451,1851003.12,441610.1416,0.066846203,177.8358236,0
726128.1288,5343794.451,1854281.721,441517.575,0.029856768,465.464442,0
727128.1288,5343794.451,1857560.304,441425.0081,0.091027229,204.3032129,0
728128.1288,5343794.451,1860838.869,441332.4409,0.203631368,334.6517059,0
729128.1288,5343794.451,1864117.416,441239.8735,0.415682243,1228.718061,0.045542537
730128.1288,5343794.451,1867395.943,441147.3057,0.503551325,1291.173224,0.064381748
731128.1288,5343794.451,1870674.453,441054.7378,0.301698225,392.0342628,0
732128.1288,5343794.451,1873952.943,440962.1695,0.094616869,367.1135618,0.027701879
733128.1288,5343794.451,1877231.415,440869.601,0.055036765,415.0576537,0.027701879
734128.1288,5343794.451,1880509.868,440777.0323,0.044453875,415.1290793,0
735128.1288,5343794.451,1883788.302,440684.4633,0.048996969,514.7572001,0.299129307
736128.1288,5343794.451,1887066.717,440591.8941,0.031610924,235.5046473,0.086007063
737128.1288,5343794.451,1890345.113,440499.3246,0.070561605,1114.363322,0.017994974
738128.1288,5343794.451,1893623.49,440406.7549,0.041762943,1719.160744,0.964554106
739128.1288,5343794.451,1896901.847,440314.185,0.037579026,2979.662716,1.321523642
691128.1288,5342794.451,1739427.829,441478.0148,0.528839405,41.49289617,0
692128.1288,5342794.451,1742707.004,441385.4766,0.454268072,33.40746812,0
693128.1288,5342794.451,1745986.162,441292.938,0.582430784,279.0238964,0
694128.1288,5342794.451,1749265.306,441200.399,0.423185987,300.1080292,0.004749465
695128.1288,5342794.451,1752544.433,441107.8597,0.552357215,343.4591539,0.004749465
696128.1288,5342794.451,1755823.545,441015.32,0.563864813,416.2652095,0
697128.1288,5342794.451,1759102.641,440922.78,0.383105339,402.7283658,0
698128.1288,5342794.451,1762381.721,440830.2395,0.605218784,307.4117004,0
699128.1288,5342794.451,1765660.785,440737.6988,0.721155729,180.2682482,0
700128.1288,5342794.451,1768939.833,440645.1576,0.777681278,295.9170162,0
701128.1288,5342794.451,1772218.864,440552.6162,0.840410187,188.1055606,0
702128.1288,5342794.451,1775497.88,440460.0744,0.956024267,8.301821494,0
703128.1288,5342794.451,1778776.879,440367.5322,0.973880005,70.09841443,0
704128.1288,5342794.451,1782055.862,440274.9897,0.982808509,513.6234737,0
705128.1288,5342794.451,1785334.828,440182.4469,0.794810694,294.1372012,0
706128.1288,5342794.451,1788613.777,440089.9038,0.55212803,509.2539712,0
707128.1288,5342794.451,1791892.71,439997.3604,0.536549721,1527.348587,0
708128.1288,5342794.451,1795171.626,439904.8167,0.432919517,2273.516129,0
709128.1288,5342794.451,1798450.526,439812.2726,0.365039614,2263.919352,0.008376057
710128.1288,5342794.451,1801729.408,439719.7283,0.360421209,1843.41571,0.173957413
711128.1288,5342794.451,1805008.274,439627.1837,0.130965142,624.1144732,0.013051029
712128.1288,5342794.451,1808287.122,439534.6388,0.14530589,369.6511034,1.031311274
713128.1288,5342794.451,1811565.954,439442.0936,0.237837171,3137.908329,2.504211187
714128.1288,5342794.451,1814844.768,439349.5481,0.244545269,5095.266752,3.428017431
715128.1288,5342794.451,1818123.564,439257.0024,0.109267691,3970.902279,7.028249234
716128.1288,5342794.451,1821402.344,439164.4564,0.038395023,2000.998724,1.003805876
717128.1288,5342794.451,1824681.106,439071.9101,0.013116495,268.7911427,0
718128.1288,5342794.451,1827959.85,438979.3636,0.057068687,243.4995444,0.005037433
719128.1288,5342794.451,1831238.577,438886.8168,0.055964713,108.821344,1.045272231
720128.1288,5342794.451,1834517.286,438794.2698,0.019832792,18.42091837,0.056873593
721128.1288,5342794.451,1837795.977,438701.7225,0.1028684,572.896137,0.646662154
722128.1288,5342794.451,1841074.65,438609.175,0.203941335,748.2180492,0.661943776
723128.1288,5342794.451,1844353.306,438516.6273,0.154423261,427.2277119,0.173857171
724128.1288,5342794.451,1847631.943,438424.0794,0.093293273,275.6675164,0.255361244
725128.1288,5342794.451,1850910.563,438331.5312,0.083848227,454.7616184,0
726128.1288,5342794.451,1854189.164,438238.9828,0.044998733,524.9597009,0
727128.1288,5342794.451,1857467.747,438146.4343,0.045199576,103.2729098,0
728128.1288,5342794.451,1860746.311,438053.8855,0.018818936,413.5749954,0
729128.1288,5342794.451,1864024.857,437961.3365,0.189937927,523.6185792,0.064381748
730128.1288,5342794.451,1867303.385,437868.7873,0.378549233,486.0127481,0.100217216
731128.1288,5342794.451,1870581.894,437776.238,0.4941563,964.4197193,0.136052683
732128.1288,5342794.451,1873860.384,437683.6885,0.340507306,946.7862359,0.027701879
733128.1288,5342794.451,1877138.856,437591.1388,0.105158357,502.2368277,0.027701879
734128.1288,5342794.451,1880417.308,437498.5889,0.033790568,107.297593,0
735128.1288,5342794.451,1883695.742,437406.0388,0.044044694,355.6363802,0.028135831
736128.1288,5342794.451,1886974.157,437313.4886,0.075304881,281.7458121,0.013552974
737128.1288,5342794.451,1890252.553,437220.9383,0.078451163,885.5460346,0.013488148
738128.1288,5342794.451,1893530.93,437128.3878,0.047530189,1700.242153,0.719897642
739128.1288,5342794.451,1896809.287,437035.8372,0.036410108,2646.620098,1.118886439
691128.1288,5341794.451,1739335.299,438198.8328,0.559587372,26.92612185,0
692128.1288,5341794.451,1742614.473,438106.3101,0.452339583,76.95386579,0
693128.1288,5341794.451,1745893.631,438013.7871,0.602215721,279.9464286,0
694128.1288,5341794.451,1749172.774,437921.2638,0.611191544,426.0275146,0.004749465
695128.1288,5341794.451,1752451.902,437828.7402,0.760826409,425.2377915,0.004749465
696128.1288,5341794.451,1755731.013,437736.2163,0.669983167,385.6514213,0
697128.1288,5341794.451,1759010.109,437643.6922,0.312215445,204.1637523,0
698128.1288,5341794.451,1762289.188,437551.1677,0.499112699,90.3627094,0
699128.1288,5341794.451,1765568.252,437458.643,0.712110292,187.0596171,0
700128.1288,5341794.451,1768847.299,437366.118,0.820360458,201.4568667,0
701128.1288,5341794.451,1772126.331,437273.5927,0.877324267,42.32039366,0
702128.1288,5341794.451,1775405.346,437181.0672,0.95114666,79.42414296,0
703128.1288,5341794.451,1778684.345,437088.5415,0.955199081,205.3506375,0
704128.1288,5341794.451,1781963.327,436996.0155,0.969665865,286.3292016,0
705128.1288,5341794.451,1785242.293,436903.4892,0.788355189,706.8196243,0
706128.1288,5341794.451,1788521.242,436810.9627,0.627921396,1196.42479,0
707128.1288,5341794.451,1791800.175,436718.436,0.547348512,1120.815578,0
708128.1288,5341794.451,1795079.091,436625.909,0.324472435,660.9732289,0
709128.1288,5341794.451,1798357.99,436533.3818,0.242334447,997.8994169,0.039859842
710128.1288,5341794.451,1801636.872,436440.8545,0.40685617,2146.505106,0.468527353
711128.1288,5341794.451,1804915.738,436348.3268,0.403209649,2348.667579,0.945383249
712128.1288,5341794.451,1808194.586,436255.799,0.240453364,1759.852271,0.643835505
713128.1288,5341794.451,1811473.417,436163.271,0.217201171,1718.84175,1.674840933
714128.1288,5341794.451,1814752.231,436070.7428,0.254410946,3654.057205,3.963670975
715128.1288,5341794.451,1818031.027,435978.2144,0.217573633,5162.961924,6.505490325
716128.1288,5341794.451,1821309.806,435885.6858,0.135568413,3811.285532,9.25721693
717128.1288,5341794.451,1824588.568,435793.1571,0.130497021,785.758344,0
718128.1288,5341794.451,1827867.312,435700.6281,0.124458791,398.8081767,0.525154832
719128.1288,5341794.451,1831146.039,435608.099,0.068422096,124.1910317,0.525154832
720128.1288,5341794.451,1834424.748,435515.5697,0.014942763,0.13512035,0
721128.1288,5341794.451,1837703.439,435423.0403,0.030001157,8.059187762,0.105913073
722128.1288,5341794.451,1840982.112,435330.5107,0.110503198,29.77879009,0.125896819
723128.1288,5341794.451,1844260.767,435237.981,0.120582327,306.5830447,0.140479429
724128.1288,5341794.451,1847539.404,435145.4511,0.060307238,414.4628988,0.145070165
725128.1288,5341794.451,1850818.023,435052.9211,0.081144548,662.3509475,0
726128.1288,5341794.451,1854096.624,434960.3909,0.077634133,481.1704608,0
727128.1288,5341794.451,1857375.207,434867.8607,0.04569771,205.8784621,0.01269857
728128.1288,5341794.451,1860653.771,434775.3303,0.003977415,510.069242,0
729128.1288,5341794.451,1863932.317,434682.7997,0.030940503,248.8324531,0
730128.1288,5341794.451,1867210.845,434590.2691,0.259482637,218.4825073,0.02618905
731128.1288,5341794.451,1870489.354,434497.7384,0.595238549,694.0103768,0.082048095
732128.1288,5341794.451,1873767.844,434405.2076,0.589828911,515.8705561,0.027701879
733128.1288,5341794.451,1877046.315,434312.6767,0.369587028,436.5409298,0
734128.1288,5341794.451,1880324.768,434220.1456,0.135571391,366.8944971,1.471529704
735128.1288,5341794.451,1883603.202,434127.6146,0.076509486,451.4584397,1.478745392
736128.1288,5341794.451,1886881.616,434035.0834,0.090404131,260.763484,0.019991082
737128.1288,5341794.451,1890160.012,433942.5521,0.039925189,891.051184,0.008181329
738128.1288,5341794.451,1893438.389,433850.0208,0.0195261,1231.366472,0.223664545
691128.1288,5340794.451,1739242.784,434919.6512,0.701328881,0.645426328,0
692128.1288,5340794.451,1742521.958,434827.144,0.593356652,39.54366454,0
693128.1288,5340794.451,1745801.116,434734.6365,0.753888528,154.3989798,0
694128.1288,5340794.451,1749080.259,434642.1289,0.870111333,165.2059038,0
695128.1288,5340794.451,1752359.386,434549.621,0.918248275,186.0775956,0
696128.1288,5340794.451,1755638.497,434457.1129,0.53662383,203.4321168,0
697128.1288,5340794.451,1758917.592,434364.6046,0.274143058,149.4622263,4.83E-13
698128.1288,5340794.451,1762196.672,434272.0962,0.626285048,322.5123997,4.83E-13
699128.1288,5340794.451,1765475.735,434179.5875,0.805151162,298.0949517,0
700128.1288,5340794.451,1768754.782,434087.0786,0.780781322,141.079235,0
701128.1288,5340794.451,1772033.814,433994.5696,0.853469352,57.02002913,0
702128.1288,5340794.451,1775312.829,433902.0604,0.947804955,193.7752051,0
703128.1288,5340794.451,1778591.827,433809.551,0.944813739,188.5928897,0
704128.1288,5340794.451,1781870.809,433717.0414,0.948639147,286.1645085,0
705128.1288,5340794.451,1785149.775,433624.5317,0.956045593,859.18364,0
706128.1288,5340794.451,1788428.724,433532.0218,0.892805918,917.7187614,0
707128.1288,5340794.451,1791707.657,433439.5118,0.560975642,115.610392,0
708128.1288,5340794.451,1794986.572,433347.0016,0.223880067,15.46316557,0
709128.1288,5340794.451,1798265.471,433254.4913,0.226531434,500.7281341,0.057565514
710128.1288,5340794.451,1801544.353,433161.9808,0.545193266,1338.07957,0.547784673
711128.1288,5340794.451,1804823.218,433069.4702,0.746909059,1990.627712,1.877715468
712128.1288,5340794.451,1808102.066,432976.9595,0.570093994,2121.949078,0.965753257
713128.1288,5340794.451,1811380.897,432884.4487,0.42103203,2264.581298,4.092774183
714128.1288,5340794.451,1814659.711,432791.9377,0.328639398,2368.925798,3.891091653
715128.1288,5340794.451,1817938.507,432699.4266,0.180559574,3411.368737,2.565930178
716128.1288,5340794.451,1821217.286,432606.9155,0.163124288,4141.360306,8.279128698
717128.1288,5340794.451,1824496.048,432514.4042,0.13236196,1523.868551,0
718128.1288,5340794.451,1827774.792,432421.8928,0.042052866,96.86037598,0
719128.1288,5340794.451,1831053.518,432329.3814,0.009559571,1.946216955,0.326410234
720128.1288,5340794.451,1834332.227,432236.8698,0.00433058,0,0
721128.1288,5340794.451,1837610.918,432144.3582,0.003154588,0,0
722128.1288,5340794.451,1840889.591,432051.8465,0.018951949,0,0.089528911
723128.1288,5340794.451,1844168.246,431959.3348,0.041989105,9.833728783,0.083054643
724128.1288,5340794.451,1847446.883,431866.8229,0.009432568,370.9896061,0.097201552
725128.1288,5340794.451,1850725.502,431774.3111,0.026582558,711.6789426,0.05256708
726128.1288,5340794.451,1854004.103,431681.7991,0.049408882,552.6960481,0.089048974
727128.1288,5340794.451,1857282.686,431589.2872,0.038204883,61.70304245,0.050873772
728128.1288,5340794.451,1860561.25,431496.7751,0.00508275,173.4370559,0.010379831
729128.1288,5340794.451,1863839.796,431404.2631,0.031037149,31.87912489,0.013621465
730128.1288,5340794.451,1867118.323,431311.751,0.215999283,255.2875912,0.10950467
731128.1288,5340794.451,1870396.832,431219.2389,0.467901459,456.913202,0.10950467
732128.1288,5340794.451,1873675.322,431126.7268,0.448070669,51.22434846,0
733128.1288,5340794.451,1876953.794,431034.2146,0.367919742,404.9932617,0.084890444
734128.1288,5340794.451,1880232.246,430941.7025,0.287415343,652.8779822,1.142099001
735128.1288,5340794.451,1883510.68,430849.1903,0.281693367,664.088423,1.321641793
736128.1288,5340794.451,1886789.095,430756.6782,0.135405076,359.402917,0.144172522
737128.1288,5340794.451,1890067.49,430664.1661,0.010237408,1228.877324,0.066496262
738128.1288,5340794.451,1893345.867,430571.6539,0.01596613,2238.297012,0.525463827
692128.1288,5339794.451,1742429.458,431547.978,0.329352764,0.033892128,0
693128.1288,5339794.451,1745708.616,431455.4862,0.376476221,0.446226759,0
694128.1288,5339794.451,1748987.759,431362.9942,0.426943448,1.583485235,0
695128.1288,5339794.451,1752266.886,431270.502,0.610575808,183.9380579,0
696128.1288,5339794.451,1755545.997,431178.0097,0.419633852,287.7838627,0
697128.1288,5339794.451,1758825.092,431085.5173,0.385855166,323.4949827,4.83E-13
698128.1288,5339794.451,1762104.171,430993.0248,0.643997442,435.1350465,4.83E-13
699128.1288,5339794.451,1765383.234,430900.5322,0.685837862,249.0185759,0
700128.1288,5339794.451,1768662.282,430808.0394,0.638303505,195.256102,0
701128.1288,5339794.451,1771941.313,430715.5466,0.774940568,219.9132653,0
702128.1288,5339794.451,1775220.327,430623.0537,0.847766549,247.4448905,0
703128.1288,5339794.451,1778499.326,430530.5606,0.848085793,206.9033023,0
704128.1288,5339794.451,1781778.308,430438.0675,0.901654912,306.5147595,0
705128.1288,5339794.451,1785057.273,430345.5743,0.97168484,360.8958979,0
706128.1288,5339794.451,1788336.222,430253.0811,0.898475848,71.41519402,0
707128.1288,5339794.451,1791615.155,430160.5877,0.643096206,1.171798142,0
708128.1288,5339794.451,1794894.07,430068.0943,0.470030986,4.646619282,0
709128.1288,5339794.451,1798172.969,429975.6008,0.545311929,356.2341241,0.002289742
710128.1288,5339794.451,1801451.851,429883.1073,0.595153679,669.440678,0.003587596
711128.1288,5339794.451,1804730.716,429790.6137,0.521881281,200.4968106,0.00488545
712128.1288,5339794.451,1808009.564,429698.1201,0.398762425,258.528522,0
713128.1288,5339794.451,1811288.395,429605.6264,0.471973416,939.2507283,6.64225626
714128.1288,5339794.451,1814567.209,429513.1327,0.371339755,837.9850501,4.17106206
715128.1288,5339794.451,1817846.005,429420.639,0.124802892,943.2316384,2.234738325
716128.1288,5339794.451,1821124.784,429328.1452,0.150541708,4005.637208,5.849643979
717128.1288,5339794.451,1824403.545,429235.6514,0.09254396,3701.064163,1.086290717
718128.1288,5339794.451,1827682.289,429143.1576,0.030716261,608.8784621,0.326410234
719128.1288,5339794.451,1830961.016,429050.6638,0.007831789,37.16052536,0.326410234
720128.1288,5339794.451,1834239.724,428958.17,0.004689692,3.939139942,0
721128.1288,5339794.451,1837518.415,428865.6762,0.005505169,0.032616618,0
722128.1288,5339794.451,1840797.088,428773.1824,0.004295823,0,0
723128.1288,5339794.451,1844075.744,428680.6886,0.000798121,0.022602989,0
724128.1288,5339794.451,1847354.381,428588.1949,0.004272478,30.38287384,0.096070846
725128.1288,5339794.451,1850633,428495.7011,0.007484329,363.6678819,0.085194904
726128.1288,5339794.451,1853911.601,428403.2074,0.024869964,600.057398,0.089048974
727128.1288,5339794.451,1857190.183,428310.7137,0.008493554,120.6985428,0.046934216
728128.1288,5339794.451,1860468.747,428218.2201,0.005381873,0.229143898,0.009220461
729128.1288,5339794.451,1863747.293,428125.7265,0.042336814,9.546333455,0.013621465
730128.1288,5339794.451,1867025.821,428033.2329,0.16495226,470.2816207,0.135106787
731128.1288,5339794.451,1870304.329,427940.7394,0.262159734,712.1233825,0.108767419
732128.1288,5339794.451,1873582.82,427848.246,0.281254022,251.5019122,0.578706801
733128.1288,5339794.451,1876861.291,427755.7526,0.18721764,142.7069971,0.357778199
734128.1288,5339794.451,1880139.744,427663.2593,0.227792779,307.2962288,0.483237594
735128.1288,5339794.451,1883418.177,427570.7661,0.296359574,1460.57594,1.305747412
736128.1288,5339794.451,1886696.592,427478.273,0.18939047,1973.150912,0.533996676
737128.1288,5339794.451,1889974.988,427385.78,0.030928856,1611.739606,0.121718291
692128.1288,5338794.451,1742336.974,428268.8123,0.356771359,0,0
693128.1288,5338794.451,1745616.132,428176.3359,0.354955469,0,0
694128.1288,5338794.451,1748895.275,428083.8596,0.485727469,0.502462156,0
695128.1288,5338794.451,1752174.401,427991.3831,0.574698449,223.0705303,0
696128.1288,5338794.451,1755453.512,427898.9066,0.380353525,420.4124613,0
697128.1288,5338794.451,1758732.607,427806.4301,0.470501769,432.7795807,0.026526513
698128.1288,5338794.451,1762011.687,427713.9536,0.655587673,406.1672741,0.026526513
699128.1288,5338794.451,1765290.75,427621.477,0.709077772,310.940051,0
700128.1288,5338794.451,1768569.797,427529.0004,0.757785762,194.4553571,0
701128.1288,5338794.451,1771848.828,427436.5237,0.861105406,276.0555556,0
702128.1288,5338794.451,1775127.843,427344.0471,0.858087703,233.5891685,0
703128.1288,5338794.451,1778406.841,427251.5704,0.867209325,202.1909887,0
704128.1288,5338794.451,1781685.823,427159.0937,0.935773802,86.19981768,0
705128.1288,5338794.451,1784964.789,427066.617,0.960758804,3.741347905,0
706128.1288,5338794.451,1788243.738,426974.1404,0.959264597,0.355009107,0
707128.1288,5338794.451,1791522.67,426881.6637,0.82327789,0,0
708128.1288,5338794.451,1794801.585,426789.1871,0.639303333,0.283211679,0
709128.1288,5338794.451,1798080.484,426696.7104,0.648430339,17.55338565,0.002289742
710128.1288,5338794.451,1801359.366,426604.2338,0.460633849,17.53482859,0.00488545
711128.1288,5338794.451,1804638.231,426511.7572,0.289075349,8.009653916,0
712128.1288,5338794.451,1807917.079,426419.2807,0.289741001,318.2911277,3.158682346
713128.1288,5338794.451,1811195.91,426326.8042,0.417930221,443.0107468,2.126050954
714128.1288,5338794.451,1814474.724,426234.3277,0.32984681,142.7910584,1.609735258
715128.1288,5338794.451,1817753.52,426141.8513,0.047246462,240.5595694,0
716128.1288,5338794.451,1821032.299,426049.375,0.079719812,2159.077442,3.671616971
717128.1288,5338794.451,1824311.06,425956.8987,0.070293788,4353.131243,3.036120693
718128.1288,5338794.451,1827589.804,425864.4224,0.041773768,2950.557377,1.765128136
719128.1288,5338794.451,1830868.531,425771.9463,0.006217594,629.5574995,0.326410234
720128.1288,5338794.451,1834147.239,425679.4702,0.002533778,117.5774699,0
721128.1288,5338794.451,1837425.93,425586.9942,0.004245328,22.42200328,0
722128.1288,5338794.451,1840704.604,425494.5183,0.003351034,5.445881924,0
723128.1288,5338794.451,1843983.259,425402.0425,0.005660954,1.278891724,0.945046544
724128.1288,5338794.451,1847261.896,425309.5667,0.010799696,1.171496264,0.707984224
725128.1288,5338794.451,1850540.515,425217.0911,0.020588896,583.7578737,1.102934958
726128.1288,5338794.451,1853819.116,425124.6156,0.061446559,1006.001823,2.166522191
727128.1288,5338794.451,1857097.699,425032.1402,0.026678913,146.7538265,0.535359314
728128.1288,5338794.451,1860376.263,424939.6649,0.001690468,0,0.028609778
729128.1288,5338794.451,1863654.809,424847.1898,0.024072065,4.942044833,0.013621465
730128.1288,5338794.451,1866933.336,424754.7148,0.052995526,269.2742347,0.062151002
731128.1288,5338794.451,1870211.845,424662.2399,0.067843412,418.7559687,0.064852198
732128.1288,5338794.451,1873490.336,424569.7652,0.086820774,170.6684287,0.385804534
733128.1288,5338794.451,1876768.807,424477.2906,0.137932208,10.43859329,0.324836403
734128.1288,5338794.451,1880047.26,424384.8161,0.083108722,253.8655738,0.122456215
735128.1288,5338794.451,1883325.694,424292.3418,0.092116227,2168.461889,1.173313316
736128.1288,5338794.451,1886604.109,424199.8677,0.13472698,3094.016965,0.727388546
737128.1288,5338794.451,1889882.504,424107.3938,0.113695319,2647.170887,0.096082975
693128.1288,5337794.451,1745523.664,424897.1858,0.693634442,0,0
694128.1288,5337794.451,1748802.806,424804.725,0.739964483,4.998540679,0
695128.1288,5337794.451,1752081.933,424712.2643,0.574651415,220.0005463,0
696128.1288,5337794.451,1755361.044,424619.8036,0.345650065,469.6925319,0
697128.1288,5337794.451,1758640.139,424527.343,0.367219483,349.5367232,0.053053025
698128.1288,5337794.451,1761919.218,424434.8824,0.699132828,431.2121764,0.053053025
699128.1288,5337794.451,1765198.281,424342.4218,0.758666118,353.1932129,0
700128.1288,5337794.451,1768477.328,424249.9613,0.823355723,227.9998177,0
701128.1288,5337794.451,1771756.359,424157.5009,0.932109996,209.2320452,0
702128.1288,5337794.451,1775035.374,424065.0405,0.971391196,136.4409621,0
703128.1288,5337794.451,1778314.373,423972.5802,0.957329124,6.662720816,0
704128.1288,5337794.451,1781593.355,423880.1199,0.945213835,0.168701038,0
705128.1288,5337794.451,1784872.32,423787.6598,0.958095482,0,0
706128.1288,5337794.451,1788151.269,423695.1997,0.983101724,0,0
707128.1288,5337794.451,1791430.202,423602.7397,0.890930142,56.63235562,0
708128.1288,5337794.451,1794709.117,423510.2798,0.601815247,79.69978126,0
709128.1288,5337794.451,1797988.016,423417.82,0.441789227,171.9885141,0
710128.1288,5337794.451,1801266.898,423325.3603,0.258347928,28.41505651,0
711128.1288,5337794.451,1804545.763,423232.9007,0.310395905,367.1062511,0
712128.1288,5337794.451,1807824.611,423140.4413,0.512167762,503.7248224,1.592022244
713128.1288,5337794.451,1811103.442,423047.9819,0.472372695,218.2592458,1.592022244
714128.1288,5337794.451,1814382.256,422955.5227,0.228399184,46.86357833,0
715128.1288,5337794.451,1817661.052,422863.0636,0.049140027,165.2924649,0
716128.1288,5337794.451,1820939.831,422770.6047,0.036277717,1494.184868,3.913059464
717128.1288,5337794.451,1824218.593,422678.1458,0.126265769,3748.144262,3.745726816
718128.1288,5337794.451,1827497.337,422585.6872,0.111712266,4663.392603,2.932819883
719128.1288,5337794.451,1830776.063,422493.2287,0.038944168,3674.846967,1.323881333
720128.1288,5337794.451,1834054.772,422400.7703,0.004416617,1453.97646,0.951106136
721128.1288,5337794.451,1837333.463,422308.3121,0.01499483,534.7743702,1.805253685
722128.1288,5337794.451,1840612.137,422215.8541,0.009763604,259.2324098,0
723128.1288,5337794.451,1843890.792,422123.3962,0.009298293,84.16630237,0.564842872
724128.1288,5337794.451,1847169.429,422030.9385,0.032958988,8.475054625,0.714272023
725128.1288,5337794.451,1850448.049,421938.481,0.045440484,729.4355985,1.31862082
726128.1288,5337794.451,1853726.65,421846.0237,0.060678375,975.0043796,2.271388185
727128.1288,5337794.451,1857005.232,421753.5666,0.012179652,55.04561211,0.64985311
728128.1288,5337794.451,1860283.797,421661.1097,0.002585399,0.085079249,0.257203367
729128.1288,5337794.451,1863562.343,421568.653,0.00661745,0.011657559,0
730128.1288,5337794.451,1866840.871,421476.1965,0.00523925,4.17140255,0.068213321
731128.1288,5337794.451,1870119.38,421383.7402,0.010683834,4.826895044,0
732128.1288,5337794.451,1873397.87,421291.2842,0.029164634,1.91718351,0
733128.1288,5337794.451,1876676.342,421198.8283,0.039539585,19.17453949,0.176343391
734128.1288,5337794.451,1879954.795,421106.3727,0.029446315,795.8444161,0.241616456
735128.1288,5337794.451,1883233.229,421013.9174,0.047764898,1941.984694,0.341491207
736128.1288,5337794.451,1886511.644,420921.4622,0.050037313,1310.895427,1.034123482
694128.1288,5336794.451,1748710.353,421525.5904,0.654553302,37.84773888,0
695128.1288,5336794.451,1751989.48,421433.1454,0.518430487,264.8411368,0
696128.1288,5336794.451,1755268.591,421340.7005,0.334882949,332.7438935,0
697128.1288,5336794.451,1758547.686,421248.2558,0.446792936,263.127276,0
698128.1288,5336794.451,1761826.765,421155.8111,0.777621003,157.743529,0
699128.1288,5336794.451,1765105.829,421063.3666,0.85399356,164.1856987,0
700128.1288,5336794.451,1768384.876,420970.9222,0.94297684,144.4901424,0
701128.1288,5336794.451,1771663.907,420878.4779,0.889359139,76.45436327,0
702128.1288,5336794.451,1774942.922,420786.0338,0.886045701,0.856440153,0
703128.1288,5336794.451,1778221.92,420693.5899,0.884643061,0,0
704128.1288,5336794.451,1781500.903,420601.1461,0.975246389,0,0
705128.1288,5336794.451,1784779.868,420508.7024,0.966932743,0,0
706128.1288,5336794.451,1788058.817,420416.2589,0.992315608,0,0
707128.1288,5336794.451,1791337.75,420323.8156,0.913617602,129.440255,0
708128.1288,5336794.451,1794616.666,420231.3725,0.787862017,494.1494169,0
709128.1288,5336794.451,1797895.565,420138.9295,0.657935479,566.7547823,0
710128.1288,5336794.451,1801174.447,420046.4867,0.477586137,581.1772636,0
711128.1288,5336794.451,1804453.312,419954.0441,0.365415782,512.3837739,0
712128.1288,5336794.451,1807732.16,419861.6017,0.498982251,314.3541857,0.025362141
713128.1288,5336794.451,1811010.991,419769.1595,0.356183164,70.07561953,0.025362141
714128.1288,5336794.451,1814289.805,419676.7176,0.232107164,364.4531876,0
715128.1288,5336794.451,1817568.602,419584.2758,0.170166849,1456.640503,0
716128.1288,5336794.451,1820847.381,419491.8342,0.08332521,2317.355203,2.603903043
717128.1288,5336794.451,1824126.143,419399.3929,0.117015387,1780.256378,3.130838647
718128.1288,5336794.451,1827404.887,419306.9518,0.098923195,2664.708068,1.818718076
719128.1288,5336794.451,1830683.614,419214.5109,0.05761373,4687.065051,1.372675359
720128.1288,5336794.451,1833962.323,419122.0702,0.061236452,4656.732179,1.201532487
721128.1288,5336794.451,1837241.014,419029.6298,0.038630865,3691.024435,2.034863323
722128.1288,5336794.451,1840519.688,418937.1897,0.022714325,2956.893,2.688913435
723128.1288,5336794.451,1843798.343,418844.7498,0.018334035,1342.496539,2.920968056
724128.1288,5336794.451,1847076.981,418752.3101,0.099932499,378.989071,0.480632507
725128.1288,5336794.451,1850355.6,418659.8708,0.088072861,743.2758746,0.307113575
726128.1288,5336794.451,1853634.202,418567.4316,0.025656843,714.5940179,0.278228338
727128.1288,5336794.451,1856912.785,418474.9928,0.007657569,330.1664234,0.111924395
728128.1288,5336794.451,1860191.349,418382.5542,0.008480755,11.90448414,0.014636351
729128.1288,5336794.451,1863469.896,418290.116,0.00948241,0,0
730128.1288,5336794.451,1866748.424,418197.678,0.005435316,0,0
731128.1288,5336794.451,1870026.933,418105.2403,0.031311076,0,0
732128.1288,5336794.451,1873305.424,418012.8029,0.034025285,8.615188025,0
733128.1288,5336794.451,1876583.896,417920.3659,0.004114054,353.5848092,0.719103495
734128.1288,5336794.451,1879862.349,417827.9291,0.018180876,1799.91691,0.68136024
695128.1288,5335794.451,1751897.043,418154.0265,0.344392567,260.6415816,0
696128.1288,5335794.451,1755176.154,418061.5973,0.226334935,160.6204446,0
697128.1288,5335794.451,1758455.249,417969.1684,0.339671616,239.9134317,0
698128.1288,5335794.451,1761734.329,417876.7397,0.693041598,181.4004739,0
699128.1288,5335794.451,1765013.392,417784.3112,0.834093646,34.66873291,0
700128.1288,5335794.451,1768292.44,417691.8829,0.9185305,0.697648989,0
701128.1288,5335794.451,1771571.471,417599.4549,0.878895375,0.089799636,0
702128.1288,5335794.451,1774850.486,417507.027,0.762343553,0,0
703128.1288,5335794.451,1778129.485,417414.5994,0.785816317,0,0
704128.1288,5335794.451,1781408.467,417322.172,0.950686822,0,0
705128.1288,5335794.451,1784687.433,417229.7449,0.967790224,0,0
706128.1288,5335794.451,1787966.382,417137.318,0.978541748,0,0
707128.1288,5335794.451,1791245.315,417044.8913,0.961929829,26.24271137,0
708128.1288,5335794.451,1794524.231,416952.4649,0.934584566,245.315051,0
709128.1288,5335794.451,1797803.13,416860.0388,0.887862502,504.6940598,0
710128.1288,5335794.451,1801082.013,416767.6129,0.668495319,598.535825,0
711128.1288,5335794.451,1804360.878,416675.1873,0.298010857,352.5582117,0
712128.1288,5335794.451,1807639.727,416582.762,0.209591921,3.80729927,0
713128.1288,5335794.451,1810918.558,416490.3369,0.316740332,324.3396467,0.143405855
714128.1288,5335794.451,1814197.372,416397.9122,0.352067131,782.63179,0.957618147
715128.1288,5335794.451,1817476.169,416305.4877,0.26176524,1327.679789,0.928992368
716128.1288,5335794.451,1820754.948,416213.0635,0.12035471,1184.153033,1.330579797
717128.1288,5335794.451,1824033.71,416120.6397,0.021999677,135.5686382,1.952792547
718128.1288,5335794.451,1827312.455,416028.2161,0.019774846,262.2463054,0
719128.1288,5335794.451,1830591.182,415935.7929,0.047202049,1830.98251,0.814932227
720128.1288,5335794.451,1833869.891,415843.3699,0.094928551,3845.026599,0.830030024
721128.1288,5335794.451,1837148.583,415750.9473,0.088304375,4301.144106,2.264472961
722128.1288,5335794.451,1840427.257,415658.525,0.039806158,5302.778608,2.603548382
723128.1288,5335794.451,1843705.912,415566.1031,0.076447169,4187.519059,7.194656909
724128.1288,5335794.451,1846984.55,415473.6815,0.086774493,1178.607586,0.80925221
725128.1288,5335794.451,1850263.17,415381.2602,0.052277616,739.1803607,0.238952932
726128.1288,5335794.451,1853541.772,415288.8393,0.011816374,508.7306851,0.123011541
727128.1288,5335794.451,1856820.355,415196.4187,0.014713031,467.8012026,0.081933439
728128.1288,5335794.451,1860098.92,415103.9985,0.00590478,186.2856102,0.021951526
729128.1288,5335794.451,1863377.467,415011.5787,0.013432709,0.32233965,0
730128.1288,5335794.451,1866655.995,414919.1592,0.020982499,0.015123907,0
731128.1288,5335794.451,1869934.505,414826.7401,0.016535422,16.27824344,0
732128.1288,5335794.451,1873212.996,414734.3214,0.017818965,106.5311703,2.73E-13
695128.1288,5334794.451,1751804.621,414874.9073,0.158189609,238.7814437,0
696128.1288,5334794.451,1755083.733,414782.494,0.069504062,218.4691493,0
697128.1288,5334794.451,1758362.828,414690.0809,0.198903736,152.1777575,0
698128.1288,5334794.451,1761641.908,414597.6681,0.539287941,208.6729823,0
699128.1288,5334794.451,1764920.972,414505.2556,0.653491,163.4541978,0
700128.1288,5334794.451,1768200.02,414412.8435,0.797427819,7.755786404,0
701128.1288,5334794.451,1771479.051,414320.4316,0.78907675,1.50255102,0
702128.1288,5334794.451,1774758.066,414228.02,0.781665877,0.014400292,0
703128.1288,5334794.451,1778037.065,414135.6087,0.800135688,0,0
704128.1288,5334794.451,1781316.048,414043.1977,0.93203095,0,0
705128.1288,5334794.451,1784595.014,413950.7871,0.955660851,0.002367942,0
706128.1288,5334794.451,1787873.964,413858.3768,0.981510195,1.366387167,0
707128.1288,5334794.451,1791152.897,413765.9668,0.938584476,2.064093227,0
708128.1288,5334794.451,1794431.813,413673.5571,0.795661384,48.2731414,0
709128.1288,5334794.451,1797710.713,413581.1478,0.639023695,159.1320823,0
710128.1288,5334794.451,1800989.595,413488.7389,0.505935406,387.5834852,0
711128.1288,5334794.451,1804268.461,413396.3302,0.500742281,464.2687466,0
712128.1288,5334794.451,1807547.31,413303.922,0.488172419,87.58960802,0
713128.1288,5334794.451,1810826.142,413211.5141,0.532912813,379.3338804,0
714128.1288,5334794.451,1814104.956,413119.1065,0.410790544,449.3839709,0.957618147
715128.1288,5334794.451,1817383.753,413026.6994,0.373713073,434.4032082,0.928992368
716128.1288,5334794.451,1820662.533,412934.2926,0.294212114,371.3418414,0.055458254
717128.1288,5334794.451,1823941.295,412841.8862,0.029836991,18.68613139,0.024762211
718128.1288,5334794.451,1827220.04,412749.4802,0.021876001,9.983394161,0
719128.1288,5334794.451,1830498.768,412657.0745,0.014102477,441.0847149,0
720128.1288,5334794.451,1833777.477,412564.6693,0.04804289,1300.257424,0.607494583
721128.1288,5334794.451,1837056.169,412472.2645,0.060174007,1540.477587,0.943178572
722128.1288,5334794.451,1840334.843,412379.86,0.056729848,4483.804082,6.387595104
723128.1288,5334794.451,1843613.5,412287.456,0.077933593,4682.57427,5.911239132
724128.1288,5334794.451,1846892.138,412195.0525,0.031286362,1120.519438,1.592850924
725128.1288,5334794.451,1850170.758,412102.6493,0.010337451,605.0728465,1.47378049
726128.1288,5334794.451,1853449.36,412010.2466,0.006948808,140.151841,0.59426254
727128.1288,5334794.451,1856727.944,411917.8443,0.009347562,328.5294225,0
728128.1288,5334794.451,1860006.509,411825.4424,0.007670069,421.0034634,0.010975763
729128.1288,5334794.451,1863285.056,411733.041,0.004045435,124.564154,0.002191253
730128.1288,5334794.451,1866563.585,411640.64,0.013692985,1.346469622,0.004382506
731128.1288,5334794.451,1869842.095,411548.2395,0.017336388,366.9198251,0
696128.1288,5333794.451,1754991.328,411503.3903,0.022221812,282.7462142,0
697128.1288,5333794.451,1758270.424,411410.9931,0.095348257,265.7215837,0
698128.1288,5333794.451,1761549.504,411318.5962,0.296516735,120.2632538,0
699128.1288,5333794.451,1764828.568,411226.1998,0.473140375,208.6834061,0
700128.1288,5333794.451,1768107.616,411133.8037,0.745367011,293.5809506,0
701128.1288,5333794.451,1771386.647,411041.408,0.735537014,273.916302,0
702128.1288,5333794.451,1774665.663,410949.0126,0.794917939,28.22418825,0
703128.1288,5333794.451,1777944.662,410856.6177,0.753171997,0,0
704128.1288,5333794.451,1781223.645,410764.2231,0.780183481,0,0
705128.1288,5333794.451,1784502.612,410671.829,0.9234673,59.20582878,0
706128.1288,5333794.451,1787781.562,410579.4353,0.970417109,283.8806487,0
707128.1288,5333794.451,1791060.495,410487.0419,0.910312702,347.5740066,0
708128.1288,5333794.451,1794339.412,410394.649,0.730160085,422.804562,0
709128.1288,5333794.451,1797618.312,410302.2565,0.635231971,613.5632519,0
710128.1288,5333794.451,1800897.195,410209.8644,0.504637099,646.8218904,0
711128.1288,5333794.451,1804176.061,410117.4728,0.572458281,578.5428207,0
712128.1288,5333794.451,1807454.91,410025.0816,0.748000276,527.6787536,0
713128.1288,5333794.451,1810733.742,409932.6908,0.832230349,614.0822392,0
714128.1288,5333794.451,1814012.557,409840.3005,0.475838923,259.7918338,0
715128.1288,5333794.451,1817291.355,409747.9106,0.33186328,90.99033552,0
716128.1288,5333794.451,1820570.135,409655.5212,0.407218294,268.478863,0
717128.1288,5333794.451,1823848.898,409563.1323,0.162706956,114.114775,0.024762211
718128.1288,5333794.451,1827127.643,409470.7438,0.131222603,13.51823487,0
719128.1288,5333794.451,1830406.371,409378.3558,0.203740404,39.30444283,0
720128.1288,5333794.451,1833685.081,409285.9683,0.05931342,316.272777,0
721128.1288,5333794.451,1836963.774,409193.5812,0.032342658,578.2396137,0.009262957
722128.1288,5333794.451,1840242.448,409101.1947,0.075024525,4353.666241,2.093178692
723128.1288,5333794.451,1843521.105,409008.8086,0.078000245,4076.785949,2.24920278
724128.1288,5333794.451,1846799.744,408916.423,0.023737523,607.1854486,1.136192787
725128.1288,5333794.451,1850078.364,408824.038,0.020046317,459.2317229,1.216413348
726128.1288,5333794.451,1853356.967,408731.6534,0.004886016,102.5915878,0.059139337
727128.1288,5333794.451,1856635.551,408639.2694,0.006511476,41.65099326,0
728128.1288,5333794.451,1859914.117,408546.8859,0.012783742,744.6156791,2.32E-13
729128.1288,5333794.451,1863192.664,408454.5029,0.009794448,1000.523636,0.002180504
730128.1288,5333794.451,1866471.194,408362.1204,0.000554598,54.02261948,0.004361009
697128.1288,5332794.451,1758178.034,408131.9049,0.110382223,380.4503372,0
698128.1288,5332794.451,1761457.115,408039.524,0.226268138,252.7215743,0
699128.1288,5332794.451,1764736.179,407947.1435,0.595721847,427.2487707,0
700128.1288,5332794.451,1768015.228,407854.7635,0.886474273,633.9606486,0
701128.1288,5332794.451,1771294.26,407762.384,0.819885875,752.0225989,0
702128.1288,5332794.451,1774573.276,407670.0049,0.791013365,223.236035,0
703128.1288,5332794.451,1777852.276,407577.6263,0.72237037,6.990519599,0
704128.1288,5332794.451,1781131.259,407485.2482,0.701355721,0.012575178,0
705128.1288,5332794.451,1784410.226,407392.8705,0.890129176,140.804807,0
706128.1288,5332794.451,1787689.177,407300.4933,0.965288998,603.4074681,0
707128.1288,5332794.451,1790968.111,407208.1166,0.912152998,648.1502553,0
708128.1288,5332794.451,1794247.028,407115.7405,0.642804749,453.2190407,0
709128.1288,5332794.451,1797525.928,407023.3648,0.46101813,426.0156963,0
710128.1288,5332794.451,1800804.812,406930.9896,0.474616819,310.2682705,0
711128.1288,5332794.451,1804083.678,406838.6149,0.542784162,107.5693736,0
712128.1288,5332794.451,1807362.528,406746.2408,0.66824002,687.4798688,0
713128.1288,5332794.451,1810641.36,406653.8671,0.761507358,697.5130356,0
714128.1288,5332794.451,1813920.176,406561.494,0.637080338,418.3653776,0
715128.1288,5332794.451,1817198.974,406469.1215,0.352857146,216.4623106,0
716128.1288,5332794.451,1820477.755,406376.7494,0.297170357,53.59074344,0
717128.1288,5332794.451,1823756.518,406284.3779,0.165685554,63.06102004,0
718128.1288,5332794.451,1827035.264,406192.007,0.139525043,186.4895245,0
719128.1288,5332794.451,1830313.992,406099.6366,0.197808865,55.96554239,0
720128.1288,5332794.451,1833592.703,406007.2667,0.064799598,48.11133419,0
721128.1288,5332794.451,1836871.396,405914.8975,0.033880399,1047.039738,1.471490264
722128.1288,5332794.451,1840150.071,405822.5288,0.073442363,4919.711346,4.327365657
723128.1288,5332794.451,1843428.728,405730.1606,0.085299523,3647.960277,2.797750006
724128.1288,5332794.451,1846707.367,405637.7931,0.04460296,896.4577259,0.341407031
725128.1288,5332794.451,1849985.988,405545.4261,0.036301465,696.4589865,0.532484362
726128.1288,5332794.451,1853264.591,405453.0597,0.016186052,304.4283631,0.620767415
727128.1288,5332794.451,1856543.176,405360.694,0.002597914,2.254465913,0
728128.1288,5332794.451,1859821.743,405268.3288,0.009531689,608.3548916,0.038127038
729128.1288,5332794.451,1863100.291,405175.9642,0.017949379,1148.447541,0.020015146
698128.1288,5331794.451,1761364.742,404760.4513,0.447552536,588.9965379,0
699128.1288,5331794.451,1764643.807,404668.0868,0.80232797,443.2685641,0
700128.1288,5331794.451,1767922.856,404575.7229,0.936647191,738.4263848,0
701128.1288,5331794.451,1771201.889,404483.3595,0.837754132,758.4218294,0
702128.1288,5331794.451,1774480.905,404390.9967,0.889662312,427.8815813,0
703128.1288,5331794.451,1777759.906,404298.6344,0.868334413,345.3429248,0
704128.1288,5331794.451,1781038.89,404206.2727,0.820975028,66.7422117,0
705128.1288,5331794.451,1784317.857,404113.9115,0.905707769,153.5670554,0
706128.1288,5331794.451,1787596.808,404021.5509,0.958146888,609.1686089,0
707128.1288,5331794.451,1790875.743,403929.1909,0.864194053,300.5110261,0
708128.1288,5331794.451,1794154.66,403836.8314,0.560042933,35.95044635,0
709128.1288,5331794.451,1797433.561,403744.4725,0.387890254,4.357090777,0
710128.1288,5331794.451,1800712.445,403652.1142,0.558107192,1.205978855,0
711128.1288,5331794.451,1803991.312,403559.7565,0.575182886,140.7872883,0
712128.1288,5331794.451,1807270.163,403467.3994,0.547021021,697.408461,0
713128.1288,5331794.451,1810548.996,403375.0429,0.595381465,435.3457893,0
714128.1288,5331794.451,1813827.812,403282.687,0.75795749,343.9925155,0
715128.1288,5331794.451,1817106.61,403190.3317,0.684191026,488.984506,0
716128.1288,5331794.451,1820385.392,403097.9771,0.393341299,286.7443047,0
717128.1288,5331794.451,1823664.156,403005.623,0.129644228,100.8595628,0
718128.1288,5331794.451,1826942.902,402913.2696,0.110666186,594.3407394,0.497751921
719128.1288,5331794.451,1830221.631,402820.9168,0.074794496,748.8082042,0.785614535
720128.1288,5331794.451,1833500.342,402728.5647,0.038516678,349.0140408,0.926779587
721128.1288,5331794.451,1836779.036,402636.2132,0.030739812,2607.742518,1.798969636
722128.1288,5331794.451,1840057.711,402543.8623,0.048411284,5396.933479,4.159555596
723128.1288,5331794.451,1843336.369,402451.5121,0.047463905,2537.295649,2.632068902
724128.1288,5331794.451,1846615.009,402359.1626,0.033345315,1025.432811,0.317323243
725128.1288,5331794.451,1849893.631,402266.8137,0.029015251,1022.513947,0.686292872
726128.1288,5331794.451,1853172.234,402174.4655,0.011052924,501.8086814,0.485326727
727128.1288,5331794.451,1856450.82,402082.118,0.00866566,37.42354015,0.210022841
699128.1288,5330794.451,1764551.451,401389.0296,0.954985445,278.3677007,0
700128.1288,5330794.451,1767830.5,401296.6818,0.981788451,146.406307,0
701128.1288,5330794.451,1771109.534,401204.3345,0.907723015,647.2975779,0
702128.1288,5330794.451,1774388.551,401111.9879,0.958912676,577.664054,0
703128.1288,5330794.451,1777667.552,401019.642,0.96892498,502.2072171,0
704128.1288,5330794.451,1780946.536,400927.2966,0.948729395,527.6406563,0
705128.1288,5330794.451,1784225.505,400834.952,0.926923389,585.0478102,0
706128.1288,5330794.451,1787504.456,400742.6079,0.923832174,586.742253,0
707128.1288,5330794.451,1790783.391,400650.2645,0.658391276,90.88425082,0
708128.1288,5330794.451,1794062.309,400557.9218,0.423834601,3.071779923,0
709128.1288,5330794.451,1797341.211,400465.5797,0.546994211,0.178753644,0
710128.1288,5330794.451,1800620.096,400373.2383,0.691359913,0,0
711128.1288,5330794.451,1803898.964,400280.8975,0.525940022,108.2423414,0
712128.1288,5330794.451,1807177.814,400188.5575,0.37897093,549.8161443,0
713128.1288,5330794.451,1810456.648,400096.2181,0.517748534,489.78055,0
714128.1288,5330794.451,1813735.465,400003.8794,0.79730003,607.572835,0
715128.1288,5330794.451,1817014.264,399911.5414,0.877015733,1038.793223,0
716128.1288,5330794.451,1820293.046,399819.2041,0.708973551,647.2859486,0
717128.1288,5330794.451,1823571.811,399726.8675,0.504751449,497.4609916,0
718128.1288,5330794.451,1826850.558,399634.5316,0.322213022,646.5568306,0.497751921
719128.1288,5330794.451,1830129.287,399542.1964,0.225277687,920.4694733,1.113556574
720128.1288,5330794.451,1833407.999,399449.8619,0.206789975,701.2526872,0.740090142
700128.1288,5329794.451,1767738.161,398017.64,0.978799458,277.3039913,0
701128.1288,5329794.451,1771017.195,397925.3089,0.913623594,639.8029889,0
702128.1288,5329794.451,1774296.213,397832.9786,0.951845486,919.8972678,0
703128.1288,5329794.451,1777575.214,397740.6489,0.995087908,391.2147932,0
704128.1288,5329794.451,1780854.2,397648.32,0.981347735,253.1103612,0
705128.1288,5329794.451,1784133.168,397555.9918,0.9561964,436.3674699,0
706128.1288,5329794.451,1787412.121,397463.6643,0.847143384,498.0366521,0
707128.1288,5329794.451,1790691.056,397371.3375,0.56070243,491.3318769,0
708128.1288,5329794.451,1793969.975,397279.0115,0.416703792,354.6291439,0
709128.1288,5329794.451,1797248.878,397186.6862,0.612307002,81.98522976,0
710128.1288,5329794.451,1800527.763,397094.3617,0.595810588,12.6980478,0
711128.1288,5329794.451,1803806.632,397002.0379,0.472781937,5.889516864,0
712128.1288,5329794.451,1807085.483,396909.7149,0.395735072,102.609845,0
713128.1288,5329794.451,1810364.318,396817.3926,0.400883193,215.7382037,0
714128.1288,5329794.451,1813643.135,396725.0711,0.569228847,559.8861359,0
715128.1288,5329794.451,1816921.935,396632.7504,0.667119429,688.8556851,0
716128.1288,5329794.451,1820200.718,396540.4304,0.677481927,185.5829686,0
717128.1288,5329794.451,1823479.483,396448.1113,0.747651976,176.9649571,0
718128.1288,5329794.451,1826758.231,396355.7929,0.412608674,67.14415892,0
719128.1288,5329794.451,1830036.961,396263.4753,0.14465523,157.7057429,0
720128.1288,5329794.451,1833315.674,396171.1585,0.117476445,118.1052632,0.016662123
700128.1288,5328794.451,1767645.838,394738.5975,0.984661707,1502.735653,0
701128.1288,5328794.451,1770924.872,394646.2826,0.93404671,1334.410574,0
702128.1288,5328794.451,1774203.891,394553.9685,0.950187077,1390.160561,0
703128.1288,5328794.451,1777482.893,394461.6551,0.981238619,654.5479227,0
704128.1288,5328794.451,1780761.879,394369.3426,0.959844332,3.338497995,0
705128.1288,5328794.451,1784040.849,394277.0308,0.923131142,16.30302478,0
706128.1288,5328794.451,1787319.802,394184.7199,0.788940762,204.973185,0
707128.1288,5328794.451,1790598.738,394092.4098,0.691653321,852.7383382,0
708128.1288,5328794.451,1793877.658,394000.1005,0.703019152,1079.5463,0
709128.1288,5328794.451,1797156.561,393907.792,0.680364725,632.1618718,0
710128.1288,5328794.451,1800435.447,393815.4843,0.444192853,401.2088573,0
711128.1288,5328794.451,1803714.317,393723.1775,0.242356829,300.8066813,0
712128.1288,5328794.451,1806993.169,393630.8715,0.339255779,290.1294203,0
713128.1288,5328794.451,1810272.004,393538.5663,0.312077849,134.9810461,0
714128.1288,5328794.451,1813550.822,393446.262,0.250080086,171.6709783,0
715128.1288,5328794.451,1816829.623,393353.9586,0.23457775,80.23177843,0
716128.1288,5328794.451,1820108.407,393261.656,0.369589213,2.003099362,0
717128.1288,5328794.451,1823387.173,393169.3542,0.498892212,1.357729513,0
718128.1288,5328794.451,1826665.922,393077.0534,0.457189973,200.7600292,0
719128.1288,5328794.451,1829944.653,392984.7534,0.238337542,317.8013112,0
720128.1288,5328794.451,1833223.366,392892.4543,0.107680439,88.53105081,0.099283814
701128.1288,5327794.451,1770832.566,391367.2555,0.985897371,2213.80409,0
702128.1288,5327794.451,1774111.585,391274.9576,0.97348911,1783.937386,0
703128.1288,5327794.451,1777390.589,391182.6605,0.970936475,880.0703225,0
704128.1288,5327794.451,1780669.575,391090.3644,0.953067568,11.62222222,0
705128.1288,5327794.451,1783948.546,390998.0691,0.905001609,0.000364365,0
706128.1288,5327794.451,1787227.5,390905.7747,0.825801534,4.340316998,0
707128.1288,5327794.451,1790506.437,390813.4812,0.861241209,234.1524157,0
708128.1288,5327794.451,1793785.358,390721.1886,0.829338908,425.0863296,0
709128.1288,5327794.451,1797064.262,390628.8969,0.75247375,366.4136297,0
710128.1288,5327794.451,1800343.149,390536.6061,0.5771998,454.2081662,0
711128.1288,5327794.451,1803622.019,390444.3162,0.465422155,691.254055,0
712128.1288,5327794.451,1806900.872,390352.0272,0.425535324,888.3681719,0
713128.1288,5327794.451,1810179.708,390259.7392,0.323350321,733.5048314,0
714128.1288,5327794.451,1813458.527,390167.4521,0.239618113,303.9116415,0
715128.1288,5327794.451,1816737.329,390075.1659,0.282129124,87.66563411,0
716128.1288,5327794.451,1820016.113,389982.8806,0.26540774,149.961903,0
717128.1288,5327794.451,1823294.88,389890.5963,0.289672801,115.5904866,0
718128.1288,5327794.451,1826573.63,389798.313,0.387737024,385.6760897,0
719128.1288,5327794.451,1829852.362,389706.0306,0.293848334,436.3627415,0
701128.1288,5326794.451,1770740.276,388088.2275,0.991808781,2008.77048,0
702128.1288,5326794.451,1774019.296,387995.9458,0.979417986,1971.011498,0
703128.1288,5326794.451,1777298.3,387903.6651,0.950170433,1039.374453,0
704128.1288,5326794.451,1780577.288,387811.3853,0.910523647,118.0349727,0
705128.1288,5326794.451,1783856.259,387719.1065,0.87006929,0.685974499,0
706128.1288,5326794.451,1787135.214,387626.8286,0.875279926,0.018211619,0
707128.1288,5326794.451,1790414.152,387534.5517,0.900048817,34.49032494,0
708128.1288,5326794.451,1793693.074,387442.2758,0.763975027,114.5188972,0
709128.1288,5326794.451,1796971.979,387350.0009,0.723099622,8.578486782,0
710128.1288,5326794.451,1800250.867,387257.727,0.799648955,30.49244218,0
711128.1288,5326794.451,1803529.738,387165.454,0.855115293,309.6421935,0
712128.1288,5326794.451,1806808.592,387073.1821,0.833001339,894.2502276,0.118362673
713128.1288,5326794.451,1810087.429,386980.9111,0.677193955,1411.027007,0.118362673
714128.1288,5326794.451,1813366.249,386888.6412,0.580542164,965.870644,0
715128.1288,5326794.451,1816645.052,386796.3723,0.463580737,511.3392271,0
716128.1288,5326794.451,1819923.837,386704.1044,0.374776316,648.6604083,0
717128.1288,5326794.451,1823202.605,386611.8375,0.348437396,686.6298725,0
718128.1288,5326794.451,1826481.356,386519.5716,0.500421572,694.9579005,0
702128.1288,5325794.451,1773927.023,384716.9331,0.96992682,2497.921311,0
703128.1288,5325794.451,1777206.028,384624.6687,0.835263784,2071.721676,0
704128.1288,5325794.451,1780485.017,384532.4053,0.763365626,628.592822,0
705128.1288,5325794.451,1783763.989,384440.1429,0.722641645,154.8002915,0
706128.1288,5325794.451,1787042.945,384347.8816,0.728792628,5.834730321,0
707128.1288,5325794.451,1790321.884,384255.6213,0.714656306,278.4889659,0
708128.1288,5325794.451,1793600.807,384163.3621,0.665495664,315.0503374,0
709128.1288,5325794.451,1796879.713,384071.104,0.811217387,9.742799854,0
710128.1288,5325794.451,1800158.602,383978.8469,0.865077308,0.363089816,0
711128.1288,5325794.451,1803437.474,383886.5909,0.845580377,288.7273224,0
712128.1288,5325794.451,1806716.329,383794.3359,0.870729967,1471.635088,0.118362673
713128.1288,5325794.451,1809995.167,383702.0821,0.849718038,2332.169312,0.118362673
714128.1288,5325794.451,1813273.988,383609.8293,0.655578,1653.535219,0
715128.1288,5325794.451,1816552.792,383517.5777,0.342743593,484.7779803,0
716128.1288,5325794.451,1819831.579,383425.3271,0.316409063,766.0792494,0
717128.1288,5325794.451,1823110.348,383333.0776,0.448445804,842.7609329,0
718128.1288,5325794.451,1826389.099,383240.8293,0.606723455,867.139395,0
703128.1288,5324794.451,1777113.772,381345.6712,0.721797059,1823.241706,0
704128.1288,5324794.451,1780392.762,381253.4242,0.586851823,884.8136861,0
705128.1288,5324794.451,1783671.735,381161.1783,0.556362455,490.1994894,0
706128.1288,5324794.451,1786950.692,381068.9335,0.589928573,104.5239657,0
707128.1288,5324794.451,1790229.633,380976.6898,0.55688368,526.656836,0.043705076
708128.1288,5324794.451,1793508.556,380884.4473,0.671586889,632.1529069,0.043705076
709128.1288,5324794.451,1796787.463,380792.2059,0.7823728,23.03370991,0
710128.1288,5324794.451,1800066.354,380699.9657,0.647290983,1.419007661,0
711128.1288,5324794.451,1803345.227,380607.7266,0.738481465,533.0392121,0
712128.1288,5324794.451,1806624.083,380515.4887,0.885488035,1481.595373,0
713128.1288,5324794.451,1809902.923,380423.2519,0.863266209,1827.43224,0
714128.1288,5324794.451,1813181.745,380331.0163,0.775300864,1412.731925,0
715128.1288,5324794.451,1816460.55,380238.7819,0.443704293,435.6146137,0
716128.1288,5324794.451,1819739.337,380146.5487,0.304542321,541.3729277,0
705128.1288,5323794.451,1783579.498,377882.2125,0.438867468,466.4590254,0
706128.1288,5323794.451,1786858.456,377789.9842,0.414366682,453.2489067,0
707128.1288,5323794.451,1790137.398,377697.7572,0.52620709,928.7241756,0.043705076
708128.1288,5323794.451,1793416.323,377605.5314,0.641139546,729.8138094,0.043705076
709128.1288,5323794.451,1796695.231,377513.3067,0.55769144,81.04537172,0
710128.1288,5323794.451,1799974.122,377421.0834,0.558604484,5.205839416,0
711128.1288,5323794.451,1803252.997,377328.8612,0.773468455,321.0299325,0
712128.1288,5323794.451,1806531.854,377236.6403,0.912431613,809.4988106,0
713128.1288,5323794.451,1809810.695,377144.4206,0.843534485,652.2029466,0
714128.1288,5323794.451,1813089.518,377052.2022,0.873303175,761.2921536,0
715128.1288,5323794.451,1816368.324,376959.985,0.664298133,439.7474294,0
708128.1288,5322794.451,1793324.106,374326.6142,0.414661663,847.153051,0
709128.1288,5322794.451,1796603.015,374234.4063,0.483280646,113.7668161,0
710128.1288,5322794.451,1799881.908,374142.1998,0.705176673,61.54493376,0
711128.1288,5322794.451,1803160.784,374049.9946,0.84439785,45.92561066,0
