X,Y,X_NAD_HARN,Y_NAD_HARN,impervious,income,Lead,PNPL,pop_dens,pop_dense_1km,PRMP,tree_cov,TSDF,Diesel,Traffic,PM25,Pesticide
546813.437,5278934.957,1260177.758,245329.0487,86.64549483,92777.53846,5,6,3790.812933,3297.469025,10,1.658788774,10,10,3.666666667,6.333333333,1.666666667
547063.437,5278934.957,1260997.927,245305.9989,86.86380832,94409.76923,5,6,3874.067258,3297.469025,10,1.325346784,10,10,3.666666667,6.333333333,1.666666667
547313.437,5278934.957,1261818.095,245282.9494,83.62782402,99085.34146,5,6,3905.633057,2892.20253,10,2.612366231,10,10,4.25,6.25,2
547313.437,5278684.957,1261795.046,244462.7807,87.65868263,101961.7,5,6,3873.548618,757.0869751,10,0.652694611,10,10,4.25,6.25,2
547563.437,5278684.957,1262615.215,244439.7317,84.38748336,105086.2143,5.97826087,6,3934.759875,2364.344238,9.804347826,4.033288948,10,10,4.666666667,6.333333333,2.333333333
547063.437,5278434.957,1260951.828,243665.6609,87.30516432,102992.2308,6.709401709,6.128205128,3966.02957,2364.344238,9.632478632,2.189358372,10,10,3.5,6.5,1.5
547563.437,5278434.957,1262592.166,243619.563,87.30516432,106678.4762,6.709401709,6.128205128,3966.02957,2364.344238,9.632478632,2.189358372,10,10,4.666666667,6.333333333,2.333333333
547813.437,5278434.957,1263412.335,243596.5145,80.35607094,105801.9302,7.939849624,6.030075188,3993.010074,2364.344238,9.406015038,9.626193724,10,10,4.666666667,6.333333333,2.333333333
546563.437,5278184.957,1259288.439,242891.5899,79.66003617,104854.1282,5.99009901,6,3116.488955,1150.147552,9.00990099,8.508137432,10,10,3.5,7,1
546813.437,5278184.957,1260108.609,242868.5405,84.51934827,104152.05,7.238636364,6.534090909,3857.425503,757.0869751,9.363636364,5.128309572,10,10,3.5,7,1
547063.437,5278184.957,1260928.779,242845.4914,84.51934827,105245.025,7.238636364,6.534090909,3857.425503,757.0869751,9.363636364,5.128309572,10,10,3.666666667,6.666666667,1.666666667
547313.437,5278184.957,1261748.948,242822.4426,84.51934827,106618.0732,7.238636364,6.534090909,3857.425503,757.0869751,9.363636364,5.128309572,10,10,4.25,6.5,2
547813.437,5278184.957,1263389.286,242776.3458,80.92168675,105090.5909,8.472,6.208,4032.009311,1997.4646,9.264,8.162650602,10,10,5.5,6.5,3
548063.437,5278184.957,1264209.455,242753.2977,74.23196605,102254.5333,9.328244275,6.022900763,4043.827368,2364.344238,9.129770992,15.85148515,10,10,6.166666667,6.5,2.333333333
548313.437,5278184.957,1265029.624,242730.25,67.93772455,101003.7609,9.810457516,6.006535948,4336.806146,2621.813721,8.85620915,21.38443114,10,10,6.6,6.6,2.2
546563.437,5277934.957,1259265.39,242071.4197,77.18688982,104240.8095,6,6,3091.061035,2448.322021,9,10.91631799,10,10,3.666666667,7,1
546813.437,5277934.957,1260085.56,242048.3706,83.21698113,103528.925,6.469565217,6.156521739,3269.309241,689.3418579,9,5.731132075,10,10,3.666666667,7,1
547063.437,5277934.957,1260905.73,242025.3217,80.595,105523.5366,7.5,6.5,3573.326308,689.3418579,9,9.111666667,10,10,3.666666667,7,1
547313.437,5277934.957,1261725.9,242002.2732,77.11815068,106458.7619,8.110091743,6.71559633,3866.245387,689.3418579,9.036697248,12.36130137,10,10,4.2,6.6,1.8
547563.437,5277934.957,1262546.069,241979.2248,77.02519685,107503.9767,8.672413793,6.74137931,4080.09561,1630.584961,9.103448276,11.77165354,10,10,5.2,6.6,2.6
548063.437,5277934.957,1264186.407,241933.129,75.42688331,101537.5333,9.488,6.272,4071.535119,1630.584961,9.032,13.87592319,10,10,6,6.6,2.6
548313.437,5277934.957,1265006.576,241910.0814,70.18231293,100055.2667,9.753731343,6.104477612,4327.038983,2854.568604,8.820895522,18.48571429,10,10,6.5,6.75,2.5
546563.437,5277684.957,1259242.341,241251.2493,76.85194175,101784.4783,6,6,3091.061035,1568.83194,9,11.11771845,10,10,3.8,7,2.6
546813.437,5277684.957,1260062.511,241228.2004,79.97066327,101355.7045,6.398601399,6.132867133,3216.087357,689.3418579,9,8.825255102,10,10,3.8,7,2.6
547063.437,5277684.957,1260882.681,241205.1518,78.68571429,103002.6512,7.315068493,6.438356164,3532.082155,689.3418579,9,11.06583851,10,10,4,7,1.75
547313.437,5277684.957,1261702.851,241182.1034,74.03143894,103894.3864,8.125827815,6.708609272,3882.894409,689.3418579,9,15.5356711,10,10,4,7,1.75
547563.437,5277684.957,1262523.021,241159.0553,70.68219178,105484.5111,8.884615385,6.930769231,4087.480194,1630.584961,9,19.18082192,10,10,5.5,6.75,2.5
547813.437,5277684.957,1263343.19,241136.0075,72.53314121,103811.3778,9.134920635,6.825396825,4113.829527,1630.584961,8.992063492,17.1426513,10,10,5.5,6.75,2.5
548063.437,5277684.957,1264163.36,241112.9599,73.98893499,100802.0435,9.503875969,6.395348837,4261.99302,2242.576782,8.728682171,14.7538036,10,10,6,6.8,2.2
546563.437,5277434.957,1259219.292,240431.0787,73.93004587,98231.20833,6,6.189873418,2879.981839,2448.322021,9.189873418,12.39105505,10,10,3.8,7,2.6
546813.437,5277434.957,1260039.462,240408.03,76.88316151,98700.4375,6.2625,6.28125,2988.470015,689.3418579,9.19375,10.81214204,10,10,3.8,7,2.6
547063.437,5277434.957,1260859.633,240384.9816,75.53379152,100700.766,7.082278481,6.512658228,3359.221851,689.3418579,9.151898734,13.6002291,10,10,4,7,1.75
547313.437,5277434.957,1261679.803,240361.9334,68.93348624,101605.2609,8.050632911,6.740506329,3771.758517,689.3418579,9.056962025,21.42201835,10,10,4,7,1.75
547563.437,5277434.957,1262499.973,240338.8856,65.38089623,103568.8478,8.807692308,6.942307692,4080.017485,1630.584961,9.006410256,25.59787736,10,10,5.333333333,7,2.333333333
547813.437,5277434.957,1263320.143,240315.838,63.67843137,102574.1087,9,7,4140.552236,1630.584961,8.964028777,25.35816993,10,10,5.333333333,7,2.333333333
548063.437,5277434.957,1264140.312,240292.7906,68.02165088,100122.8222,9.113636364,6.886363636,4168.680865,1630.584961,8.787878788,20.39106901,10,10,6,6.8,2.2
548313.437,5277434.957,1264960.482,240269.7436,72.96510067,98783.62222,9.25,6.705882353,4228.130931,2854.568604,8.602941176,15.78255034,10,10,6,6.8,2.2
546813.437,5277184.957,1260016.414,239587.8593,72.57586207,95497.20408,6.229299363,6.541401274,2576.567112,1115.973145,9.464968153,11.80574713,10,10,3.8,7,2.6
547063.437,5277184.957,1260836.585,239564.8111,71.59378596,97264.2449,7.056603774,6.679245283,3073.156791,902.6575012,9.327044025,15.56386651,10,10,4,7,1.75
547313.437,5277184.957,1261656.755,239541.7632,66.11123853,99532.0625,8.012658228,6.848101266,3588.288486,1115.973145,9.17721519,24.00458716,10,10,4,7,1.75
547563.437,5277184.957,1262476.925,239518.7155,59.16933638,101130.8478,8.810126582,6.974683544,4047.543763,1806.61145,9.037974684,28.47482838,10,10,5.333333333,7,2.333333333
547813.437,5277184.957,1263297.095,239495.6682,56.73333333,101813.9787,9,7,4146.838867,1806.61145,8.96835443,27.12873563,10,10,5.333333333,7,2.333333333
548063.437,5277184.957,1264117.265,239472.6211,58.575,101843.3261,9,7,4198.177481,1806.61145,8.712418301,23.59285714,10,10,5.333333333,7,2.333333333
548313.437,5277184.957,1264937.435,239449.5742,63.56195244,100815.8409,9.054794521,6.938356164,4246.039723,2618.604492,8.479452055,22.04130163,10,10,6,6.8,2.2
547313.437,5276934.957,1261633.708,238721.5926,62.7137931,98720.26531,7.968152866,6.949044586,3389.606096,1115.973145,9.292993631,23.96321839,10,10,4.25,7,1.75
547563.437,5276934.957,1262453.878,238698.5452,54.81171068,101564.7755,8.773584906,7,3994.988876,1806.61145,9.075471698,28.08610792,10,10,5,7,2
547813.437,5276934.957,1263274.048,238675.4981,51.53608247,105765.5745,9,7,4146.838867,1806.61145,8.962732919,29.40664376,10,10,5,7,2
548063.437,5276934.957,1264094.218,238652.4512,49.78071183,105746.7292,9,7,4208.252742,1806.61145,8.720496894,29.21584386,10,10,5.75,7,2
548313.437,5276934.957,1264914.388,238629.4046,55.62557604,104860.4,9,7,4277.810357,2212.607971,8.405063291,27.71543779,10,10,5.75,7,2
550313.437,5278434.957,1271614.009,243366.0437,65.12743972,91173.72093,9.471698113,6,4769.485918,2687.408691,6.949685535,23.30998852,10,10,8.8,6.6,4.4
550563.437,5278434.957,1272434.175,243342.9981,64.11710677,79301.97674,9.371069182,6,5180.16097,2687.408691,6.685534591,25.99196326,10,10,9.75,6.25,3.75
550813.437,5278434.957,1273254.341,243319.9527,66.95876289,65407.93023,8.754716981,6,6131.312868,4467.040527,6.377358491,23.93585338,10,10,9.857142857,6.142857143,3.571428571
548813.437,5278184.957,1266669.96,242684.1552,65.39885057,98225.95745,9.232704403,6,5926.218678,3246.162842,8.232704403,21.29310345,10,10,7.666666667,6.666666667,2.833333333
549063.437,5278184.957,1267490.128,242661.1083,68.34174312,98646.82609,8.761006289,6,5993.182786,3296.692993,7.761006289,18.20642202,10,10,8,6.8,2.8
549313.437,5278184.957,1268310.295,242638.0615,71.78530425,100027.1915,8.425,6,5327.046949,3347.223145,7.425,15.92422503,10,10,8,6.8,2.8
549563.437,5278184.957,1269130.463,242615.0151,72.63646789,103433.0435,8.13125,6,4638.367268,3347.223145,7.13125,16.12270642,10,10,8.5,6.75,4
549813.437,5278184.957,1269950.63,242591.9689,69.54994259,102855.3111,8.329113924,6,4302.096532,2939.320679,7,20.76463835,10,10,8.5,6.75,4
550063.437,5278184.957,1270770.797,242568.923,67.2279496,98387.25581,8.93081761,6,4269.397986,2375.427734,7,23.38487973,10,10,8.8,6.6,4.4
550313.437,5278184.957,1271590.963,242545.8774,64.0619977,92931.29268,9.428571429,6,4391.279356,2531.418213,6.950310559,26.07577497,10,10,9.25,6.5,3.75
550563.437,5278184.957,1272411.13,242522.832,64.07551487,81760.26829,9.354037267,6,5099.819565,2531.418213,6.695652174,26.53661327,10,10,9.8,6.2,4
550813.437,5278184.957,1273231.296,242499.7869,67.48199768,68286.38462,8.777070064,6,5860.028749,3316.972595,6.420382166,22.19279907,10,10,9.875,6.125,3.75
548563.437,5277934.957,1265826.745,241887.0342,66.98152709,97891.2,9.547297297,6.027027027,5037.758981,2854.568604,8.554054054,21.18472906,10,10,8,6.8,2.8
548813.437,5277934.957,1266646.913,241863.9872,67.77522936,96950.02273,9.257861635,6,5772.858777,2854.568604,8.257861635,19.23623853,10,10,7.8,6.8,3.2
549063.437,5277934.957,1267467.081,241840.9404,69.15137615,98154.65909,8.7875,6,5728.477348,3269.040527,7.7875,18.16857798,10,10,8.25,7,3.25
549313.437,5277934.957,1268287.249,241817.894,71.53899083,99079.31818,8.416149068,6,4750.823187,3683.512451,7.416149068,17.34288991,10,10,8.25,7,3.25
549563.437,5277934.957,1269107.416,241794.8478,72.36280138,102617,8.14556962,6,3848.682062,3683.512451,7.14556962,17.74282434,10,10,8.5,6.75,4
549813.437,5277934.957,1269927.584,241771.8018,69.23165138,103692.5263,8.303797468,6,3537.775347,3683.512451,7,21.74082569,10,10,8.5,6.75,4
550063.437,5277934.957,1270747.751,241748.7562,64.93455798,101292.4872,8.795031056,6,3693.856846,2375.427734,7,26.19058553,10,10,8.8,6.6,4.4
550313.437,5277934.957,1271567.918,241725.7108,62.74482759,96417.2,9.197530864,6,3929.714882,2375.427734,6.975308642,27.85862069,10,10,9.4,6.4,4
548563.437,5277684.957,1265803.698,241066.8656,71.44603381,96996.72727,9.381294964,6.223021583,4959.317108,2854.568604,8.424460432,16.48244473,10,10,8,6.75,3.25
548813.437,5277684.957,1266623.866,241043.8188,69.83935243,95600.18605,9.208053691,6.080536913,5787.055735,2854.568604,8.208053691,17.0871731,10,10,8,6.8,2.8
549063.437,5277684.957,1267444.034,241020.7723,72.61384977,95970.80952,8.810126582,6.006329114,5358.830662,3269.040527,7.810126582,15.25117371,10,10,8.5,7,2.75
549313.437,5277684.957,1268264.203,240997.7261,74.02525832,97244.925,8.436708861,6,4386.496475,3683.512451,7.436708861,14.52927669,10,10,8.666666667,7,2
549563.437,5277684.957,1269084.37,240974.6802,73.47065593,101198.7778,8.15,6,3118.87731,3683.512451,7.15,17.68699655,10,10,9,6.666666667,3
549813.437,5277684.957,1269904.538,240951.6345,71.71788991,104373.8485,8.176100629,6,2676.171191,3683.512451,7,20.13073395,10,10,9,6.666666667,3
550063.437,5277684.957,1270724.705,240928.589,67.10640732,104599.3714,8.512820513,6,3050.893286,2375.427734,7,25.0812357,10,10,9,6.666666667,3
548563.437,5277434.957,1265780.651,240246.6968,74.3844189,97451.60465,9.132867133,6.314685315,5425.376496,2854.568604,8.132867133,12.61941252,10,10,8,6.75,3.25
548813.437,5277434.957,1266600.82,240223.6502,74.3844189,95251.83333,9.132867133,6.314685315,5425.376496,2854.568604,8.132867133,12.61941252,10,10,8,6.75,3.25
549313.437,5277434.957,1268241.157,240177.558,78.05156038,96059.26316,8.466165414,6.015037594,4231.849619,3683.512451,7.466165414,10.89823609,10,10,8.5,7,2.75
549563.437,5277434.957,1269061.325,240154.5123,75.79072848,99386.125,8.185185185,6,3118.87731,3683.512451,7.185185185,14.81456954,10,10,9,6.666666667,3
549813.437,5277434.957,1269881.493,240131.4668,73.98356511,105198.8966,8.041666667,6,2574.55164,3683.512451,7,17.29962073,10,10,9,6.666666667,3
550063.437,5277434.957,1270701.66,240108.4216,70.76923077,108544.4828,8.25,6,2778.69806,2375.427734,7,20.10096154,10,10,9.25,6.5,3.5
550813.437,5277684.957,1273185.206,240859.4544,72.35483871,84998.05714,8.708860759,6.708860759,3516.411986,3121.408936,6.810126582,15.47695853,10,10,9.8,6.2,4
548563.437,5277184.957,1265757.604,239426.5277,69.48789809,99161.55814,9.076923077,6.797202797,4551.778388,2618.604492,8.195804196,18.07898089,10,10,8,6.75,3.25
548813.437,5277184.957,1266577.773,239403.4814,73.4102228,96847.21951,9.057142857,6.607142857,5069.537097,2618.604492,8.057142857,15.38269987,10,10,8.666666667,7,3.333333333
549813.437,5277184.957,1269858.447,239311.2989,73.81605351,104890.0769,8,6,2461.136963,1580.827026,7,14.23578595,10,10,9,7,2.5
550063.437,5277184.957,1270678.615,239288.254,69.07668232,111174.0385,8,6,2524.654651,1117.742188,7,16.92957746,10,10,10,6.5,4.5
550563.437,5277184.957,1272318.95,239242.1649,69.35104364,118569.3448,9,7,3456.001619,2504.804443,7,20.11954459,10,10,10,6.5,4.5
548813.437,5276934.957,1266554.727,238583.3122,64.70504528,100589.9231,9,6.868965517,4662.344705,2618.604492,8,24.58344114,10,10,8.2,7,3.2
549063.437,5276934.957,1267374.896,238560.2665,66.31407407,99854.35135,8.958677686,6.768595041,4459.66808,2099.715759,7.958677686,23.20740741,10,10,8.5,7,3.75
550563.437,5276934.957,1272295.906,238421.9975,73.03703704,122199.7931,8.953488372,6.953488372,3196.412044,1811.273315,7,17.13507625,10,10,10,6.666666667,4
553063.437,5269434.957,1279806.446,213586.4908,65.19447641,97055.33333,9.55345912,9.446540881,2467.93742,1535.746094,10,21.6881473,10,9.5,8,6,4.75
553313.437,5269434.957,1280626.62,213563.4574,65.18077803,98913.72727,9.832298137,9.167701863,2652.119175,1535.746094,10,23.85011442,10,9.5,8,6,4.75
553563.437,5269434.957,1281446.793,213540.4242,55.98970252,102915.6579,9.99378882,9.00621118,2800.856934,1477.404541,10,32.28832952,10,9.333333333,7.333333333,6,4.666666667
553813.437,5269434.957,1282266.967,213517.3914,47.385511,103749.1613,10,9,2800.856934,1419.062988,10,37.8440367,10,9,7.5,6,6.5
553063.437,5269184.957,1279783.413,212766.3169,63.24770642,89183.22449,9.430379747,9.5,2360.745667,1895.145752,10,21.8016055,10,9.5,8,6,4.75
553313.437,5269184.957,1280603.587,212743.2837,64.52920962,91664.21739,9.620253165,9.151898734,2626.155878,1535.746094,10,22.36197022,10,9.5,8,6,4.75
553563.437,5269184.957,1281423.761,212720.2508,61.84156142,93641.60976,9.805031447,8.93081761,2829.460096,1885.185852,10,26.66704937,10,9.333333333,7.333333333,6,4.666666667
553813.437,5269184.957,1282243.934,212697.2183,51.11561383,93667.51429,9.830065359,8.91503268,2818.247656,1875.225952,10,34.030012,10,9,7.5,6,6.5
554063.437,5269184.957,1283064.107,212674.186,46.23667712,93224.96552,9.74789916,8.87394958,2840.381303,1875.225952,10,36.08,10,9,7.5,6,6.5
553063.437,5268934.957,1279760.38,211946.1426,56.44087256,80263.34694,9.14375,9.41875,2352.296168,2254.54541,10,24.49712974,10,9.5,8,6,4.75
553313.437,5268934.957,1280580.554,211923.1097,62.3053961,83670.38298,9.201257862,8.987421384,2682.532057,2254.54541,10,21.93226177,10,9.5,8,6,4.75
553563.437,5268934.957,1281400.728,211900.0771,63.92571429,84623.74419,9.257861635,8.666666667,2938.152112,2292.967163,10,22.56457143,10,9.333333333,7.333333333,6,4.666666667
553813.437,5268934.957,1282220.902,211877.0448,57.05970149,85653.89744,9.232704403,8.616352201,2938.441765,2331.388916,10,28.22899885,10,9.333333333,7.333333333,6,4.666666667
554063.437,5268934.957,1283041.075,211854.0128,50.3971831,81843.27273,9.221374046,8.610687023,2948.117085,2331.388916,10,32.55331412,10,9,7.5,6,6.5
553063.437,5268684.957,1279737.347,211125.968,48.57471264,73516.16327,8.849056604,9.295597484,2368.677425,2254.54541,10,26.85287356,10,9.5,8,6,4.75
553313.437,5268684.957,1280557.521,211102.9354,56.34633028,75993.34694,8.79245283,8.79245283,2758.710403,2254.54541,10,24.27981651,10,9.5,8,6,4.75
553563.437,5268684.957,1281377.696,211079.903,63.29147465,77469.8913,8.698113208,8.396226415,3065.788977,2292.967163,10,21.64631336,10,9.333333333,7.333333333,6,4.666666667
553813.437,5268684.957,1282197.87,211056.871,60.57846506,77855.42857,8.62962963,8.314814815,3076.026596,2331.388916,10,25.32646048,10,9.333333333,7.333333333,6,4.666666667
554063.437,5268684.957,1283018.044,211033.8393,54.37218045,74574.32432,8.657534247,8.328767123,3080.350691,2331.388916,10,27.50637755,10,9,7.5,6,6.5
554313.437,5268684.957,1283838.217,211010.8078,45.12461059,72265.375,8.551724138,8.275862069,3095.878122,2331.388916,10,28.51121795,10,9,7.5,6,6.5
553063.437,5268434.957,1279714.314,210305.7932,40.64293915,68942.18367,8.651898734,9.227848101,2444.170905,2254.54541,10,28.5097589,10,9.333333333,7.666666667,6,4.333333333
553313.437,5268434.957,1280534.489,210282.7608,51.95418099,69962.65306,8.375,8.61875,2858.206061,2254.54541,10,25.81557847,10,9.333333333,7.666666667,6,4.333333333
553563.437,5268434.957,1281354.664,210259.7287,61.21485714,71569.25,8.1375,8.125,3162.283353,2254.54541,10,21.18628571,10,9,6.5,6,4
553813.437,5268434.957,1282174.838,210236.6969,60.70561283,70602.86957,8.150943396,8.075471698,3186.713593,2331.388916,10,24.06643757,10,9,6.5,6,4
554063.437,5268434.957,1282995.012,210213.6654,56.01529412,68542.39024,8.166666667,8.083333333,3183.452832,2331.388916,10,24.72274882,10,9.333333333,7.333333333,6,4.666666667
554313.437,5268434.957,1283815.186,210190.6343,46.16282051,69216.13514,8.141843972,8.070921986,3190.869464,2331.388916,10,25.92717815,10,9.333333333,7.333333333,6,4.666666667
554563.437,5268684.957,1284658.39,210987.7767,40.3856,69148.30769,8.12173913,8.060869565,3203.419958,139.4324646,10,24.92105263,10,9,7.5,6,6.5
554563.437,5268434.957,1284635.36,210167.6034,40.3856,72763.6129,8.12173913,8.060869565,3203.419958,139.4324646,10,24.92105263,10,9,7.5,6,6.5
554813.437,5268434.957,1285455.533,210144.5729,37.50513347,75124.36,8.113636364,8.056818182,3203.812702,139.4324646,10,22.63811563,10,8,6,6,7
553063.437,5268184.957,1279691.282,209485.618,38.03432494,66011.42857,8.635220126,9.270440252,2390.170693,1789.32251,10,30.16132723,10,9.4,7.6,6,3.8
553313.437,5268184.957,1280511.457,209462.5858,52.21864212,66067.81633,8.335443038,8.670886076,2823.737004,1789.32251,10,26.0023015,10,9.4,7.6,6,3.8
553563.437,5268184.957,1281331.632,209439.554,61.2325315,65311.5102,8.056603774,8.113207547,3166.085468,2239.938293,10,19.67812142,10,9,6.333333333,6,3
553813.437,5268184.957,1282151.806,209416.5225,60.79176201,64910.91667,8,8,3235.625,2584.496338,10,22.35354691,10,9,6.333333333,6,3
554063.437,5268184.957,1282971.981,209393.4913,58.53837343,67822.3913,8,8,3235.625,2584.496338,10,21.42382589,10,9,6.5,6,3.25
554313.437,5268184.957,1283792.155,209370.4604,49.66898148,70211.36585,8.038216561,8.01910828,3224.755798,2584.496338,10,22.61162791,10,9,6.5,6,3.25
554563.437,5268184.957,1284612.329,209347.4298,45.23039216,77071.52778,8.067567568,8.033783784,3217.509664,1413.776367,10,22.64837905,10,8.75,6.5,6,3.75
554813.437,5268184.957,1285432.503,209324.3995,42.03351955,82185.46667,8.046511628,8.023255814,3221.600224,1413.776367,10,23.49784792,10,8,6,6,5
555063.437,5268184.957,1286252.676,209301.3696,43.20848708,87001.33333,8,8,3235.625,1413.776367,10,27.08429119,10,8,6,6,5
553313.437,5267934.957,1280488.425,208642.4106,50.39678899,66142.46939,8.424050633,8.784810127,2739.057956,1789.32251,10,27.21100917,10,9.4,7.6,6,3.8
553563.437,5267934.957,1281308.6,208619.379,61.68535469,64856.69388,8.157232704,8.245283019,3100.066925,2186.909424,10,19.53432494,10,9.4,7.6,6,3.8
553813.437,5267934.957,1282128.775,208596.3477,61.02988506,65385.57143,8.044025157,8,3235.625,2584.496338,10,20.27586207,10,9,6.5,6,3.25
554063.437,5267934.957,1282948.95,208573.3168,57.79266896,68598.02041,8.050314465,8,3248.729264,2584.496338,10,19.38258877,10,8.8,6.4,6,3.2
554313.437,5267934.957,1283769.124,208550.2861,50.90909091,73911.22222,8.037974684,8,3249.069634,2584.496338,10,19.53164557,10,8.8,6.4,6,3.2
554563.437,5267934.957,1284589.299,208527.2558,46.79219288,81910.07317,8.031055901,8,3248.897267,1413.776367,10,23.09184845,10,8.8,6.4,6,3.2
554813.437,5267934.957,1285409.473,208504.2258,44.90221187,87229.11429,8.051282051,8,3235.625,1413.776367,9.974358974,25.29612221,10,8.333333333,6.333333333,6,4.666666667
555063.437,5267934.957,1286229.646,208481.1962,46.55755895,94749.13793,8.07518797,8,3211.82875,1413.776367,9.962406015,26.67375887,10,8,6,6,5
553313.437,5267684.957,1280465.393,207822.235,47.93103448,67540.28571,8.608695652,8.826086957,2838.115298,1789.32251,10,29.11724138,10,9.4,7.6,6,3.8
553563.437,5267684.957,1281285.569,207799.2037,59.79310345,66178.65306,8.421383648,8.339622642,3156.122289,2186.909424,10,19.08390805,10,9.4,7.6,6,3.8
553813.437,5267684.957,1282105.744,207776.1727,62.48228571,69050.69388,8.327044025,8.037735849,3474.525804,2584.496338,10,15.792,10,9,6.5,6,3.25
554063.437,5267684.957,1282925.919,207753.142,59.66323024,73302.44898,8.303797468,8,3471.501743,2584.496338,10,19.70103093,10,8.8,6.4,6,3.2
554313.437,5267684.957,1283746.094,207730.1116,52.88863375,78329.55102,8.29375,8,3501.070338,2584.496338,9.99375,21.51205511,10,8.8,6.4,6,3.2
554563.437,5267684.957,1284566.269,207707.0816,47.62988506,86092.73333,8.35625,8,3371.283612,1413.776367,9.925,27.02758621,10,8.8,6.4,6,3.2
554813.437,5267684.957,1285386.443,207684.0518,48.40549828,93361.97436,8.409937888,8,3123.581889,1413.776367,9.838509317,28.41237113,10,8.333333333,6.333333333,6,4.666666667
555063.437,5267684.957,1286206.617,207661.0224,48.37939394,102124.1765,8.539473684,8,2873.229324,1413.776367,9.736842105,27.90487805,10,8,6,6,5
555313.437,5267684.957,1287026.791,207637.9933,46.77044025,112125.7,8.701754386,8,2696.841972,105.9482956,9.649122807,28.61254019,10,8,6,6,5
553813.437,5267434.957,1282082.714,206955.9973,62.45862069,70863.81633,8.622641509,8.113207547,3665.349728,2657.908813,10,16.32988506,10,9.2,7,6,3.6
554063.437,5267434.957,1282902.889,206932.9669,61.50915332,76154.87755,8.6125,8,3805.005249,2657.908813,10,18.6979405,10,8.8,6.4,6,3.2
554313.437,5267434.957,1283723.064,206909.9368,55.67734554,82221.28571,8.63125,8,3748.210867,2731.321289,9.975,22.69679634,10,8.8,6.4,6,3.2
554563.437,5267434.957,1284543.239,206886.907,51.08725603,90753.78723,8.754716981,8,3438.084213,1602.629028,9.836477987,29.13892078,10,8.5,6.25,6,3.75
554813.437,5267434.957,1285363.414,206863.8775,50.35321101,98440.27907,8.937888199,8,2994.35367,1508.202698,9.652173913,31.84288991,10,8.333333333,6.333333333,6,4.666666667
555063.437,5267434.957,1286183.588,206840.8484,49.41474654,108205.2162,9.094339623,8,2576.000933,1602.629028,9.48427673,31.56336406,10,8,6,6,5
555313.437,5267434.957,1287003.762,206817.8195,47.6239782,118871.6,9.28358209,8,2259.978733,1013.246031,9.358208955,29.15789474,10,8,6,6,5
555063.437,5280934.957,1287427.542,251129.8226,45.83142202,119742.551,7.465408805,5,1641.639817,590.0627441,3.075471698,26.61009174,5.836477987,9,4.5,5,6.25
555313.437,5280934.957,1288247.701,251106.7793,54.4027618,114993.3542,7.15,5,1459.150314,1406.655518,3,22.53279632,5.85,9,4.5,5,6.25
555563.437,5280934.957,1289067.859,251083.7362,58.31264368,113436.7333,7.04375,5,1387.676742,590.0627441,3,13.32298851,5.95625,8.5,4.5,5,7.5
555813.437,5280934.957,1289888.017,251060.6935,52.02296211,110377.4146,7,5,1342.968994,22.91467857,3,6.35706085,6,8.5,4.5,5,7.5
554813.437,5280684.957,1286584.34,250332.7069,51.26742857,127247.898,8.236024845,5,2040.137417,1483.237915,3.397515528,26.09371429,6.416149068,9.25,4.75,5.25,5.75
555063.437,5280684.957,1287404.499,250309.6637,51.65481651,124690.551,7.56875,5,1587.856989,2223.248291,3.18125,26.91284404,6.24375,9,4.666666667,5,7.333333333
555313.437,5280684.957,1288224.658,250286.6207,54.38946163,121744.9583,7.213836478,5,1448.371474,2223.248291,3.06918239,21.89690722,6.132075472,9,4.666666667,5,7.333333333
555563.437,5280684.957,1289044.816,250263.5779,55.12829324,118924.2955,7.075949367,5,1394.368969,2223.248291,3.025316456,16.0836197,6.050632911,9,4.666666667,5,7.333333333
555813.437,5280684.957,1289864.975,250240.5354,52.1456422,115744.3421,7.012578616,5,1342.968994,19.36675262,3.006289308,10.59059633,6.018867925,8.5,4.5,5,7.5
556063.437,5280684.957,1290685.133,250217.4931,42.31958763,113663.4375,7.012658228,5,1342.968994,19.36675262,3.006329114,12.18671249,6.018987342,8.5,4.5,5,7.5
556313.437,5280684.957,1291505.291,250194.4511,32.28675577,109546.12,7,5,1342.968994,19.36675262,3,13.45710784,6,8.5,4.5,5,7.5
554563.437,5280434.957,1285741.137,249535.5908,50.99196326,132744.0816,9.310559006,5,2760.548161,1483.237915,3.770186335,26.36624569,7.093167702,9.25,4.75,5.25,5.75
554813.437,5280434.957,1286561.297,249512.5475,51.9908362,131852.551,8.746835443,5,2432.5871,1853.243103,3.582278481,27.72852234,6.898734177,9.25,4.75,5.25,5.75
555063.437,5280434.957,1287381.456,249489.5045,53.17126437,130161.2449,8.173913043,5,2060.914399,2223.248291,3.397515528,26.93448276,6.745341615,9,4.666666667,5,7.333333333
555313.437,5280434.957,1288201.615,249466.4618,55.07233065,127410.4565,7.829113924,5,1869.686267,2223.248291,3.310126582,23.50401837,6.721518987,9,4.666666667,5,7.333333333
555563.437,5280434.957,1289021.774,249443.4193,55.74137931,125951,7.658227848,5,1731.709341,2223.248291,3.278481013,18.76436782,6.734177215,9,4.666666667,5,7.333333333
555813.437,5280434.957,1289841.933,249420.377,51.85500575,124885.0588,7.408805031,5,1554.266972,19.36675262,3.194968553,17.94591484,6.566037736,8.5,4.5,5,7.5
556063.437,5280434.957,1290662.091,249397.335,41.01609195,121962.6786,7.314465409,5,1487.147847,19.36675262,3.157232704,18.47701149,6.471698113,8.5,4.5,5,7.5
554313.437,5280184.957,1284897.933,248738.4741,51.76666667,138521.3469,9.905063291,5,3262.005398,1483.237915,3.96835443,28.50229885,7.594936709,9.25,4.75,5.25,5.75
554563.437,5280184.957,1285718.094,248715.4308,50.58918297,139859.8367,9.660377358,5,3099.751644,1483.237915,3.886792453,28.75028769,7.528301887,9.25,4.75,5.25,5.75
554813.437,5280184.957,1286538.254,248692.3879,52.06896552,139855.102,9.299363057,5,2842.062033,1483.237915,3.770700637,28.43103448,7.433121019,9.25,4.75,5.25,5.75
555063.437,5280184.957,1287358.413,248669.3451,54.53333333,137987.4565,8.82278481,5,2559.18953,2223.248291,3.658227848,27.05057471,7.443037975,9,4.666666667,5,7.333333333
555313.437,5280184.957,1288178.573,248646.3026,55.01947308,135185.5952,8.578616352,5,2332.749719,2223.248291,3.628930818,26.55784651,7.566037736,9,4.666666667,5,7.333333333
555563.437,5280184.957,1288998.732,248623.2604,56.77586207,134859.8333,8.286624204,5,2098.795263,2223.248291,3.566878981,23.22873563,7.547770701,9,4.666666667,5,7.333333333
555813.437,5280184.957,1289818.891,248600.2184,53.02755454,133097.4667,8.025157233,5,1943.698596,19.36675262,3.490566038,23.34328358,7.427672956,8.5,4.5,5,7.5
556063.437,5280184.957,1290639.049,248577.1767,44.2887574,131850.4783,7.862745098,5,1779.85067,19.36675262,3.431372549,25.44550898,7.294117647,8.5,4.5,5,7.5
553813.437,5279934.957,1283234.568,247964.4004,55.37974684,137812.1429,9.99375,5,3395.790588,2061.949463,4,28.22669735,7.9125,9.666666667,5.333333333,5.333333333,4.333333333
554063.437,5279934.957,1284054.729,247941.3569,52.68807339,141074.0204,10,5,3395.050143,1809.518005,4,28.70412844,7.913043478,9.666666667,5.333333333,5.333333333,4.333333333
554313.437,5279934.957,1284874.89,247918.3136,51.78365938,144186.102,9.962025316,5,3374.923015,1572.761597,3.987341772,28.61565017,7.898734177,9,4.666666667,5,7.333333333
554563.437,5279934.957,1285695.051,247895.2707,50.2045977,145952.9792,9.874213836,5,3325.99874,1572.761597,3.962264151,29.25632184,7.880503145,9.5,5,5,6
554813.437,5279934.957,1286515.211,247872.2279,52.56292906,146767.8913,9.64375,5,3194.808295,1662.285278,3.93125,28.63844394,7.99375,9.5,5,5,6
555063.437,5279934.957,1287335.371,247849.1855,54.03903559,145182.1707,9.433962264,5,2975.03675,1548.202515,3.937106918,27.80711825,8.251572327,9.5,5,5,6
555313.437,5279934.957,1288155.53,247826.1432,56.0516055,143953.8919,9.188679245,5,2736.553624,1548.202515,3.918238994,27.06307339,8.402515723,9.5,5,5,6
555563.437,5279934.957,1288975.69,247803.1013,55.5890411,143011.9677,8.860759494,5,2478.466243,1548.202515,3.860759494,26.13013699,8.443037975,8.5,4.5,5,7.5
555813.437,5279934.957,1289795.849,247780.0596,49.66473988,144421.2,8.576923077,5,2243.840317,352.9845276,3.782051282,27.7699422,8.333333333,8.5,4.5,5,7.5
553563.437,5279684.957,1282391.363,247167.2826,54.66666667,132582.4286,10,5,3424.667969,2061.949463,4,27.66666667,8,9.666666667,5.333333333,5.333333333,4.333333333
553813.437,5279684.957,1283211.525,247144.2391,55.21469575,140529.3878,10,5,3424.667969,2061.949463,4,28.5706085,8,9.666666667,5.333333333,5.333333333,4.333333333
554063.437,5279684.957,1284031.686,247121.1959,52.76119403,145477.8367,9.955974843,5,3400.182617,1862.117371,4,29.1216992,8.044025157,9.666666667,5.333333333,5.333333333,4.333333333
554313.437,5279684.957,1284851.847,247098.1529,53.15182648,149082.1667,9.867088608,5,3327.982222,1662.285278,4,28.33333333,8.132911392,9.666666667,6,5,5.333333333
554563.437,5279684.957,1285672.008,247075.1102,51.27471264,151556.6522,9.7375,5,3241.027832,1662.285278,4,28.9816092,8.2625,9.666666667,6,5,5.333333333
554813.437,5279684.957,1286492.168,247052.0677,51.98737084,154616.4524,9.58125,5,3082.944281,1605.243896,4,29.43742824,8.41875,9.666666667,6,5,5.333333333
555063.437,5279684.957,1287312.328,247029.0255,52.02176403,155094.3243,9.4125,5,2929.153514,1548.202515,4,29.52348225,8.5875,9.666666667,6,5,5.333333333
555313.437,5279684.957,1288132.488,247005.9836,52.81235698,155721.5313,9.20754717,5,2747.867738,1548.202515,4,29.097254,8.79245283,9.5,6.5,5,4.5
555563.437,5279684.957,1288952.648,246982.9419,50.39677047,154618.6154,9.025157233,5,2555.437988,1548.202515,4,29.03460208,8.974842767,9,5,5,5
553563.437,5279434.957,1282368.32,246347.1209,50.20895522,130680.102,10,5,3424.667969,2061.949463,4.025,24.33409874,8.025,9.75,6,5.25,4.25
553813.437,5279434.957,1283188.482,246324.0776,52.29095074,145071.7143,9.974842767,5,3401.100818,2061.949463,4,26.82245132,8.025157233,9.75,6,5.25,4.25
554063.437,5279434.957,1284008.643,246301.0347,55.20962199,150020.1633,9.811320755,5,3277.755859,1862.117371,4,28.14203895,8.188679245,9.75,6,5.25,4.25
554313.437,5279434.957,1284828.804,246277.9919,55.02413793,153406.4468,9.64375,5,3126.349603,1662.285278,4,27.09770115,8.35625,9.666666667,6,5,5.333333333
554563.437,5279434.957,1285648.965,246254.9495,53.31724138,156567.1628,9.481012658,5,3009.886113,1662.285278,4,28.24367816,8.518987342,9.666666667,6,5,5.333333333
554813.437,5279434.957,1286469.126,246231.9073,49.71641791,159371.3846,9.3125,5,2820.382049,1662.285278,4,30.9380023,8.6875,9.666666667,6,5,5.333333333
555063.437,5279434.957,1287289.287,246208.8654,46.3880597,162477.2727,9.176100629,5,2685.805941,1548.202515,4,31.76349024,8.823899371,9.5,6.5,5,4.5
555313.437,5279434.957,1288109.447,246185.8237,43.97539975,165512.1111,9.047297297,5,2573.631965,1548.202515,4,32.13530135,8.952702703,9.5,6.5,5,4.5
553313.437,5279184.957,1281525.114,245550.0021,54.77790564,111088.0625,10,5,3586.886403,2061.949463,4.299363057,21.67894131,8.299363057,9.833333333,6.833333333,5.5,5
553563.437,5279184.957,1282345.277,245526.9588,50.2445465,126710,10,5,3439.145129,2023.934753,4.037735849,24.35935706,8.037735849,9.75,6,5.25,4.25
553813.437,5279184.957,1283165.439,245503.9159,54.3860252,140432.0833,9.832298137,5,3293.407888,2023.934753,4,24.93928981,8.167701863,9.75,6,5.25,4.25
554063.437,5279184.957,1283985.6,245480.8732,57.86781609,151246.1042,9.616352201,5,3086.267854,1858.133575,4,26.57586207,8.383647799,9.75,6,5.25,4.25
554313.437,5279184.957,1284805.762,245457.8307,57.51490826,157964.6,9.389937107,5,2894.407074,1692.332397,4,25.2706422,8.610062893,9.666666667,6,5,5.333333333
554563.437,5279184.957,1285625.923,245434.7885,53.1836969,160768.3659,9.21656051,5,2732.569361,1692.332397,4,29.0815155,8.78343949,9.5,6.5,5,4.5
554813.437,5279184.957,1286446.084,245411.7466,45.48791715,163936.2571,9.105590062,5,2602.839118,1243.518061,4,33.06559264,8.894409938,9.5,6.5,5,4.5
553313.437,5278934.957,1281502.071,244729.8395,55.2912844,104904.0222,9.936708861,5.101265823,3382.327791,1985.920044,4.392405063,17.36238532,8.556962025,9.833333333,6.833333333,5.5,5
553563.437,5278934.957,1282322.234,244706.7966,54.57864524,123171.3333,9.805031447,5.037735849,3262.129311,1985.920044,4.106918239,21.99311137,8.339622642,9.833333333,6.833333333,5.5,5
553813.437,5278934.957,1283142.396,244683.7539,56.02978236,140283,9.635220126,5,3087.163092,1985.920044,4,26.95761741,8.364779874,9.8,6.8,5.4,5
554063.437,5278934.957,1283962.558,244660.7114,58.28211009,152178.7609,9.409937888,5,2910.475586,1854.14978,4,26.76376147,8.590062112,9.75,6,5.25,4.25
554313.437,5278934.957,1284782.72,244637.6692,55.4221968,158124.119,9.186335404,5,2675.353428,1722.379517,4,26.82379863,8.813664596,9.5,6.5,5,4.5
554563.437,5278934.957,1285602.881,244614.6273,53.836969,165237.5135,9.012578616,5,2506.15337,1722.379517,4,28.01262916,8.987421384,9.5,6.5,5,4.5
554813.437,5278934.957,1286423.043,244591.5856,46.73923166,168415,9,5,2481.981934,1722.379517,4,32.5669383,9,9.5,6.5,5,4.5
553313.437,5278684.957,1281479.028,243909.6767,55.32835821,100534.8,9.874213836,5.34591195,2884.243405,1602.432617,4.547169811,16.24110218,9.018867925,9.8,7.2,5.6,4.6
553563.437,5278684.957,1282299.191,243886.634,53.04367816,120015.6829,9.710691824,5.245283019,2842.562052,1985.920044,4.301886792,23.14942529,8.836477987,9.8,6.8,5.4,5
553813.437,5278684.957,1283119.354,243863.5916,54.98505747,137461.0714,9.452830189,5.100628931,2776.663005,1985.920044,4.100628931,27.94022989,8.748427673,9.8,6.8,5.4,5
554063.437,5278684.957,1283939.516,243840.5494,54.44073648,150694.6,9.21875,5.01875,2678.138353,1854.14978,4.01875,28.49712313,8.81875,9.5,6.5,5,4.5
554313.437,5278684.957,1284759.678,243817.5075,54.64874142,162029.2703,9.043209877,5,2541.645607,1722.379517,4,27.93478261,8.956790123,9.5,6.5,5,4.5
554563.437,5278684.957,1285579.84,243794.4658,53.23678161,168415,9,5,2481.981934,1722.379517,4,29.20804598,9,9.5,6.5,5,4.5
554813.437,5278684.957,1286400.001,243771.4244,46.2704918,168415,9,5,2481.981934,1722.379517,4,32.79391101,9,9.5,6.5,5,4.5
553563.437,5278434.957,1282276.149,243066.4712,42.69311552,118646.4857,9.662337662,5.454545455,2388.103034,1985.920044,4.480519481,23.59743291,9.272727273,9.75,7.25,5.5,4.5
553813.437,5278434.957,1283096.311,243043.429,47.72590012,136656.4167,9.374193548,5.238709677,2468.552722,1985.920044,4.238709677,28.04413473,9.103225806,9.666666667,7.666666667,5.333333333,5.666666667
554063.437,5278434.957,1283916.474,243020.3871,49.9793341,152177.9412,9.106918239,5.06918239,2486.665813,1985.920044,4.06918239,30.05051665,9.031446541,9.666666667,7.666666667,5.333333333,5.666666667
554313.437,5278434.957,1284736.636,242997.3454,52.46559633,158228.2903,9,5,2481.981934,1722.379517,4,31.14908257,9,9.5,6.5,5,4.5
554563.437,5278434.957,1285556.798,242974.304,53.10742857,162567.0741,9,5,2481.981934,1722.379517,4,31.62171429,9,9.5,6.5,5,4.5
546813.437,5280434.957,1260316.061,250250.058,63.10206422,99331.34694,9.24375,5.75625,5105.948434,2823.777832,8.5125,18.97247706,9.75625,10,3.4,6,1.4
547063.437,5280434.957,1261136.229,250227.0069,64.11981567,100394.898,9.238993711,5.761006289,5151.807354,2823.777832,8.522012579,18.83294931,9.761006289,10,3.4,6,1.4
547313.437,5280434.957,1261956.396,250203.956,64.4183908,102370.9796,9.245283019,5.754716981,5125.378506,2823.777832,8.509433962,19.54367816,9.754716981,10,3.5,6,1.333333333
547563.437,5280434.957,1262776.562,250180.9053,63.84270953,104188.5918,9.372670807,5.770186335,5025.673048,2730.990479,8.397515528,21.53501722,9.770186335,10,4,6,1.4
547813.437,5280434.957,1263596.729,250157.855,64.04919908,106851.3469,9.590062112,5.763975155,4925.056878,2730.990479,8.173913043,23.3604119,9.763975155,10,4.6,6,2.4
546563.437,5280184.957,1259472.842,249452.9416,64.33791523,92422.18367,8.614906832,5.98757764,5096.603584,2844.424316,8.950310559,17.36540664,9.98757764,10,3.2,6,1.4
546813.437,5280184.957,1260293.01,249429.8904,66.48165138,93344.83673,8.588607595,5.981012658,5218.432307,2823.777832,9.069620253,15.54587156,9.981012658,10,3.2,6,1.4
547063.437,5280184.957,1261113.178,249406.8395,67.3814433,96134.59184,8.566037736,5.981132075,5201.814595,2823.777832,9.075471698,14.92668958,9.981132075,10,3.25,6,1.5
547313.437,5280184.957,1261933.345,249383.7888,66.27848101,99735.08163,8.5,5.981481481,5196.945047,2777.384155,9.092592593,16.92059839,9.981481481,10,3.4,6,1.4
547563.437,5280184.957,1262753.512,249360.7384,65.59059633,103015.6939,8.698113208,6,5091.729131,2730.990479,8.943396226,19.30504587,10,10,3.666666667,6,1.666666667
547813.437,5280184.957,1263573.679,249337.6883,64.65292096,105165.8776,9.194968553,6,5009.382732,2730.990479,8.597484277,22.77434135,10,10,4.5,6,2.75
548063.437,5280184.957,1264393.846,249314.6384,65.17816092,108271.898,9.754716981,6,4844.826679,2730.990479,8.188679245,25.42873563,10,10,4.5,6,2.75
546313.437,5279934.957,1258629.623,248655.8247,69.04701835,87227.95455,7.943396226,6,4335.085233,2865.070801,8.880503145,12.63761468,10,9.833333333,2.833333333,6,1.666666667
546563.437,5279934.957,1259449.791,248632.7735,69.6093929,87187.93617,7.5,6,4710.742394,2823.777832,9.26875,12.63459336,10,10,3.2,6,1.4
546813.437,5279934.957,1260269.959,248609.7226,71.07816092,88577.32653,7.4,6,4788.539322,2823.777832,9.4,11.57586207,10,10,3.2,6,1.4
547063.437,5279934.957,1261090.127,248586.6719,70.26345934,92943.26531,7.385093168,6,4818.884709,2823.777832,9.403726708,12.22565865,10,10,3.25,6,1.5
547313.437,5279934.957,1261910.295,248563.6215,67.90689655,97424.30612,7.339622642,6,4818.884709,2823.777832,9.41509434,14.79655172,10,10,4,6,1.8
547563.437,5279934.957,1262730.462,248540.5713,65.16896552,101636.3673,7.817610063,6,4807.383526,2730.990479,9.163522013,18.25517241,10,10,4.25,6,2
547813.437,5279934.957,1263550.629,248517.5214,64.27241379,104667.102,8.641509434,6,4804.980575,2730.990479,8.735849057,21.89195402,10,10,4.8,6,2.8
548063.437,5279934.957,1264370.796,248494.4717,64.57454128,107467.8367,9.49689441,6,4752.814707,2730.990479,8.248447205,24.81766055,10,10,5.25,6,3.25
546313.437,5279684.957,1258606.572,247835.6562,74.5034642,84932.14634,7.211180124,6,4034.521398,4355.131836,9.068322981,8.876443418,10,9.833333333,2.833333333,6,1.666666667
546563.437,5279684.957,1259426.74,247812.6052,75.30990783,84848.88372,6.46835443,6,4258.642328,3970.457886,9.537974684,8.952764977,10,10,3.2,6,1.4
546813.437,5279684.957,1260246.908,247789.5545,76.11784897,86749.95652,6.160493827,6,4332.292813,5837.851074,9.709876543,8.245995423,10,10,3.2,6,1.4
547063.437,5279684.957,1261067.077,247766.504,74.31350114,91211.45833,6.118012422,6,4310.369585,5837.851074,9.720496894,9.615560641,10,10,3.2,6,1.4
547313.437,5279684.957,1261887.244,247743.4538,70.51664753,95862.61224,6.056603774,6,4343.232807,5837.851074,9.735849057,13.17795637,10,10,4,6,1.8
547563.437,5279684.957,1262707.412,247720.4039,66.15650173,100740.5714,6.880503145,6,4461.595039,2609.527832,9.421383648,17.13578826,10,10,4.25,6,2
547813.437,5279684.957,1263527.579,247697.3542,63.36914286,104077.7143,8.03164557,6,4515.983768,2609.527832,8.993670886,22.016,10,10,4.8,6,2.8
548063.437,5279684.957,1264347.747,247674.3048,62.88990826,106669.4286,9.227848101,6,4560.093894,2609.527832,8.506329114,26.36238532,10,10,5.25,6,3.25
546313.437,5279434.957,1258583.521,247015.4874,80.66145833,86792.69231,6.352517986,6,3791.841894,4355.131836,9.352517986,5.627604167,10,9.75,3,6,1.5
546563.437,5279434.957,1259403.689,246992.4366,81.3497076,84110.84211,5.441558442,6,3920.371855,5096.491455,9.818181818,5.178947368,10,10,3.333333333,6,1.666666667
546813.437,5279434.957,1260223.858,246969.3861,81.23596793,85278.55,5.151898734,6,3979.834753,5837.851074,9.962025316,5.39862543,10,10,3.333333333,6,1.666666667
547063.437,5279434.957,1261044.026,246946.3359,78.79219288,90685.57778,5.126582278,6,3963.452561,5837.851074,9.96835443,6.609644087,10,10,3.333333333,6,1.666666667
547313.437,5279434.957,1261864.194,246923.286,73.83295195,95514.19565,5.101910828,6,3961.988776,4223.689453,9.974522293,9.99771167,10,10,4.25,6,2
547563.437,5279434.957,1262684.362,246900.2362,69.12988506,100492.2083,6.118012422,6,4096.596224,2609.527832,9.677018634,14.66551724,10,10,4.666666667,6,2.333333333
547813.437,5279434.957,1263504.53,246877.1868,65.07701149,103185.0204,7.565217391,6,4235.718572,2609.527832,9.248447205,20.65057471,10,10,5.25,6,3.25
548063.437,5279434.957,1264324.697,246854.1376,63.12128146,105567.7143,9.088050314,6,4325.881416,2609.527832,8.786163522,26.36842105,10,10,5.6,6,2.8
546313.437,5279184.957,1258560.47,246195.3183,85.34736842,89096.17143,5.91588785,6,3674.127871,4355.131836,9.53271028,2.850877193,10,9.8,3,6.2,1.4
546563.437,5279184.957,1259380.639,246172.2678,85.241033,86803.05405,5.184615385,6,3798.839687,5096.491455,9.907692308,2.510760402,10,10,3.333333333,6,1.666666667
546813.437,5279184.957,1260200.808,246149.2175,85.20908005,86996.81579,5,6,3890.014526,5837.851074,10,2.532855436,10,10,3.333333333,6,1.666666667
547063.437,5279184.957,1261020.976,246126.1675,84.04482759,91140.325,5,6,3905.633057,5837.851074,10,3.174712644,10,10,3.333333333,6,1.666666667
547313.437,5279184.957,1261841.145,246103.1178,79.07586207,96596.43182,5,6,3905.633057,5837.851074,10,5.971264368,10,10,5,6,3
547563.437,5279184.957,1262661.313,246080.0683,74.50057537,100573.8,5.9375,6,3960.681128,2609.527832,9.79375,10.87456847,10,10,4.666666667,6,2.333333333
547813.437,5279184.957,1263481.481,246057.0191,69.37772675,103058.6809,7.4375,6,4064.359172,2609.527832,9.4375,17.35935706,10,10,5.25,6,3.25
548063.437,5279184.957,1264301.648,246033.9701,65.54118993,104291.8571,9,6,4183.160694,2609.527832,9.0375,23.89244851,10,10,5.6,6,2.8
546563.437,5278934.957,1259357.589,245352.0987,86.71153846,92853,5.154545455,6,3688.831602,2913.97731,9.863636364,1.77972028,10,10,3.333333333,6.333333333,1.666666667
547563.437,5278934.957,1262638.264,245259.9002,80.00231214,102412.5227,5.849056604,6,3931.571597,2486.936035,9.830188679,6.493641619,10,10,5,6,3
547813.437,5278934.957,1263458.432,245236.8512,74.03903559,103770.9556,7.453416149,6,3986.662553,2486.936035,9.50931677,14.16073479,10,10,5,6,3
548063.437,5278934.957,1264278.6,245213.8024,68.98853211,104212.3191,8.955696203,6,4031.529197,2364.344238,9.208860759,21.65711009,10,10,6,6,3.25
547813.437,5278684.957,1263435.383,244416.683,78.30224321,105129.5,7.435064935,6,3982.611078,2364.344238,9.512987013,11.17591499,10,10,5,6,3
548063.437,5278684.957,1264255.551,244393.6345,71.03448276,103804.9778,8.867924528,6,4034.623254,2364.344238,9.226415094,19.34827586,10,10,6.25,6.25,2
548063.437,5278434.957,1264232.503,243573.4662,72.94021102,103245.2889,9,6,4031.529197,2364.344238,9.2,17.15709261,10,10,6.25,6.25,2
548313.437,5278434.957,1265052.671,243550.4182,66.6130884,102481.5556,9.848101266,6,4415.933489,3001.050659,8.886075949,23.5097589,10,10,6.25,6.25,2
551313.437,5279184.957,1274963.807,245734.3573,69.27210103,51395.87755,9.068322981,6,6500.642347,2426.584473,5.714285714,17.55797933,10,10,9.777777778,6,2.333333333
551563.437,5279184.957,1275783.971,245711.312,72.38479263,45695.04082,8.886792453,6,7732.208768,4582.142334,5.408805031,13.18548387,10,10,9.777777778,6,2.333333333
551813.437,5279184.957,1276604.135,245688.267,70.2208238,44051.85714,8.740506329,6,8781.919312,3953.528809,5.120253165,16.11899314,10,10,9.285714286,6,2
552063.437,5279184.957,1277424.299,245665.2222,65.04602992,45003.26531,8.25,5.9625,9614.949779,3953.528809,5,21.56731876,9.9625,10,8.857142857,6,2.571428571
552313.437,5279184.957,1278244.463,245642.1776,60.14580941,52623.46939,7.90625,5.85,9723.582428,3953.528809,5,24.33524684,9.85,10,8.4,6,3.2
552563.437,5279184.957,1279064.626,245619.1333,60.50973654,64524.83673,8.176100629,5.578616352,8087.383263,2240.641602,5,24.41580756,9.578616352,10,7.6,6,3.2
552813.437,5279184.957,1279884.789,245596.0893,60.88289323,78227.38776,8.666666667,5.333333333,6670.745225,1729.793396,4.886792453,18.85419059,9.220125786,10,7.6,5.8,3.8
553063.437,5279184.957,1280704.952,245573.0456,59.95747126,92349.46939,9.572327044,5.106918239,4587.974154,2240.641602,4.597484277,15.49425287,8.704402516,10,7.75,5.75,4.5
551313.437,5278934.957,1274940.762,244914.1928,73.12829324,43091.18367,8.55345912,6,7867.823332,4467.040527,5.710691824,13.88659794,10,10,9.777777778,6,2.333333333
551563.437,5278934.957,1275760.926,244891.1477,76.83830275,37428.34694,8.46875,6,9201.231116,4467.040527,5.4,8.913990826,10,10,9.777777778,6,2.333333333
551813.437,5278934.957,1276581.091,244868.1029,74.46835443,35823.16327,8.50625,6,10397.43415,7481.415527,5.1,11.31760644,10,10,9.285714286,6,2
552063.437,5278934.957,1277401.255,244845.0583,68.26321839,37014.20408,8.242236025,6,10524.54136,7481.415527,5,17.84942529,10,10,8.857142857,6,2.571428571
552313.437,5278934.957,1278221.418,244822.0141,62.56601607,43154.79592,7.86163522,5.962264151,10275.97465,7481.415527,5,21.74971297,9.962264151,10,8.4,6,3.2
552563.437,5278934.957,1279041.582,244798.97,65.40481651,54174.69388,8.132075472,5.742138365,8832.106279,1218.94519,5,19.40481651,9.742138365,10,7.6,6,3.2
552813.437,5278934.957,1279861.745,244775.9263,64.51435132,67941.55319,8.632911392,5.5,6604.56555,1218.94519,4.930379747,15.86567164,9.430379747,10,7.6,5.8,3.8
553063.437,5278934.957,1280681.908,244752.8828,60.37887486,86089.28261,9.588607595,5.253164557,4381.26722,1218.94519,4.689873418,12.51435132,8.949367089,10,7.75,5.75,4.5
551063.437,5278684.957,1274097.551,244117.073,69.92652124,51481.08696,8.27672956,6,7021.098773,4467.040527,6.050314465,18.48679679,10,10,10,6,3
551313.437,5278684.957,1274917.717,244094.0279,75.76666667,34408.93478,8.081761006,6,8933.786725,4467.040527,5.704402516,11.28505747,10,10,9.714285714,6,2.714285714
551563.437,5278684.957,1275737.881,244070.9831,79.37772675,28703,8.158227848,6,10512.42846,5974.228027,5.392405063,6.160734788,10,10,9.714285714,6,2.714285714
551813.437,5278684.957,1276558.046,244047.9385,75.64064294,26121.4898,8.455696203,6,11010.21881,7481.415527,5.101265823,9.153846154,10,10,9.166666667,6,2.166666667
552063.437,5278684.957,1277378.21,244024.8943,68.00572738,26400.95918,8.582278481,6,9984.102664,7481.415527,5,15.40549828,10,10,8.666666667,6,2.833333333
552313.437,5278684.957,1278198.374,244001.8502,60.84597701,34779.33333,8.525316456,5.981012658,8376.794208,7481.415527,5,20.95057471,9.981012658,10,8,6,3.75
552563.437,5278684.957,1279018.538,243978.8065,62.90950745,45144.58696,8.68125,5.8375,6879.694524,1218.94519,5,18.24513173,9.8375,10,8,6,4.666666667
552813.437,5278684.957,1279838.702,243955.763,62.79104478,58661.44186,9.15,5.66875,4924.640121,1218.94519,4.975,14.01377727,9.64375,10,7.6,5.8,3.8
553063.437,5278684.957,1280658.865,243932.7197,60.94616266,79291.17073,9.708860759,5.481012658,3630.573271,1218.94519,4.791139241,12.9347079,9.310126582,10,7.75,5.75,4.5
551063.437,5278434.957,1274074.506,243296.9076,71.30689655,49841.74419,8.17721519,6,7324.155186,4467.040527,6.050632911,17.93793103,10,10,10,6,3
551313.437,5278434.957,1274894.672,243273.8628,76.70366133,32225.81395,8.1,6,9036.052587,4467.040527,5.7,11.01830664,10,10,10,6,3
551563.437,5278434.957,1275714.837,243250.8182,79.31264368,24567.36364,8.434782609,6,9754.187131,5974.228027,5.391304348,6.320689655,10,10,9.666666667,6,2.166666667
551813.437,5278434.957,1276535.002,243227.7739,75.08247423,20489.75556,8.880503145,6,9356.725504,7481.415527,5.100628931,8.940435281,10,10,9.6,6,2.4
552063.437,5278434.957,1277355.166,243204.7299,68.31687715,20260.61702,9.157232704,6,8146.559182,7481.415527,5,14.44431688,10,10,9,6,2.4
552313.437,5278434.957,1278175.331,243181.6861,59.58648339,22890.23913,9.275,6,5604.036815,7481.415527,5,21.50744559,10,10,8,6,4.666666667
552563.437,5278434.957,1278995.495,243158.6426,58.67241379,33065.95349,9.408805031,5.937106918,4041.594568,1218.94519,5,18.83218391,9.937106918,10,8,6,4.666666667
552813.437,5278434.957,1279815.659,243135.5994,56.96674312,49807.66667,9.625,5.8625,3344.305899,1218.94519,5,14.34174312,9.8625,10,8.333333333,5.666666667,5.666666667
553063.437,5278434.957,1280635.822,243112.5564,53.70298165,69790.55556,9.88125,5.7375,2422.495428,1218.94519,4.90625,12,9.6875,10,7.75,5.75,4.5
553313.437,5278434.957,1281455.985,243089.5137,46.46551724,95703.28571,9.867088608,5.651898734,2344.74228,1985.920044,4.740506329,15.46551724,9.525316456,10,8,5.666666667,4.333333333
551063.437,5278184.957,1274051.461,242476.742,71.65175333,51631.07692,8.289473684,6,6581.272649,4102.526978,6.039473684,17.04474002,10,10,10,6,3.666666667
551313.437,5278184.957,1274871.627,242453.6975,76.07917174,38045.925,8.368421053,6,7597.666629,4102.526978,5.664473684,11.2046285,10,10,10,6,3.666666667
551563.437,5278184.957,1275691.792,242430.6531,77.83649289,27034.17073,8.782051282,6,7870.626146,5232.458923,5.352564103,8.434834123,10,10,10,6,2.75
551813.437,5278184.957,1276511.958,242407.6091,73.91169725,18955.28571,9.316770186,6,6517.3479,5243.366211,5.093167702,10.40825688,10,10,10,6,3.333333333
552063.437,5278184.957,1277332.122,242384.5653,68.11034483,20228.39535,9.708860759,6,5058.943695,6362.390869,5,14.78045977,10,10,10,6,3.333333333
552313.437,5278184.957,1278152.287,242361.5218,61.58830275,21405.39024,9.962025316,6,2865.026361,5243.366211,5,20.2190367,10,10,10,6,8
552563.437,5278184.957,1278972.451,242338.4785,59.67353952,29441.07692,9.925,6,2034.482675,95.83172607,5,17.604811,10,10,10,6,8
552813.437,5278184.957,1279792.616,242315.4355,52.63915094,33969.17647,10,5.987179487,1786.907417,95.83172607,5,15.58747045,9.987179487,10,10,6,8
553063.437,5278184.957,1280612.779,242292.3928,43.22738386,57225.22581,10,6,1766.737793,95.83172607,5,12.04044118,10,10,9,5.5,6
553563.437,5278184.957,1282253.106,242246.3081,33.87517147,115359.3793,9.6171875,5.6171875,2028.568237,325.002594,4.6171875,22.6043956,9.6171875,10,9,5.5,6
553813.437,5278184.957,1283073.269,242223.2662,38.70277778,133180.9643,9.330708661,5.330708661,2232.23275,325.002594,4.330708661,28.88317107,9.330708661,10,9,5.5,6
554063.437,5278184.957,1283893.432,242200.2245,44.03785901,150871.2222,9.104477612,5.104477612,2372.063462,325.002594,4.104477612,33.57180157,9.104477612,10,9,5.5,6
551313.437,5277934.957,1274848.583,241633.5318,76.42235123,46058.59459,8.656,6.048,5499.988971,3738.013428,5.696,11.1509434,10,10,10,6,3.666666667
551563.437,5277934.957,1275668.748,241610.4877,78.52875175,39163.57895,9.145038168,6,5243.101782,4490.689819,5.282442748,8.957924264,10,10,10,6,3.2
551813.437,5277934.957,1276488.914,241587.4439,74.28411911,33265.52632,9.652777778,6,4086.155819,5243.366211,5.055555556,11.5942928,10,10,10,6,3.333333333
552063.437,5277934.957,1277309.079,241564.4004,68.76940639,34006.83784,9.898734177,6,3030.51107,5243.366211,5,15.53082192,10,10,10,6,8
552313.437,5277934.957,1278129.244,241541.3571,64.77880184,33949.32432,10,6,1919.905235,5243.366211,5,19.30990783,10,10,10,6,8
552563.437,5277934.957,1278949.408,241518.3141,64.28891509,36281.91429,10,6,1756.52002,95.83172607,5,16.84260355,10,10,10,6,8
551063.437,5277684.957,1274005.373,240836.41,76.75254237,71626.39394,9.523364486,6.158878505,3157.424641,4490.689819,5.476635514,11.81355932,10,10,10,6,5
551813.437,5277684.957,1276465.87,240767.2786,75.50388802,62370.84211,10,6,2322.569625,5243.366211,5,12.3592535,10,10,9.5,6,7
552063.437,5277684.957,1277286.036,240744.2353,72.75784191,58704.88571,10,6,1913.77829,5243.366211,5,14.02007528,10,10,9.5,6,7
552313.437,5277684.957,1278106.201,240721.1923,71.83944954,55881.875,10,6,1756.52002,5243.366211,5,14.59518349,10,10,9.5,6,7
552563.437,5277684.957,1278926.366,240698.1495,67.66585662,64034.29032,10,6,1756.52002,95.83172607,5,14.62469438,10,10,9.5,6,7
551063.437,5277434.957,1273982.328,240016.2436,72.35483871,89400.64516,8.708860759,6.708860759,3516.411986,3121.408936,6.810126582,15.47695853,10,10,10,6,6.5
552063.437,5277434.957,1277262.993,239924.0699,70.13694268,90845.11765,10,6.053571429,1783.993084,2855.51297,5,14.75955414,10,10,9.5,6,7
552313.437,5277434.957,1278083.158,239901.0271,70.41419355,93466.6,10,6.078571429,1757.777345,5243.366211,5,14.66451613,10,10,9.5,6,7
552563.437,5277434.957,1278903.323,239877.9846,66.94046008,100378.7333,10,6.076335878,1758.371604,1478.698261,5,14.48501362,10,10,9.5,6,7
551313.437,5277184.957,1274779.451,239173.0333,66.3358209,121781.7714,9,7,3333.77548,2504.804443,7,23.01679104,10,10,9.666666667,6,6.333333333
552063.437,5277184.957,1277239.95,239103.9042,64.91233284,130022.9429,10,6.327731092,1881.169724,467.659729,5,16.71471025,10,10,9.666666667,6,6.333333333
552313.437,5277184.957,1278060.116,239080.8617,64.91233284,134194.75,10,6.327731092,1881.169724,467.659729,5,16.71471025,10,10,9.5,6,7
552563.437,5277184.957,1278880.281,239057.8194,65.28208745,138691.3226,10,6.376,1766.858032,107.935379,5,14.66241135,10,9.666666667,9,6,5
552063.437,5276934.957,1277216.907,238283.7382,59.13311688,157265.0811,9.990740741,6.675925926,2061.53878,467.659729,5.018518519,18.47479675,10,10,9.666666667,6,6.333333333
552313.437,5276934.957,1278037.073,238260.696,59.13311688,162581.2286,9.990740741,6.675925926,2061.53878,467.659729,5.018518519,18.47479675,10,10,9.5,6,7
552563.437,5276934.957,1278857.239,238237.654,60.21529745,164957.1176,10,6.693548387,1808.724393,107.935379,5,19.08534851,10,9.666666667,9,6,5
552813.437,5276934.957,1279677.404,238214.6123,56.60615883,166453.125,10,6.756756757,1780.236637,107.935379,5,18.12724307,10,9.666666667,9,6,5
553063.437,5277184.957,1280520.611,239011.7358,24.44851259,143757.64,10,6.950617284,1814.530304,63.30953503,4.950617284,31.63341067,10,9.666666667,9,6,5
554563.437,5263934.957,1284220.85,195404.4287,54.08715596,65196.28571,8.798742138,9.886792453,2775.190974,1844.56134,8.704402516,16.27522936,10,9,8.333333333,7,3.666666667
554813.437,5263934.957,1285041.029,195381.4029,56.51144165,64623.21739,8.974842767,9.893081761,3285.279018,2174.925293,8.371069182,15.56864989,10,9,8.333333333,7,3.666666667
555063.437,5263934.957,1285861.208,195358.3775,57.22758621,61038.6,9,9.900621118,3655.525305,2174.925293,8.130434783,17.24367816,10,8.5,7.5,7,3
555313.437,5263934.957,1286681.387,195335.3524,55.34302326,58029.64706,9,9.898734177,3665.97343,2174.925293,8.101265823,20.59929907,10,8.5,7.5,7,3
555563.437,5263934.957,1287501.565,195312.3276,51.03256445,53791.76923,9,9.910447761,3673.798184,922.8812866,8.089552239,23.22022161,10,8.5,7.5,7,3
554313.437,5263684.957,1283377.644,194607.275,50.44406393,69127.02041,9,10,1871.433828,1514.197388,8.899371069,20.37785388,10,9,8.333333333,7,3.666666667
554563.437,5263684.957,1284197.824,194584.2492,51.02752294,64928.04082,9,10,2416.661423,1844.56134,8.635220126,17.98509174,10,9,8.333333333,7,3.666666667
554813.437,5263684.957,1285018.004,194561.2237,57.49541284,61835.46809,9,10,3050.094058,2174.925293,8.320754717,14.65711009,10,9,8.333333333,7,3.666666667
555063.437,5263684.957,1285838.183,194538.1985,60.88774341,59005.42857,9,10,3493.778707,2174.925293,8.069620253,14.17869416,10,8.5,7.5,7,3
555313.437,5263684.957,1286658.362,194515.1736,58.14844649,54376.13889,9,10,3619.024902,2174.925293,8,17.429229,10,8.5,7.5,7,3
555563.437,5263684.957,1287478.541,194492.1491,53.78900256,49264,9,10,3619.024902,922.8812866,8,20.98435463,10,8.5,7.5,7,3
554313.437,5263434.957,1283354.618,193787.0949,48.00229621,70978.20408,9,10,1742.934485,1514.197388,8.949044586,24.21354765,10,9,8.333333333,7,3.666666667
554563.437,5263434.957,1284174.799,193764.0693,47.87628866,67644.77083,9,10,2258.538101,1548.706848,8.715189873,22.07674685,10,9,8.333333333,7,3.666666667
554813.437,5263434.957,1284994.978,193741.0441,55.30424799,63375.04255,9,10,2778.6744,2174.925293,8.433962264,17.68312285,10,9,8.333333333,7,3.666666667
555063.437,5263434.957,1285815.158,193718.0192,60.58112773,59495.95455,9,10,3322.191418,2174.925293,8.158227848,15.2013809,10,9,8.333333333,7,3.666666667
555313.437,5263434.957,1286635.337,193694.9946,61.44895592,55993.28205,9,10,3619.024902,2174.925293,8,15.26945412,10,8.5,7.5,7,3
555563.437,5263434.957,1287455.517,193671.9704,60.33630573,53553.5625,9,10,3619.024902,922.8812866,8,18.11483871,10,8.5,7.5,7,3
554313.437,5263184.957,1283331.593,192966.9145,43.07233065,73384.59184,9,10,1665.505393,905.2304688,8.993710692,28.3880597,10,9,8.333333333,7,3.666666667
554563.437,5263184.957,1284151.773,192943.8891,44.34822451,69308.97959,9,10,2040.922836,905.2304688,8.829113924,26.77548683,10,9.25,8.75,7,3
554813.437,5263184.957,1284971.953,192920.8641,52.86107922,65940.77083,9,10,2505.899338,1600.474243,8.573248408,20.60734788,10,9.25,8.75,7,3
555063.437,5263184.957,1285792.133,192897.8395,58.84879725,63148.68889,9,10,3067.941641,1600.474243,8.3,17.17754868,10,9.25,8.75,7,3
555313.437,5263184.957,1286612.313,192874.8152,62.93844367,60834.39024,9,10,3466.802603,1600.474243,8.076923077,17.0627907,10,9.25,8.75,7,3
555563.437,5263184.957,1287432.493,192851.7912,63.31186869,59414.14286,9,10,3619.024902,1749.293091,8,17.20254777,10,8.5,7.5,7,3
555813.437,5263184.957,1288252.672,192828.7676,59.10322581,57265.21429,9,10,3619.024902,1749.293091,8,20.57166392,10,8.5,7.5,7,3
554563.437,5262934.957,1284128.748,192123.7086,40.81214204,71838.73469,9,10,1766.986926,1252.852356,8.936708861,30.0790378,10,9.25,8.75,7,3
554813.437,5262934.957,1284948.929,192100.6839,48.87586207,69301.125,9,10,2154.132384,1600.474243,8.742138365,24.24022989,10,9.25,8.75,7,3
555063.437,5262934.957,1285769.109,192077.6595,53.19266055,67067.29787,9,10,2729.572082,1600.474243,8.45625,21.74885321,9.98125,9.333333333,9,7,3
555313.437,5262934.957,1286589.289,192054.6355,61.79334099,66093.51163,9,10,3160.855152,1600.474243,8.204968944,20.56257176,9.97515528,9.333333333,9,7,3
555563.437,5262934.957,1287409.469,192031.6118,63.10977081,64349.36842,9,10,3591.153214,1749.293091,8.026666667,20.54368932,9.986666667,9,8.5,7,2
555813.437,5262934.957,1288229.648,192008.5884,59.84626437,64727.29032,9,10,3619.024902,1749.293091,8,23.46637427,10,8.666666667,8,7,2
556063.437,5262934.957,1289049.828,191985.5654,56.83101392,64199.6,9,10,3619.024902,1749.293091,8,25.02886598,10,8,7,7,2.5
554563.437,5262684.957,1284105.723,191303.5277,38.0875576,73825.30612,9,10,1640.13501,1252.852356,9,29.95046083,10,9.333333333,9,7,3
554813.437,5262684.957,1284925.904,191280.5033,41.09507446,71912.38776,9,10,1885.154847,1600.474243,8.89375,27.97365407,9.98125,9.333333333,9,7,3
555063.437,5262684.957,1285746.085,191257.4792,45.53775744,70557.39583,9,10,2415.478525,1600.474243,8.603773585,25.89244851,9.924528302,9.333333333,9,7,3
555313.437,5262684.957,1286566.265,191234.4554,51.59931114,69894,9,10,2924.128827,1600.474243,8.308176101,25.88978186,9.874213836,9.333333333,9,7,3
555563.437,5262684.957,1287386.446,191211.4319,57.0840046,69473.07317,9,10,3378.434426,1749.293091,8.06875,25.9136939,9.86875,8.666666667,8,7,2
555813.437,5262684.957,1288206.625,191188.4089,56.7601432,70427.85714,9,10,3602.280307,1749.293091,8,25.36670688,9.947712418,8.666666667,8,7,2
556063.437,5262684.957,1289026.805,191165.3861,54.4992722,71667.4,9,10,3619.024902,1749.293091,8,26.72578241,9.952380952,8.666666667,8,7,2
556313.437,5262684.957,1289846.984,191142.3637,51.31174089,72903.96154,9,10,3619.024902,186.3640289,8,29.07773109,9.943181818,8,7,7,2.5
554813.437,5262434.957,1284902.88,190460.3223,42.04352806,74512.7551,9,10,1706.005219,1109.644531,8.955696203,25.46620848,9.962025316,9.5,9.25,7,3
555063.437,5262434.957,1285723.061,190437.2985,38.37772675,74028.40816,9,10,2166.229232,1355.059387,8.679245283,29.86107922,9.842767296,9.5,9.25,7,3
555313.437,5262434.957,1286543.242,190414.275,42.86842105,72115.4898,9,10,2609.437021,1109.644531,8.373417722,29.65102975,9.734177215,9,8.5,7,2.75
555563.437,5262434.957,1287363.422,190391.2518,46.85057471,73595.63636,9,10,3066.473599,1453.839478,8.099378882,31.31954023,9.639751553,8.666666667,8,7,2
555813.437,5262434.957,1288183.603,190368.229,52.2,74316.7,9,10,3278.980819,1453.839478,8,29.25747126,9.656050955,8.666666667,8,7,2
556063.437,5262434.957,1289003.783,190345.2065,53.11323004,76150.25,9,10,3305.23578,1453.839478,8,28.21644498,9.701298701,8.666666667,8,7,2
556313.437,5262434.957,1289823.962,190322.1844,52.16047548,79420.125,9,10,3244.869814,1590.214478,8,27.80792683,9.650793651,8,7,7,2.5
556563.437,5262434.957,1290644.142,190299.1626,49.2,84151.51852,9,10,3106.640295,1590.214478,8,27.44325482,9.561797753,8.333333333,7,7,2.666666667
555063.437,5262184.957,1285700.038,189617.1174,34.83926521,76900.36735,9,10,1872.666451,1109.644531,8.704402516,32.26865672,9.72327044,9.5,9.25,7,3
555313.437,5262184.957,1286520.219,189594.0942,37.10932106,76783.08163,9,10,2343.303495,1109.644531,8.392405063,32.50172612,9.544303797,9.2,8.8,7,2.8
555563.437,5262184.957,1287340.4,189571.0713,41.9804822,76736.02083,9,10,2740.344789,1453.839478,8.101265823,32.60160735,9.379746835,8.666666667,8,7,2
555813.437,5262184.957,1288160.58,189548.0487,48.57749713,77720.35556,9,10,2901.762757,1453.839478,8,31.33295063,9.360759494,8.666666667,8,7,2
556063.437,5262184.957,1288980.76,189525.0265,54.82608696,80082.2439,9,10,3008.390841,1453.839478,8,26.78604119,9.407643312,8.666666667,8,7,2
556313.437,5262184.957,1289800.94,189502.0047,53.37931034,82791.43243,9,10,2905.846659,1522.026978,8,26.74937656,9.391891892,8.333333333,7,7,2.666666667
556563.437,5262184.957,1290621.12,189478.9832,49.41715976,87815.39394,9,10,2770.632089,1590.214478,8,27.92586989,9.290322581,8.333333333,7,7,2.666666667
556813.437,5262184.957,1291441.3,189455.962,44.56818182,89714.68966,9,10,2618.002589,1590.214478,7.927835052,29.60546875,9.18556701,8.333333333,7,7,2.666666667
556063.437,5261934.957,1288957.738,188704.8462,55.55504587,81798.86667,9,10,2598.892653,1453.839478,8,25.13646789,9.10625,8.666666667,8,7,2
556313.437,5261934.957,1289777.919,188681.8246,56.35057471,84463.40476,9,10,2611.80572,1522.026978,8,27.04252874,9.132911392,8.333333333,7,7,2.666666667
556563.437,5261934.957,1290598.099,188658.8034,49.56574186,87435.20513,9,10,2548.588623,1590.214478,7.967320261,30.08780488,9.111111111,8.333333333,7,7,2.666666667
545813.437,5280434.957,1257035.39,250342.2651,58.73112128,101471.8542,9.215189873,5.784810127,3498.432697,2865.070801,7.82278481,22.62242563,9.784810127,10,2.75,6,2.5
546063.437,5280434.957,1257855.558,250319.2129,60.23765786,100677.2449,9.234177215,5.765822785,3907.508685,2865.070801,7.981012658,21.77267509,9.765822785,10,2.8,6,2.2
546313.437,5280434.957,1258675.726,250296.161,60.59357061,100337.9388,9.225,5.775,4359.629831,2865.070801,8.225,21.07118255,9.775,10,3,6,1.857142857
546563.437,5280434.957,1259495.894,250273.1094,61.30549199,99203.87755,9.234177215,5.765822785,4858.585156,2823.777832,8.436708861,20.98741419,9.765822785,10,3.2,6,1
545563.437,5280184.957,1256192.169,249545.1488,58.81443299,91345.45652,9,6,3478.443998,1435.322632,8,23.70561283,10,9.75,2.5,6,1.5
545813.437,5280184.957,1257012.337,249522.0966,60.66474654,92677.65217,9,6,3607.132923,2865.070801,8.03164557,20.89861751,10,9.75,2.5,6,1.5
546063.437,5280184.957,1257832.506,249499.0447,62.22997712,93163.26087,8.900621118,6,4141.693699,2865.070801,8.310559006,19.03432494,10,9.8,2.6,6,1.4
546313.437,5280184.957,1258652.674,249475.993,64.15040184,93044.8125,8.71875,5.98125,4593.269688,2865.070801,8.6375,16.97474168,9.98125,9.8,2.6,6,1.4
545563.437,5279934.957,1256169.116,248724.9798,60.2816092,86467.97561,9,6,3489.138916,1435.322632,8,23.22068966,10,9.75,2.5,6,1.5
545813.437,5279934.957,1256989.285,248701.9279,62.97594502,85330.23256,8.899371069,6,3567.575818,2865.070801,8.075471698,19.76632302,10,9.75,2.5,6,1.5
546063.437,5279934.957,1257809.454,248678.8762,66.0516055,85990.39535,8.527950311,6,3945.562012,2865.070801,8.397515528,16.00229358,10,9.8,2.6,6,1.4
545563.437,5279684.957,1256146.065,247904.8106,64.28883774,90351.775,9,6,3489.138916,2583.271729,8,20.28423475,10,9.666666667,2.333333333,6,1.666666667
545813.437,5279684.957,1256966.234,247881.7589,68.60606061,87942,8.74522293,6,3534.284544,4355.131836,8.127388535,16.24358974,10,9.75,2.5,6,1.5
546063.437,5279684.957,1257786.403,247858.7074,72.40282686,86303.87805,8.04516129,6,3791.820505,3610.101318,8.55483871,11.29681979,10,9.8,2.6,6,1.4
546063.437,5279434.957,1257763.351,247038.5384,77.6964539,88758,7.53125,6,3625.637698,4355.131836,8.7421875,8.258156028,10,9.833333333,2.5,6.166666667,1.833333333
545813.437,5278934.957,1256897.08,245421.2504,66.315,107312.4211,7.342105263,6,2717.913111,705.8393555,8.973684211,21.085,10,9.75,2.5,6.25,1.75
546063.437,5278684.957,1257694.199,244578.0298,74.9122807,108719.8571,6.478723404,6,3027.904281,705.8393555,9.031914894,13.29434698,10,10,2.666666667,6.333333333,2
546313.437,5278434.957,1258491.319,243734.8096,78.20373514,106731,6.018518519,6,3138.62881,705.8393555,9.009259259,10.0475382,10,10,3,6.5,1
553313.437,5289934.957,1282516.219,280816.7613,18.88646288,142978,9,4,1495.969614,710.3823242,3,62.75336323,3,9,7.666666667,6,2
553313.437,5289684.957,1282493.165,279996.6089,18.88646288,143648.2286,9,4,1495.969614,710.3823242,3,62.75336323,3,9,7.666666667,6,2
553563.437,5289934.957,1283336.372,280793.7069,20.77292576,143606.9231,8.925925926,4,1455.154807,710.3823242,3,60.37443946,3,9,7.666666667,6,2
553563.437,5289684.957,1283313.317,279973.5547,20.77292576,144339.4118,8.925925926,4,1455.154807,710.3823242,3,60.37443946,3,9,7.666666667,6,2
553813.437,5289934.957,1284156.524,280770.6526,20.95394737,144545.28,8.564102564,4,1388.039963,418.7081299,3,58.44369369,3,9,7.666666667,6,2
553813.437,5289684.957,1284133.47,279950.5007,20.95394737,144834.3226,8.564102564,4,1388.039963,418.7081299,3,58.44369369,3,9,7.666666667,6,2
554063.437,5289684.957,1284953.622,279927.4469,21.10835214,146409.36,8.025641026,4,1357.487652,418.7081299,3,59.0744186,3,9,7.666666667,6,2
553563.437,5289434.957,1283290.263,279153.4023,23.47916667,143038.8974,8.968253968,4,1307.254776,710.3823242,3,56,3,9,7.666666667,6,2
553813.437,5289434.957,1284110.416,279130.3485,23.56388889,144576.9697,8.658914729,4,1309.84049,418.7081299,3,55.5528914,3,9,7.666666667,6,2
554063.437,5289434.957,1284930.568,279107.295,26.84106892,146223.6429,8.178294574,4,1308.849171,418.7081299,3,53.42571429,3,9,7.5,6,2.5
554313.437,5289684.957,1285773.773,279904.3933,27.35755814,146842.7,7.682539683,4,1308.775901,418.7081299,3,52.73402675,3,9,7.5,6,2.5
554313.437,5289434.957,1285750.72,279084.2417,27.35755814,146645.7273,7.682539683,4,1308.775901,418.7081299,3,52.73402675,3,9,7.5,6,2.5
554563.437,5289684.957,1286593.925,279881.34,27.8112,150126.6667,7.14159292,4,1325.278516,720.0956726,3,50.92763158,3,9,7,6,3
554563.437,5289434.957,1286570.871,279061.1886,27.8112,149786,7.14159292,4,1325.278516,720.0956726,3,50.92763158,3,9,7.5,6,2.5
554813.437,5289684.957,1287414.076,279858.2868,26.98648649,152034.4,7,4,1328.988037,1021.483215,3,48.81690141,3,8.5,7,6,4
553563.437,5289184.957,1283267.21,278333.2496,21.07420091,141641.2195,9,4,1236.25,710.3823242,3,55.49086758,3,9,7.5,6,2.5
553813.437,5289184.957,1284087.362,278310.1962,27.19632606,144183.2857,8.8375,4,1247.988992,634.4212799,3,51.37313433,3,9.333333333,7.333333333,6,2
554063.437,5289184.957,1284907.515,278287.1429,31.90241102,144363.2759,8.358490566,4,1266.771379,583.3448792,3,48.26980482,3,9.333333333,7.333333333,6,2
554313.437,5289184.957,1285727.667,278264.0899,34.06674338,148392.3636,7.918238994,4,1287.901565,583.3448792,3,44.43418014,3,9,7.5,6,2.5
553813.437,5288934.957,1284064.309,277490.0436,33.84137931,141975.9706,9,4,1237.438949,747.9816284,3,44.42413793,3,9.333333333,7.333333333,6,2
554063.437,5288934.957,1284884.462,277466.9906,39.04482759,143216.8148,8.720496894,4,1251.319931,747.9816284,3,41.09885057,3,9.333333333,7.333333333,6,2
554313.437,5288934.957,1285704.614,277443.9379,39.40049751,145684.619,8.321917808,4,1270.853745,747.9816284,3,36.50501253,3,9.333333333,7.333333333,6,2
554063.437,5288684.957,1284861.409,276646.8381,43.29975124,137645.5,8.875862069,4,1306.493,747.9816284,3,33.4141791,3,9.333333333,7.333333333,6,2
553313.437,5285684.957,1282124.33,266874.1403,61.16132723,66693.29545,5.41509434,4,4016.863394,1742.184082,3,23.79176201,4,9.6,6.4,5.6,2.4
553563.437,5285684.957,1282944.486,266851.0903,51.81149425,68141.07895,5,4,4306.089844,1742.184082,3,31.01494253,4,9.333333333,5.666666667,5.333333333,3.333333333
553813.437,5285684.957,1283764.641,266828.0405,39.69138756,69937.67742,5,4,4306.089844,1742.184082,3,38.37090909,4,9.333333333,5.666666667,5.333333333,3.333333333
553313.437,5285434.957,1282101.28,266053.9842,65.11798396,73417.15556,5.811320755,4,3970.662922,1742.184082,3,22.15463918,4.06918239,9.5,6.25,5.5,2.75
553563.437,5285434.957,1282921.436,266030.9344,54.02752294,75618.89744,5.472049689,4,4215.808099,1742.184082,3,29.23623853,4.024844721,9.5,6.25,5.5,2.75
553813.437,5285434.957,1283741.592,266007.8849,41.42206235,78155.8125,5.582781457,4,4177.125622,1071.604324,3,36.937046,4,9.333333333,5.666666667,5.333333333,3.333333333
553313.437,5285184.957,1282078.23,265233.8278,67.79448909,81362.65217,6.6875,4,3874.959714,1742.184082,3,19.15269805,4.24375,9.5,6.25,5.5,2.75
553563.437,5285184.957,1282898.386,265210.7783,56.1,83712,6.556962025,4,3862.035354,1742.184082,3,28.44137931,4.113924051,9.5,6.25,5.5,2.75
553813.437,5285184.957,1283718.542,265187.729,42.71394799,86689.75758,6.690322581,4,3632.12625,1742.184082,3,37.54415274,4.012903226,9.333333333,5.666666667,5.333333333,3.333333333
554063.437,5285184.957,1284538.698,265164.68,37.55212922,93585.12,6.93442623,4,3506.467326,401.0245667,3,38.32730015,4,9.333333333,5.666666667,5.333333333,3.333333333
553313.437,5284934.957,1282055.18,264413.6711,62.68390805,89408.02128,7.550632911,4,3747.836803,1611.976624,3,23.67356322,4.430379747,9.6,6.2,5.6,2.4
553563.437,5284934.957,1282875.337,264390.6219,52.62686567,91912.39024,7.727848101,4,3453.927309,1611.976624,3,31.50401837,4.208860759,9.5,6.25,5.5,2.75
553813.437,5284934.957,1283695.493,264367.5729,42.97247706,95771.6,7.905660377,4,3155.03071,1170.458931,3,38.29472477,4.037735849,9.333333333,5.666666667,5.333333333,3.333333333
554063.437,5284934.957,1284515.65,264344.5242,38.88829071,102036.5926,8.051851852,4,2978.416652,1056.85791,3,37.79916898,4,9.333333333,5.666666667,5.333333333,3.333333333
553563.437,5284684.957,1282852.288,263570.4653,48.07701149,100676.8605,8.590062112,4.031055901,3145.312778,1481.769165,3.031055901,36.1045977,4.316770186,9.5,6,5.5,2.5
553813.437,5284684.957,1283672.445,263547.4166,42.68993135,104209.973,8.848101266,4,2616.977425,1481.769165,3,39.12929062,4.050632911,9,5,5,4
554063.437,5284684.957,1284492.601,263524.3681,40.04785276,110407.4828,8.890410959,4,2562.589703,1056.85791,3,37.40875,4,9,5,5,4
553563.437,5284434.957,1282829.239,262750.3085,43.49197248,110831.7111,8.805031447,4.150943396,2849.911431,1481.769165,3.150943396,38.57568807,4.34591195,9.5,6,5.5,2.5
553813.437,5284434.957,1283649.396,262727.26,42.28045977,114286.0769,8.962264151,4.031446541,2551.852442,1481.769165,3.031446541,40.47931034,4.06918239,9,5,5,4
554063.437,5284434.957,1284469.553,262704.2118,40.85781434,118786.7742,9,4,2414.634637,1056.85791,3,37.88782816,4,9,5,5,4
553563.437,5284184.957,1282806.191,261930.1514,43.860252,115719.0217,8.905660377,4.270440252,2667.177237,1385.472229,3.270440252,36.92325315,4.364779874,9.4,5.6,5.4,2.6
553813.437,5284184.957,1283626.348,261907.1032,43.49253731,119541.975,8.981132075,4.075471698,2517.257874,1315.140106,3.075471698,38.90700344,4.094339623,9,4.666666667,5,3.666666667
554063.437,5284184.957,1284446.505,261884.0552,42.46383467,122026.2424,9,4,2432.148723,1056.85791,3,38.17939815,4,9,4.666666667,5,3.666666667
554313.437,5284184.957,1285266.661,261861.0075,42.3352518,122415.8,9,4,2388.223476,1244.807983,3,36.4005891,4,9,4.666666667,5,3.666666667
553563.437,5283934.957,1282783.143,261109.9941,46.85977011,119881.3404,8.955974843,4.377358491,2466.556369,1289.175293,3.34591195,31.62183908,4.389937107,9.25,5,5.25,3
553813.437,5283934.957,1283603.3,261086.9462,43.90355913,122633.6829,8.962264151,4.113207547,2447.590644,1289.175293,3.075471698,36.91044776,4.113207547,9,4.666666667,5,3.666666667
554063.437,5283934.957,1284423.457,261063.8985,43.99539701,125354.1765,8.961783439,4.038216561,2442.924934,1432.758057,3,36.87226697,4.038216561,9,4.666666667,5,3.666666667
554313.437,5283934.957,1285243.614,261040.851,43.14498645,125542.3846,8.963235294,4.036764706,2410.762817,1432.758057,3,36.83034483,4.036764706,9,4.666666667,5,3.666666667
553813.437,5283684.957,1283580.252,260266.7889,43.68771527,125694.6905,8.721518987,4.335443038,2405.581531,1289.175293,3.056962025,36.68427095,4.335443038,9,4.666666667,5,3.666666667
554063.437,5283684.957,1284400.41,260243.7414,44.1559633,128485.2222,8.72327044,4.27672956,2400.905117,1432.758057,3,36.39334862,4.27672956,9,4.666666667,5,3.666666667
554313.437,5283684.957,1285220.567,260220.6942,44.25542784,130001.6786,8.777777778,4.222222222,2376.099176,1432.758057,3,35.23735409,4.222222222,9,4.666666667,5,3.666666667
553813.437,5283434.957,1283557.205,259446.6314,44.78185993,128889.5909,8.447204969,4.621118012,2337.058499,1289.175293,3.068322981,37.1836969,4.621118012,9,4.666666667,5,3.666666667
554063.437,5283434.957,1284377.362,259423.5842,45.32760596,131945.5789,8.455696203,4.544303797,2347.953375,1432.758057,3,36.93241695,4.544303797,9,4.666666667,5,3.666666667
554313.437,5283434.957,1285197.52,259400.5372,45.14009662,133234.7333,8.604026846,4.395973154,2332.612653,1432.758057,3,35.18514007,4.395973154,9,4.666666667,5,3.666666667
553813.437,5283184.957,1283534.158,258626.4736,46.16743119,132519.9111,8.183544304,4.892405063,2312.051263,1615.957397,3.075949367,37.52178899,4.917721519,9,4,5,5
554063.437,5283184.957,1284354.315,258603.4267,46.30998852,135645.2821,8.191082803,4.808917197,2276.033875,1131.779663,3,37.58438576,4.808917197,9,4,5,5
554313.437,5283184.957,1285174.473,258580.38,45.62427746,136206.2424,8.43125,4.56875,2286.191581,1131.779663,3,37.28837209,4.56875,9,4,5,5
554563.437,5283184.957,1285994.63,258557.3336,43.05082212,136505.68,8.617886179,4.382113821,2293.0003,1131.779663,3,37.82800609,4.382113821,9,4,5,5
553813.437,5282934.957,1283511.111,257806.3156,48.11327231,136156.5652,8.08125,5,2338.17173,1615.957397,3.08125,36.66132723,5.06875,9,4,5,5
554063.437,5282934.957,1284331.269,257783.2689,45.94367816,138153.7073,8.088050314,4.911949686,2232.852162,1131.779663,3,39.36896552,4.911949686,9,4,5,5
554313.437,5282934.957,1285151.427,257760.2225,42.85910653,138622.8857,8.314465409,4.685534591,2257.355212,1131.779663,3,40.85223368,4.685534591,9,4,5,5
554563.437,5282934.957,1285971.584,257737.1764,39.61772853,138450.6667,8.556390977,4.443609023,2277.639669,1131.779663,3,38.8979021,4.443609023,9,4,5,5
553813.437,5282684.957,1283488.064,256986.1574,45.21928817,137924.8298,8.088607595,5,2369.13145,1615.957397,3.088607595,39.54994259,5.088607595,9,4,5,5
554063.437,5282684.957,1284308.222,256963.111,40.97474168,139620.7907,8.056962025,4.943037975,2230.49143,1131.779663,3,42.87256028,4.943037975,9,4,5,5
554313.437,5282684.957,1285128.38,256940.0648,38.97583429,139327.0811,8.246835443,4.753164557,2250.015556,1131.779663,3,43.02531646,4.753164557,9,4,5,5
554563.437,5282684.957,1285948.538,256917.0189,36.85,139253.8667,8.405797101,4.594202899,2264.303186,1131.779663,3,40.74005305,4.594202899,9,4,5,5
554063.437,5282434.957,1284285.176,256142.9528,37.99655568,140360.8667,8.031446541,4.993710692,2227.083124,1131.779663,3.012578616,44.63605052,5.018867925,9.333333333,4.333333333,5.333333333,3.666666667
554313.437,5282434.957,1285105.334,256119.9069,36.68922018,140094.85,8.155279503,4.869565217,2238.444145,1131.779663,3.01242236,44.84059633,4.894409938,9.333333333,4.333333333,5.333333333,3.666666667
554563.437,5282434.957,1285925.492,256096.8612,37.37046308,140051.0909,8.229166667,4.770833333,2249.661153,1131.779663,3,39.80527638,4.770833333,9,4,5,5
554813.437,5282434.957,1286745.65,256073.8158,38.73,137977.4815,8.287037037,4.712962963,2254.882847,753.9440765,3,35.68341709,4.712962963,8.666666667,4,5,6.666666667
550563.437,5279184.957,1272503.312,245803.4949,61.7456847,90137.18367,9.761006289,6,3584.776973,3045.346191,6.232704403,27.0310702,10,10,9.6,6,3.8
550813.437,5279184.957,1273323.478,245780.4488,63.57110092,77365.16327,9.534591195,6,4675.058279,2426.584473,6.119496855,25.06422018,10,10,9.714285714,6,3
551063.437,5279184.957,1274143.642,245757.4029,66.17983963,63683.34694,9.298136646,6,5601.486668,2426.584473,5.99378882,22.08018328,10,10,10,6,1.833333333
550563.437,5278934.957,1272480.266,244983.3295,64.13386728,86004.375,9.559748428,6,4353.226965,2687.408691,6.440251572,24.9805492,10,10,9.6,6,3.8
550813.437,5278934.957,1273300.432,244960.2837,64.98387097,72244.6875,9.132075472,6,5470.127312,4467.040527,6.238993711,23.11866359,10,10,9.833333333,6,2.333333333
551063.437,5278934.957,1274120.597,244937.2381,68.66091954,57350.41667,8.765822785,6,6179.895405,4467.040527,6.025316456,19.8137931,10,10,10,6,1.833333333
550563.437,5278684.957,1272457.22,244163.164,63.90668203,82214.37778,9.371069182,6,5066.621375,2687.408691,6.610062893,24.91474654,10,10,9.666666667,6,3.666666667
550813.437,5278684.957,1273277.386,244140.1183,66.24197248,67398.71739,8.807453416,6,5943.123198,3577.224609,6.341614907,22.95986239,10,10,9.8,6,2.6
550313.437,5279684.957,1271729.241,247466.8716,60.95947557,105815.383,9.708609272,5.854304636,2235.093208,3045.346191,6,26.88081049,9.854304636,10,9.6,6,4
550563.437,5279684.957,1272549.405,247443.8247,62.80641466,93962.04082,9.525,5.7625,3368.974522,3045.346191,6,26.82359679,9.7625,10,9.6,6,4
550813.437,5279684.957,1273369.57,247420.7781,63.6908046,81492.30612,9.481012658,5.740506329,4328.263866,2426.584473,6,25.53333333,9.740506329,10,9.8,6,3.4
551063.437,5279684.957,1274189.734,247397.7318,65.81557847,71778.97959,9.41509434,5.716981132,5125.348551,2426.584473,5.981132075,23.98281787,9.716981132,10,10,6,2
551313.437,5279684.957,1275009.898,247374.6857,66.53218391,65201.22449,9.298136646,5.776397516,5831.906848,2426.584473,5.745341615,21.98965517,9.776397516,10,10,6,2
550063.437,5279434.957,1270886.028,246669.7534,58.8863109,113959.4583,9.937106918,6,1642.343726,3045.346191,6.062893082,25.41299304,10,10,9,6.2,5
550313.437,5279434.957,1271706.194,246646.7065,62.93241695,105124.0816,9.987421384,5.993710692,2017.037106,3045.346191,6.06918239,27.01832761,9.993710692,10,9.5,6,4.5
550563.437,5279434.957,1272526.359,246623.6599,62.70034443,92203.28571,9.974842767,6,2983.26764,3045.346191,6.062893082,26.61653272,10,10,9.5,6,4.5
550813.437,5279434.957,1273346.524,246600.6136,64.59357061,80606.53061,9.835443038,5.981012658,4044.854551,2426.584473,6.018987342,24.51664753,9.981012658,10,9.666666667,6,3.333333333
551063.437,5279434.957,1274166.688,246577.5675,66.4045977,69009.77551,9.720496894,5.956521739,5093.743149,2426.584473,5.98136646,22.77126437,9.956521739,10,10,6,2.25
551313.437,5279434.957,1274986.852,246554.5217,67.12973594,57838,9.48447205,5.962732919,5902.686718,2426.584473,5.732919255,20.29161883,9.962732919,10,9.666666667,6,1.833333333
551563.437,5279434.957,1275807.017,246531.4761,68.5837156,54322.57143,9.273291925,5.98757764,6580.738991,3190.056641,5.422360248,17.46559633,9.98757764,10,9.666666667,6,1.833333333
550063.437,5279184.957,1270862.982,245849.5878,61.4489093,109743.4898,9.677018634,6,2668.716919,3045.346191,6.329192547,24.94489093,10,10,9,6.2,5
550313.437,5279184.957,1271683.147,245826.5412,62.9804822,102614.6939,9.863354037,6,2703.088397,3045.346191,6.316770186,26.72904707,10,10,9,6.2,5
550063.437,5278934.957,1270839.935,245029.422,66.29276693,105959.7551,9.35,6,3703.621826,2687.408691,6.64375,22.23076923,10,10,8.75,6.25,6
550313.437,5278934.957,1271660.101,245006.3756,65.75691244,98161.55102,9.592592593,6,3748.699149,2687.408691,6.617283951,24.16013825,10,10,9,6.2,5
550063.437,5278684.957,1270816.889,244209.256,67.6002291,101151.2083,9.06918239,6,4738.526733,2687.408691,6.911949686,20.63115693,10,10,8.5,6.5,4.5
550313.437,5278684.957,1271637.055,244186.2098,65.45235362,93539.02174,9.496855346,6,4574.908815,2687.408691,6.867924528,22.92996556,10,10,8.666666667,6.333333333,5.666666667
550063.437,5278434.957,1270793.842,243389.0896,69.26436782,98323.46667,8.955974843,6,4789.092361,2687.408691,7,20.32643678,10,10,8.5,6.5,4.5
554313.437,5264934.957,1283492.778,198708.1705,62.03099885,65959.30612,6.937888199,9,4787.587804,2337.942139,9.51552795,13.01722158,10,9.2,8.6,7,3.8
554563.437,5264934.957,1284312.956,198685.1434,62.93127148,70277.70833,8.119496855,9,4624.464146,2300.976929,9.220125786,12.33791523,10,9,8.25,7,3.5
554813.437,5264934.957,1285133.134,198662.1165,60.79037801,75153.84091,8.925,9,4470.660619,2336.202026,9.01875,15.45933562,10,8.666666667,7.666666667,7,3.666666667
555063.437,5264934.957,1285953.311,198639.09,57.96662831,77743.79487,9,9,4420.270898,2638.604004,9,21.69735328,10,8.666666667,7.666666667,7,3.666666667
555313.437,5264934.957,1286773.489,198616.0639,53.62485482,82299.9375,9,9,4373.707802,1757.466202,9,25.45571096,10,8.666666667,7.666666667,7,3.666666667
554063.437,5264684.957,1282649.572,197911.0193,59.4075775,63357.36735,5.816455696,9.044303797,4664.397599,2337.942139,9.848101266,15.86911596,10,9.5,9,7,3.75
554313.437,5264684.957,1283469.75,197887.9921,59.85223368,65607.06122,6.569620253,9.025316456,4691.102623,2337.942139,9.607594937,13.36426117,10,9.2,8.6,7,3.8
554563.437,5264684.957,1284289.929,197864.9652,61.39494834,67782.27083,7.79245283,9.031446541,4572.197915,2488.273071,9.289308176,13.29621125,10,9.2,8.6,7,3.8
554813.437,5264684.957,1285110.107,197841.9386,59.4695752,70946.48889,8.721518987,9.037974684,4455.152619,2638.604004,9.03164557,14.76578645,10,8.666666667,7.666666667,7,3.666666667
555063.437,5264684.957,1285930.285,197818.9124,57.35476464,71663.94872,9,9.037974684,4366.740401,2638.604004,8.962025316,20.57979334,10,8.666666667,7.666666667,7,3.666666667
555313.437,5264684.957,1286750.463,197795.8865,53.40583232,74427.25,9,9.046357616,4323.427407,1696.671783,8.953642384,24.89255189,10,8.5,7.5,7,3.5
554063.437,5264434.957,1282626.544,197090.8403,56.61882893,64499.71429,6.490566038,9.314465409,3849.258644,2337.942139,9.660377358,17.67738232,10,9.5,9,7,3.75
554313.437,5264434.957,1283446.724,197067.8133,55.28293242,65548.16327,7.062893082,9.270440252,4046.48927,2337.942139,9.452830189,14.66666667,10,9.2,8.6,7,3.8
554563.437,5264434.957,1284266.902,197044.7867,56.13073395,67731.27083,7.906832298,9.279503106,4116.791739,2488.273071,9.149068323,15.53784404,10,9.2,8.6,7,3.8
554813.437,5264434.957,1285087.081,197021.7604,57.66933638,66976.66667,8.62962963,9.290123457,4173.708588,2638.604004,8.858024691,15.63157895,10,9,8.25,7,4
555063.437,5264434.957,1285907.259,196998.7344,56.71346375,68798.6,9,9.303797468,4167.483627,2638.604004,8.696202532,20.20598389,10,8.666666667,7.666666667,7,3.666666667
555313.437,5264434.957,1286727.437,196975.7088,53.23199023,68599.0303,9,9.32,4109.79539,1696.671783,8.68,23.54500617,10,8.5,7.5,7,3.5
554063.437,5264184.957,1282603.517,196270.6609,51.96674312,66975.20408,7.559748428,9.635220126,2903.050024,1926.069763,9.364779874,19.3016055,10,9.5,9,7,3.75
554313.437,5264184.957,1283423.697,196247.6342,53.89347079,66699.44898,7.767295597,9.591194969,3167.161415,1926.069763,9.220125786,16.50630011,10,9.5,9,7,3.75
554563.437,5264184.957,1284243.876,196224.6078,54.33409874,66413.40816,8.295597484,9.591194969,3404.017847,2166.417206,8.924528302,15.489093,10,9.2,8.6,7,3.8
554813.437,5264184.957,1285064.055,196201.5818,58.09059633,65267.26087,8.775,9.6,3720.972174,2406.764648,8.6125,16.01720183,10,9,8.25,7,4
555063.437,5264184.957,1285884.233,196178.5561,56.91733639,65108.69231,9,9.602484472,3911.096272,2406.764648,8.409937888,19.51320321,10,8.666666667,7.666666667,7,3.666666667
555313.437,5264184.957,1286704.412,196155.5307,53.6778043,63632.84375,9,9.61589404,3895.294639,1622.787537,8.38410596,21.89022919,10,8.5,7.5,7,3.5
555563.437,5264184.957,1287524.59,196132.5057,50.71428571,63390.64,9,9.666666667,3847.977222,838.8104248,8.333333333,24.79310345,10,8.5,7.5,7,3.5
554063.437,5263934.957,1282580.491,195450.4812,48.17795637,68511.04082,8.522012579,9.880503145,2028.273056,1514.197388,9.119496855,21.72215844,10,9.5,9,7,4
554313.437,5263934.957,1283400.67,195427.4548,52.96206897,67574.59184,8.552795031,9.869565217,2388.837329,1514.197388,8.98136646,17.47126437,10,9.5,9,7,4
554063.437,5263684.957,1282557.464,194630.3012,43.07249712,71827.02041,9,10,1640.13501,1514.197388,9,27.25086306,10,9.5,9,7,4
554063.437,5263434.957,1282534.438,193810.1208,41.26865672,74362.40816,9,10,1640.13501,1514.197388,9,31.19173364,10,9.5,9,7,4
560063.437,5261684.957,1302057.575,187516.3663,52.02713178,58604.625,6,10,1637.103379,258.9623108,7.111111111,11.024,9.111111111,9.25,10,5.75,4
559813.437,5261434.957,1301214.382,186719.2056,52.02713178,57953.92857,6,10,1637.103379,258.9623108,7.111111111,11.024,9.111111111,9.333333333,10,5.666666667,4.666666667
560063.437,5261434.957,1302034.559,186696.1898,52.02713178,60122.91667,6,10,1637.103379,258.9623108,7.111111111,11.024,9.111111111,9.25,10,5.75,4
559563.437,5261184.957,1300371.189,185922.0443,62.65163934,54445.82609,6,10,1393.059001,258.9623108,7.395348837,6.382045929,9.395348837,9.333333333,10,5.666666667,4.666666667
559813.437,5261184.957,1301191.366,185899.0285,62.65163934,56447.05263,6,10,1393.059001,258.9623108,7.395348837,6.382045929,9.395348837,9.333333333,10,5.666666667,4.666666667
560063.437,5261184.957,1302011.543,185876.0129,62.65163934,60882.0625,6,10,1393.059001,258.9623108,7.395348837,6.382045929,9.395348837,9.25,10,5.75,4
559813.437,5260934.957,1301168.351,185078.8509,69.93004769,55142.92,6,10,1257.583688,725.1123047,7.756521739,1.348314607,9.756521739,9.333333333,10,5.666666667,4.666666667
560063.437,5260934.957,1301988.528,185055.8357,69.95307918,57693.65,6,10,1433.143948,492.0373077,7.306451613,3.394074074,9.306451613,9.333333333,10,5.666666667,4.666666667
555313.437,5261934.957,1286497.196,188773.9131,36.27147766,79284.71429,9,10,2007.640583,1109.644531,8.378881988,32.59335624,9.391304348,9.5,9.25,7,2.75
555563.437,5261934.957,1287317.377,188750.8905,40.22899885,78673.73469,9,10,2412.348332,1453.839478,8.096153846,32.72497123,9.16025641,9,8.5,7,1.5
555813.437,5261934.957,1288137.558,188727.8682,45.78923253,79331.97872,9,10,2592.023076,1453.839478,8,30.02749141,9.094339623,9,8.5,7,1.5
556813.437,5261934.957,1291418.279,188635.7825,45.25775978,91144.11429,9,10,2410.282668,1590.214478,7.830882353,32.36625514,9.066176471,8.5,7,7,2.5
557063.437,5262184.957,1292261.479,189432.9412,44.03363914,93083.32,9,10,2267.013867,1590.214478,7.647058824,32.48673947,9,9,8,6.666666667,3
557063.437,5261934.957,1292238.458,188612.762,44.03363914,94355.59375,9,10,2267.013867,1590.214478,7.647058824,32.48673947,9,9,8,6.666666667,3
557313.437,5262184.957,1293081.658,189409.9207,48.40391459,96915.47619,9,10,2166.203206,231.2107239,7.42,27.88686131,9,9,8,6.666666667,3
557313.437,5261934.957,1293058.637,188589.7418,48.40391459,97411.46429,9,10,2166.203206,231.2107239,7.42,27.88686131,9,9,8,6.666666667,3
557563.437,5261934.957,1293878.816,188566.7219,50.92290749,96353.36,8.892857143,10,2085.718784,231.2107239,7.333333333,25.48974943,9.035714286,9,8,6.666666667,3
555313.437,5261684.957,1286474.173,187953.7316,38.10652921,79225.42857,9,10,1799.983466,1109.644531,8.378881988,32.11111111,9.378881988,9.333333333,9,7,2
555563.437,5261684.957,1287294.355,187930.7093,40.90689655,80267.71429,9,10,2281.943295,1182.454651,8.093167702,29.84942529,9.093167702,9,8.666666667,7,2.666666667
555813.437,5261684.957,1288114.536,187907.6872,46.43793103,80732.30612,9,10,2413.414063,1421.550659,8,27.33793103,9,9,8.666666667,7,2.666666667
556063.437,5261684.957,1288934.717,187884.6656,55.8862069,82447.77083,9,10,2413.414063,1421.550659,8,23.51264368,9,9,8.666666667,7,2.666666667
556313.437,5261684.957,1289754.898,187861.6443,56.83830275,84575.78261,9,10,2413.414063,1401.397095,8,23.89678899,9,8.666666667,7.666666667,7,3.333333333
556563.437,5261684.957,1290575.078,187838.6233,49.80571429,87292.13636,9,10,2412.537272,1381.24353,7.905660377,30.312,9.006289308,8.666666667,7.666666667,7,3.333333333
556813.437,5261684.957,1291395.258,187815.6027,45.90929966,89758.16667,9,10,2308.842494,1381.24353,7.729559748,33.9735023,9,8.5,7,7,2.5
557063.437,5261684.957,1292215.438,187792.5824,44.4411415,95845.44737,9,10,2213.290989,1053.233925,7.509677419,34.57125749,9,8.5,7,7,2.5
557313.437,5261684.957,1293035.618,187769.5625,46.69326683,98692.77143,9,10,2122.815179,1219.237915,7.294520548,31.11378003,9,9,8,6.666666667,3
557563.437,5261684.957,1293855.797,187746.5429,53.44109195,96481.1875,8.929133858,10,2027.242896,725.2243195,7.173228346,25.36510264,9.023622047,9,8,6.666666667,3
557813.437,5261684.957,1294675.976,187723.5237,52.63063063,92839.85714,8.818181818,10,1992.564069,1219.237915,7.171717172,24.14285714,9.060606061,9,7.75,6.5,2.5
555313.437,5261434.957,1286451.151,187133.5498,38.54919908,77148.40816,9,10,1645.526726,777.0727539,8.347826087,31.62814645,9.347826087,9.25,9,7,2.75
555563.437,5261434.957,1287271.333,187110.5277,42.63490241,77697,9,10,2196.869954,1389.261841,8.075471698,28.05970149,9.075471698,9,8.666666667,7,2.666666667
555813.437,5261434.957,1288091.514,187087.506,47.09551208,80311.81633,8.993670886,10,2413.414063,1389.261841,8,25.02186421,9,9,8.666666667,7,2.666666667
556063.437,5261434.957,1288911.695,187064.4846,49.744,81346.79592,8.950310559,10,2400.835086,1389.261841,8,24.65371429,9,9,8.666666667,7,2.666666667
556313.437,5261434.957,1289731.877,187041.4635,52.28013777,81224.79592,8.90625,10,2388.574565,1280.767212,8,24.84730195,9,8.666666667,7.666666667,7,3.333333333
556563.437,5261434.957,1290552.057,187018.4428,45.5706085,84823.75,8.93081761,10,2361.752411,1172.272583,7.905660377,32.72101033,9,8.666666667,7.666666667,7,3.333333333
556813.437,5261434.957,1291372.238,186995.4225,42.87614679,88124.38298,8.974842767,10,2267.728985,1172.272583,7.666666667,35.9896789,9,8.666666667,7.666666667,7,3.333333333
557063.437,5261434.957,1292192.418,186972.4025,42.1228473,92604.71111,9,10,2168.919809,1172.272583,7.383647799,37.56716418,9,8.5,7,7,2.5
557313.437,5261434.957,1293012.598,186949.3828,45.96206897,97252.28571,9,10,2069.084656,1219.237915,7.182389937,34.05172414,9,8.5,7,7,2.5
557563.437,5261434.957,1293832.778,186926.3635,54.19884393,96825.23684,8.942307692,10,1991.466452,1219.237915,7.064102564,25.47147846,9.019230769,9,8,6.666666667,3
555313.437,5261184.957,1286428.129,186313.3677,37.66475316,72285.10204,9,10,1605.383733,777.0727539,8.352201258,31.83352468,9.352201258,9.25,9,7,2.75
555563.437,5261184.957,1287248.311,186290.3458,44.21510297,73105.28571,9,10,2196.869954,1389.261841,8.075,25.64759725,9.075,9,8.666666667,7,2.666666667
555813.437,5261184.957,1288068.493,186267.3244,44.38576349,75368.77551,8.924528302,10,2388.574565,1389.261841,8,25.52927669,9,9,8.666666667,7,2.666666667
556063.437,5261184.957,1288888.674,186244.3032,42.77586207,76052.42857,8.79245283,10,2336.960024,1389.261841,8,27.91494253,9,9,8.666666667,7,2.666666667
556313.437,5261184.957,1289708.856,186221.2824,42.05377574,78160.38776,8.691823899,10,2287.624299,1280.767212,8,28.48970252,9,8.666666667,7.666666667,7,3.333333333
556563.437,5261184.957,1290529.037,186198.262,37.47931034,80268.34694,8.725,10,2277.585341,1172.272583,7.91875,36.30114943,9,8.666666667,7.666666667,7,3.333333333
556813.437,5261184.957,1291349.218,186175.2419,37.84827586,85023.4898,8.86163522,10,2251.501966,1172.272583,7.761006289,38.35977011,9,8.666666667,7.666666667,7,3.333333333
557063.437,5261184.957,1292169.398,186152.2222,42.63876147,89342.32653,8.974683544,10,2219.04742,1172.272583,7.537974684,35.65022936,9,8.5,7,7,2.5
557313.437,5261184.957,1292989.579,186129.2029,45.82089552,94795.3913,9,10,2103.721342,1219.237915,7.286624204,32.42479908,9,8.5,7,7,2.5
557563.437,5261184.957,1293809.759,186106.1838,52.97709049,93250.31818,9,10,2033.089668,1219.237915,7.107594937,25.78350515,9,8.5,7,7,2.5
555563.437,5260934.957,1287225.289,185470.1636,43.15517241,68883.89796,9,10,2169.801941,1389.261841,8.081761006,27.32298851,9.081761006,9.25,9,7,2.75
555813.437,5260934.957,1288045.472,185447.1424,43.65592635,70011.77551,8.816455696,10,2345.105444,1389.261841,8,26.08170311,9,9.25,9,7,2.75
556063.437,5260934.957,1288865.654,185424.1215,39.44431688,70695.42857,8.620253165,10,2256.176858,1389.261841,8,28.45120551,9,9.2,8.6,7,2.8
556313.437,5260934.957,1289685.835,185401.101,37.67657143,72100.73469,8.455696203,10,2180.388525,1292.463226,8,31.22057143,9,8.666666667,7.666666667,7,3.333333333
556563.437,5260934.957,1290506.017,185378.0809,34.75315729,74973.97959,8.5125,10,2163.881873,1172.272583,7.93125,35.64753157,9,8.666666667,7.666666667,7,3.333333333
556813.437,5260934.957,1291326.198,185355.0611,33.6139748,80845.73469,8.704402516,10,2194.581409,1231.562256,7.761006289,37.88087056,9,8.666666667,7.666666667,7,3.333333333
557063.437,5260934.957,1292146.379,185332.0416,41.33103448,87131.44898,8.898734177,10,2174.485413,1226.817383,7.537974684,34.43103448,9,8.666666667,7.666666667,7,3.333333333
557313.437,5260934.957,1292966.56,185309.0225,45.9163803,92082.93878,9,10,2129.099226,1219.237915,7.320754717,31.01718213,9,8.666666667,7.666666667,7,3.333333333
557563.437,5260934.957,1293786.74,185286.0038,50.7554535,91071.08333,9,10,2071.122108,1222.07251,7.157232704,27.50631458,9,8.5,7,7,2.5
556313.437,5260684.957,1289662.815,184580.9192,34.43004587,65689.7551,8.2125,10,2062.059007,1304.159241,7.99375,34.38188073,9,9,8.25,7,3.25
556563.437,5260684.957,1290482.997,184557.8993,37.21239954,69679.61224,8.251572327,10,2041.852057,1290.851929,7.93081761,33.49483352,9,8.666666667,7.666666667,7,3.333333333
556813.437,5260684.957,1291303.178,184534.8798,38.28178694,74848.71429,8.4625,10,2093.389471,1290.851929,7.81875,33.7583047,9,8.666666667,7.666666667,7,3.333333333
557063.437,5260684.957,1292123.36,184511.8606,44.23650976,81899.71429,8.6875,10,2126.636205,1290.851929,7.65625,30.48105626,9,8.666666667,7.666666667,7,3.333333333
557313.437,5260684.957,1292943.541,184488.8418,50.01034483,87616.4898,8.879746835,10,2106.88121,1224.907104,7.386075949,26.83333333,9,8.666666667,7.666666667,7,3.333333333
557563.437,5260684.957,1293763.722,184465.8234,50.24395857,87168.44898,8.96835443,10,2063.976337,1224.907104,7.17721519,28.11737629,9,8.666666667,7.666666667,7,3.333333333
556563.437,5260434.957,1290459.977,183737.7175,40.54764638,62917.30612,8.100628931,10,1952.27335,1290.851929,7.937106918,27.81400689,9,8.666666667,7.666666667,7,3.333333333
556813.437,5260434.957,1291280.159,183714.6982,42.57388316,69616.97959,8.273291925,10,2006.652356,1290.851929,7.850931677,28.37915235,9,8.666666667,7.666666667,7,3.333333333
557063.437,5260434.957,1292100.341,183691.6793,47.94374282,76316.65306,8.443037975,10,2049.167716,1290.851929,7.721518987,27.38461538,9,8.666666667,7.666666667,7,3.333333333
553313.437,5287434.957,1282285.687,272615.2272,41.52413793,84432.54054,8,4,2395.948975,1228.11261,3,30.15402299,3,10,7,6,1.333333333
553563.437,5287434.957,1283105.841,272592.1754,44.45316456,81346.86667,8,4,2395.948975,1228.11261,3,29.08684547,3,10,7,6,1.5
552813.437,5287184.957,1280622.325,271841.1764,39.55555556,80375,8.221518987,4,2220.437688,1019.692322,3,30.07331042,3.221518987,9.8,7.6,6,1.8
553063.437,5287184.957,1281442.48,271818.1244,43.77931034,77910.04545,8.01875,4,2395.948975,1112.504639,3,26.86551724,3.01875,9.75,7,6,1.25
553313.437,5287184.957,1282262.635,271795.0726,44.8215103,74288.86842,8,4,2444.926946,1112.504639,3,27.05034325,3,10,7,6,1.333333333
553563.437,5287184.957,1283082.79,271772.021,46.97689345,73195.51613,7.934782609,4,2455.640877,1112.504639,3,26.45442708,3.02173913,10,7,6,1.333333333
552813.437,5286934.957,1280599.273,271021.0211,43.36969001,74072.16667,8,4,2352.465144,1019.692322,3,32.47990815,3.408805031,9.8,7.6,6,1.8
553063.437,5286934.957,1281419.428,270997.9693,50.99655963,71265.44444,7.55345912,4,2685.864111,1112.504639,3,24.02752294,3.238993711,9.75,7,6,1.25
553313.437,5286934.957,1282239.584,270974.9178,53.13563218,68696.38462,7.325,4,2831.934716,1112.504639,3,23.89195402,3.2375,10,7,6,1.333333333
553563.437,5286934.957,1283059.738,270951.8665,50.26572529,66413.84375,7.170212766,4,2909.121148,1112.504639,3,26.16361257,3.276595745,10,7,6,1.333333333
552813.437,5286684.957,1280576.221,270200.8655,51.72362385,67835.7551,7.601265823,4,2613.479181,1019.692322,3,30.6456422,3.620253165,9.75,7,6,1.25
553063.437,5286684.957,1281396.377,270177.814,57.23050459,65366.13043,7.037735849,4,3039.500892,1373.327347,3,25.06766055,3.540880503,9.75,7,6,1.25
553313.437,5286684.957,1282216.532,270154.7627,59.17162471,62761.625,6.527950311,4,3305.90567,1497.810669,3,24.58695652,3.546583851,10,7,6,1.333333333
553563.437,5286684.957,1283036.687,270131.7117,51.64884569,60797,6.236486486,4,3536.727549,1497.810669,3,28.15841584,3.587837838,10,7,6,1.333333333
553813.437,5286684.957,1283856.842,270108.6609,40.09728868,58478.6,6.054054054,4,3598.630263,1056.893646,3,35.67868852,3.648648649,10,7,6,1.5
552563.437,5286434.957,1279733.014,269403.7612,47.3816092,65986.32653,7.936708861,4,2356.814491,1477.995728,3,37.52643678,3.917721519,9.666666667,7,6,1.333333333
552813.437,5286434.957,1280553.17,269380.7097,52.84897025,62731,7.260869565,4,2807.845202,1477.995728,3,31.83295195,3.857142857,9.666666667,7,6,1.333333333
553063.437,5286434.957,1281373.326,269357.6585,58.82433984,60386.12766,6.51875,4,3291.079593,1883.116699,3,25.80711825,3.8375,9.666666667,7,6,1.333333333
553313.437,5286434.957,1282193.481,269334.6075,59.94374282,57723.09756,5.778481013,4,3778.352619,1883.116699,3,24.46498278,3.841772152,10,7,6,1.5
553563.437,5286434.957,1283013.636,269311.5567,49.78020713,55510.55882,5.474683544,4,4008.405552,1883.116699,3,30.58449074,3.841772152,10,7,6,1.5
553813.437,5286434.957,1283833.791,269288.5061,36.05182073,53279.46154,5.357142857,4,4028.81133,1029.08815,3,39.54610951,3.880952381,10,7,6,2
552313.437,5286184.957,1278889.806,268606.6564,46.81786942,65280.46939,8,4,2426.11792,1477.995728,3,36.22680412,4,9.5,7.75,6,1.5
552563.437,5286184.957,1279709.962,268583.6049,45.21494253,62158.46939,7.905660377,4,2426.11792,1477.995728,3,39.72183908,4,9.666666667,7,6,1.333333333
552813.437,5286184.957,1280530.119,268560.5537,50.55453502,59036.46939,7.178343949,4,2884.059799,1477.995728,3,34.11021814,4,9.666666667,7,6,1.333333333
553063.437,5286184.957,1281350.275,268537.5027,57.66704937,56173.16667,6.215189873,4,3390.840355,1680.556213,3,27.0815155,4,9.666666667,7,6,1.333333333
553313.437,5286184.957,1282170.43,268514.452,58.05402299,54927.97619,5.343949045,4,4016.863394,1883.116699,3,26.65172414,4,10,7,6,1.5
553563.437,5286184.957,1282990.586,268491.4015,50.08715596,53426.57143,5,4,4306.089844,1883.116699,3,31.42316514,4,10,7,6,1.5
553813.437,5286184.957,1283810.741,268468.3512,35.85185185,52927.03704,5,4,4306.089844,1029.08815,3,39.65580183,4,10,7,6,2
552313.437,5285934.957,1278866.755,267786.4996,46.74052813,64813.69388,8,4,2426.11792,1477.995728,3,33.02755454,4,9.5,7.75,6,1.5
552563.437,5285934.957,1279686.911,267763.4484,46.32950631,62179.44898,7.924050633,4,2426.11792,1477.995728,3,36.4695752,4,9.666666667,7,6,1.333333333
552813.437,5285934.957,1280507.068,267740.3975,48.99540758,60359.91837,7.2125,4,2849.111603,1477.995728,3,35.40183697,4,9.666666667,7,6,1.333333333
553063.437,5285934.957,1281327.224,267717.3468,57.2791762,59079.5,6.25625,4,3438.410494,1883.116699,3,27.5,4,9.666666667,7,6,1.333333333
553313.437,5285934.957,1282147.38,267694.2963,58.71724138,59656.69767,5.391304348,4,3996.727375,1883.116699,3,26.16436782,4,10,7,6,1.5
553563.437,5285934.957,1282967.536,267671.246,50.43885714,60259.05405,5,4,4306.089844,1883.116699,3,31.61371429,4,10,7,6,1.5
553813.437,5285934.957,1283787.691,267648.196,37.35965978,61555.86207,5,4,4306.089844,1883.116699,3,39.64888337,4,10,7,6,2
552313.437,5285684.957,1278843.703,266966.3426,45.52517162,66057.42857,8,4,2426.11792,1551.886963,3,33.96453089,4,9.5,8,6,1.5
552563.437,5285684.957,1279663.86,266943.2917,48.20022883,65260.06122,7.943037975,4,2426.11792,1551.886963,3,32.84210526,4,9.666666667,7.333333333,6,1.333333333
552813.437,5285684.957,1280484.017,266920.241,53.96796339,64456.42857,7.254658385,4,2884.059799,1551.886963,3,28.2597254,4,9.75,7.25,6,1.25
553063.437,5285684.957,1281304.173,266897.1906,61.27949599,64693.20833,6.264150943,4,3390.840355,1742.184082,3,23.50515464,4,9.6,7,5.8,1.2
552313.437,5285434.957,1278820.652,266146.1854,45.51261468,68680.16327,8,4,2662.585988,1551.886963,3,34.50458716,4.15,9.5,8,6,1.5
552563.437,5285434.957,1279640.81,266123.1348,50.68886338,68954.46939,7.962025316,4,2676.59891,1551.886963,3,31.17221584,4.132911392,9.666666667,7.333333333,6,1.333333333
552813.437,5285434.957,1280460.967,266100.0843,59.35206422,69166.73469,7.320754717,4,3039.896895,1551.886963,3,24.08142202,4.125786164,9.5,7,5.75,1.25
553063.437,5285434.957,1281281.123,266077.0341,67.42479908,70538.70833,6.490566038,4,3506.61853,1647.035522,3,18.22847302,4.100628931,9.5,7,5.75,1.25
552313.437,5285184.957,1278797.602,265326.028,47.07674685,75363.12245,8,4,3135.522123,1551.886963,3,35.07560137,4.440993789,9.5,8,6,1.5
552563.437,5285184.957,1279617.759,265302.9776,50.6884307,76709.10204,7.981012658,4,3196.584763,1551.886963,3,31.79610538,4.436708861,9.666666667,7.333333333,6,1.333333333
552813.437,5285184.957,1280437.916,265279.9274,61.21609195,77765.97959,7.547169811,4,3452.843569,1551.886963,3,22.56896552,4.421383648,9.5,7,5.75,1.25
553063.437,5285184.957,1281258.073,265256.8775,70.46910755,78863.97959,7.049689441,4,3725.89395,1647.035522,3,15.15789474,4.372670807,9.5,7,5.75,1.25
552563.437,5284934.957,1279594.709,264482.8202,50.62729358,84245.08163,8,4,3797.632712,1789.067139,3,32.49426606,4.735849057,9.8,7.2,6,1.2
552813.437,5284934.957,1280414.866,264459.7703,60.51664753,85059.79592,7.829113924,4,3835.127351,1789.067139,3,23.8978186,4.734177215,9.666666667,7,5.833333333,1.166666667
553063.437,5284934.957,1281235.024,264436.7206,65.22732491,86689.10204,7.616352201,4,3890.478809,1700.521881,3,20.8358209,4.622641509,9.75,6.75,5.75,1.25
549313.437,5276684.957,1268172.02,237717.052,58.60072595,102784.8065,8.85,7.01,3940.013691,1580.827026,8,30.2123412,10,10,8,7,3.666666667
548813.437,5276434.957,1266508.636,236942.9732,57.02985075,110448.381,9.050632911,7.278481013,4522.77915,2618.364502,8,34.6727899,10,10,7.75,7,3
549063.437,5276434.957,1267328.806,236919.9279,55.8400927,109665.1176,8.666666667,7.295597484,4726.921575,2618.124512,8,33.48783314,10,10,7.75,7,3
549313.437,5276434.957,1268148.975,236896.8828,55.27517731,106633.2069,8.372093023,7.271317829,4538.188805,3595.087402,8,33.12056738,10,10,8,7,3.666666667
548813.437,5276184.957,1266485.591,236122.8032,59.62542955,110602.4091,8.993710692,7.597484277,4816.629277,2618.124512,8,30.92668958,10,10,7.75,7,3
549063.437,5276184.957,1267305.761,236099.7581,55.66933638,111654.9444,8.420382166,7.566878981,5038.326426,2618.124512,8,32.62471396,10,10,7.75,7,3
549313.437,5276184.957,1268125.93,236076.7133,57.34793187,110913.3448,7.817567568,7.547297297,5184.46455,3595.087402,8,29.03041363,10,10,8,7,3.666666667
549563.437,5276184.957,1268946.1,236053.6688,60.30615641,107142.3478,7.277777778,7.574074074,4765.884535,3595.087402,8,25.28785358,10,10,8,7,3.666666667
549063.437,5275934.957,1267282.716,235279.5882,56.52698048,109341.2564,8.03164557,7.879746835,5477.590409,2618.124512,8,31.41102181,10,10,7.4,7,2.6
549313.437,5275934.957,1268102.886,235256.5436,58.14678899,109287.129,7.220125786,7.811320755,5770.132194,3595.087402,8,27.97362385,10,10,8,7,3.666666667
549563.437,5275934.957,1268923.056,235233.4993,59.6035503,108626,6.634146341,7.788617886,5584.420247,3595.087402,8,24.2943787,10,10,8,7,3.666666667
549063.437,5275684.957,1267259.671,234459.4179,58.83008037,108457.025,7.825,8.075,5962.541675,2618.124512,8.075,27.92422503,10,10,7.4,7,1.8
549313.437,5275684.957,1268079.841,234436.3736,59.43202765,108549.2,6.65,7.98125,6239.497083,3595.087402,8.00625,25.74539171,10,10,8,7,2.333333333
549063.437,5275434.957,1267236.627,233639.2474,60.16589862,103237.0714,7.813664596,8.223602484,6599.261493,5079.89502,8.223602484,26.69930876,10,10,7.4,7,1.8
549313.437,5275434.957,1268056.797,233616.2033,61.43103448,103865.3947,6.582278481,8.069620253,6539.539413,5395.253418,8.069620253,23.74942529,10,10,8,7,2.333333333
549063.437,5275184.957,1267213.583,232819.0765,63.87600459,99670.25,7.886792453,8.389937107,7300.891652,5079.89502,8.389937107,22.74626866,10,10,7.5,7,1.666666667
549313.437,5275184.957,1268033.754,232796.0327,65.35640138,101534.7805,6.679245283,8.163522013,6857.920022,5395.253418,8.163522013,19.83044983,10,10,8.285714286,7,1.857142857
549563.437,5275184.957,1268853.924,232772.9891,69.4378453,104726.1316,6,8,6277.686424,5395.253418,8,15.48895028,10,10,8.666666667,7,2
550063.437,5275184.957,1270494.265,232726.9028,82.88821138,108942.1389,6.666666667,7.978494624,3156.266542,1566.883789,7.35483871,5.093495935,10,10,9,7,1.333333333
549063.437,5274934.957,1267190.539,231998.9054,69.66895762,95640.64444,7.522012579,8.729559748,7712.868677,5079.89502,8.578616352,16.25429553,10,10,7.5,7,1.666666667
549313.437,5274934.957,1268010.71,231975.8618,71.78489703,98593.27907,6.389937107,8.51572327,7207.875717,5395.253418,8.34591195,13.69336384,10,10,8.125,7,1.75
549563.437,5274934.957,1268830.881,231952.8185,76.87839586,102790.8537,5.605633803,8.443661972,6571.2245,5395.253418,8.211267606,9.354463131,10,10,8.857142857,7,1.857142857
549813.437,5274934.957,1269651.052,231929.7755,81.28642384,104601.1282,5.610619469,8.477876106,5581.100045,5395.253418,8.10619469,5.837748344,10,10,9,7,1.333333333
550063.437,5274934.957,1270471.222,231906.7327,82.88821138,103674.5385,6.666666667,7.978494624,3156.266542,1566.883789,7.35483871,5.093495935,10,10,9.142857143,6.857142857,1.285714286
549063.437,5274684.957,1267167.495,231178.7341,74.41905855,93726.65957,6.85,9.21875,7484.943009,4947.241699,8.7625,12.54879449,10,10,7.4,7,1
549313.437,5274684.957,1267987.667,231155.6907,77.99311137,97442.6087,5.810126582,9.088607595,7377.27671,6056.396484,8.607594937,9.211251435,10,10,8.5,7,1.333333333
549563.437,5274684.957,1268807.838,231132.6476,82.48931116,99804.88636,5.058064516,9.012903226,7217.209004,6056.396484,8.451612903,5.53087886,10,10,9,7,1.333333333
549813.437,5274684.957,1269628.009,231109.6048,84.992,99941.97674,4.978417266,9.09352518,6322.933194,6056.396484,8.302158273,2.814666667,10,10,9,7,1.333333333
550063.437,5274684.957,1270448.179,231086.5623,85.95778748,97820.11628,5.206349206,9.007936508,5454.119197,9287.651367,8,1.829694323,10,10,9.25,6.875,1.25
549563.437,5274434.957,1268784.795,230312.4764,85.72215844,98951.95745,4.51572327,9.622641509,7844.49384,6056.396484,8.729559748,2.879448909,10,10,8.875,7,1.25
549813.437,5274434.957,1269604.966,230289.4338,86.07511737,96698.59574,4.4,9.638709677,7471.4632,6056.396484,8.509677419,1.582159624,10,10,9.125,7,1.25
544813.437,5281934.957,1253893.038,255355.487,29.26744186,144597.4138,10,5,2865.956514,86.37191772,7,44.34219269,8.388888889,9.666666667,2.666666667,6,2.333333333
545063.437,5281934.957,1254713.206,255332.4326,29.26744186,144862.5,10,5,2865.956514,86.37191772,7,44.34219269,8.388888889,9.666666667,2.666666667,6,2.333333333
544813.437,5281684.957,1253869.984,254535.3192,33.88571429,143097.6333,9.95049505,5.049504951,2995.575373,86.37191772,7.049504951,41.55,8.831683168,9.666666667,2.666666667,6,2.333333333
545063.437,5281684.957,1254690.151,254512.2649,33.88571429,143639.2973,9.95049505,5.049504951,2995.575373,86.37191772,7.049504951,41.55,8.831683168,9.666666667,2.666666667,6,2.333333333
545313.437,5281684.957,1255510.319,254489.2109,37.82908163,144755.4651,9.978873239,5.021126761,2934.22387,86.37191772,7.021126761,38.78826531,8.612676056,9.666666667,2.666666667,6,2.333333333
544813.437,5281434.957,1253846.929,253715.1511,36.98409543,134480.6667,9.935483871,5.064516129,3086.546031,86.37191772,7.064516129,40.30417495,9.064516129,9.5,2.5,6,3
545063.437,5281434.957,1254667.097,253692.0971,36.98409543,134951.973,9.935483871,5.064516129,3086.546031,86.37191772,7.064516129,40.30417495,9.064516129,9.5,2.5,6,3
545313.437,5281434.957,1255487.265,253669.0433,41.31349206,136737.3488,9.956521739,5.043478261,3058.135875,760.8472748,7.043478261,33.86111111,8.985507246,9.5,2.5,6,3
544813.437,5281184.957,1253823.875,252894.9827,41.69245648,124136.4839,9.905263158,5.094736842,3107.535135,1435.322632,7.094736842,36.05029014,9.094736842,9.666666667,2.333333333,6,3
545063.437,5281184.957,1254644.044,252871.9289,41.69245648,124845.0526,9.905263158,5.094736842,3107.535135,1435.322632,7.094736842,36.05029014,9.094736842,9.666666667,2.333333333,6,3
545313.437,5281184.957,1255464.212,252848.8754,44.17506631,127001.7955,9.948905109,5.051094891,3090.71331,1435.322632,7.051094891,31.71087533,9.051094891,9.666666667,2.333333333,6,3
544813.437,5280934.957,1253800.821,252074.8141,47.26593807,114012.5,9.705882353,5.294117647,3174.3451,1435.322632,7.294117647,32.20582878,9.294117647,9.666666667,2.333333333,6,3
545063.437,5280934.957,1254620.99,252051.7605,47.26593807,114906.641,9.705882353,5.294117647,3174.3451,1435.322632,7.294117647,32.20582878,9.294117647,9.666666667,2.333333333,6,3
545313.437,5280934.957,1255441.158,252028.7072,48.1618799,117244.2,9.774647887,5.225352113,3149.498873,1435.322632,7.225352113,29.84856397,9.225352113,9.666666667,2.333333333,6,3
544563.437,5280684.957,1252957.599,251277.6989,52.34539474,102159.5,9.436363636,5.563636364,3284.122774,1435.322632,7.563636364,29.61842105,9.563636364,9.666666667,2.333333333,6,3
544813.437,5280684.957,1253777.768,251254.6453,52.34539474,104335.4242,9.436363636,5.563636364,3284.122774,1435.322632,7.563636364,29.61842105,9.563636364,9.666666667,2.333333333,6,3
545063.437,5280684.957,1254597.937,251231.5919,52.34539474,104700.1795,9.436363636,5.563636364,3284.122774,1435.322632,7.563636364,29.61842105,9.563636364,9.666666667,2.333333333,6,3
545313.437,5280684.957,1255418.105,251208.5388,52.32432432,106690.0217,9.5,5.5,3264.123468,1435.322632,7.5,28.28624079,9.5,9.666666667,2.333333333,6,3
544563.437,5280434.957,1252934.545,250457.5296,58.71694215,99965.76923,9.10989011,5.89010989,3407.532041,782.2093015,7.89010989,24.66735537,9.89010989,9.75,2.25,6,3.25
544813.437,5280434.957,1253754.714,250434.4762,58.71694215,97828.48485,9.10989011,5.89010989,3407.532041,782.2093015,7.89010989,24.66735537,9.89010989,9.666666667,2.333333333,6,3
545063.437,5280434.957,1254574.884,250411.423,56.89256198,98692.975,9.187969925,5.812030075,3390.997314,1435.322632,7.812030075,25.56336088,9.812030075,9.666666667,2.333333333,6,3
545313.437,5280434.957,1255395.052,250388.3701,55.62788018,99109.71739,9.234177215,5.765822785,3366.147358,1435.322632,7.765822785,26.61175115,9.765822785,9.666666667,2.333333333,6,3
544563.437,5280184.957,1252911.492,249637.36,61.15298507,99457.7931,9,6,3464.112808,837.7529526,8,22.9141791,10,9.666666667,2,6,2.666666667
544813.437,5280184.957,1253731.661,249614.3068,61.15298507,96289.2,9,6,3464.112808,837.7529526,8,22.9141791,10,9.666666667,2,6,2.666666667
545063.437,5280184.957,1254551.831,249591.2539,60.1689612,93547.41026,9.02027027,5.97972973,3460.173513,1435.322632,7.97972973,23.61451815,9.97972973,9.5,2,6,2
545313.437,5280184.957,1255372,249568.2012,57.63615561,91048.71429,9.006289308,5.993710692,3478.443998,1435.322632,7.993710692,25.78718535,9.993710692,9.5,2,6,2
544313.437,5279934.957,1252068.268,248840.2434,60.27655987,111262.5,9,6,3311.175444,837.7529526,8.1,21.32546374,10,9.5,2,6,2.5
544563.437,5279934.957,1252888.438,248817.1902,60.27655987,104448.8485,9,6,3311.175444,837.7529526,8.1,21.32546374,10,9.666666667,2,6,2.666666667
544813.437,5279934.957,1253708.608,248794.1372,60.27655987,98923.58333,9,6,3311.175444,837.7529526,8.1,21.32546374,10,9.666666667,2,6,2.666666667
545063.437,5279934.957,1254528.778,248771.0845,60.73582474,92811.13158,9,6,3483.005066,1435.322632,8,23.29510309,10,9.5,2,6,2
545313.437,5279934.957,1255348.947,248748.032,58.87285223,88331.275,9,6,3489.138916,1435.322632,8,25.69644903,10,9.5,2,6,2
544313.437,5279684.957,1252045.215,248020.0732,43.9628866,121300.4688,9,6,2196.292608,240.1832733,8.586956522,29.8946281,10,9.5,2,6,2.5
544813.437,5279684.957,1253685.556,247973.9674,54.97440273,107881.2895,9,6,2907.104578,1124.740227,8.289719626,23.89590444,10,9.666666667,2,6,2.666666667
545063.437,5279684.957,1254505.725,247950.9149,60.72580645,102203.1282,9,6,3418.463318,2009.29718,8.056,23.18475073,10,9.666666667,2,6,2.666666667
545313.437,5279684.957,1255325.895,247927.8626,61.53571429,95335.66667,9,6,3489.138916,2009.29718,8,23.71904762,10,9.666666667,2,6,2.666666667
544313.437,5279434.957,1252022.162,247199.9026,21.13531353,129493.6216,9,6,1368.870972,240.1832733,9,43.16887417,10,9.5,2,6,2.5
545063.437,5279434.957,1254482.673,247130.745,56.18873668,111302.7,9,6,2921.210002,2583.271729,8.266666667,23.71385084,10,9.666666667,2,6,2.666666667
545313.437,5279434.957,1255302.843,247107.6929,59.85495119,103719.6316,9,6,3328.512557,2583.271729,8.07518797,23.10739191,10,9.666666667,2,6,2.666666667
544563.437,5279184.957,1252819.28,246356.6792,24.96721311,131147.2381,9,6,1400.996244,240.1832733,8.977777778,46.72540984,10,9.5,2,6,2.5
544813.437,5279184.957,1253639.451,246333.6269,54.82450832,126950.878,9,6,2761.285741,2583.271729,8.409836066,26.40544629,10,9.5,2,6,2.5
545063.437,5279184.957,1254459.621,246310.5748,54.82450832,120403.7949,9,6,2761.285741,2583.271729,8.409836066,26.40544629,10,9.666666667,2.333333333,6.333333333,2
545063.437,5278934.957,1254436.569,245490.4044,39.94249649,127442.275,9,6,1700.162838,2583.271729,8.860465116,36.50911641,10,9.666666667,2.333333333,6.333333333,2
545313.437,5278934.957,1255256.74,245467.3528,48.19970845,121329.6923,8.976744186,6,2105.075119,1841.808105,8.759689922,31.25655977,10,9.666666667,2.333333333,6.333333333,2
545563.437,5278934.957,1256076.91,245444.3014,51.94849785,113980.2308,8.181818182,6,2172.571633,1100.344482,8.946969697,31.30329041,10,9.666666667,2.333333333,6.333333333,2
547813.437,5274434.957,1263043.59,230473.7823,67.23720137,83546.44444,6.528301887,8.452830189,4333.537036,2221.681885,9.462264151,12.6109215,10,10,5.8,7,2.2
548063.437,5274434.957,1263863.763,230450.7378,70.94480946,83656.18182,6.912408759,8.817518248,5419.971896,2221.681885,9.306569343,10.69908016,10,10,6.142857143,7,1.857142857
548313.437,5274434.957,1264683.935,230427.6935,78.08840413,86420.73684,7.094339623,9.27672956,6186.42951,3584.461792,9.144654088,8.004592423,10,10,6.142857143,7,1.857142857
548563.437,5274434.957,1265504.108,230404.6495,81.16877153,88294.64286,7.2375,9.6875,6904.562866,4947.241699,9,7.493685419,10,10,6.75,7,1.375
548813.437,5274434.957,1266324.28,230381.6058,79.5730725,91587.41304,6.848101266,9.708860759,6782.612505,4947.241699,8.981012658,8.140391254,10,10,7.428571429,7,1.428571429
548063.437,5274184.957,1263840.718,229630.5649,73.2680067,83740.11111,5.971698113,9.094339623,5330.942704,2221.681885,9.283018868,5.502512563,10,10,6.4,7,2.2
548313.437,5274184.957,1264660.891,229607.5208,77.86233766,86788.0625,5.921428571,9.5,6372.182947,2221.681885,9.142857143,4.112987013,10,10,6.666666667,7,2
548563.437,5274184.957,1265481.064,229584.4771,80.55453502,89816.72973,5.643312102,9.802547771,6896.342875,4947.241699,9.050955414,5.436280138,10,10,6.857142857,7,1.857142857
548813.437,5274184.957,1266301.237,229561.4336,82.08275862,92287.02439,5.550632911,9.96835443,6916.005345,4947.241699,9,6.375862069,10,10,7.6,7,1.6
549063.437,5274184.957,1267121.409,229538.3904,81.9382151,94588.13333,5.025,9.9875,7222.386133,4947.241699,9,6.249427918,10,10,7.833333333,7,1.5
548313.437,5273934.957,1264637.848,228787.3479,74.83919598,88501.46154,5.142857143,9.571428571,7590.971401,3295.638102,9.142857143,4.911222781,10,10,6.666666667,7,2
548563.437,5273934.957,1265458.021,228764.3044,78.27332457,90535.32258,4.852941176,9.845588235,8045.078307,2717.990723,9.051470588,4.879106439,10,10,7,7,1.75
548813.437,5273934.957,1266278.193,228741.2612,80.42329873,93052.13889,4.658064516,10,9036.66545,3832.616211,9,6.513264129,10,10,7.857142857,7,1.428571429
549063.437,5273934.957,1267098.366,228718.2182,82.45350172,93098.675,4.46875,10,8943.626828,2717.990723,9,5.903559127,10,10,7.857142857,7,1.428571429
549313.437,5273934.957,1267918.538,228695.1756,82.89805269,94069.18182,4.204968944,10,8795.141713,9072.347656,9,5.548682703,10,10,8.333333333,7,1.333333333
548563.437,5273684.957,1265434.977,227944.1314,78.33450088,91929.28,4.040816327,9.908163265,10672.23981,2717.990723,9.030612245,5.106830123,10,10,7.666666667,7,1.5
548813.437,5273684.957,1266255.15,227921.0884,81.5128901,92806.66667,3.953846154,10,11052.47997,2717.990723,9,5.246947083,10,10,7.857142857,7,1.428571429
549063.437,5273684.957,1267075.323,227898.0457,83.98717949,92630.51429,4.006493506,10,11329.88841,2717.990723,9,4.843822844,10,10,8,7,1.375
549313.437,5273684.957,1267895.496,227875.0033,84.54805492,93082.92308,4.094339623,10,10926.6648,9072.347656,9,3.931350114,10,10,8.555555556,7,1.333333333
548813.437,5273434.957,1266232.108,227100.9154,83.81318681,92162.08333,3.479166667,10,13910.41556,2717.990723,9,4.269230769,10,10,8.166666667,7,1.5
549063.437,5273434.957,1267052.281,227077.8729,85.51182198,92723.7,3.8828125,10,13453.85025,2717.990723,9,3.73713491,10,10,8.166666667,7,1.5
549313.437,5273434.957,1267872.453,227054.8307,86.40989399,93161.22857,4.415584416,10,12913.94961,9072.347656,9,2.737338045,10,10,8.777777778,7,1.333333333
549563.437,5273434.957,1268692.626,227031.7888,85.93685419,92517.30769,4.893081761,10,11829.5817,9072.347656,8.993710692,2.986222732,10,10,8.777777778,7,1.333333333
549063.437,5273184.957,1267029.238,226257.6998,86.03591682,92127.29167,4.419354839,10,14971.56392,2717.990723,9,2.213610586,10,10,8.2,7,1.6
549313.437,5273184.957,1267849.412,226234.6578,85.59831461,91897.16667,5.11023622,10,13667.29117,6954.228678,9,2.351123596,10,10,8.5,7,1.5
549563.437,5273184.957,1268669.584,226211.6162,85.54588235,90337.74286,5.741721854,10,11617.47508,9072.347656,9,2.011764706,10,10,8.875,7,1.375
549313.437,5272934.957,1267826.37,225414.4847,85.45167653,89857.95833,6.310344828,10,13863.76322,9072.347656,9,1.863905325,10,10,8.5,7,1.75
549563.437,5272934.957,1268646.543,225391.4433,85.33431953,87370.6,6.733333333,10,11227.47786,9072.347656,9,1.695266272,10,10,8.833333333,7,1.5
549563.437,5271184.957,1268485.26,219650.2247,84.72298625,86451.53333,9,10,311.9949951,0.09570425,10,0.078585462,10,10,8.5,7.5,4
549563.437,5270934.957,1268462.221,218830.0494,83.76408451,90052.81818,9,10,337.9986835,0.09570425,10,0.126110124,10,10,8.5,7.5,4
549563.437,5270684.957,1268439.181,218009.8739,82.19092332,89764.33333,8.964912281,10,381.6048687,124.2960668,10,0.088888889,10,10,8.5,7.5,4
549063.437,5270684.957,1266798.829,218055.9527,81.95623632,87586.55556,8,10,814.7329712,166.3114471,10,0.02247191,10,10,8.5,7.5,4
548563.437,5270434.957,1265135.436,217281.8559,81.95623632,84687,8,10,814.7329712,166.3114471,10,0.02247191,10,10,7,7,5
548813.437,5270434.957,1265955.613,217258.816,81.95623632,85963.8,8,10,814.7329712,166.3114471,10,0.02247191,10,10,7,7,5
549063.437,5270434.957,1266775.79,217235.7763,81.95623632,87169.06452,8,10,814.7329712,166.3114471,10,0.02247191,10,10,8.5,7.5,4
548813.437,5270684.957,1265978.653,218078.9926,75.89026915,86271,8.197530864,10,698.025941,207.4039383,10,0.051391863,10,10,7,7,5
549563.437,5270434.957,1268416.142,217189.698,81.30975955,89347.92308,8.912698413,10,411.2195957,248.4964294,10,0.050505051,10,10,8.5,7.5,4
548313.437,5270434.957,1264315.259,217304.8962,79.24611399,84351,8,10,814.7329712,83.15731839,10,0,10,10,7,7,5
548313.437,5270184.957,1264292.219,216484.7188,79.24611399,84351,8,10,814.7329712,83.15731839,10,0,10,10,7,7,5
548563.437,5270184.957,1265112.396,216461.6788,79.24611399,84631,8,10,814.7329712,83.15731839,10,0,10,10,7,7,5
548813.437,5270184.957,1265932.574,216438.6391,81.91137124,85741.34483,8,10,814.7329712,166.3114471,10,0.016722408,10,10,7,7,5
549063.437,5270184.957,1266752.75,216415.5997,84.2946299,86847,8,10,814.7329712,166.3114471,10,0.014749263,10,10,8.5,7.5,4
549563.437,5270184.957,1268393.104,216369.5218,82.99294781,89104.17073,8.903225806,10,411.2195957,248.4964294,10,0.075931232,10,10,8.5,7.5,4
548313.437,5269934.957,1264269.179,215664.5411,81.38844622,84351,8,10,814.7329712,166.3114471,10,0.021912351,10,10,7,7,5
548563.437,5269934.957,1265089.357,215641.5014,81.38844622,84599.88889,8,10,814.7329712,166.3114471,10,0.021912351,10,10,7,7,5
548813.437,5269934.957,1265909.534,215618.4619,84.72520107,85776.45455,8,10,814.7329712,166.3114471,10,0.014745308,10,10,7,7,5
549063.437,5269934.957,1266729.711,215595.4227,86.27771011,86703,8,10,795.8802971,166.3114471,10,0.012315271,10,10,8.5,7.5,4
549563.437,5269934.957,1268370.065,215549.3453,82.19546742,89039.37209,8.903225806,10,381.9964855,248.4964294,10,0.066091954,10,10,8.5,7.5,4
548313.437,5269684.957,1264246.139,214844.3632,81.4875717,84351,8,10,814.7329712,175.1460419,10,0.021032505,10,10,7,7,5
548563.437,5269684.957,1265066.317,214821.3236,81.4875717,84831,8,10,814.7329712,175.1460419,10,0.021032505,10,10,7,7,5
548813.437,5269684.957,1265886.495,214798.2844,85.2746114,85844.33333,8,10,814.7329712,175.1460419,10,0.014248705,10,10,7,7,5
549063.437,5269684.957,1266706.672,214775.2455,88.07055961,86751,8,10,795.3968952,175.1460419,10,0,10,10,8.5,7.5,4
549563.437,5269684.957,1268347.027,214729.1685,82.35042735,89085.54545,8.888,10,382.8939405,189.9752502,10,0.123741007,10,10,8.5,7.5,4
548313.437,5269434.957,1264223.1,214024.1849,81.48098859,84351,8,10,814.7329712,88.62147212,10,0.020912548,10,10,7,7,5
548563.437,5269434.957,1265043.278,214001.1456,81.48098859,85071,8,10,814.7329712,88.62147212,10,0.020912548,10,10,7,7,5
548813.437,5269434.957,1265863.456,213978.1066,84.95641026,86129.82353,8,10,814.7329712,175.1460419,10,0.014102564,10,10,7,7,5
549063.437,5269434.957,1266683.634,213955.0679,86.87454765,86973.43902,8,10,801.8422539,175.1460419,10,0.013365735,10,10,8.5,7.5,4
549563.437,5269434.957,1268323.989,213908.9914,80.81946403,89129.66667,8.893129771,10,375.6327136,189.9752502,10,0.05,10,10,8.5,7.5,4
548563.437,5269184.957,1265020.239,213180.9672,79.08492569,85384.84615,8,10,814.7329712,88.62147212,10,0.091295117,10,10,7,7,5
548813.437,5269184.957,1265840.417,213157.9285,82.36820652,86451,8,10,814.7329712,175.1460419,10,0.07201087,10,10,7,7,5
549063.437,5269184.957,1266660.595,213134.89,85.00838323,87357.31579,8,10,801.5030245,175.1460419,10,0.051807229,10,10,8.5,7.5,4
549313.437,5269184.957,1267480.773,213111.8519,76.282523,88351,8.18705036,10,679.3804392,175.1460419,10,0.014608234,10,10,8.5,7.5,4
549563.437,5269184.957,1268300.951,213088.814,76.72834646,89171.86957,8.865248227,10,376.4485818,189.9752502,10,0.031788079,10,10,8.5,7.5,4
548563.437,5268934.957,1264997.2,212360.7886,82.11812298,85811.86957,8,10,814.7329712,308.6146622,10,0.203883495,10,10,7,7,5
548813.437,5268934.957,1265817.379,212337.75,82.11812298,86899.96552,8,10,814.7329712,308.6146622,10,0.203883495,10,10,8.5,7.5,4
549063.437,5268934.957,1266637.557,212314.7118,80.91603053,87807,8,10,814.7329712,308.6146622,10,0.226342711,10,10,8.5,7.5,4
549313.437,5268934.957,1267457.735,212291.6739,78.45510455,88719,8.216216216,10,687.4575342,253.0179253,10,0.228004957,10,10,8.5,7.5,4
549563.437,5268934.957,1268277.913,212268.6363,78.51745636,89428.33333,8.54109589,10,531.1371898,204.8671265,10,0.185929648,10,10,8.5,7.5,4
548813.437,5268684.957,1265794.34,211517.5713,82.17272727,87452.53846,8,10,814.7329712,442.0832825,10,0.427272727,10,10,8.5,7.5,4
549063.437,5268684.957,1266614.519,211494.5333,78.35147745,88341,8.025210084,10,814.7329712,442.0832825,10,0.387247278,10,10,8.5,7.5,4
549313.437,5268684.957,1267434.698,211471.4956,74.34586466,89125.73684,8.278911565,10,674.7299905,442.0832825,10,0.364779874,10,10,8.5,7.5,4
549563.437,5268684.957,1268254.876,211448.4583,78.71058824,89820.76744,8.576923077,10,533.1997046,204.8671265,10,0.314049587,10,10,8.5,7.5,4
549063.437,5268434.957,1266591.482,210674.3545,71.32563025,88831,8.125,10,788.9515365,442.0832825,10,0.523109244,10,10,8.5,7.5,4
549313.437,5268434.957,1267411.66,210651.3171,71.94767442,89660.77778,8.401574803,10,649.2749031,442.0832825,10,0.406976744,10,10,8.5,7.5,4
549563.437,5268434.957,1268231.839,210628.2799,75.43565525,90111,8.64516129,10,494.2375114,204.8671265,10,0.286894923,10,10,8.5,7.5,4
549313.437,5268184.957,1267388.623,209831.1382,68.56294964,90143.48485,8.57,10,621.3722112,232.7387791,10,0.305755396,10,10,8.5,7.5,4
549313.437,5267934.957,1267365.586,209010.959,68.79166667,89198.46667,8.8828125,10,465.2152397,105.2635422,10,0.594827586,10,10,8.666666667,7.666666667,4
549313.437,5267684.957,1267342.55,208190.7794,69.85365854,86598.7037,8.912280702,10,507.314678,105.2635422,10,1.323577236,10,10,8.666666667,7.666666667,4
549313.437,5267434.957,1267319.513,207370.5996,67.91947566,83069,8.88,10,605.3111682,105.2635422,10,1.898876404,10,10,9,7.75,4
556313.437,5267934.957,1290330.511,208366.0525,0.658436214,132682,10,8,1807.849976,0,9,65.33043478,10,8,6,6,3
556063.437,5267684.957,1289487.31,207568.9079,0.658436214,132682,10,8,1807.849976,0,9,65.33043478,10,8,6,6,3
556313.437,5267684.957,1290307.483,207545.8801,0.658436214,132682,10,8,1807.849976,0,9,65.33043478,10,8,6,6,3
556063.437,5267434.957,1289464.283,206748.735,0.704678363,132682,10,8,1807.849976,2.504651546,9,67.59214502,10,8,6,6,3
556313.437,5267434.957,1290284.456,206725.7074,0.704678363,132682,10,8,1807.849976,2.504651546,9,67.59214502,10,8,6,6,3
556563.437,5267434.957,1291104.628,206702.6802,0.712158809,132682,10,8,1807.849976,2.504651546,9,68.2421875,10,8,6,6,3
554063.437,5267184.957,1282879.859,206112.7915,60.90721649,79442.2449,8.90625,8.00625,4084.039624,2731.321289,10,20.92668958,10,8.666666667,6.333333333,6,2.666666667
554313.437,5267184.957,1283700.034,206089.7616,57.91724138,86547.95918,8.911392405,8,4090.983676,2731.321289,9.974683544,24.4137931,10,8.666666667,6.333333333,6,2.666666667
554563.437,5267184.957,1284520.209,206066.7321,53.21100917,96432.73469,9.125,8,3565.522347,1602.629028,9.75,29.23279817,10,8.666666667,6.333333333,6,2.666666667
554813.437,5267184.957,1285340.384,206043.7029,52.50230415,104365,9.341772152,8,2943.242843,1602.629028,9.512658228,30.98617512,10,8.5,6.5,6,3.5
555063.437,5267184.957,1286160.559,206020.674,53.03321879,113845.0244,9.614906832,8,2349.605109,1602.629028,9.254658385,31.42840779,10,8,6,6,3
555313.437,5267184.957,1286980.733,205997.6454,50.30424242,125558.8974,9.76,8,1968.726035,1266.62973,9.12,28.47051597,10,8,6,6,3
555563.437,5267184.957,1287800.908,205974.6172,47.50651466,130830.0811,9.839285714,8,1890.221612,930.6304321,9.080357143,28.35234899,10,8,6,6,3
556063.437,5267184.957,1289441.255,205928.5617,0.608225108,132682,10,8,1807.849976,2.504651546,9,69.22319475,10,8,6,6,3
556313.437,5267184.957,1290261.428,205905.5344,0.608225108,132682,10,8,1807.849976,2.504651546,9,69.22319475,10,8,6,6,3
556563.437,5267184.957,1291081.601,205882.5074,0.686725664,132682,10,8,1807.849976,2.504651546,9,68.99445471,10,8,6,6,3
554063.437,5266934.957,1282856.829,205292.6157,62.28832952,81515.28571,9,8.063291139,4177.880768,2731.321289,10,21.87757437,10,8.666666667,6.333333333,6,2.666666667
554313.437,5266934.957,1283677.005,205269.5861,59.38514286,89660.30612,9.012658228,8,4270.861816,2731.321289,9.987341772,25.34285714,10,8.666666667,6.333333333,6,2.666666667
554563.437,5266934.957,1284497.18,205246.5569,57.63218391,99110.14286,9.270440252,8,3647.314515,1602.629028,9.729559748,26.81724138,10,8.666666667,6.333333333,6,2.666666667
554813.437,5266934.957,1285317.355,205223.5279,56.44954128,109342.0851,9.585987261,8,2939.504065,1602.629028,9.414012739,27.39678899,10,8.5,6.5,6,3.5
555063.437,5266934.957,1286137.53,205200.4993,55.98627002,119158.6591,9.873417722,8,2177.301752,1602.629028,9.126582278,26.29633867,10,8,6,6,3
555313.437,5266934.957,1286957.705,205177.471,53.53793103,130262.125,10,8,1807.849976,1266.62973,9,26.4045977,10,8,6,6,3
555563.437,5266934.957,1287777.88,205154.443,50.20253165,132035.7632,10,8,1807.849976,930.6304321,9,27.01736614,10,8,6,6,3
556063.437,5266934.957,1289418.228,205108.388,2.387351779,132682,10,8,1807.849976,2.504651546,9,68.30846774,10,8,6,6,3
556313.437,5266934.957,1290238.401,205085.361,2.387351779,132682,10,8,1807.849976,2.504651546,9,68.30846774,10,8,6,6,3
556563.437,5266934.957,1291058.575,205062.3343,1.945054945,132682,10,8,1807.849976,2.504651546,9,68.52597403,10,8,6,6,3
554063.437,5266684.957,1282833.799,204472.4396,61.38965517,81086.20408,9,8.142857143,4101.377373,2462.441406,10,21.18505747,10,9,7,6,3.25
554313.437,5266684.957,1283653.975,204449.4103,60.02637615,89286.44898,9.03164557,8,4270.861816,2731.321289,9.96835443,23.01605505,10,8.666666667,6.333333333,6,2.666666667
554563.437,5266684.957,1284474.151,204426.3813,60.06436782,98280.71429,9.267515924,8,3678.49188,2140.327972,9.732484076,23.47011494,10,8.5,6.5,6,3.5
554813.437,5266684.957,1285294.327,204403.3526,60.60734788,110254.3265,9.575,8,2930.235118,1818.214539,9.425,23.27439724,10,8.5,6.5,6,3.5
555063.437,5266684.957,1286114.502,204380.3243,59.23536165,118834.2444,9.879746835,8,2181.978356,1818.214539,9.120253165,23.94833525,10,8,6,6,3
555313.437,5266684.957,1286934.677,204357.2962,56.43298969,127453.9048,10,8,1807.849976,1542.445175,9,25.20045819,10,8,6,6,3
555563.437,5266684.957,1287754.852,204334.2685,52.93265565,129450.8158,10,8,1807.849976,1266.675812,9,25.26131953,10,8,6,6,3
555813.437,5266684.957,1288575.026,204311.2412,47.87154472,130449.5455,10,8,1807.849976,1266.675812,9,26.80801336,10,8,6,6,3
556063.437,5266684.957,1289395.201,204288.2141,10.96794872,130927.9286,10,8,1807.849976,34.57313538,9,57.33278956,10,8,6,6,3
556313.437,5266684.957,1290215.375,204265.1874,10.96794872,131565.7727,10,8,1807.849976,34.57313538,9,57.33278956,10,8,6,6,3
556563.437,5266684.957,1291035.548,204242.1609,5.49251497,132682,10,8,1807.849976,18.53889346,9,62.15030675,10,8,6,6,3
554063.437,5266434.957,1282810.77,203652.2632,59.09610984,77558.87755,9,8.227848101,3965.693247,2193.561523,10,19.83638444,10,9.166666667,7.666666667,6.333333333,3.333333333
554313.437,5266434.957,1283630.946,203629.2342,58.56979405,86097.57143,9.037974684,8.006329114,4252.030212,2193.561523,9.962025316,20.88672769,10,8.5,7,6.5,3.75
554563.437,5266434.957,1284451.123,203606.2054,59.35591274,96980.38776,9.298136646,8,3607.743244,2033.800049,9.701863354,21.32261768,10,8.5,7,6.5,3.75
554813.437,5266434.957,1285271.298,203583.177,61.4735023,106235.1633,9.60625,8,2927.400812,2033.800049,9.39375,21.91705069,10,8.5,7,6.5,3.75
555063.437,5266434.957,1286091.474,203560.1489,59.248,115126.1739,9.888198758,8,2159.70881,2033.800049,9.111801242,23.76571429,10,8,6.5,6.5,3.5
555313.437,5266434.957,1286911.649,203537.1212,56.9689298,123298,10,8,1807.849976,1818.26062,9,25.31875719,10,8,6.5,6.5,3.5
555563.437,5266434.957,1287731.825,203514.0937,54.15448113,127068.9714,10,8,1807.849976,1602.721191,9,25.58164482,10,8,6.5,6.5,3.5
555813.437,5266434.957,1288551.999,203491.0666,46.67509987,127929.0323,10,8,1807.849976,1602.721191,9,29.18563686,10,8,6.5,6.5,3.5
556063.437,5266434.957,1289372.174,203468.0398,35.36068111,128904,10,8,1807.849976,1602.721191,9,36.93037975,10,8,6.5,6.5,3.5
554063.437,5266184.957,1282787.741,202832.0865,58.35632184,74031.55102,8.748427673,8.377358491,3978.948576,2193.561523,9.943396226,18.31609195,10,9,7.833333333,6.5,3.833333333
554313.437,5266184.957,1283607.918,202809.0577,62.50973654,82119.67347,9.037735849,8.157232704,4145.208851,2193.561523,9.836477987,16.75486827,10,8.5,7,6.5,3.75
554563.437,5266184.957,1284428.094,202786.0292,60.91189931,92981.85714,9.260869565,8.124223602,3712.609071,2033.800049,9.614906832,18.97368421,10,8.5,7,6.5,3.75
554813.437,5266184.957,1285248.27,202763.0011,61.32643678,101581.2917,9.525,8.1375,3087.452425,2033.800049,9.3375,21.50344828,10,8.5,7,6.5,3.75
555063.437,5266184.957,1286068.446,202739.9733,58.54701835,110787.5111,9.75,8.15625,2487.359919,2033.800049,9.09375,24.11811927,10,8,6.5,6.5,3.5
555313.437,5266184.957,1286888.622,202716.9458,55.20709382,118124.8205,9.855345912,8.144654088,2192.789052,1818.26062,9,26.44279176,10,8,6.5,6.5,3.5
555563.437,5266184.957,1287708.797,202693.9186,55.06758305,124014.8235,9.875776398,8.124223602,2100.25562,1602.721191,9,25.62428408,10,8,6.5,6.5,3.5
555813.437,5266184.957,1288528.973,202670.8918,48.2806574,125405.8519,9.908450704,8.091549296,1954.759092,1602.721191,9,28.34398977,10,8,6.5,6.5,3.5
554063.437,5265934.957,1282764.712,202011.9095,57.21395881,68156.59184,8.094339623,8.603773585,4195.467147,2193.561523,9.811320755,16.71624714,10,9,7.833333333,6.5,3.833333333
554313.437,5265934.957,1283584.889,201988.8809,62.55670103,76725.14286,8.72327044,8.459119497,4245.320877,2193.561523,9.622641509,13.28751432,10,8.8,7.6,6.6,3.6
554563.437,5265934.957,1284405.066,201965.8527,60.46268657,87566.69388,9.183544304,8.411392405,3909.046321,2033.800049,9.405063291,16.50172216,10,8.5,7,6.5,3.75
554813.437,5265934.957,1285225.242,201942.8248,59.92431193,97870.75,9.358490566,8.421383648,3525.218793,2033.800049,9.220125786,21.56536697,10,8.5,7,6.5,3.75
555063.437,5265934.957,1286045.419,201919.7973,58.69965478,105814.0227,9.51572327,8.427672956,3066.512285,2033.800049,9.056603774,23.73762946,10,8.333333333,7,6.666666667,3.666666667
555313.437,5265934.957,1286865.595,201896.77,54.89117984,112419.6053,9.565217391,8.434782609,2880.004005,1818.26062,9,27.06414662,10,8,6.5,6.5,3.5
555563.437,5265934.957,1287685.771,201873.7431,54.13043478,117273.2903,9.602484472,8.397515528,2770.197666,1602.721191,9,25.48283753,10,8,6.5,6.5,3.5
555813.437,5265934.957,1288505.946,201850.7166,50.66233766,120403.5,9.615942029,8.384057971,2639.969521,1602.721191,9,25.70418848,10,8,6.5,6.5,3.5
554313.437,5265684.957,1283561.861,201168.7038,62.07208238,72588.44898,8.211180124,8.745341615,4481.234276,2193.561523,9.472049689,12.09954233,10,8.8,7.6,6.6,3.6
554563.437,5265684.957,1284382.038,201145.6759,62.39633448,83844.30612,9.056603774,8.735849057,4229.371981,2033.800049,9.188679245,14.68041237,10,8.5,7,6.5,3.75
554813.437,5265684.957,1285202.215,201122.6482,59.68505747,94364.06383,9.163522013,8.748427673,3983.636479,2033.800049,9.088050314,20.63793103,10,8.333333333,7,6.666666667,3.666666667
555063.437,5265684.957,1286022.391,201099.621,58.85206422,101313.0476,9.238993711,8.754716981,3767.830803,2033.800049,9.006289308,22.85206422,10,8.333333333,7,6.666666667,3.666666667
555313.437,5265684.957,1286842.568,201076.594,56.03207331,107388.1667,9.253164557,8.746835443,3684.332335,2033.800049,9,25.98969072,10,8,6.5,6.5,3.5
555563.437,5265684.957,1287662.744,201053.5674,51.09184845,111477.7143,9.284810127,8.715189873,3497.30481,1602.721191,9,25.89322618,10,8,6.5,6.5,3.5
549563.437,5267684.957,1268162.729,208167.743,69.85365854,86372.17647,8.912280702,10,507.314678,105.2635422,10,1.323577236,10,10,9.5,8,3.5
549563.437,5267434.957,1268139.693,207347.5634,67.91947566,82359.25806,8.88,10,605.3111682,105.2635422,10,1.898876404,10,10,9.666666667,8,3.666666667
549563.437,5267184.957,1268116.657,206527.3835,62.31981982,77723.13793,8.87804878,10,735.8448698,196.0500946,10,2.265765766,10,10,9.666666667,8,3.666666667
549813.437,5267184.957,1268936.837,206504.3479,73.07604017,76392.08108,9.031496063,10,493.9309635,196.0500946,10,1.286944046,10,10,9.666666667,8,3.666666667
549563.437,5266934.957,1268093.621,205707.2033,73.38704319,70955.44444,9.256880734,10,581.7100981,196.0500946,10,0.893687708,10,10,9.666666667,8,3.666666667
549813.437,5266934.957,1268913.802,205684.1679,73.38704319,71655,9.256880734,10,581.7100981,196.0500946,10,0.893687708,10,10,9.666666667,8,3.666666667
549813.437,5266684.957,1268890.767,204863.9876,72.22178218,64742.74194,9.569892473,10,683.7614935,196.0500946,10,0.328712871,10,10,9.666666667,8,3.666666667
550063.437,5266684.957,1269710.947,204840.9527,78.69044415,65486.57895,9.684210526,10,391.9504845,196.0500946,10,0.519515478,10,10,9.666666667,8,3.666666667
549813.437,5266434.957,1268867.732,204043.8069,79.81089259,59135.57143,9.975,10,461.4971183,56.90570831,10,0.455370651,10,10,9.5,8,4
550063.437,5266434.957,1269687.913,204020.7723,79.81089259,59950.08571,9.975,10,461.4971183,56.90570831,10,0.455370651,10,10,9.5,8,4
549813.437,5266184.957,1268844.697,203223.6259,79.43794326,55397.28,9.970873786,10,528.195343,56.90570831,10,0.290780142,10,10,9.5,8,4
550063.437,5266184.957,1269664.878,203200.5916,79.43794326,54667.90625,9.970873786,10,528.195343,56.90570831,10,0.290780142,10,10,9.5,8,4
550063.437,5265934.957,1269641.844,202380.4105,79.45,53730.78571,9.965116279,10,662.2812576,56.90570831,10,0.360869565,10,10,9.333333333,8,3.333333333
550313.437,5265934.957,1270462.025,202357.3768,83.7146933,53397.22857,9.976923077,10,391.794942,152.5316963,10,0.362339515,10,10,9.333333333,8,3.333333333
550063.437,5265684.957,1269618.81,201560.2292,81.82291667,54008.75,9.942307692,9.971153846,550.3476082,183.2255802,10,0.309027778,10,9.75,9.25,8,3.5
550313.437,5265684.957,1270438.992,201537.1956,81.82291667,53645.16129,9.942307692,9.971153846,550.3476082,183.2255802,10,0.309027778,10,9.75,9.25,8,3.5
550313.437,5265434.957,1270415.959,200717.0142,79.26252983,53949.42308,9.896103896,9.935064935,728.9786659,213.9194641,10,0.386634845,10,9.75,9.25,8,3.5
549813.437,5267434.957,1268959.873,207324.5276,74.96516129,81145.66667,8.916083916,10,419.5976578,105.2635422,10,1.406451613,10,10,10,8,3.5
550063.437,5267434.957,1269780.052,207301.492,86.60779817,81602.2,9,10,311.9949951,105.2635422,10,0.94266055,10,10,10,8,3.5
550313.437,5267434.957,1270600.231,207278.4568,87.77319588,81641.40816,9,10,311.9949951,181.538763,10,0.457044674,10,10,10,8,3.5
550563.437,5267434.957,1271420.41,207255.4219,88.07674685,83297.16327,9,10,311.9949951,117.1866608,10,0.218785796,10,10,10,8,3.5
550813.437,5267434.957,1272240.589,207232.3873,86.73394495,84557.2449,9,10,311.9949951,117.1866608,10,2.769495413,10,10,10,8,2.666666667
550063.437,5267184.957,1269757.017,206481.3126,81.2,76625.97674,9.120253165,10,319.489832,196.0500946,10,0.769942197,10,10,10,8,3.5
550313.437,5267184.957,1270577.196,206458.2776,87.33639495,76196.74468,9.182389937,10,297.6049957,307.6547546,10,0.48564868,10,10,10,8,3.5
550563.437,5267184.957,1271397.376,206435.243,87.88735632,77786.91837,9.176100629,10,299.4037457,307.6547546,10,0.128735632,10,10,10,8,3.5
550813.437,5267184.957,1272217.555,206412.2086,86.46720368,80486.79592,9.15,10,301.529541,307.6547546,10,2.500575374,10,10,10,8,2.666666667
551063.437,5267184.957,1273037.733,206389.1746,77.20574713,82605.28571,9.06918239,10,306.8947422,307.6547546,10,6.797701149,10,10,10,8,2.666666667
551313.437,5267184.957,1273857.912,206366.1409,67.82413793,84723.77551,9,10,680.2255953,297.7525635,10,13.17011494,10,10,10,8,2.666666667
550063.437,5266934.957,1269733.982,205661.1328,79.20736196,71164.26829,9.389261745,10,350.8316281,196.0500946,10,0.598773006,10,10,10,8,3.5
550313.437,5266934.957,1270554.162,205638.0981,86.78555046,70719,9.4875,10,270.1331787,251.8524246,10,0.61353211,10,10,10,8,3.5
550563.437,5266934.957,1271374.341,205615.0637,87.20344828,72214.34694,9.465408805,10,271.1929715,307.6547546,10,0.579310345,10,10,10,8,3.5
550813.437,5266934.957,1272194.52,205592.0296,86.26291619,74914.22449,9.398734177,10,279.2904511,307.6547546,10,1.649827784,10,10,10,8,2.666666667
551063.437,5266934.957,1273014.7,205568.9958,81.06407323,77676.42857,9.301886792,10,314.2129826,302.7036591,10,5.225400458,10,10,10,8,2.666666667
551313.437,5266934.957,1273834.878,205545.9624,72.21724138,80390.44898,9.158227848,10,774.5779761,297.7525635,10,9.682758621,10,10,10,8,2.666666667
551563.437,5266934.957,1274655.057,205522.9293,63.63802978,83114.91837,9.043478261,10,1624.642016,297.7525635,10,14.57617411,10,10,10,8,2.666666667
550313.437,5266684.957,1270531.127,204817.9183,86.20298165,65430.59091,9.795031056,10,237.0932034,307.6547546,10,0.629587156,10,10,10,8,3.5
550563.437,5266684.957,1271351.307,204794.8841,86.79223744,66881.875,9.776397516,10,240.2248732,307.6547546,10,0.874429224,10,10,10,8,3.5
550813.437,5266684.957,1272171.487,204771.8502,86.34712644,69279.32653,9.708860759,10,244.8416646,307.6547546,10,1.396551724,10,10,10,8,2.666666667
551063.437,5266684.957,1272991.666,204748.8167,82.62916188,71931.02041,9.58490566,10,346.784576,307.6547546,10,4.838117107,10,10,10,8,2.666666667
551313.437,5266684.957,1273811.845,204725.7835,75.90732265,75489.30612,9.398734177,10,810.2402496,297.7525635,10,8.625858124,10,10,10,8,2.666666667
551563.437,5266684.957,1274632.024,204702.7506,69.79977117,78809.30612,9.202531646,10,1595.659588,297.7525635,10,11.95995423,10,10,10,7.5,2.5
551813.437,5266684.957,1275452.203,204679.7181,62.08390805,80513.61224,9.050632911,10,2333.389066,297.7525635,10,17.41264368,10,10,10,7.5,2.5
550313.437,5266434.957,1270508.093,203997.7381,84.21052632,60549.02381,10,10,239.5184872,202.1920605,10,0.501754386,10,10,10,8,4
550563.437,5266434.957,1271328.273,203974.7042,87.23617512,62216.10638,10,10,215.13923,248.1576843,10,0.899769585,10,10,10,8,4
550813.437,5266434.957,1272148.453,203951.6706,85.56091954,63582.10204,9.955696203,10,216.4977264,248.1576843,10,2.068965517,10,10,10,8,2.666666667
551063.437,5266434.957,1272968.633,203928.6373,84.57126437,66171.46939,9.82278481,10,321.4023923,248.1576843,10,3.048275862,10,10,10,8,2.666666667
551313.437,5266434.957,1273788.812,203905.6043,80.49828571,69681.57143,9.627329193,10,719.4517547,298.4552612,10,5.756571429,10,10,10,7.5,2.5
551563.437,5266434.957,1274608.992,203882.5717,74.00114679,72828.73469,9.426751592,10,1406.047553,298.4552612,10,9.583715596,10,10,10,7.5,2.5
551813.437,5266434.957,1275429.171,203859.5394,66.51029748,74674.95918,9.194968553,9.981132075,2062.874962,298.4552612,10,15.10297483,10,10,10,7.333333333,2.333333333
552063.437,5266434.957,1276249.349,203836.5074,58.8543578,75954,8.99378882,9.962732919,2704.059759,1687.569458,10,19.79357798,10,10,10,7.333333333,2.333333333
550313.437,5266184.957,1270485.059,203177.5576,82.96981132,55283.13158,10,10,296.5923996,152.5316963,10,0.48427673,10,10,10,8,4
550563.437,5266184.957,1271305.24,203154.5239,87.82265446,56635.97778,10,10,211.2649994,248.1576843,10,0.733409611,10,10,10,8,4
550813.437,5266184.957,1272125.42,203131.4906,86.66743119,58679.44898,10,10,211.2649994,248.1576843,10,1.797018349,10,10,10,8,4
551063.437,5266184.957,1272945.6,203108.4575,85.03780069,61208,10,10,211.2649994,248.1576843,10,2.623138603,10,10,10,8,2.5
551313.437,5266184.957,1273765.78,203085.4248,82.59564719,64607.59184,9.8625,10,555.4805977,298.4552612,10,4.191294387,10,10,10,7.333333333,2.333333333
551563.437,5266184.957,1274585.959,203062.3924,76.14580941,67148.77551,9.608695652,9.97515528,1165.691282,298.4552612,10,7.616532721,10,10,10,7.333333333,2.333333333
551813.437,5266184.957,1275406.138,203039.3604,70.57159221,68884.4898,9.318471338,9.923566879,1784.154333,298.4552612,10,10.26918671,10,10,10,7.333333333,2.333333333
552063.437,5266184.957,1276226.318,203016.3286,62.35862069,70367.77551,9,9.848101266,2343.575999,1687.569458,10,16.67126437,10,10,10,7.333333333,2.333333333
550563.437,5265934.957,1271282.206,202334.3433,86.77880184,53201.97561,10,10,211.2649994,248.1576843,10,0.383640553,10,10,10,8,4
550813.437,5265934.957,1272102.387,202311.3102,88.31802526,55806.02174,10,10,211.2649994,248.1576843,10,0.621125144,10,10,10,8,4
551063.437,5265934.957,1272922.567,202288.2774,84.13924051,56292.22449,10,10,211.2649994,248.1576843,10,3.311852704,10,10,10,8,4
551313.437,5265934.957,1273742.747,202265.245,81.34597701,58675.20408,9.97515528,10,276.9026019,298.4552612,10,4.204597701,10,10,10,7.333333333,2.333333333
551563.437,5265934.957,1274562.927,202242.2128,76.52637615,61168.20408,9.798742138,9.962264151,726.6035527,298.4552612,10,5.338302752,10,10,10,7.333333333,2.333333333
551813.437,5265934.957,1275383.107,202219.181,71.9382151,63346.44898,9.462025316,9.867088608,1256.348018,298.4552612,10,6.851258581,10,10,10,7.333333333,2.333333333
552063.437,5265934.957,1276203.286,202196.1496,63.60160735,64113.2449,9.093167702,9.739130435,1860.228096,1687.569458,10,13.17221584,10,10,10,7.333333333,2.333333333
552313.437,5265934.957,1277023.465,202173.1184,61.95637199,64618.73469,8.7375,9.6,2377.027581,1687.569458,10,19.39035591,10,10,9.75,7,3
550563.437,5265684.957,1271259.173,201514.1624,84.42893401,53388.59459,9.951048951,9.972027972,312.6624885,248.2759933,10,0.420050761,10,10,9.5,8,3
550813.437,5265684.957,1272079.354,201491.1296,86.88978186,53230.78571,10,10,211.2649994,248.2759933,10,0.655568312,10,10,10,8,4
551063.437,5265684.957,1272899.535,201468.097,83.74397245,53951,10,10,211.2649994,238.3900223,10,3.890929966,10,10,10,8,4
551313.437,5265684.957,1273719.715,201445.0648,79.60411899,55399.77551,10,10,211.2649994,158.5528412,10,4.756292906,10,10,10,8,4
551563.437,5265684.957,1274539.895,201422.0329,74.09885057,56876.16327,9.955974843,9.981132075,334.6867948,228.5040512,10,4.833333333,10,10,10,7,3
551813.437,5265684.957,1275360.075,201399.0014,72.80756014,58400.2449,9.628930818,9.849056604,783.7424953,158.5528412,10,4.465063001,10,10,10,7,3
552063.437,5265684.957,1276180.255,201375.9701,68.02863688,59419.46939,9.238993711,9.679245283,1362.469332,576.2669525,10,7.647193585,10,10,10,7.333333333,2.333333333
552313.437,5265684.957,1277000.434,201352.9392,64.17816092,59270.79592,8.805031447,9.48427673,1931.754651,924.0298538,10,14.71034483,10,10,10,7.333333333,2.333333333
552563.437,5265684.957,1277820.614,201329.9087,61.9586682,58608.38776,8.425,9.29375,2470.507626,160.4902496,10,20.05396096,10,10,9.75,7,3
550563.437,5265434.957,1271236.14,200693.9812,82.87598116,53669.125,9.915254237,9.940677966,476.5677029,248.3943024,10,0.527472527,10,10,9.5,8,3
550813.437,5265434.957,1272056.321,200670.9486,82.87654321,53415.52632,9.946308725,9.946308725,291.1396575,248.3943024,10,0.756790123,10,10,9.5,8,3
551063.437,5265434.957,1272876.502,200647.9163,83.18965517,52286.71429,10,10,211.2649994,248.3943024,10,3.755172414,10,10,10,8,4
551313.437,5265434.957,1273696.683,200624.8843,80.08850575,52061.95652,10,10,211.2649994,158.5528412,10,4.673563218,10,10,10,8,4
551563.437,5265434.957,1274516.864,200601.8527,73.11569301,53848.34694,10,10,211.2649994,158.5528412,10,4.623138603,10,10,10,8,4
551813.437,5265434.957,1275337.044,200578.8214,72.74828375,54418.14286,9.898734177,9.949367089,392.0952795,158.5528412,10,3.422196796,10,10,10,7,3
552063.437,5265434.957,1276157.224,200555.7904,71.75806452,55035.63265,9.518987342,9.759493671,831.1602892,159.5215454,10,2.781105991,10,10,10,7,3
552313.437,5265434.957,1276977.404,200532.7597,67.79334099,55400.69388,9,9.5,1432.908872,160.4902496,10,9.8163031,10,10,10,7,3
552563.437,5265434.957,1277797.583,200509.7294,65.63291139,54419.46939,8.5375,9.275,2004.694315,160.4902496,10,16.00345224,10,10,10,7,3
552813.437,5265434.957,1278617.763,200486.6994,62.76430206,52571.40816,8.163522013,9.088050314,2475.494956,1184.166878,10,19.39588101,10,10,10,7,3
550563.437,5265184.957,1271213.107,199873.7997,79.8388521,53966.55556,9.853658537,9.890243902,738.6944679,248.3943024,10,0.375275938,10,9.666666667,9.333333333,8,3.333333333
550813.437,5265184.957,1272033.289,199850.7673,80.2453125,53669.125,9.922413793,9.922413793,507.8935375,248.3943024,10,0.7015625,10,10,9.5,8,3
551063.437,5265184.957,1272853.47,199827.7352,80.76368159,52727.40541,9.952054795,9.952054795,306.8725447,248.3943024,10,2.921641791,10,10,9.5,8,3
551313.437,5265184.957,1273673.651,199804.7035,83.03908046,52918.12195,10,10,211.2649994,158.5528412,10,3.564367816,10,10,10,8,4
551563.437,5265184.957,1274493.832,199781.6721,79.09392898,52969.73333,10,10,211.2649994,158.5528412,10,3.3069874,10,10,10,8,4
551813.437,5265184.957,1275314.013,199758.6411,74.7543054,53202.04167,10,10,211.2649994,158.5528412,10,1.927669346,10,10,10,8,4
552063.437,5265184.957,1276134.193,199735.6103,74.50572082,53796.53061,9.849056604,9.924528302,458.6345601,159.5215454,10,0.827231121,10,10,10,7,3
552313.437,5265184.957,1276954.373,199712.5799,73.18004587,53197.4898,9.433962264,9.716981132,943.8594677,160.4902496,10,5.525229358,10,10,10,7,3
552563.437,5265184.957,1277774.553,199689.5499,69.26002291,52027.65306,8.943396226,9.471698113,1571.797583,160.4902496,10,10.930126,10,10,10,7,3
552813.437,5265184.957,1278594.733,199666.5201,67.13371429,49928.12245,8.4625,9.23125,2116.010617,1184.166878,10,14.45714286,10,10,10,7,3
553063.437,5265184.957,1279414.912,199643.4907,62.74971297,49609.40816,8.086956522,9.043478261,2527.847507,2207.843506,10,17.01033295,10,10,10,7,3
550813.437,5264934.957,1272010.257,199030.5856,78.67472527,53008.5,9.871794872,9.871794872,730.4502772,248.3943024,10,0.450549451,10,10,9.5,8,3
551063.437,5264934.957,1272830.439,199007.5538,77.97040498,53345.90323,9.913793103,9.913793103,495.5036477,248.3943024,10,1.848909657,10,10,9.5,8,3
551313.437,5264934.957,1273650.62,198984.5224,79.1957606,53946.19444,9.9375,9.9375,308.1305387,158.5528412,10,2.5,10,10,9.5,8,3
551563.437,5264934.957,1274470.801,198961.4912,83.01145475,54340.45,9.98757764,9.98757764,211.2649994,158.5528412,10,2.364261168,10,10,10,8,4
551813.437,5264934.957,1275290.982,198938.4604,81.79908152,54263.93182,10,10,211.2649994,158.5528412,10,0.784156142,10,10,10,8,4
552063.437,5264934.957,1276111.163,198915.4299,79.18785796,54418.57447,10,10,211.2649994,159.5215454,10,0.478808706,10,10,10,7,3
552313.437,5264934.957,1276931.343,198892.3998,76.36050517,54033.32653,9.734177215,9.867088608,538.6431524,160.4902496,10,2.340987371,10,10,10,7,3
552563.437,5264934.957,1277751.523,198869.37,72.70310702,54074.28571,9.34591195,9.672955975,1065.958546,160.4902496,10,6.669735328,10,10,10,7,3
552813.437,5264934.957,1278571.703,198846.3405,69.23678161,52808.26531,8.819875776,9.409937888,1627.768861,1008.201393,10,10.68505747,10,10,10,7,3.666666667
553063.437,5264934.957,1279391.883,198823.3113,65.23596793,51852.18367,8.405063291,9.202531646,2175.533918,1855.912537,10,14.23482245,10,10,10,7,3.5
551063.437,5264684.957,1272807.407,198187.3721,72.82432432,54167.32,9.8625,9.8625,743.7627202,248.3943024,10,1.346846847,10,10,9.5,8,3
551313.437,5264684.957,1273627.589,198164.3409,76.0488959,54829.06667,9.902654867,9.902654867,521.3766528,158.5528412,10,1.82807571,10,10,9.333333333,8,3
551563.437,5264684.957,1274447.77,198141.31,79.58638083,55668.54286,9.931034483,9.937931034,317.7645436,158.5528412,9.993103448,1.41740227,10,10,9.333333333,8,3
551813.437,5264684.957,1275267.952,198118.2794,83.20412844,55896.25641,9.955414013,9.98089172,211.2649994,158.5528412,9.974522293,1.292431193,10,10,10,8,4
552063.437,5264684.957,1276088.133,198095.2492,80.97940503,55882.68182,9.974683544,10,211.2649994,159.5215454,9.974683544,0.640732265,10,10,10,8,4
552313.437,5264684.957,1276908.313,198072.2193,79.54994259,55944,9.968944099,10,211.2649994,160.4902496,9.968944099,0.825487945,10,10,10,7,3
552563.437,5264684.957,1277728.494,198049.1897,76.33295063,56184.67347,9.66875,9.84375,603.0639397,160.4902496,9.98125,2.894374282,10,10,10,7,3
552813.437,5264684.957,1278548.674,198026.1605,72.19908467,55712.85714,9.215189873,9.607594937,1188.057624,832.2359085,10,6.939359268,10,10,10,7,3.666666667
553063.437,5264684.957,1279368.854,198003.1316,68.52468427,55647.79592,8.7125,9.3625,1744.960312,1503.981567,9.9875,11.53731343,10,10,10,7,3.5
553313.437,5264684.957,1280189.034,197980.103,59.20962199,56188.95918,8.088050314,9.194968553,2434.89499,1503.981567,9.924528302,17.19702176,10,10,10,7,3.5
551563.437,5264434.957,1274424.74,197321.1284,75.6828479,57281.93333,9.810810811,9.918918919,565.3199993,158.5528412,9.900900901,1.66828479,10,10,9.333333333,8,3
551813.437,5264434.957,1275244.921,197298.0981,79.57642487,57771,9.753521127,9.957746479,355.8735643,158.5528412,9.809859155,1.35880829,10,10,9.333333333,8,3
552063.437,5264434.957,1276065.103,197275.0681,82.19036697,57333.12821,9.716981132,9.987421384,243.3827834,159.5215454,9.742138365,0.736238532,10,10,10,8,4
552313.437,5264434.957,1276885.284,197252.0385,81.13287514,58160,9.757961783,10,229.6637861,160.4902496,9.757961783,0.41580756,10,10,10,8,4
552563.437,5264434.957,1277705.465,197229.0092,80.60964409,59601.6875,9.75,9.975,316.6291537,160.4902496,9.8,0.593570608,10,10,10,7,3.666666667
552813.437,5264434.957,1278525.645,197205.9802,75.4489093,59905.38776,9.465408805,9.786163522,790.7937649,832.2359085,9.893081761,4.203214696,10,10,10,7,3.666666667
553063.437,5264434.957,1279345.826,197182.9515,68.65521191,60063.28571,9.095541401,9.585987261,1344.491693,1503.981567,9.923566879,10.03436426,10,10,10,7,3.5
553313.437,5264434.957,1280166.006,197159.9232,62.02974828,59902.30612,8.556962025,9.455696203,1999.846024,1503.981567,9.778481013,17.67963387,10,10,10,7,3.5
551813.437,5264184.957,1275221.891,196477.9164,77.43581081,59734.8,9.518518519,9.953703704,598.1317471,158.5528412,9.611111111,1.608108108,10,10,9.333333333,8,3
552063.437,5264184.957,1276042.073,196454.8867,80.17615894,59819.77143,9.427536232,9.985507246,426.3587235,160.4902496,9.485507246,1,10,10,9.333333333,8,3
552313.437,5264184.957,1276862.254,196431.8573,80.0764774,60318.12195,9.41875,10,290.2561315,160.4902496,9.44375,0.65585168,10,10,9.5,8,3.5
552563.437,5264184.957,1277682.436,196408.8283,81.11021814,61664.08889,9.556962025,10,248.5343366,160.4902496,9.556962025,0.305396096,10,10,10,7,3.666666667
552813.437,5264184.957,1278502.617,196385.7995,78.49885057,63120.36735,9.54375,9.9125,506.9519272,160.4902496,9.71875,1.703448276,10,10,10,7,3.666666667
553063.437,5264184.957,1279322.797,196362.7711,71.08342857,63859.34694,9.33125,9.79375,915.1640589,1503.981567,9.74375,8.101714286,10,10,10,7,3.666666667
553313.437,5264184.957,1280142.978,196339.7431,61.84615385,64598.32653,9.082278481,9.734177215,1493.040594,846.272728,9.613924051,17.39954076,10,10,10,7,3.4
552063.437,5263934.957,1276019.044,195634.705,76.44387755,61371.16129,9.100917431,9.990825688,646.71161,29.61944962,9.201834862,0.773809524,10,10,9.5,7.75,3
552313.437,5263934.957,1276839.225,195611.6758,78.79036458,62692.73684,9.097902098,10,442.772851,29.61944962,9.167832168,0.584635417,10,10,9.5,7.75,3
552563.437,5263934.957,1277659.407,195588.647,79.15040184,64405.69767,9.289308176,10,283.3506351,29.61944962,9.301886792,0.354764638,10,10,10,7.5,3.5
552813.437,5263934.957,1278479.588,195565.6185,81.41972477,65963.04255,9.496855346,9.987421384,316.6747255,29.61944962,9.522012579,0.427752294,10,10,10,7,3.5
553063.437,5263934.957,1279299.769,195542.5904,75.34857143,67335.63265,9.434782609,9.913043478,681.7180563,188.5638886,9.608695652,5.125714286,10,10,10,7,3.5
553313.437,5263934.957,1280119.95,195519.5626,62.21058688,68655.69388,9.329113924,9.905063291,1122.739564,188.5638886,9.518987342,16.38434983,10,10,10,7,3.5
553563.437,5263934.957,1280940.13,195496.5352,54.99541284,69018.67347,9.08125,9.93125,1566.521354,188.5638886,9.2375,23.52178899,10,10,10,7.333333333,4
552063.437,5263684.957,1275996.014,194814.5229,77.06112853,64538.03571,8.922413793,10,585.5441609,29.61944962,9,0.487460815,10,10,9.5,7.75,3
552313.437,5263684.957,1276816.197,194791.494,77.06112853,64592.82857,8.922413793,10,585.5441609,29.61944962,9,0.487460815,10,10,9.5,7.75,3
552563.437,5263684.957,1277636.378,194768.4654,78.70293399,65852.02439,9.092715232,10,372.8582974,29.61944962,9.132450331,0.319070905,10,10,10,7.5,3.5
552813.437,5263684.957,1278456.56,194745.4372,83.09873708,67739.80435,9.339622642,10,268.1939119,109.0916691,9.339622642,0.135476464,10,10,10,7.333333333,4
553063.437,5263684.957,1279276.741,194722.4093,80.4954023,69562.77551,9.378881988,9.98757764,518.3687746,188.5638886,9.403726708,1.995402299,10,10,10,7.333333333,4
553313.437,5263684.957,1280096.922,194699.3818,64.61811927,71773.85714,9.316455696,9.981012658,860.4347627,188.5638886,9.35443038,14.61353211,10,10,10,7.333333333,4
553563.437,5263684.957,1280917.103,194676.3546,55.83963345,73356.57143,9.164556962,9.993670886,1263.472654,188.5638886,9.17721519,23.30927835,10,10,10,7.333333333,4
552313.437,5263434.957,1276793.168,193971.3118,73.57475728,65767.5,8.914893617,10,713.1687927,29.61944962,9,0.33592233,10,10,9.5,7.75,3
552563.437,5263434.957,1277613.35,193948.2835,78.79973118,66667.87179,9,10,443.1579551,29.61944962,9.04379562,0.176075269,10,10,10,7.5,3.5
552813.437,5263434.957,1278433.532,193925.2556,83.03559127,68519.88889,9.175,10,284.1792701,29.61944962,9.175,0.129735936,10,10,10,7.333333333,4
553063.437,5263434.957,1279253.714,193902.2279,81.66018307,70332.08333,9.257861635,10,377.4788563,188.5638886,9.257861635,0.940503432,10,10,10,7.333333333,4
553313.437,5263434.957,1280073.895,193879.2007,67.97477064,72800.04082,9.221518987,10,708.8348273,188.5638886,9.221518987,11.98853211,10,10,10,7.333333333,4
553563.437,5263434.957,1280894.076,193856.1737,54.88863375,75282.71429,9.106918239,10,1132.181803,188.5638886,9.106918239,22.51205511,10,10,10,7.333333333,4
552313.437,5263184.957,1276770.14,193151.1293,75.53003003,66202.62069,8.974789916,10,538.6440938,70.92152596,9.008403361,0.328828829,10,10,9.5,7.75,3
552563.437,5263184.957,1277590.322,193128.1013,75.53003003,66723.75,8.974789916,10,538.6440938,70.92152596,9.008403361,0.328828829,10,10,9.666666667,7.666666667,3.333333333
552813.437,5263184.957,1278410.504,193105.0736,78.73310023,68338.47619,9.032051282,10,320.9423411,112.2236023,9.044871795,0.317016317,10,10,10,7.5,3.5
553063.437,5263184.957,1279230.686,193082.0462,81.55912744,70736.8125,9.106918239,10,308.9567708,92.45249939,9.106918239,0.586681975,10,10,10,7.333333333,4
546813.437,5289934.957,1261192.174,281416.2497,34.95539906,120000,8,4,1404.262939,509.6290436,5,32.87893462,7,8,4.5,5,4
546563.437,5289684.957,1260348.955,280619.1506,34.95539906,120000,8,4,1404.262939,509.6290436,5,32.87893462,7,8,4.5,5,4
546813.437,5289684.957,1261169.114,280596.0908,34.95539906,119082.64,8,4,1404.262939,509.6290436,5,32.87893462,7,8,4.5,5,4
547063.437,5289934.957,1262012.332,281393.1898,34.95539906,119522.2083,8,4,1404.262939,509.6290436,5,32.87893462,7,9,6,5,3
547063.437,5289684.957,1261989.273,280573.0312,34.95539906,118088.8333,8,4,1404.262939,509.6290436,5,32.87893462,7,9,6,5,3
547313.437,5289934.957,1262832.491,281370.1302,38.71719457,118676.8846,8,4,1404.262939,505.6065369,5,31.93023256,7,9,5.5,5.5,2
547313.437,5289684.957,1262809.431,280549.9718,38.71719457,117976.4118,8,4,1404.262939,505.6065369,5,31.93023256,7,9,6,5,3
547563.437,5289934.957,1263652.649,281347.0708,40.25225225,118676.8846,8,4,1404.262939,505.6065369,5,32.87935035,7,9,5.5,5.5,2
547563.437,5289684.957,1263629.589,280526.9127,40.25225225,116929.4,8,4,1404.262939,505.6065369,5,32.87935035,7,9,6,5,3
547813.437,5289934.957,1264472.807,281324.0116,41.88340807,115702.3462,8,4,1404.262939,505.6065369,5,34.97695853,7,9,5.5,5.5,2
547813.437,5289684.957,1264449.748,280503.8537,41.88340807,113427.1176,8,4,1404.262939,505.6065369,5,34.97695853,7,9,6,5,3
548063.437,5289934.957,1265292.964,281300.9526,42.65478842,111348.84,8,4,1404.262939,1240.354004,5,36.86009174,7,9,6.333333333,5.666666667,1.666666667
548063.437,5289684.957,1265269.905,280480.7949,42.65478842,108888.2727,8,4,1404.262939,1240.354004,5,36.86009174,7,9,7,5.5,2
548313.437,5289934.957,1266113.122,281277.8938,42.53020134,105620.48,7.872093023,4,1584.260235,1240.354004,4.872093023,38.65127021,6.744186047,9,7,5.75,1.5
548313.437,5289684.957,1266090.063,280457.7364,42.53020134,104065.75,7.872093023,4,1584.260235,1240.354004,4.872093023,38.65127021,6.744186047,9,7,5.5,2
548563.437,5289934.957,1266933.279,281254.8352,41.59201774,99334.76,7.654761905,4,1823.032157,1240.354004,4.654761905,37.98636364,6.30952381,9,7,5.75,1.5
548563.437,5289684.957,1266910.221,280434.678,41.59201774,98663.3125,7.654761905,4,1823.032157,1240.354004,4.654761905,37.98636364,6.30952381,9,7,5.5,2
548813.437,5289934.957,1267753.436,281231.7768,48.60706402,96115.92,7.329268293,4,2112.326834,1205.137451,4.329268293,31.72789116,5.658536585,9,7,5.75,1.5
548813.437,5289684.957,1267730.378,280411.6199,48.60706402,96071.5,7.329268293,4,2112.326834,1205.137451,4.329268293,31.72789116,5.658536585,9,7,5.5,2
546563.437,5289434.957,1260325.895,279798.9914,29.88100209,118623.96,8,4,1404.262939,231.4132996,5,37.04051173,7,9,6,5,3
546813.437,5289434.957,1261146.054,279775.9318,29.88100209,117780.5806,8,4,1404.262939,231.4132996,5,37.04051173,7,9,6,5,3
547063.437,5289434.957,1261966.213,279752.8724,34.27022901,117133.25,8,4,1404.262939,368.5099182,5,35.21428571,7,9.5,6.5,5.5,4
547313.437,5289434.957,1262786.372,279729.8133,36.33145275,117203.1707,8,4,1404.262939,505.6065369,5,36.68338109,7,9.5,6.5,5.5,4
547563.437,5289434.957,1263606.531,279706.7543,34.69338959,116076.0476,8,4,1395.382745,505.6065369,4.968992248,40.29101284,6.937984496,9.5,6.5,5.5,4
547813.437,5289434.957,1264426.689,279683.6956,36.29494382,112207.7561,8,4,1368.274783,505.6065369,4.887218045,41.7037037,6.77443609,9.5,6.5,5.5,4
548063.437,5289434.957,1265246.847,279660.6371,38.97183099,107466,8,4,1351.664865,1240.354004,4.894736842,40.66285714,6.789473684,9.333333333,7,5.666666667,3
548313.437,5289434.957,1266067.005,279637.5787,41.38881119,102775.1026,7.893939394,4,1508.242152,1240.354004,4.856060606,39.96022727,6.712121212,9,7,5.5,2
548563.437,5289434.957,1266887.162,279614.5206,41.79776848,98342.33333,7.65648855,4,1762.95556,1240.354004,4.65648855,38.37906648,6.312977099,9,7,5.5,2
548813.437,5289434.957,1267707.32,279591.4627,50.13783404,96446.48718,7.364341085,4,2072.173337,1222.745728,4.364341085,30.04279601,5.728682171,9,7,5.5,2
546563.437,5289184.957,1260302.835,278978.8319,29.10610932,116441.2759,8,4,1404.262939,231.4132996,5,38.24878837,7,9,6,5,3
546813.437,5289184.957,1261122.995,278955.7725,29.10610932,115859.1389,8,4,1404.262939,231.4132996,5,38.24878837,7,9.5,6.5,5.5,4
547063.437,5289184.957,1261943.154,278932.7134,32.02314251,115904.6429,8,4,1404.262939,368.5099182,5,39.19634146,7,9.5,6.5,5.5,4
547313.437,5289184.957,1262763.313,278909.6545,32.55034325,116096.3404,8,4,1361.527004,505.6065369,4.918238994,41.95652174,6.836477987,9.5,6.5,5.5,4
547563.437,5289184.957,1263583.472,278886.5958,29.77419355,115133.1667,8,4,1267.507947,505.6065369,4.78343949,45.40092166,6.566878981,9.5,6.5,5.5,4
547813.437,5289184.957,1264403.63,278863.5373,30.06995413,110915.8936,8,4,1228.936026,505.6065369,4.734177215,48.9954023,6.46835443,9.5,6.5,5.5,4
548063.437,5289184.957,1265223.789,278840.479,31.63490241,106764.5435,8,4,1258.96076,1240.354004,4.754716981,48.40689655,6.509433962,9.333333333,7,5.666666667,3
548313.437,5289184.957,1266043.947,278817.4209,37.13908046,102683.5111,7.943037975,4,1379.235904,1240.354004,4.803797468,43.91724138,6.607594937,9.333333333,7,5.666666667,3
548563.437,5289184.957,1266864.105,278794.363,42.53793103,98979.13636,7.666666667,4,1729.562759,1240.354004,4.65408805,37.86766398,6.308176101,9,7,5.5,2
548813.437,5289184.957,1267684.262,278771.3053,51.35624284,97149.06818,7.352201258,4,2047.435915,1205.137451,4.352201258,28.88073395,5.704402516,9,7,5.5,2
546313.437,5288934.957,1259459.616,278181.7315,26.41248097,115830.1818,8,4,1404.262939,231.4132996,5,39.6499239,7,9.5,6.5,5.5,4
546563.437,5288934.957,1260279.776,278158.6722,26.41248097,115030.9667,8,4,1404.262939,231.4132996,5,39.6499239,7,9.5,6.5,5.5,4
546813.437,5288934.957,1261099.936,278135.6131,26.41248097,114568.2632,8,4,1404.262939,231.4132996,5,39.6499239,7,9.5,6.5,5.5,4
547063.437,5288934.957,1261920.095,278112.5542,27.71327014,114393.9111,8,4,1366.795818,368.5099182,4.922077922,43.87440758,6.844155844,9.5,6.5,5.5,4
547313.437,5288934.957,1262740.254,278089.4955,29.875,114505.3958,8,4,1253.299636,505.6065369,4.773584906,45.87270642,6.547169811,9.5,6.5,5.5,4
547563.437,5288934.957,1263560.413,278066.437,26.17942857,113594.3469,8,4,1128.976915,505.6065369,4.540880503,48.872,6.081761006,9.5,6.5,5.5,4
547813.437,5288934.957,1264380.572,278043.3787,24.11494253,110437.6939,8,4,1049.055166,682.7316437,4.446540881,52.62758621,5.893081761,9.5,6.5,5.5,4
548063.437,5288934.957,1265200.731,278020.3207,27.96900115,106725.898,8,4,1088.674495,479.3594971,4.51875,52.13432836,6.0375,9.333333333,7,5.666666667,3
548313.437,5288934.957,1266020.889,277997.2628,32.5912744,102660.2292,7.94375,4,1235.213434,859.8567505,4.60625,46.53616533,6.2125,9.333333333,7,5.666666667,3
548563.437,5288934.957,1266841.047,277974.2052,42.38558352,99727.02083,7.670886076,4,1639.295634,479.3594971,4.550632911,37.24370709,6.101265823,9.333333333,7,5.666666667,3
548813.437,5288934.957,1267661.205,277951.1478,51.86222732,98202.5625,7.343949045,4,2030.627153,1029.611084,4.343949045,27.31917336,5.687898089,9.5,7.75,5.75,3.25
546313.437,5288684.957,1259436.557,277361.5714,16.48484848,114266.5,8,4,1311.860917,231.4132996,4.857142857,43.35497836,6.714285714,9.5,6.5,5.5,4
546563.437,5288684.957,1260256.717,277338.5123,16.48484848,113884.2667,8,4,1311.860917,231.4132996,4.857142857,43.35497836,6.714285714,9.5,6.5,5.5,4
546813.437,5288684.957,1261076.877,277315.4534,20.78374656,113059.4474,8,4,1292.168683,231.4132996,4.848484848,45.63498623,6.696969697,9.5,6.5,5.5,4
547063.437,5288684.957,1261897.036,277292.3947,23.26291619,112610.1556,8,4,1239.810733,368.5099182,4.739130435,50.1435132,6.47826087,9.5,6.5,5.5,4
547313.437,5288684.957,1262717.196,277269.3363,27.99542334,112745.3673,8,4,1114.973532,505.6065369,4.550632911,47.79977117,6.101265823,9.5,6.5,5.5,4
547563.437,5288684.957,1263537.355,277246.278,21.75489068,111956.2041,8,4,971.4939753,505.6065369,4.318471338,53.82623705,5.636942675,9.5,6.5,5.5,4
547813.437,5288684.957,1264357.514,277223.22,23.32951945,109588.7143,8,4,848.6957817,505.6065369,4.154320988,53.63844394,5.308641975,9.5,6.5,5.5,4
548063.437,5288684.957,1265177.673,277200.1622,31.0836197,106432.0612,8,4,893.5955617,479.3594971,4.220125786,47.24971363,5.440251572,9.333333333,7,5.666666667,3
548313.437,5288684.957,1265997.831,277177.1046,34.72883295,103743.449,7.918238994,4,1111.240126,479.3594971,4.34591195,44.99656751,5.691823899,9.333333333,7,5.666666667,3
548563.437,5288684.957,1266817.989,277154.0471,41.64261168,100735.7143,7.672955975,4,1504.483005,479.3594971,4.352201258,39.56242841,5.704402516,9.333333333,7,5.666666667,3
548813.437,5288684.957,1267638.148,277130.99,50.03550974,99392.34694,7.408805031,4,1905.381844,754.4852905,4.232704403,29.69530355,5.465408805,9.5,7.75,5.75,3.25
546313.437,5288434.957,1259413.498,276541.4111,14.98979592,112901.381,8,4,1123.739878,231.4132996,4.611764706,45.73877551,6.223529412,9.5,6.5,5.5,4
546563.437,5288434.957,1260233.658,276518.3522,14.98979592,112487.1379,8,4,1123.739878,231.4132996,4.611764706,45.73877551,6.223529412,9.5,6.5,5.5,4
546813.437,5288434.957,1261053.818,276495.2935,16.71146245,111942.1081,8,4,1122.070097,231.4132996,4.569343066,50.43741765,6.138686131,9.5,6.5,5.5,4
547063.437,5288434.957,1261873.978,276472.2351,18.86811927,111399.75,8,4,1053.609112,368.5099182,4.4625,57.18807339,5.925,9.5,6.5,5.5,4
547313.437,5288434.957,1262694.138,276449.1769,20.91418764,110873.2041,8,4,963.4080289,505.6065369,4.310126582,55.45881007,5.620253165,9.5,6.5,5.5,4
547813.437,5288434.957,1264334.456,276403.061,27.44508009,109060.8571,8,4,720.4879761,505.6065369,4,50.92334096,5,9.5,6.5,5.5,4
548063.437,5288434.957,1265154.615,276380.0034,35.78826237,106927.3878,8,4,780.3182854,479.3594971,4.075471698,44.70540852,5.150943396,9.333333333,7,5.666666667,3
548313.437,5288434.957,1265974.774,276356.9461,39.06278539,105127.5714,7.937106918,4,933.8624766,479.3594971,4.176100629,41.78881279,5.352201258,9.333333333,7,5.666666667,3
548563.437,5288434.957,1266794.932,276333.8889,43.54660529,102269.8163,7.7625,4,1256.562131,479.3594971,4.18125,37.82278481,5.3625,9.5,7.75,5.75,3.25
548813.437,5288434.957,1267615.091,276310.832,48.58810069,100842.4082,7.575949367,4,1509.786003,754.4852905,4.101265823,32.56407323,5.202531646,9.5,7.75,5.75,3.25
546563.437,5288184.957,1260210.599,275698.1919,11.97807018,111399.75,8,4,936.4169119,231.4132996,4.358024691,49.07894737,5.716049383,9.5,6.5,5.5,4
546813.437,5288184.957,1261030.76,275675.1334,12.09205021,110762.6944,8,4,933.467063,231.4132996,4.325581395,55.46025105,5.651162791,9.5,6.5,5.5,4
547063.437,5288184.957,1261850.92,275652.0752,13.02285714,110399.7209,8,4,876.2848032,225.788075,4.232704403,62.72914286,5.465408805,9.5,6.5,5.5,4
548313.437,5288184.957,1265951.717,275536.7874,43.48794489,106324.9592,7.981132075,4,798.1406187,869.4717407,4.031446541,37.60619977,5.062893082,9.333333333,7,5.666666667,3
549063.437,5288934.957,1268481.362,277928.0905,62.13157895,96954.52083,7.099378882,4,2272.821316,1117.374268,4.099378882,18.72425629,5.198757764,9.75,8.75,6,3.75
549313.437,5288934.957,1269301.52,277905.0335,65.04701835,95833.85714,7.176100629,4,2361.584196,1029.611084,4,15.92201835,5,9.75,8.75,6,3.75
549063.437,5288684.957,1268458.305,277107.933,60.11556064,98085.73469,7.15,4,2200.355394,1029.611084,4.04375,19.08810069,5.1125,9.75,8.75,6,3.75
549313.437,5288684.957,1269278.463,277084.8762,61.58850575,97433.89796,7.251572327,4,2295.805595,1029.611084,3.943396226,18.02068966,5,9.75,8.75,6,3.75
547563.437,5288434.957,1263514.297,276426.1188,20.00229095,110639.1837,8,4,840.1485947,505.6065369,4.124223602,56.10882016,5.248447205,10,7,6,5
549063.437,5288434.957,1268435.249,276287.7752,58.25887743,99685.77551,7.41509434,4,1856.234047,1029.611084,3.93081761,23.33104238,5.025157233,9.75,8.75,6,3.75
549313.437,5288434.957,1269255.406,276264.7187,56.99199085,99183.91837,7.49375,4,2048.503931,1029.611084,3.78125,22.47940503,5,9.75,8.75,6,3.75
547313.437,5288184.957,1262671.08,275629.0172,13.80114943,109752.8936,8,4,816.9177786,505.6065369,4.130434783,63.97126437,5.260869565,10,7,6,5
547563.437,5288184.957,1263491.239,275605.9594,19.14089347,109235.0612,8,4,746.4541139,320.6805878,4.024844721,59.04352806,5.049689441,10,7,6,5
547813.437,5288184.957,1264311.399,275582.9019,30.17525773,108445.898,8,4,720.4879761,505.6065369,4,49.00687285,5,10,7,6,5
548063.437,5288184.957,1265131.558,275559.8445,35.38100687,107569.6327,8,4,720.4879761,479.3594971,4,44.63043478,5,10,7,6,5
548563.437,5288184.957,1266771.875,275513.7304,47.54639175,103887.9592,7.886075949,4,976.1877434,869.4717407,4.044303797,35.0091638,5.088607595,9.666666667,8.333333333,6,3.333333333
548813.437,5288184.957,1267592.034,275490.6737,51.28669725,102376.5102,7.772151899,4,1178.531971,1014.776215,4.018987342,31.99082569,5.037974684,9.666666667,8.333333333,6,3.333333333
549063.437,5288184.957,1268412.192,275467.6172,60.04372842,101369.8571,7.708860759,4,1516.58548,1160.080688,3.82278481,23.72497123,5,9.666666667,8.333333333,6,3.333333333
549313.437,5288184.957,1269232.35,275444.5609,58.2809633,101017.9796,7.698113208,4,1809.028191,1160.080688,3.635220126,23.15825688,5,9.75,8.75,6,3.75
546563.437,5287934.957,1260187.541,274878.0313,9.188291139,110231.8148,8,4,758.475474,30.37782478,4.053097345,59.59177215,5.10619469,10,7,6,5
546813.437,5287934.957,1261007.701,274854.9731,9.188291139,109882.0588,8,4,758.475474,30.37782478,4.053097345,59.59177215,5.10619469,10,7,6,5
547063.437,5287934.957,1261827.862,274831.9152,10.11084337,110580.2195,8,4,739.2215367,30.37782478,4.026666667,63.44337349,5.053333333,10,7,6,5
547313.437,5287934.957,1262648.022,274808.8574,10.89690722,109859.1304,8,4,729.4850151,135.7546387,4,66.97365407,5,10,7,6,5
547563.437,5287934.957,1263468.182,274785.7998,15.33524027,109543.9184,8,4,720.4879761,135.7546387,4,63.36270023,5,10,7,6,5
547813.437,5287934.957,1264288.341,274762.7425,23.96428571,109543.9184,8,4,720.4879761,135.7546387,4,54.73502304,5,10,7,6,5
548063.437,5287934.957,1265108.501,274739.6854,34.19610092,106661.5714,8,4,720.4879761,1259.583984,4,43.68348624,5,10,7,6,5
548313.437,5287934.957,1265928.66,274716.6285,41.83122847,105972.0408,8,4,720.4879761,1259.583984,4,38.37887486,5,10,7,6,5
548563.437,5287934.957,1266748.819,274693.5718,48.97011494,105506.102,7.993670886,4,741.5120664,1259.583984,4,33.76896552,5,10,7,6,5
548813.437,5287934.957,1267568.977,274670.5153,55.99081516,104144.6327,7.968553459,4,805.6624959,1275.067139,4,29.18484501,5,10,8.5,6,4.5
549063.437,5287934.957,1268389.136,274647.459,62.23279817,103287.9592,7.95625,4,1181.049337,1290.550293,3.775,22.26834862,5,10,8.5,6,4.5
549313.437,5287934.957,1269209.294,274624.403,61.59885057,102852.0408,7.962025316,4,1598.451986,1290.550293,3.493670886,21.21609195,5,10,8.5,6,4.5
549563.437,5287934.957,1270029.452,274601.3472,54.62945915,103054.2653,7.975,4,2012.240849,1407.933472,3.2125,25.14269275,5,10,8.5,6,4.5
546813.437,5287684.957,1260984.643,274034.8126,13.75809524,112098.7097,8,4,720.4879761,30.37782478,4,52.6247619,5,10,7,6,5
547063.437,5287684.957,1261804.804,274011.7549,12.40927152,113747.2105,8,4,720.4879761,83.06623173,4,58.62119205,5,10,7,6,5
547313.437,5287684.957,1262624.964,273988.6973,12.19977038,114161.9773,8,4,720.4879761,135.7546387,4,64.47072331,5,10,7,6,5
547563.437,5287684.957,1263445.124,273965.64,12.15366972,112110.2917,8,4,720.4879761,135.7546387,4,64.68119266,5,10,7,6,5
547813.437,5287684.957,1264265.284,273942.5829,17.21347032,109476.0612,8,4,720.4879761,135.7546387,4,56.02054795,5,10,7,6,5
548063.437,5287684.957,1265085.444,273919.526,26.44087256,105903.9184,8,4,720.4879761,1259.583984,4,43.50516648,5,10,7,6,5
548313.437,5287684.957,1265905.603,273896.4693,32.97813579,104758.6122,8,4,720.4879761,1259.583984,4,39.75949367,5,10,7,6,5
548563.437,5287684.957,1266725.762,273873.4129,44.17910448,102520.6122,8,4,720.4879761,1259.583984,4,32.87256028,5,10,7,6,5
548813.437,5287684.957,1267545.921,273850.3566,53.81121281,103130.2041,8,4,720.4879761,1275.067139,4,28.28604119,5,10,8.5,6,4.5
549063.437,5287684.957,1268366.08,273827.3006,59.4183908,103738.7551,8,4,1092.295085,1290.550293,3.778481013,24.63218391,5,10,8.5,6,4.5
549313.437,5287684.957,1269186.238,273804.2448,61.67314286,104211.8776,8,4,1513.405393,1290.550293,3.49068323,20.792,5,10,8.5,6,4.5
549563.437,5287684.957,1270006.396,273781.1892,55.76261468,103774.9184,8,4,2005.848842,1407.933472,3.16875,24.39793578,5,10,8.5,6,4.5
546813.437,5287434.957,1260961.586,273214.6519,13.48214286,117378.5357,8,4,720.4879761,30.37782478,4,55.29761905,5,10,7,6,5
547063.437,5287434.957,1261781.746,273191.5944,13.48214286,119540.7778,8,4,720.4879761,30.37782478,4,55.29761905,5,9.5,6,6,3.5
547313.437,5287434.957,1262601.907,273168.537,12.98831776,117338.9524,8,4,720.4879761,135.7546387,4,59.86448598,5,9.5,6,6,3.5
547563.437,5287434.957,1263422.067,273145.4799,11.88787185,113169.5957,8,4,720.4879761,135.7546387,4,61.05034325,5,9.5,6,6,3.5
547813.437,5287434.957,1264242.227,273122.4231,10.75057471,110419.1224,8,4,720.4879761,135.7546387,4,56.94367816,5,9.5,6,6,3.5
548063.437,5287434.957,1265062.387,273099.3664,15.87857961,104285.7551,8,4,720.4879761,1259.583984,4,47.09965636,5,10,6.5,6,4.5
548313.437,5287434.957,1265882.547,273076.31,24.62542955,100579.2245,8,4,720.4879761,1259.583984,4,39.94272623,5,10,6.333333333,6,3.333333333
548563.437,5287434.957,1266702.706,273053.2538,37.32760596,96335.14286,8,4,720.4879761,1259.583984,4,35.97136312,5,10,6.5,6,3
548813.437,5287434.957,1267522.865,273030.1978,45.69336384,95931.73469,8,4,720.4879761,1258.077881,4,31.85125858,5,10,7.666666667,6,3.333333333
549063.437,5287434.957,1268343.024,273007.142,56.68270332,98089.55102,8,4,1044.840757,1290.550293,3.8,25.33104238,5,10,8.25,6,2.75
549313.437,5287434.957,1269163.183,272984.0864,58.49542334,101527.8571,8,4,1530.781053,1290.550293,3.4875,23.77002288,5,10,9,6,3.333333333
549563.437,5287434.957,1269983.341,272961.0311,54.76206897,102135.3673,8,4,1972.890871,1290.550293,3.182389937,26.51494253,5,10,9,6,3.333333333
546813.437,5287184.957,1260938.528,272394.4909,14.20618557,123774.5385,8,4,720.4879761,3.192665339,4,52.70618557,5,9.5,6,6,3.5
547063.437,5287184.957,1261758.689,272371.4336,14.20618557,126015.9412,8,4,720.4879761,3.192665339,4,52.70618557,5,9.5,6,6,3.5
547313.437,5287184.957,1262578.85,272348.3765,12.99254658,120833.625,8,4,720.4879761,82.09527588,4,59.50310559,5,9.5,6,6,3.5
547563.437,5287184.957,1263399.01,272325.3197,11.66704805,114274.9565,8,4,720.4879761,82.09527588,4,59.64530892,5,9.666666667,6,6,3.666666667
547813.437,5287184.957,1264219.171,272302.263,8.391752577,109811.8776,8.018518519,4,720.4879761,82.09527588,4,57.51088202,4.981481481,9.666666667,6,6,3.666666667
548063.437,5287184.957,1265039.331,272279.2066,10.45308924,101117.2857,8.025,4,720.4879761,1205.911987,4,47.40617849,4.975,9.75,6,6,3
548313.437,5287184.957,1265859.49,272256.1504,19.10574713,94849.53061,8,4,720.4879761,1205.911987,4,37.65287356,5,9.75,6,6,3
548563.437,5287184.957,1266679.65,272233.0944,29.21485714,89593.4898,8,4,720.4879761,1205.911987,4,38.20914286,5,10,6.333333333,6,3.333333333
548813.437,5287184.957,1267499.809,272210.0387,39.23563218,88178.12245,8,4,720.4879761,1276.265259,4,34.99655172,5,10,8.25,6,2.75
549063.437,5287184.957,1268319.968,272186.9831,54.07551487,91885.20408,7.943396226,4,1077.300814,1276.265259,3.817610063,27.18306636,5,10,8.25,6,2.75
549313.437,5287184.957,1269140.127,272163.9278,54.70561283,96049.08163,7.97515528,4,1503.239785,1276.265259,3.50310559,27.16494845,5,10,8.25,6,2.75
549563.437,5287184.957,1269960.286,272140.8727,54.201373,98205.85714,8.03125,4,2005.848842,1276.265259,3.19375,28.80663616,5,10,9,6,3.333333333
547063.437,5286934.957,1261735.632,271551.2727,12.51214575,130926.5938,8.133333333,4,759.1494812,3.192665339,4,52.80364372,4.866666667,9.5,6,6,3.5
547313.437,5286934.957,1262555.793,271528.2158,10.26010782,122333.8974,8.177777778,4,782.8452424,82.09527588,4,61.28032345,4.822222222,9.5,6,6,3.5
547563.437,5286934.957,1263375.954,271505.1592,9.06797235,115429.4444,8.202531646,4,792.656119,82.09527588,4,63.79493088,4.797468354,9.666666667,6,6,3.666666667
547813.437,5286934.957,1264196.114,271482.1028,7.971395881,109218.625,8.180124224,4,791.7065382,82.09527588,4,58.81693364,4.782608696,9.666666667,6,6,3.666666667
548063.437,5286934.957,1265016.274,271459.0466,8.985091743,99835.32653,7.919254658,4,1057.707976,1205.911987,4,51.4587156,4.838509317,9.75,6,6,3
548313.437,5286934.957,1265836.434,271435.9906,22.41418764,90130.7551,7.544303797,4,1330.84609,1205.911987,4,40.27002288,4.924050633,9.75,6,6,3
548563.437,5286934.957,1266656.594,271412.9349,32.2045977,83861.71429,7.335443038,4,1696.463092,1205.911987,4,36.97011494,5,10,6.333333333,6,3.333333333
548813.437,5286934.957,1267476.754,271389.8794,42.0790378,80610.69388,7.297468354,4,1667.231026,1241.088623,4,33.03780069,5,10,7.8,6,3
549063.437,5286934.957,1268296.913,271366.8241,55.19724771,82482.12245,7.41509434,4,1903.806608,1276.265259,3.817610063,26.84977064,5,10,8.25,6,2.75
549313.437,5286934.957,1269117.072,271343.769,56.58410138,87371.57143,7.740506329,4,1996.030405,1276.265259,3.512658228,26.55184332,5,10,8.25,6,2.75
549563.437,5286934.957,1269937.231,271320.7141,57.32912844,91804.22449,8.100628931,4,2179.008955,1276.265259,3.20754717,27.18348624,5,10,8.25,6,2.75
547063.437,5286684.957,1261712.575,270731.1115,10.4107402,138040.5806,8.472440945,4,893.0839811,82.09527588,4,59.07111756,4.527559055,9.5,6,6,3.5
547313.437,5286684.957,1262532.736,270708.0549,10.4107402,125912.2105,8.472440945,4,893.0839811,82.09527588,4,59.07111756,4.527559055,9.5,6,6,3.5
547563.437,5286684.957,1263352.897,270684.9985,9.124855491,115885.0227,8.522292994,4,908.7084616,82.09527588,4,64.22196532,4.477707006,9.666666667,6,6,3.666666667
547813.437,5286684.957,1264173.058,270661.9423,8.951890034,107909.9583,8.308176101,4,1104.852094,82.09527588,4,63.12027491,4.522012579,9.666666667,6,6,3.666666667
548063.437,5286684.957,1264993.218,270638.8864,13.92635213,95992.14286,7.691823899,4,1673.053299,1205.911987,4,54.49712313,4.666666667,9.75,6,6,3
548313.437,5286684.957,1265813.379,270615.8306,27.70183486,86151.20408,7.099378882,4,2290.440456,1205.911987,4,43.08830275,4.819875776,9.75,6,6,3
548563.437,5286684.957,1266633.539,270592.7751,40.10574713,78047.55102,6.496855346,4,2779.170409,1205.911987,4,33.96666667,4.974842767,10,6.333333333,6,3.333333333
548813.437,5286684.957,1267453.698,270569.7198,50.11264368,72085.28571,6.367088608,4,3010.780586,1241.088623,4,26.96206897,5,10,8.166666667,6,2.666666667
549063.437,5286684.957,1268273.858,270546.6648,60.73938002,74682.28571,6.70625,4,2785.659169,1276.265259,3.83125,19.97474168,5,10,8.166666667,6,2.666666667
549313.437,5286684.957,1269094.017,270523.6099,61.78669725,79421.71429,7.4125,4,2691.497325,1276.265259,3.5125,21.03555046,5,10,8.6,6,2.4
552813.437,5288934.957,1280783.696,277582.2577,17.97359357,130424.6735,8.849056604,4,1441.698959,1240.321167,3,59.79448909,3.150943396,9.5,7.5,6,1.5
553063.437,5288934.957,1281603.85,277559.2038,15.99081516,134349.8333,9,4,1236.25,660.6130371,3,59.95292767,3,9.5,7.5,6,1.5
553313.437,5288934.957,1282424.003,277536.1502,19.57224771,140283.7273,9,4,1236.25,660.6130371,3,57.66399083,3,9.5,7.5,6,1.5
553563.437,5288934.957,1283244.156,277513.0968,24.46490219,139497.05,9,4,1236.25,660.6130371,3,52.71576525,3,9.5,7.5,6,1.5
552813.437,5288684.957,1280760.643,276762.1039,19.97244547,124101.1837,8.86163522,4,1432.982943,1240.321167,3,57.82548794,3.157232704,9.5,7.5,6,1.5
553063.437,5288684.957,1281580.796,276739.0503,15.18181818,129139.5217,8.993710692,4,1236.25,660.6130371,3,60.48561565,3,9.5,7.5,6,1.5
553313.437,5288684.957,1282400.95,276715.9969,21.39839265,133493.5952,8.987341772,4,1236.25,660.6130371,3,55.39609644,3,9.5,7.5,6,1.5
553563.437,5288684.957,1283221.103,276692.9438,28.07241379,135203.8649,8.981012658,4,1236.25,660.6130371,3,49.7137931,3,9.5,7.5,6,1.5
553813.437,5288684.957,1284041.256,276669.8908,35.55034325,137032.3,8.93081761,4,1296.494103,704.2973328,3,42.8180778,3,9.5,7.5,6,1.5
552063.437,5288434.957,1278277.125,276011.111,31.69230769,107131.8571,8.411392405,4,2347.391069,1659.47168,3,45.39839265,3.993670886,9.5,8.75,6,2.25
552313.437,5288434.957,1279097.28,275988.0571,31.97586207,111692.102,8.550632911,4,2068.079086,1240.321167,3,44.66781609,3.784810127,9.5,8.75,6,2.25
552563.437,5288434.957,1279917.435,275965.0034,29.69415808,115276.102,8.74522293,4,1731.242832,1240.321167,3,47.48797251,3.47133758,9.5,8.75,6,2.25
552813.437,5288434.957,1280737.589,275941.9498,26.11609195,118363.2292,8.905660377,4,1381.629963,1240.321167,3,50.89655172,3.176100629,9.5,7.5,6,1.5
553063.437,5288434.957,1281557.743,275918.8965,22.0652921,123029.5111,8.9625,4,1250.746237,660.6130371,3,55.02176403,3,9.5,7.5,6,1.5
553313.437,5288434.957,1282377.897,275895.8434,24.82568807,126498.275,8.917721519,4,1296.494103,660.6130371,3,52.27293578,3,9.5,7.5,6,1.5
553563.437,5288434.957,1283198.05,275872.7905,33.21420389,127722.0882,8.823899371,4,1384.929356,660.6130371,3,45.93699885,3,9.5,7.5,6,1.5
553813.437,5288434.957,1284018.203,275849.7379,37.56932515,129452,8.74829932,4,1421.129547,747.9816284,3,39.71744472,3,9.5,7.5,6,1.5
552063.437,5288184.957,1278254.072,275190.956,32.80275229,105325.6531,8.715189873,4,2038.140295,1097.792465,3,43.03669725,4,9.5,8.75,6,2.25
552313.437,5288184.957,1279074.227,275167.9023,32.05142857,107653.7959,8.761006289,4,1898.134252,702.8822632,3,42.37142857,3.817610063,9.5,8.75,6,2.25
552563.437,5288184.957,1279894.381,275144.8488,32.76376147,111144.5918,8.76875,4,1694.556233,702.8822632,3,41.8853211,3.50625,9.5,8.75,6,2.25
552813.437,5288184.957,1280714.536,275121.7956,34.26406429,112958.7708,8.784810127,4,1547.742791,702.8822632,3,42.92652124,3.208860759,9.666666667,8.333333333,6,2.333333333
553063.437,5288184.957,1281534.69,275098.7425,30.49770642,115391.6818,8.725,4,1492.287436,1343.720581,3,47.08027523,3,9.5,7.5,6,1.5
553313.437,5288184.957,1282354.844,275075.6897,32.56321839,118646.4211,8.695652174,4,1565.353763,1343.720581,3,45.55977011,3,9.5,7.5,6,1.5
553563.437,5288184.957,1283174.998,275052.6371,38.95963091,120112.0938,8.585987261,4,1673.019744,1343.720581,3,40.08208092,3,9.5,7.5,6,1.5
552063.437,5287934.957,1278231.018,274370.8008,32.74512055,101420.6735,8.962732919,4,1753.152814,745.6885071,3,40.28358209,4,9.666666667,8.333333333,6,2.333333333
552313.437,5287934.957,1279051.173,274347.7474,37.65977011,104684.9388,8.878980892,4,1767.108161,702.8822632,3,33.57126437,3.834394904,9.666666667,8.333333333,6,2.333333333
552563.437,5287934.957,1279871.328,274324.6941,42.29472477,105476.0816,8.740506329,4,1774.382728,702.8822632,3,30.56422018,3.518987342,9.666666667,8.333333333,6,2.333333333
552813.437,5287934.957,1280691.483,274301.6411,41.17983963,105623.4792,8.608695652,4,1780.269386,702.8822632,3,33.71477663,3.236024845,9.666666667,8.333333333,6,2.333333333
553063.437,5287934.957,1281511.637,274278.5883,37.74226804,107589.1628,8.408805031,4,1875.57123,1343.720581,3,39.0744559,3,9.5,7.5,6,1.5
553313.437,5287934.957,1282331.791,274255.5357,39.20366133,109543.1622,8.373417722,4,1896.838024,1343.720581,3,39.74370709,3,9.5,7.5,6,1.5
553563.437,5287934.957,1283151.945,274232.4834,43.39856802,108332.5667,8.304635762,4,1988.487173,1343.720581,3,35.15366146,3,9.5,7.5,6,1.5
552063.437,5287684.957,1278207.964,273550.6453,42.27376861,97731.59184,9,4,1675.428955,788.494751,3,28.52806415,4,10,8.5,6,2.5
552313.437,5287684.957,1279028.12,273527.5922,44.2091954,98716.10204,8.85443038,4,1764.636073,702.8822632,3,25.59195402,3.835443038,9.666666667,8.333333333,6,2.333333333
552563.437,5287684.957,1279848.275,273504.5392,46.07322654,99019.4898,8.614906832,4,1907.508044,702.8822632,3,24.18649886,3.540372671,9.666666667,8.333333333,6,2.333333333
552813.437,5287684.957,1280668.43,273481.4864,42.03559127,98057.16667,8.38125,4,2027.154525,702.8822632,3,27.9586682,3.225,9.666666667,8.333333333,6,2.333333333
553063.437,5287684.957,1281488.585,273458.4339,39.56946039,96835.76744,8.176100629,4,2197.579413,1343.720581,3,33.29850746,3,9.5,7.5,6,1.5
553313.437,5287684.957,1282308.739,273435.3816,42.35550459,96595.38889,8.1125,4,2262.137554,1343.720581,3,33.10206422,3,10,7,6,1
553563.437,5287684.957,1283128.893,273412.3295,44.5631068,95481.37931,8.087837838,4,2296.546205,1343.720581,3,32.45343137,3,9.5,7.5,6,1.5
552063.437,5287434.957,1278184.911,272730.4897,48.97938144,91111.12245,9,4,1675.428955,914.5540161,3,22.8556701,4,9.666666667,8,6,2
552313.437,5287434.957,1279005.067,272707.4367,44.68771527,90805.08163,8.842767296,4,1793.995541,861.2872925,3,25.64638347,3.842767296,9.666666667,8,6,2
552563.437,5287434.957,1279825.222,272684.384,40.34367816,91435.16327,8.547169811,4,2008.669464,861.2872925,3,28.7045977,3.547169811,9.666666667,8,6,2
552813.437,5287434.957,1280645.377,272661.3315,39.89552239,88997.39583,8.238993711,4,2233.83197,1019.692322,3,28.51664753,3.238993711,9.75,7.75,6,1.75
553063.437,5287434.957,1281465.532,272638.2793,39.97816092,87301.04651,8.006289308,4,2395.948975,1044.699951,3,29.46321839,3.006289308,10,7,6,1
552063.437,5287184.957,1278161.858,271910.3338,50.03218391,85466.89796,8.968553459,4,1675.428955,1147.146729,3,24.60689655,4,9.5,8.5,6,2
552313.437,5287184.957,1278982.014,271887.2811,47.14006889,83870.30612,8.803797468,4,1783.506958,1019.692322,3,27.62227325,3.841772152,9.75,7.75,6,1.75
552563.437,5287184.957,1279802.17,271864.2287,41.55338691,83209.83673,8.518987342,4,2017.214093,1019.692322,3,31.22732491,3.544303797,9.75,7.75,6,1.75
552063.437,5286934.957,1278138.806,271090.1777,52.45537757,79522.34694,8.735849057,4,1858.289088,1147.146729,3,26.2208238,4,9.5,8.5,6,2
552313.437,5286934.957,1278958.962,271067.1253,46.59747706,77571.32653,8.582278481,4,1943.405475,1019.692322,3,33.05733945,3.85443038,9.75,7.75,6,1.75
552563.437,5286934.957,1279779.118,271044.0731,43.51830664,75753.63265,8.383647799,4,2107.699864,1019.692322,3,35.63501144,3.641509434,9.75,7.75,6,1.75
552063.437,5286684.957,1278115.753,270270.0214,55.21584386,75080.89796,8.425,4,2060.650924,1147.146729,3,28.74512055,4,9.5,8.5,6,2
552313.437,5286684.957,1278935.91,270246.9692,48.85402299,72908.77551,8.335403727,4,2125.833271,1019.692322,3,34.67701149,3.919254658,9.75,7.75,6,1.75
552563.437,5286684.957,1279756.066,270223.9172,48.36009174,70869.97959,8.151898734,4,2212.339349,1248.844025,3,35.61238532,3.778481013,9.75,7.75,6,1.75
551563.437,5289934.957,1276775.147,280978.1483,57.27678571,98934.875,8,4,2711.74707,1615.256714,3,21.78587699,4,9,9.333333333,6,2.666666667
551563.437,5289684.957,1276752.091,280157.994,57.27678571,97874.51613,8,4,2711.74707,1615.256714,3,21.78587699,4,9,9,6,2
551813.437,5289934.957,1277595.301,280955.0924,52.91255605,104746.7083,8,4,2581.006824,1615.256714,3,28.65753425,4,9,9,6,2.25
551813.437,5289684.957,1277572.245,280134.9384,52.91255605,105628,8,4,2581.006824,1615.256714,3,28.65753425,4,9,9,6,2
552063.437,5289934.957,1278415.454,280932.0367,46.26126126,111551.7917,8.098765432,4,2298.607891,1235.000244,3,36.0412844,3.901234568,9,9,6,2.25
552063.437,5289684.957,1278392.399,280111.8829,46.26126126,113763,8.098765432,4,2298.607891,1235.000244,3,36.0412844,3.901234568,9,9,6,2
552313.437,5289934.957,1279235.608,280908.9812,33.95343681,122059.5,8.34939759,4,1958.933262,854.7437744,3,48.42369021,3.65060241,9,9,6,2.25
552313.437,5289684.957,1279212.553,280088.8277,33.95343681,119832.8438,8.34939759,4,1958.933262,854.7437744,3,48.42369021,3.65060241,9,8.666666667,6,1.666666667
552563.437,5289934.957,1280055.761,280885.9259,26.77008929,127479.56,8.654761905,4,1672.770299,854.7437744,3,53.11415525,3.345238095,9,8.666666667,6,1.666666667
552563.437,5289684.957,1280032.706,280065.7727,26.77008929,128227.6364,8.654761905,4,1672.770299,854.7437744,3,53.11415525,3.345238095,9,8.666666667,6,1.666666667
552813.437,5289934.957,1280875.914,280862.8709,24.30820399,134275.0769,8.941860465,4,1507.830911,854.7437744,3,55.72954545,3.058139535,9,8,6,1.5
552813.437,5289684.957,1280852.859,280042.7179,24.30820399,133755.4706,8.941860465,4,1507.830911,854.7437744,3,55.72954545,3.058139535,9,8,6,1.5
553063.437,5289934.957,1281696.067,280839.816,20.45494505,140409.1923,9,4,1476.148907,710.3823242,3,61.239819,3,9,8,6,1.5
553063.437,5289684.957,1281673.012,280019.6633,20.45494505,138857.8571,9,4,1476.148907,710.3823242,3,61.239819,3,9,8,6,1.5
551813.437,5289434.957,1277549.19,279314.7842,52.63623596,104977.5,8,4,2692.830441,1615.256714,3,27.33900709,4,9,9,6,2
552063.437,5289434.957,1278369.344,279291.729,45.60784314,112941.2368,8.069230769,4,2524.975289,1235.000244,3,34.64447592,3.930769231,9,9,6,2
552313.437,5289434.957,1279189.498,279268.674,34.06022409,119235.9487,8.308270677,4,2132.754549,854.7437744,3,45.13920455,3.691729323,9,9,6,2
552563.437,5289434.957,1280009.651,279245.6192,25.07132867,127323.325,8.593984962,4,1759.552924,854.7437744,3,54.86260623,3.406015038,9,9,6,2
552813.437,5289434.957,1280829.805,279222.5647,21.39944134,132960.1951,8.874074074,4,1424.442206,854.7437744,3,58.15864023,3.125925926,9,8,6,2
553063.437,5289434.957,1281649.958,279199.5103,18.975,139827.5476,9,4,1322.823205,710.3823242,3,60.33380282,3,9,8,6,1.5
553313.437,5289434.957,1282470.111,279176.4562,20.29958391,142618.6429,9,4,1295.336212,710.3823242,3,59.42475387,3,9,8,6,1.5
551813.437,5289184.957,1277526.134,278494.6298,53.30769231,104259.8837,8,4,2711.74707,1615.256714,3,26.02755454,4,9,9,6,2
552063.437,5289184.957,1278346.289,278471.5748,45.55441008,111952.4091,8.012658228,4,2693.069892,1342.448334,3,33.64719359,3.987341772,9,9,6,2
552313.437,5289184.957,1279166.443,278448.5201,32.80275229,119303.0444,8.284810127,4,2282.171974,854.7437744,3,44.91972477,3.715189873,9,9,6,2
552563.437,5289184.957,1279986.597,278425.4656,25.63001145,126495.913,8.571428571,4,1860.498761,1047.532471,3,53.01605505,3.428571429,9,9,6,2
552813.437,5289184.957,1280806.75,278402.4113,19.32302406,133224.3191,8.86163522,4,1425.416291,854.7437744,3,59.39404353,3.13836478,9,8,6,2
553063.437,5289184.957,1281626.904,278379.3572,17.94616266,137950.4375,9,4,1236.25,710.3823242,3,59.4558992,3,9,8,6,2
553313.437,5289184.957,1282447.057,278356.3033,19.02988506,140519.1522,9,4,1236.25,685.4976807,3,59.14252874,3,9,8,6,2
551813.437,5288934.957,1277503.079,277674.4751,51.76517755,103786.9167,8,4,2711.74707,1659.47168,3,26.40664376,4,9.333333333,9.333333333,6,2.666666667
552063.437,5288934.957,1278323.234,277651.4204,45.01148106,110952.0208,8.0125,4,2693.303357,1659.47168,3,33.49712974,3.9875,9.333333333,9.333333333,6,2.666666667
552313.437,5288934.957,1279143.388,277628.366,32.13812785,117981.0208,8.248447205,4,2333.414488,1240.321167,3,44.96575342,3.751552795,9.333333333,9.333333333,6,2.666666667
552563.437,5288934.957,1279963.543,277605.3117,25.37313433,125544.6939,8.55345912,4,1873.810462,1240.321167,3,52.68082664,3.446540881,9.333333333,9.333333333,6,2.666666667
551813.437,5288684.957,1277480.025,276854.3203,45.18922018,102988.6327,8.101265823,4,2645.316422,1659.47168,3,32.62270642,4,9.333333333,9.333333333,6,2.666666667
552063.437,5288684.957,1278300.18,276831.2659,38.91513761,108844.8571,8.149068323,4,2591.646048,1449.896423,3,38.25344037,3.968944099,9.333333333,9.333333333,6,2.666666667
552313.437,5288684.957,1279120.334,276808.2116,32.20253165,115597.0816,8.333333333,4,2285.900469,1240.321167,3,45.19217491,3.779874214,9.333333333,9.333333333,6,2.666666667
552563.437,5288684.957,1279940.489,276785.1576,26.73103448,120383.8571,8.6,4,1869.274559,1240.321167,3,50.75172414,3.46875,9.333333333,9.333333333,6,2.666666667
551813.437,5288434.957,1277456.97,276034.1652,36.32528736,102438.2857,8.398734177,4,2329.945659,1659.47168,3,41.89310345,4,9.333333333,9.333333333,6,2.666666667
554813.437,5278434.957,1286376.96,242951.2629,49.33206591,168415,9,5,2481.981934,1722.379517,4,31.08163265,9,10,8,5,4
554313.437,5278184.957,1284713.595,242177.1832,48.38816568,161836.0833,9,5,2481.981934,1282.927002,4,33.00946746,9,10,8,5,4
554563.437,5278184.957,1285533.757,242154.142,49.59290954,168415,9,5,2481.981934,1282.927002,4,33.47232472,9,10,8,5,4
554063.437,5277934.957,1283870.391,241380.0617,43.51993068,151794.5789,9.09,5.09,2378.344517,803.964798,4.09,33.54246101,9.09,10,8,5,4
554313.437,5277934.957,1284690.554,241357.0206,47.41084165,159643.1111,9,5,2481.981934,1282.927002,4,31.9055794,9,10,8,5,4
554313.437,5277684.957,1284667.513,240536.8578,44.20916335,165528.0769,9,5,2481.981934,1282.927002,4,32.07645875,9,10,8,5,4
554313.437,5277434.957,1284644.472,239716.6947,39.46688742,154767.7273,9,5,2481.981934,686.8277969,4,32.50847458,9,10,8,5,4
553813.437,5263684.957,1281737.284,194653.3277,46.88633754,73681.10204,9.024844721,10,1588.004127,1514.197388,9.024844721,29.12743972,10,10,10,7,4
553813.437,5263434.957,1281714.257,193833.1471,47.72425629,75616.18367,9.012738854,10,1516.895773,1514.197388,9.012738854,29.4576659,10,10,10,7,4
553313.437,5263184.957,1280050.868,193059.0192,70.99198167,72566.79592,9.088607595,10,576.6532745,92.45249939,9.088607595,8.640320733,10,10,10,7,4
553563.437,5263184.957,1280871.05,193035.9925,57.64793578,75049.46939,9.044025157,10,1026.95187,92.45249939,9.044025157,19.33715596,10,10,10,7,4
553813.437,5263184.957,1281691.231,193012.9661,47.0816092,76293.18367,9,10,1382.822317,905.2304688,9,27.68275862,10,10,10,7,4
552313.437,5262934.957,1276747.111,192330.9465,71.62521295,66642.52,8.971962617,10,613.5682509,112.2236023,9,1.202725724,10,10,9.5,7.5,3
552563.437,5262934.957,1277567.294,192307.9187,71.62521295,67607.15625,8.971962617,10,613.5682509,112.2236023,9,1.202725724,10,10,9.5,7.5,3
552813.437,5262934.957,1278387.477,192284.8912,76.56019656,68902.15789,8.986577181,10,361.1824256,112.2236023,9,1.407862408,10,10,10,7,3
553063.437,5262934.957,1279207.659,192261.8641,81.18943743,70794.04545,9,10,302.1090088,92.45249939,9,0.985074627,10,10,10,7,4
553313.437,5262934.957,1280027.841,192238.8374,75.12242563,73033.10417,9,10,539.2275406,92.45249939,9,5.554919908,10,10,10,7,4
553563.437,5262934.957,1280848.023,192215.8109,60.49885057,75126.16327,9,10,946.34375,92.45249939,9,15.83563218,10,10,10,7,4
553813.437,5262934.957,1281668.205,192192.7848,50.13402062,77027.30612,9,10,1365.668138,498.8414841,9,24.26345934,10,10,10,7,4
552313.437,5262684.957,1276724.084,191510.7633,68.43713733,67250,8.967741935,10,673.0597722,112.2236023,9,2.030947776,10,10,9.5,7.5,3
552563.437,5262684.957,1277544.267,191487.7358,68.43713733,67742.88889,8.967741935,10,673.0597722,112.2236023,9,2.030947776,10,10,9.5,7.5,3
552813.437,5262684.957,1278364.45,191464.7086,75.64814815,69543.20588,8.978571429,10,445.7028527,112.2236023,9,1.810846561,10,10,9.5,7.5,3
553063.437,5262684.957,1279184.633,191441.6817,81.66743119,71575.1,9,10,302.1090088,92.45249939,9,1.540137615,10,10,9.666666667,7.333333333,3.666666667
553313.437,5262684.957,1280004.815,191418.6552,76.94965675,72868.93333,9,10,510.6325414,92.45249939,9,2.092677346,10,10,10,7,4
553563.437,5262684.957,1280824.997,191395.629,63.33716916,74611.87234,9,10,953.9678298,92.45249939,9,11.66628308,10,10,10,7,4
553813.437,5262684.957,1281645.179,191372.6032,52.45360825,76212.53061,9,10,1331.359779,905.2304688,9,20.26002291,10,10,10,7,4
552563.437,5262434.957,1277521.24,190667.5525,65.50735294,67828.6087,8.947368421,10,810.1403932,208.0915833,9,2.468137255,10,10,9.5,7.5,3
552813.437,5262434.957,1278341.423,190644.5255,73.78343949,69468,8.957627119,10,570.4500046,156.2366333,9,2.324840764,10,10,9.5,7.5,3
553063.437,5262434.957,1279161.606,190621.4989,78.9190184,70846.75676,8.966666667,10,373.9059307,156.2366333,9,2.165644172,10,10,9.666666667,7.333333333,3.666666667
553313.437,5262434.957,1279981.789,190598.4727,78.09733488,72443.36585,8.981012658,10,517.168148,104.3816834,9,1.614136732,10,10,9.666666667,7.333333333,3.666666667
553563.437,5262434.957,1280801.971,190575.4468,70.59610984,73756.13333,9,10,894.9053383,104.3816834,9,7.210526316,10,10,10,7,4
553813.437,5262434.957,1281622.154,190552.4212,61.43069874,74735.75,9,10,1318.331288,322.9700089,9,13.37342497,10,10,10,7,4
554063.437,5262434.957,1282442.336,190529.3959,52.91724138,76064.30612,9,10,1640.13501,541.5583344,9,20.41494253,10,10,10,7,4
554313.437,5262434.957,1283262.517,190506.3711,48.51783659,76638.42857,9,10,1640.13501,541.5583344,9,26.07249712,10,10,10,7,4
554563.437,5262434.957,1284082.699,190483.3465,43.51826484,76030.71429,9,10,1640.13501,948.3088608,9,25.88926941,10,10,10,7,3
553063.437,5262184.957,1279138.58,189801.3158,79.56859504,70381.29412,8.945454545,10,568.7832903,116.3108673,9,2.209917355,10,10,9.666666667,7.333333333,3.666666667
553313.437,5262184.957,1279958.763,189778.2898,78.53072626,71344.76923,8.969230769,10,682.2634418,116.3108673,9,1.340782123,10,10,9.666666667,7.333333333,3.666666667
553563.437,5262184.957,1280778.946,189755.2642,76.26739927,72820.7907,8.986394558,10,901.4025926,116.3108673,9,2.852258852,10,10,9.666666667,7.333333333,3.666666667
553813.437,5262184.957,1281599.128,189732.2388,69.11494253,73614.69565,9,10,1165.897946,147.0985336,9,8.6,10,10,10,7,4
554063.437,5262184.957,1282419.311,189709.2139,65.06407323,74434.7551,9,10,1451.439035,177.8862,9,12.12128146,10,10,10,7,4
554313.437,5262184.957,1283239.493,189686.1892,57.78989667,76409.55102,9,10,1474.946615,177.8862,9,18.56142365,10,10,10,7,4
554563.437,5262184.957,1284059.675,189663.165,51.91159587,76835.44898,9,10,1538.512782,643.7653656,9,21.60390356,10,10,10,7,3
554813.437,5262184.957,1284879.856,189640.141,45.85011442,76351.10204,9,10,1628.327807,1109.644531,8.962025316,23.42791762,9.962025316,10,10,7,3
553313.437,5261934.957,1279935.737,188958.1066,80.90019194,70577,8.947368421,10,822.3675089,116.3108673,9,1.253358925,10,10,9.666666667,7.333333333,3.666666667
553563.437,5261934.957,1280755.92,188935.0812,78.32998565,71469.60976,8.976190476,10,853.8052368,116.3108673,9,1.796269727,10,10,9.666666667,7.333333333,3.666666667
553813.437,5261934.957,1281576.103,188912.0562,73.88835534,71981.73333,8.993421053,10,942.1640718,147.0985336,9,5.192076831,10,10,10,7,4
554063.437,5261934.957,1282396.286,188889.0314,71.58986175,72801.35417,9,10,1101.449217,177.8862,9,8.131336406,10,10,10,7,4
554313.437,5261934.957,1283216.469,188866.0071,65.95752009,74780,9,10,1165.897946,177.8862,9,12.73363949,10,10,10,7,4
554563.437,5261934.957,1284036.651,188842.9831,58.21354765,76729.93878,9,10,1265.487729,643.7653656,9,18.48220436,10,10,10,7,3
554813.437,5261934.957,1284856.833,188819.9594,49.38487973,77917.85714,9,10,1342.808714,1109.644531,8.955696203,23.03207331,9.955696203,10,10,7,3
555063.437,5261934.957,1285677.014,188796.9361,35.78350515,78862.08163,9,10,1666.319311,1109.644531,8.696202532,33.29667812,9.696202532,10,10,7,3
553313.437,5261684.957,1279912.712,188137.9231,77.73590982,69468,8.981818182,10,713.1370047,116.3108673,9,4.457326892,10,10,9.666666667,7.333333333,3.666666667
553563.437,5261684.957,1280732.895,188114.8979,77.73590982,70417.55556,8.981818182,10,713.1370047,116.3108673,9,4.457326892,10,10,9.666666667,7.333333333,3.666666667
553813.437,5261684.957,1281553.079,188091.8731,70.21112516,70598.7619,8.993055556,10,672.3051101,123.0649166,9,8.056890013,10,10,10,7,4
554063.437,5261684.957,1282373.262,188068.8487,68.51660939,71397.04444,9,10,671.8267196,129.3759003,9,9.714776632,10,10,10,7,4
554313.437,5261684.957,1283193.444,188045.8246,65.48679679,73153.79167,9,10,765.2718553,129.3759003,9,13.94948335,10,10,10,7,4
554563.437,5261684.957,1284013.627,188022.8008,56.7749713,75254.83673,9,10,830.2771671,536.3672714,9,21.24225029,10,10,10,7,3
554813.437,5261684.957,1284833.809,187999.7774,47.2279496,77593.5102,9,10,926.1593369,1109.644531,8.943037975,27.00343643,9.943037975,10,10,7,3
555063.437,5261684.957,1285653.991,187976.7543,37.33103448,79568.08163,9,10,1397.75,943.3586426,8.683229814,32.68850575,9.683229814,10,10,7,3
553063.437,5261434.957,1279069.502,187340.7644,72.97389886,67950.42105,8.990909091,10,594.4847224,117.1969986,9,6.053833605,10,10,9.666666667,7.333333333,3
553313.437,5261434.957,1279889.686,187317.7392,72.97389886,68085.04,8.990909091,10,594.4847224,117.1969986,9,6.053833605,10,10,9.666666667,7.333333333,3
553563.437,5261434.957,1280709.87,187294.7143,72.97389886,69211.29032,8.990909091,10,594.4847224,117.1969986,9,6.053833605,10,10,9.666666667,7.333333333,3
553813.437,5261434.957,1281530.054,187271.6897,67.07116105,69252.91892,8.993243243,10,439.0123077,99.03129959,9,8.383270911,10,10,10,7,3
554063.437,5261434.957,1282350.238,187248.6655,62.31464531,69792.11905,9,10,353.5715473,80.86560059,9,12.67963387,10,10,10,7,3
554313.437,5261434.957,1283170.421,187225.6417,54.61910242,71772.97778,9,10,403.7312367,80.86560059,9,20.07479862,10,10,10,7,3.666666667
554563.437,5261434.957,1283990.604,187202.6182,50.55287356,74179.7234,9,10,480.5124756,80.86560059,9,25.57586207,10,10,10,7,3
554813.437,5261434.957,1284810.786,187179.5951,42.19239631,76390,9,10,561.5060505,777.0727539,8.918238994,31.80069124,9.918238994,10,10,7,3
555063.437,5261434.957,1285630.969,187156.5723,35.23428571,77222.73469,9,10,1071.677891,777.0727539,8.6875,35.94285714,9.6875,10,10,7,2
553063.437,5261184.957,1279046.477,186520.5799,77.6875,67250,9,9.985915493,763.1350786,117.1969986,8.985915493,3.869791667,10,10,9,7.25,3.5
553313.437,5261184.957,1279866.662,186497.5549,77.6875,66963,9,9.985915493,763.1350786,117.1969986,8.985915493,3.869791667,10,10,9.666666667,7.333333333,3
553563.437,5261184.957,1280686.846,186474.5303,70.99058085,67541.07692,8.991596639,9.983193277,508.8423565,117.1969986,8.983193277,6.381475667,10,10,9.666666667,7.333333333,3
553813.437,5261184.957,1281507.03,186451.506,63.67773678,67882.60606,9,9.993103448,338.6657777,99.03129959,8.993103448,11.11439114,10,10,10,7,3
554063.437,5261184.957,1282327.214,186428.4821,57.33733493,68308.65789,9,9.973684211,321.0457012,80.86560059,8.973684211,17.19207683,10,10,10,7,3
554313.437,5261184.957,1283147.397,186405.4585,48.91831972,70511.7619,9,9.974522293,314.2658978,80.86560059,8.974522293,23.37922987,10,10,10,7,3
554563.437,5261184.957,1283967.58,186382.4353,45.48735632,72471.46667,9,9.993670886,352.9201228,428.9691772,8.993670886,29.01264368,10,10,10,7,2.333333333
554813.437,5261184.957,1284787.763,186359.4124,42.59885714,73404.97917,9,10,461.8436013,777.0727539,8.924528302,32.58857143,9.924528302,10,10,7,2
555063.437,5261184.957,1285607.946,186336.3898,36.08600917,72951.85714,9,10,960.455177,777.0727539,8.660377358,35.60206422,9.660377358,10,10,7,2
554063.437,5260934.957,1282304.19,185608.2983,54.06240487,67662.51515,9,9.940677966,426.7555921,80.86560059,8.940677966,16.82800609,10,10,10,7,3
554313.437,5260934.957,1283124.374,185585.2749,50.36473755,69518.07895,9,9.948529412,384.1680094,80.86560059,8.948529412,20.44683715,10,10,10,7,3
554563.437,5260934.957,1283944.557,185562.252,44.21556886,70945.07317,9,9.960526316,339.9823937,80.86560059,8.960526316,27.75329341,10,10,10,7,2.333333333
554813.437,5260934.957,1284764.741,185539.2293,42.45632184,70918.08696,9,10,411.7871934,777.0727539,8.937888199,31.01264368,9.937888199,10,10,7,2.333333333
555063.437,5260934.957,1285584.924,185516.2071,42.2791762,70143.89796,9,10,905.3390241,777.0727539,8.672955975,32.15217391,9.672955975,10,10,7,2.333333333
555313.437,5260934.957,1286405.107,185493.1852,39.83218391,68829,9,10,1628.441671,777.0727539,8.352201258,31.4816092,9.352201258,9.75,9.75,7,3
554313.437,5260684.957,1283101.351,184765.091,49.1457976,68698.06061,9,9.942857143,470.3818962,584.3284912,8.942857143,19.73070326,10,10,10,7,3
554563.437,5260684.957,1283921.535,184742.0683,49.90279627,69589.63158,9,9.955882353,382.1165344,584.3284912,8.955882353,21.58988016,10,10,10,7,2.5
554813.437,5260684.957,1284741.719,184719.046,47.1183908,68979.7907,9,9.974842767,388.5174792,493.1959534,8.924528302,25.42298851,9.949685535,10,10,7,2.333333333
555063.437,5260684.957,1285561.902,184696.0239,49.11582569,67466.32609,8.993710692,10,910.5828842,493.1959534,8.679245283,26.96559633,9.679245283,10,10,7,2.333333333
555313.437,5260684.957,1286382.085,184673.0023,47.72508591,65626.08163,8.969135802,10,1570.75435,493.1959534,8.37037037,26.84994273,9.37037037,9.75,9.75,7,3
554313.437,5260434.957,1283078.328,183944.9068,54.49337261,66914.22222,9,9.9609375,434.665856,584.3284912,8.9609375,15.50662739,10,10,10,7,3
554563.437,5260434.957,1283898.512,183921.8843,54.49337261,67079.84375,9,9.9609375,434.665856,584.3284912,8.9609375,15.50662739,10,10,10,7,2.5
554813.437,5260434.957,1284718.696,183898.8622,53.72610723,67202,8.993548387,9.993548387,411.8102314,493.1959534,8.948387097,18.16200466,9.95483871,10,10,7,2.5
555063.437,5260434.957,1285538.88,183875.8405,53.25114679,65709.2093,8.937106918,10,867.1120051,493.1959534,8.704402516,21.74770642,9.704402516,10,10,7,2.5
555313.437,5260434.957,1286359.064,183852.8191,51.70149254,62992.71739,8.826086957,10,1496.08916,493.1959534,8.409937888,23.03099885,9.409937888,9.75,9.75,7,3
555563.437,5260434.957,1287179.247,183829.7981,47.67583047,60523.8125,8.691358025,10,2007.657138,905.3312531,8.117283951,24.96105384,9.117283951,9.75,9.75,7,3
554313.437,5260184.957,1283055.306,183124.7221,51.37248841,65896.71429,9,9.949152542,457.9172379,584.3284912,8.949152542,15.12982998,10,10,10,7,3
554563.437,5260184.957,1283875.49,183101.6999,51.37248841,65614.77778,9,9.949152542,457.9172379,584.3284912,8.949152542,15.12982998,10,10,10,7,3
554813.437,5260184.957,1284695.675,183078.6781,57.43577431,64981.87879,8.986754967,9.973509934,399.8127457,493.1959534,8.947019868,14.34093637,9.973509934,10,10,7,2.5
555063.437,5260184.957,1285515.859,183055.6566,56.72228705,63931.25641,8.878980892,9.987261147,706.8063903,493.1959534,8.751592357,18.34655776,9.76433121,10,10,7,2.5
555313.437,5260184.957,1286336.043,183032.6355,53.0778032,61226.46512,8.729559748,10,1252.750297,493.1959534,8.496855346,22.1006865,9.496855346,10,10,6.8,2.8
555563.437,5260184.957,1287156.226,183009.6148,51.45537757,58728.33333,8.52173913,10,1801.397626,1317.466553,8.192546584,23.701373,9.192546584,9.75,9.75,7,3
554313.437,5259934.957,1283032.283,182304.5372,49.99390244,64623,9,9.909090909,542.1315857,445.686615,8.909090909,16.17479675,10,10,10,7,3
554813.437,5259934.957,1284672.653,182258.4937,55.05007364,62490.51724,9,9.909836066,455.0130762,191.7207031,8.909836066,14.57142857,10,10,10,7,3
555063.437,5259934.957,1285492.838,182235.4724,60.01610738,61660.32353,8.851851852,9.940740741,657.771019,342.4583282,8.77037037,15.41342282,9.82962963,10,10,6.75,3.25
555313.437,5259934.957,1286313.022,182212.4516,55.31226296,59316.21053,8.631944444,9.951388889,1032.472293,191.7207031,8.513888889,21.07711757,9.5625,10,10,6.75,3.25
555563.437,5259934.957,1287133.206,182189.4311,50.32634033,56798.63415,8.394904459,9.961783439,1493.356489,627.5066605,8.267515924,25.2972028,9.305732484,10,10,6.75,3.25
555813.437,5259934.957,1287953.39,182166.411,45.14662085,53881.76087,8.157232704,10,1880.757352,507.6434326,8.081761006,27.70103093,9.081761006,9.75,9.75,6.75,3.75
555313.437,5259684.957,1286290.001,181392.2673,56.76530612,56501.375,8.555555556,9.888888889,889.7833886,191.7207031,8.518518519,20.38435374,9.611111111,10,10,6.75,3.25
555563.437,5259684.957,1287110.186,181369.2471,49.47275204,54520.86486,8.214814815,9.888888889,1256.519809,349.6820679,8.311111111,27.4359673,9.37037037,10,10,6.75,3.25
555813.437,5259684.957,1287930.37,181346.2272,47.63164251,52332.60976,8.051612903,9.922580645,1632.603259,507.6434326,8.129032258,27.89130435,9.167741935,10,10,6.75,3.25
555313.437,5259434.957,1286266.981,180572.0827,47.22857143,55370.34615,7.808333333,9.708333333,1063.491267,349.6820679,8.416666667,27.44761905,9.483333333,10,10,6.75,3.25
555563.437,5259434.957,1287087.166,180549.0627,47.22857143,54115.4375,7.808333333,9.708333333,1063.491267,349.6820679,8.416666667,27.44761905,9.483333333,10,10,6.75,3.25
555313.437,5259184.957,1286243.961,179751.8977,42.10983982,55876.38095,7.275,9.4875,832.5217678,374.3871078,8.5125,28.86270023,9.5875,10,10,6.75,3.25
548563.437,5276934.957,1265734.558,238606.3583,61.73504274,102902.1628,9,6.98,4383.814406,2618.604492,8.12,26.85103785,10,10,7.666666667,7,3.666666667
547563.437,5276684.957,1262430.831,237878.3747,55.95177956,103393.1224,8.7625,7.04375,3969.232042,1806.61145,9.09375,27.34213548,10,10,5.75,7,2
547813.437,5276684.957,1263251.001,237855.3278,51.00344828,109133.3673,9.025157233,7.025157233,4146.838867,1806.61145,8.968553459,30.02413793,10,10,5.75,7,2
548063.437,5276684.957,1264071.172,237832.2811,49.50631458,110334.1429,9.031446541,7.031446541,4204.283957,1806.61145,8.72327044,29.73249139,10,10,5.75,7,2
548313.437,5276684.957,1264891.342,237809.2348,52.57749713,109246.9149,9.03125,7.03125,4285.504932,2212.607971,8.4,31.50057405,10,10,5.75,7,2
548563.437,5276684.957,1265711.512,237786.1887,56.56716418,108106.6818,9.012658228,7.012658228,4360.171274,2618.604492,8.126582278,33.49483352,10,10,7.666666667,7,3.666666667
548813.437,5276684.957,1266531.682,237763.1428,57.09785203,106114.05,9.032258065,7.032258065,4398.958984,2618.604492,8,33.63126492,10,10,7.666666667,7,3.666666667
549063.437,5276684.957,1267351.851,237740.0973,57.80784844,104863.5556,8.909090909,7.03030303,4308.673898,2618.604492,8,32.93369418,10,10,7.666666667,7,3.666666667
547563.437,5276434.957,1262407.784,237058.2038,61.11481056,106970.6939,8.829113924,7.227848101,4168.445072,1540.547058,9.132911392,26.06314581,10,10,5.6,7,2.4
547813.437,5276434.957,1263227.955,237035.1571,55.61741123,112879.5102,9.264150943,7.264150943,4427.844881,2256.734924,8.955974843,28.39862543,10,10,5.75,7,2
548063.437,5276434.957,1264048.125,237012.1107,53.73134328,113805.2041,9.257861635,7.257861635,4415.03746,2256.734924,8.698113208,28.99425947,10,10,5.75,7,2
548313.437,5276434.957,1264868.296,236989.0646,57.34478809,111830.3878,9.260869565,7.260869565,4397.111729,2437.549713,8.366459627,30.67239404,10,10,6.2,7,2.6
548563.437,5276434.957,1265688.466,236966.0188,55.91513761,111088.2609,9.278481013,7.278481013,4425.528458,2618.364502,8.107594937,34.59288991,10,10,7.666666667,7,3.666666667
547813.437,5276184.957,1263204.908,236214.9863,61.86498856,112489.0204,9.566037736,7.58490566,4834.548128,2706.858398,8.918238994,27.66590389,10,10,5.75,7,2
548063.437,5276184.957,1264025.079,236191.9401,61.84730195,112715.4286,9.578616352,7.578616352,4724.653716,2706.858398,8.647798742,28.0195178,10,10,5.75,7,2
548313.437,5276184.957,1264845.25,236168.8942,63.14089347,112104.6735,9.569620253,7.569620253,4600.816147,2662.491455,8.329113924,26.9908362,10,10,6.2,7,2.6
548563.437,5276184.957,1265665.42,236145.8486,60.11569301,110298.4286,9.575949367,7.575949367,4524.731683,2618.124512,8.069620253,29.66666667,10,10,7.666666667,7,3.666666667
550813.437,5276934.957,1273116.074,238398.9536,73.03703704,127784.6552,8.953488372,6.953488372,3196.412044,1811.273315,7,17.13507625,10,10,9.666666667,6.333333333,4.666666667
551063.437,5276934.957,1273936.241,238375.91,67.0887574,137940.7742,9,7,3659.137069,2504.804443,7,21.92455621,10,10,9.75,6.25,4.5
550563.437,5276684.957,1272272.862,237601.8297,72.91604478,124370.3667,8.939393939,7,3315.27402,2504.804443,7,15.59514925,10,10,10,6.333333333,4
550813.437,5276684.957,1273093.03,237578.7861,72.91604478,130752.1212,8.939393939,7,3315.27402,2504.804443,7,15.59514925,10,10,9.75,6.25,4.5
551063.437,5276684.957,1273913.198,237555.7427,68.09455959,138359.2222,8.978723404,7,3730.37254,2504.804443,6.985815603,21.02849741,10,10,9.75,6.25,4.5
551313.437,5276684.957,1274733.365,237532.6996,64.09961686,150274.625,9.042253521,7,3816.383255,2504.804443,6.901408451,24.51979566,10,10,9.75,6.25,4.5
550563.437,5276434.957,1272249.819,236781.6617,75.05445545,129904.7586,8.6875,7,3142.37665,2020.899475,7,13.71617162,10,10,10,6.333333333,4
550813.437,5276434.957,1273069.987,236758.6184,75.05445545,130942.1429,8.6875,7,3142.37665,2020.899475,7,13.71617162,10,10,9.75,6.25,4.5
551063.437,5276434.957,1273890.155,236735.5752,70.38259833,138490.975,8.874172185,7,3570.032735,2523.431885,6.900662252,18.61859356,10,10,9.75,6.25,4.5
551313.437,5276434.957,1274710.322,236712.5324,63.00480192,150458.2093,9.130718954,7,3651.502332,2523.431885,6.699346405,25.2184874,10,10,9.75,6.25,4.5
550563.437,5276184.957,1272226.775,235961.4935,74.76923077,125919.6667,8.491525424,7,2860.982168,2230.525635,6.966101695,13.15070644,10,10,10,6.333333333,4
550813.437,5276184.957,1273046.944,235938.4503,74.76923077,129937.4167,8.491525424,7,2860.982168,2230.525635,6.966101695,13.15070644,10,10,10,6.333333333,4
551063.437,5276184.957,1273867.112,235915.4075,70.36596737,139340.381,8.770700637,7,3291.359007,2523.431885,6.828025478,18.56759907,10,10,9.75,6.25,4.5
551313.437,5276184.957,1274687.279,235892.3649,60.42020666,148908.9783,9.182389937,7,3464.567099,2523.431885,6.503144654,26.49598163,10,10,9.75,6.25,4.5
550563.437,5275934.957,1272203.732,235141.3249,74.62207358,122866.6875,8.277777778,7,2555.528616,2230.525635,6.935185185,13.27090301,10,10,10,6.5,3.5
550813.437,5275934.957,1273023.901,235118.282,74.62207358,128585.2432,8.277777778,7,2555.528616,2230.525635,6.935185185,13.27090301,10,10,10,6.5,3.5
551063.437,5275934.957,1273844.069,235095.2394,67.87272727,137011.5349,8.642384106,7,2929.474902,2523.431885,6.748344371,19.69454545,10,10,10,6.5,3.5
551313.437,5275934.957,1274664.237,235072.1971,56.18442153,146902.625,9.113207547,7,3344.600397,2523.431885,6.496855346,25.57388316,10,9.75,9.25,6.25,3.5
551563.437,5275934.957,1275484.405,235049.155,40.12298851,156411.9792,9.6625,7,3390.131121,2523.431885,5.96875,33.50344828,10,9.75,9.25,6.25,3.5
550563.437,5275684.957,1272180.689,234321.1561,68.066787,120775.1515,8.058823529,7,2300.263839,2081.392822,6.970588235,17.99097473,10,10,10,6.5,3.5
550813.437,5275684.957,1273000.858,234298.1135,68.066787,121438.3077,8.058823529,7,2300.263839,2081.392822,6.970588235,17.99097473,10,10,10,6.5,3.5
551063.437,5275684.957,1273821.027,234275.0711,60.39948454,131322.8864,8.598591549,7,2724.115599,2410.534058,6.704225352,23.44458763,10,10,10,6.5,3.5
551313.437,5275684.957,1274641.195,234252.029,48.79104478,141299.7083,9.105590062,7,3336.23937,2410.534058,6.447204969,26.61538462,10,9.75,9.25,6.25,3.5
551563.437,5275684.957,1275461.363,234228.9872,36.08275862,147642.1224,9.710691824,7,3551.375445,2297.63623,5.962264151,33.60574713,10,9.75,9.25,6.25,3.5
550563.437,5275434.957,1272157.647,233500.987,61.75043937,114782.8611,8.018867925,7,2275.651029,1932.26001,6.990566038,22.20210896,10,10,10,6.5,3.5
550813.437,5275434.957,1272977.816,233477.9446,61.75043937,113829.2439,8.018867925,7,2275.651029,1932.26001,6.990566038,22.20210896,10,10,10,6.5,3.5
551063.437,5275434.957,1273797.985,233454.9025,54.10574413,120149.4444,8.638297872,7,2710.839875,2297.63623,6.680851064,28.09660574,10,10,10,6.5,3.5
551313.437,5275434.957,1274618.153,233431.8606,41.99770642,128859.5417,9.169811321,7,3364.814119,2297.63623,6.41509434,29.38646789,10,9.75,9.25,6.25,3.5
551563.437,5275434.957,1275438.322,233408.8191,31.49427918,137565.0408,9.710691824,7,3701.640325,2297.63623,6.006289308,34.21967963,10,9.75,9.25,6.25,3.5
550313.437,5275184.957,1271314.435,232703.8601,62.41588785,108667.75,8.380165289,7,2499.723491,1932.26001,6.809917355,23.37850467,10,10,10,6.6,2
550563.437,5275184.957,1272134.604,232680.8177,62.41588785,107245.65,8.380165289,7,2499.723491,1932.26001,6.809917355,23.37850467,10,10,10,6.4,2
550813.437,5275184.957,1272954.774,232657.7755,62.41588785,106734.4186,8.380165289,7,2499.723491,1932.26001,6.809917355,23.37850467,10,10,9.8,6.2,2
551063.437,5275184.957,1273774.943,232634.7336,54.78791615,111404.0638,8.834437086,7,2989.022949,2297.63623,6.582781457,28.97163995,10,10,9.8,6.2,2
551313.437,5275184.957,1274595.112,232611.692,41.67922374,118348.102,9.320754717,7,3506.059766,2297.63623,6.339622642,33.87328767,10,9.666666667,9,6.166666667,2.333333333
550313.437,5274934.957,1271291.392,231883.6902,82.88821138,101689.975,6.666666667,7.978494624,3156.266542,1566.883789,7.35483871,5.093495935,10,10,10,6.5,1.833333333
550563.437,5274934.957,1272111.562,231860.648,75.44205298,100099.9535,7.530434783,7.539130435,3106.0432,5427.267578,7.07826087,12.00165563,10,10,9.857142857,6.428571429,1.714285714
550813.437,5274934.957,1272931.732,231837.6061,66.84635417,99959.95652,8.225352113,7.295774648,3746.185731,5484.259888,6.830985915,19.64713542,10,10,9.833333333,6.333333333,1.833333333
551063.437,5274934.957,1273751.901,231814.5644,59.50115473,102519.625,8.842767296,7.144654088,4335.777319,2297.63623,6.578616352,24.77136259,10,10,9.8,6.2,2
550313.437,5274684.957,1271268.35,231063.52,83.67672414,94813.04545,5.78125,8.6796875,4620.140346,9287.651367,7.609375,4.244252874,10,10,10,6.571428571,1.714285714
550563.437,5274684.957,1272088.52,231040.4781,80.07850708,92804.95652,6.74829932,8.204081633,5381.202606,9287.651367,7.278911565,8.187902188,10,10,9.888888889,6.444444444,1.555555556
550813.437,5274684.957,1272908.69,231017.4364,72.83737024,91123.79167,7.775,7.75,7239.287228,9287.651367,6.9625,13.75547866,10,10,9.777777778,6.333333333,1.777777778
550063.437,5274434.957,1270425.137,230266.3916,86.01086957,93840.68085,4.56,9.553333333,6704.934175,7672.023926,8.173333333,1.381642512,10,10,9.625,6.875,1.25
550313.437,5274434.957,1271245.308,230243.3496,85.38004751,90630.04255,5,9.307692308,6314.296975,9287.651367,7.820512821,2.774346793,10,10,10,6.625,1.25
550563.437,5274434.957,1272065.478,230220.3079,82.91820277,87812.28571,6.012345679,8.827160494,8417.25505,9287.651367,7.512345679,5.153225806,10,10,9.833333333,6.5,1.583333333
550813.437,5274434.957,1272885.649,230197.2664,79.17754868,84102.20408,7.043478261,8.447204969,10534.14444,9036.259766,7.285714286,8.361970218,10,10,9.818181818,6.363636364,1.636363636
547063.437,5286434.957,1261689.519,269910.9501,11.33384615,145628.8333,8.760683761,4,1010.449265,159.3487701,4,56.32461538,4.239316239,9,5,6,2
547313.437,5286434.957,1262509.68,269887.8937,11.33384615,130843.5135,8.760683761,4,1010.449265,159.3487701,4,56.32461538,4.239316239,9,5,6,2
547563.437,5286434.957,1263329.841,269864.8376,10.06721698,118128.4186,8.811320755,4,1021.820295,120.722023,4,63.38561321,4.188679245,9.5,5.5,6,3
547813.437,5286434.957,1264150.002,269841.7816,13.3337156,109077.7292,8.465408805,4,1478.610409,159.3487701,4,64.61926606,4.251572327,9.5,5.5,6,3
548063.437,5286434.957,1264970.163,269818.7259,20.16132723,95450.44898,7.51572327,4,2318.955231,1165.970173,4,56.73569794,4.48427673,9.75,6,6,2
548313.437,5286434.957,1265790.323,269795.6704,33.84421535,83923.87755,6.559748428,4,3215.183051,2211.218323,4,43.3906071,4.72327044,9.75,6,6,2
547063.437,5286184.957,1261666.462,269090.7885,11.70219436,152233.5,9,4,1107.103027,159.3487701,4,53.6708464,4,9,5,6,2
547313.437,5286184.957,1262486.624,269067.7323,11.70219436,138697,9,4,1107.103027,159.3487701,4,53.6708464,4,9,5,6,2
547563.437,5286184.957,1263306.785,269044.6764,12.02259215,122965.2326,9,4,1107.103027,159.3487701,4,59.87514863,4,9.666666667,6,6,2.333333333
547813.437,5286184.957,1264126.946,269021.6207,18.87757437,110107.3542,8.620253165,4,1596.991724,159.3487701,4,60.98970252,4.094936709,9.666666667,6,6,2.333333333
548063.437,5286184.957,1264947.107,268998.5652,27.6862069,94773.42857,7.45,4,2606.534507,1687.936714,4,53.70689655,4.3875,9.75,6,6,2
548313.437,5286184.957,1265767.268,268975.5099,40.7537228,80737.53061,6.257861635,4,3796.047653,3216.524658,4,40.57273769,4.685534591,9.75,6,6,2
547063.437,5285934.957,1261643.406,268270.6267,16.38734568,155403.6129,9,4,1107.103027,159.3487701,4,49.5462963,4,9,5,6,2
547313.437,5285934.957,1262463.568,268247.5707,16.38734568,141639.3684,9,4,1107.103027,159.3487701,4,49.5462963,4,9,5,6,2
547563.437,5285934.957,1263283.729,268224.515,20.45744681,126839,9,4,1107.103027,159.3487701,4,52.18321513,4,9.666666667,6,6,2.333333333
547813.437,5285934.957,1264103.891,268201.4595,27.14089347,113820.8333,8.639240506,4,1584.345282,159.3487701,4,54.17411226,4.094936709,9.666666667,6,6,2.333333333
548063.437,5285934.957,1264924.052,268178.4043,35.31578947,95175.18367,7.751552795,4,2452.352004,1687.936714,4,46.93592677,4.372670807,9.75,6,6,2
548313.437,5285934.957,1265744.213,268155.3493,46.1201373,80464.57143,6.68125,4,3650.634371,3216.524658,4,34.92562929,4.6875,9.75,6,6,2
546813.437,5285684.957,1260800.188,267473.5205,24.22026432,158068,9,4,1107.103027,159.3487701,4,42.6328928,4,9,5,6,2
547063.437,5285684.957,1261620.35,267450.4646,24.22026432,155486.875,9,4,1107.103027,159.3487701,4,42.6328928,4,9,5,6,2
547313.437,5285684.957,1262440.512,267427.4089,24.22026432,144260.8205,9,4,1107.103027,159.3487701,4,42.6328928,4,9,5,6,2
547563.437,5285684.957,1263260.674,267404.3534,30.05677868,130393.2444,9,4,1107.103027,528.4904861,4,45.16570104,4,9.666666667,6,6,2.333333333
547813.437,5285684.957,1264080.836,267381.2982,38.08860759,117396.1667,8.797468354,4,1419.57963,159.3487701,4,44.86191024,4.088607595,9.666666667,6,6,2.333333333
548063.437,5285684.957,1264900.997,267358.2432,44.64874142,99553.14286,8.150943396,4,2237.239737,1608.884708,4,38.67391304,4.358490566,9.666666667,6,6,2.333333333
548313.437,5285684.957,1265721.158,267335.1884,53.69450801,84842.53061,7.221518987,4,3299.048015,2689.278931,4,29.0228833,4.67721519,9.666666667,6,6,2.333333333
546813.437,5285434.957,1260777.132,266653.358,23.85313175,155909.08,9,4,1107.103027,0.101160638,4,37.93088553,4,9,5,6,2
547063.437,5285434.957,1261597.294,266630.3023,23.85313175,155565.0909,9,4,1107.103027,0.101160638,4,37.93088553,4,9,5,6,2
547313.437,5285434.957,1262417.457,266607.2468,31.79229711,145678.6,9,4,1107.103027,897.6322021,4,38.55708391,4,9,5,6,2
547563.437,5285434.957,1263237.619,266584.1916,39.8045977,132860.2609,9,4,1107.103027,897.6322021,4,39.26781609,4,9.5,6,6,1.5
547813.437,5285434.957,1264057.781,266561.1366,48.08944954,120852.9796,8.918238994,4,1376.494657,897.6322021,4,35.59977064,4.081761006,9.5,6,6,1.5
548063.437,5285434.957,1264877.942,266538.0818,53.55784651,103639.6531,8.496855346,4,1954.683547,2162.033203,4,30.71935853,4.352201258,9.666666667,6,6,2.333333333
548313.437,5285434.957,1265698.104,266515.0272,60.01150748,89804.63265,7.850931677,4,2832.247602,2162.033203,4,24.59378596,4.664596273,9.666666667,6,6,2.333333333
546813.437,5285184.957,1260754.076,265833.1953,27.32591093,152071,9,4,1107.103027,0.101160638,4,36.68218623,4,9,5,6,2
547063.437,5285184.957,1261574.239,265810.1398,27.32591093,151081.8571,9,4,1107.103027,0.101160638,4,36.68218623,4,9,5,6,2
547313.437,5285184.957,1262394.401,265787.0845,36.54304636,143347.9512,9,4,1107.103027,897.6322021,4,35.64503311,4,9,5,6,2
547563.437,5285184.957,1263214.564,265764.0295,47.06551724,134682.9362,9,4,1107.103027,897.6322021,4,33.67701149,4,9.5,6,6,1.5
547813.437,5285184.957,1264034.726,265740.9748,53.72068966,124648.0408,8.917721519,4,1295.125513,897.6322021,4,30.34022989,4.082278481,9.5,6,6,1.5
548063.437,5285184.957,1264854.888,265717.9202,56.05504587,108894.449,8.670807453,4,1821.112465,1529.832703,4,29.05619266,4.329192547,9.5,6,6,1.5
548313.437,5285184.957,1265675.049,265694.8659,59.07683486,95935.02041,8.314465409,4,2457.786026,2162.033203,4,25.31651376,4.666666667,9.5,6,6,1.5
546813.437,5284934.957,1260731.021,265013.0323,27.10114504,149739.1379,9,4,1107.103027,0.101160638,4,40.46564886,4,9.5,5.5,6,2
547063.437,5284934.957,1261551.184,264989.977,27.10114504,146007.3784,9,4,1107.103027,0.101160638,4,40.46564886,4,9,5,6,2
547313.437,5284934.957,1262371.346,264966.922,34.27792208,138422.3256,9,4,1107.103027,897.6322021,4,39.05844156,4,9.5,5.5,6,2
547563.437,5284934.957,1263191.509,264943.8672,43.59770115,131865,9,4,1107.103027,897.6322021,4,37.26666667,4,9.5,6,6,1.5
547813.437,5284934.957,1264011.671,264920.8127,49.25402299,123971.5918,8.925,4,1310.370579,897.6322021,4,34.35402299,4.075,9.666666667,6,6,1.666666667
548063.437,5284934.957,1264831.833,264897.7584,52.69485714,112172.1633,8.664596273,4,1812.187347,2162.033203,4,31.24457143,4.335403727,9.666666667,6,6,1.666666667
548313.437,5284934.957,1265651.995,264874.7043,57.57011494,100314.2245,8.352201258,4,2425.702275,2162.033203,4,26.16321839,4.647798742,9.666666667,6,6,1.666666667
546813.437,5284684.957,1260707.965,264192.8691,21.26449275,145967.0968,9,4.02970297,1194.452891,14.70056629,4.02970297,49.0634058,4.059405941,9.5,5.5,6,2
547063.437,5284684.957,1261528.129,264169.8141,21.26449275,143200.4615,9,4.02970297,1194.452891,14.70056629,4.02970297,49.0634058,4.059405941,9.5,5.5,6,2
547313.437,5284684.957,1262348.292,264146.7593,25.97183099,135763.4444,9,4,1107.103027,349.7255249,4,48.7759283,4,9.5,5.5,6,2
547563.437,5284684.957,1263168.454,264123.7047,33.5778032,127435.4375,9,4.00621118,1107.103027,349.7255249,4.00621118,45.78947368,4.01242236,9.666666667,6,6,1.666666667
547813.437,5284684.957,1263988.617,264100.6504,40.46666667,121318.0612,8.949044586,4,1248.119891,349.7255249,4,41.46896552,4.050955414,9.666666667,6,6,1.666666667
548063.437,5284684.957,1264808.779,264077.5963,47.1559633,110620.1224,8.6875,4.0125,1791.940077,1347.061569,4.0125,35.87155963,4.3375,9.666666667,6,6,1.666666667
548313.437,5284684.957,1265628.941,264054.5425,53.58466819,100499.7959,8.425,4.0625,2379.23734,1978.855347,4.0625,29.79061785,4.7,9.666666667,6,6,1.666666667
546563.437,5284434.957,1259864.747,263395.7606,12.38202247,145274.3077,9,4.313043478,1558.912665,14.70056629,4.313043478,57.96147673,4.626086957,9.666666667,5,6,3
546813.437,5284434.957,1260684.91,263372.7056,12.38202247,143522.2647,9,4.313043478,1558.912665,14.70056629,4.313043478,57.96147673,4.626086957,9.666666667,5,6,3
547063.437,5284434.957,1261505.074,263349.6508,12.38202247,139598.625,9,4.313043478,1558.912665,14.70056629,4.313043478,57.96147673,4.626086957,9.666666667,5,6,3
547313.437,5284434.957,1262325.237,263326.5963,17.25091352,133415.3261,9,4.241610738,1410.401164,349.7255249,4.241610738,56.68087698,4.483221477,9.666666667,5,6,3
547563.437,5284434.957,1263145.4,263303.542,23.15843858,124594.6327,9,4.189873418,1331.077036,349.7255249,4.189873418,54.33754305,4.379746835,9.75,5.5,6,2.5
547813.437,5284434.957,1263965.563,263280.4879,29.91954023,117323.5714,8.96835443,4.126582278,1397.618948,349.7255249,4.126582278,49.90229885,4.284810127,9.666666667,6,6,1.666666667
548063.437,5284434.957,1264785.725,263257.434,39.97126437,108167.9388,8.789808917,4.152866242,1775.856971,1164.290436,4.152866242,43.32183908,4.515923567,9.666666667,6,6,1.666666667
548313.437,5284434.957,1265605.888,263234.3804,50.24370709,99435.89796,8.588607595,4.215189873,2272.144718,1978.855347,4.215189873,32.86613272,4.841772152,9.666666667,6,6,1.666666667
546563.437,5284184.957,1259841.692,262575.5967,7.937901499,142968.0345,9,4.705882353,2077.341116,14.70056629,4.964705882,57.98715203,5.929411765,9.666666667,5,6,3
546813.437,5284184.957,1260661.856,262552.542,7.937901499,141012.9444,9,4.705882353,2077.341116,14.70056629,4.964705882,57.98715203,5.929411765,9.666666667,5,6,3
547063.437,5284184.957,1261482.019,262529.4874,11.34985836,136349.5476,9,4.59375,1976.732163,14.70056629,4.7578125,59.76062323,5.515625,9.666666667,5,6,3
547313.437,5284184.957,1262302.183,262506.4331,12.97215777,130558.1277,9,4.540880503,1878.282616,349.7255249,4.622641509,61.55800464,5.245283019,9.666666667,5,6,3
547563.437,5284184.957,1263122.346,262483.379,16.91065292,122557.6327,9,4.467948718,1732.961593,349.7255249,4.5,59.71592211,5,9.666666667,5,6,3
547813.437,5284184.957,1263942.509,262460.3251,21.75747126,113530.4286,8.987421384,4.396226415,1744.407375,349.7255249,4.408805031,56.47241379,4.830188679,9.666666667,6,6,1.666666667
548063.437,5284184.957,1264762.672,262437.2715,34.41857798,104661.5918,8.9,4.45,1997.255109,1164.290436,4.45,46.70756881,5,9.666666667,6,6,1.666666667
548313.437,5284184.957,1265582.834,262414.2181,49.91055046,97078.36735,8.791139241,4.487341772,2279.79849,1978.855347,4.487341772,33.8440367,5.183544304,9.8,5.8,6,2.6
547063.437,5283934.957,1261458.965,261709.3237,16.17821782,133395.8409,9,4.850340136,2306.914698,466.1654687,5.210884354,53.7759901,6.421768707,9.666666667,5,6,3
547313.437,5283934.957,1262279.129,261686.2696,18.20551091,127331.0625,9,4.832298137,2292.392872,689.5228131,5.024844721,56.47416762,6.049689441,9.666666667,5,6,3
547563.437,5283934.957,1263099.292,261663.2158,20.6532721,118651.1429,9,4.757763975,2182.636567,912.8801575,4.813664596,55.46613088,5.627329193,9.666666667,5,6,3
547813.437,5283934.957,1263919.455,261640.1621,26.12988506,111127.8367,9,4.689873418,2121.6243,912.8801575,4.708860759,51.64022989,5.417721519,9.666666667,5.333333333,6,2.333333333
548063.437,5283934.957,1264739.618,261617.1088,33.40183697,102017.2653,8.987341772,4.721518987,2237.854962,1565.943771,4.721518987,46.28702641,5.455696203,9.75,5.5,6,3
548313.437,5283934.957,1265559.781,261594.0556,46.91618829,95582.85714,8.950310559,4.770186335,2342.059357,2219.007385,4.770186335,35.32146958,5.590062112,9.833333333,6.5,6,2.666666667
547563.437,5283684.957,1263076.239,260843.0523,28.21191294,114840.7959,9,4.993710692,2558.724269,1476.03479,5.088050314,47.87857961,6.176100629,9.666666667,5.333333333,6,2.333333333
547813.437,5283684.957,1263896.402,260819.9989,31.18390805,106558.4082,9,4.917721519,2431.571946,1476.03479,4.930379747,45.95747126,5.860759494,9.666666667,5.333333333,6,2.333333333
548063.437,5283684.957,1264716.565,260796.9458,37.78250863,99180.79592,8.99378882,4.894409938,2415.508152,1967.597107,4.900621118,41.94131185,5.801242236,9.75,5.5,6,3
546063.437,5283434.957,1258132.198,260161.2126,33.17326733,162921.3333,9,5,2507.504883,917.6303711,6,39.12211221,8,10,3.5,6,3
546313.437,5283434.957,1258952.363,260138.158,33.17326733,154294.7429,9,5,2507.504883,917.6303711,6,39.12211221,8,10,3.5,6,3
545813.437,5283184.957,1257288.978,259364.1019,44.89982729,159158.7667,9.211538462,5,2504.600464,623.62677,6.211538462,37.07253886,7.788461538,10,3.5,6,3
546063.437,5283184.957,1258109.144,259341.0473,44.89982729,161665.5143,9.211538462,5,2504.600464,623.62677,6.211538462,37.07253886,7.788461538,10,3.5,6,3
546313.437,5283184.957,1258929.309,259317.9929,44.89982729,156033.5641,9.211538462,5,2504.600464,623.62677,6.211538462,37.07253886,7.788461538,10,3.5,6,3
545563.437,5283184.957,1256468.812,259387.1567,45.58452138,155089.1538,9.879120879,5,2492.160783,1657.369385,6.879120879,37.69183673,7.120879121,10,3.5,6,3
545313.437,5282934.957,1255625.591,258590.0456,45.58452138,149745.8214,9.879120879,5,2492.160783,1657.369385,6.879120879,37.69183673,7.120879121,10,3.333333333,6,3.666666667
545563.437,5282934.957,1256445.757,258566.9907,45.58452138,154015.8438,9.879120879,5,2492.160783,1657.369385,6.879120879,37.69183673,7.120879121,10,3.5,6,3
545813.437,5282934.957,1257265.923,258543.9361,45.58452138,158175,9.879120879,5,2492.160783,1657.369385,6.879120879,37.69183673,7.120879121,10,3.5,6,3
546063.437,5282934.957,1258086.089,258520.8817,48.16377953,160139.95,9.550847458,5,2497.362467,1657.369385,6.550847458,35.25078864,7.449152542,10,3.5,6,3
546313.437,5282934.957,1258906.255,258497.8276,49.06020942,155020,9.281690141,5,2502.533355,1657.369385,6.281690141,33.36518325,7.718309859,10,3.5,6,3
545063.437,5282684.957,1254782.37,257792.934,38.93031359,145454.037,10,5,2488.475931,901.0176468,7,41.7591623,7,10,3,6,3
545313.437,5282684.957,1255602.536,257769.8791,38.93031359,149615.2424,10,5,2488.475931,901.0176468,7,41.7591623,7,10,3,6,3
545563.437,5282684.957,1256422.703,257746.8245,38.93031359,153205.5526,10,5,2488.475931,901.0176468,7,41.7591623,7,10,3.5,6,3
545813.437,5282684.957,1257242.869,257723.7701,41.6652602,156129.4048,9.915384615,5,2489.801758,1657.369385,6.915384615,39.5056338,7.084615385,10,3.5,6,3
546063.437,5282684.957,1258063.035,257700.7159,46.0620438,156422.2889,9.626666667,5,2494.596354,1657.369385,6.626666667,35.1680877,7.373333333,10,3.5,6,3
546313.437,5282684.957,1258883.201,257677.662,49.48738532,151282.1875,9.347826087,5,2500.554137,1657.369385,6.347826087,30.69380734,7.652173913,10,3.5,6,3
544813.437,5282684.957,1253962.203,257815.9891,29.30263158,144661.4762,10,5,2721.700098,144.6659088,7,42.89473684,7.814814815,10,3,6,3
544563.437,5282434.957,1253118.98,257018.8772,29.30263158,145674.1176,10,5,2721.700098,144.6659088,7,42.89473684,7.814814815,10,3,6,3
544813.437,5282434.957,1253939.148,256995.822,29.30263158,142567.5417,10,5,2721.700098,144.6659088,7,42.89473684,7.814814815,10,3,6,3
545063.437,5282434.957,1254759.315,256972.7671,29.30263158,146116.6452,10,5,2721.700098,144.6659088,7,42.89473684,7.814814815,10,3,6,3
545313.437,5282434.957,1255579.482,256949.7125,31.19040248,148904.6053,10,5,2610.150004,144.6659088,7,45.17027864,7.416666667,10,3,6,3
545563.437,5282434.957,1256399.648,256926.658,34.70231959,151554.9773,10,5,2503.113757,144.6659088,7,44.56701031,7.06993007,10,3.333333333,6,3.666666667
545813.437,5282434.957,1257219.815,256903.6039,39.17225434,153130.087,9.917197452,5,2489.122484,1657.369385,6.917197452,40.37803468,7.082802548,10,3.333333333,6,3.666666667
546063.437,5282434.957,1258039.981,256880.5499,44.21534937,152787.9388,9.652173913,5,2493.779359,1657.369385,6.652173913,35.19243986,7.347826087,10,3.5,6,3
546313.437,5282434.957,1258860.147,256857.4962,48.69804822,147996.2857,9.34375,5,2499.759766,1657.369385,6.34375,28.79793341,7.65625,10,3.5,6,3
544813.437,5282184.957,1253916.093,256175.6547,27.80769231,143522,10,5,2920.656919,115.5189133,7,41.54487179,8.527272727,10,3,6,3
545063.437,5282184.957,1254736.26,256152.6,28.56732496,144710.7941,10,5,2762.916217,115.5189133,7,43.82585278,8,10,3,6,3
545313.437,5282184.957,1255556.427,256129.5455,31.27607362,146965.3171,10,5,2687.895649,115.5189133,7,43.98895706,7.734693878,10,3,6,3
545563.437,5282184.957,1256376.594,256106.4913,35.01722158,150536.0851,10,5,2577.972093,989.5807457,7,43.23536165,7.375,10,3.333333333,6,3.666666667
545813.437,5282184.957,1257196.761,256083.4374,41.20574713,150785.102,9.911949686,5,2534.394798,2069.915771,6.911949686,37.45977011,7.301886792,10,3.333333333,6,3.666666667
546063.437,5282184.957,1258016.927,256060.3837,46.24482759,149710.0816,9.694267516,5,2546.252752,1863.642578,6.694267516,31.16091954,7.535031847,10,3.5,6,3
546313.437,5282184.957,1258837.094,256037.3302,51.5103211,144898.5306,9.428571429,5,2558.454878,2069.915771,6.428571429,25.21788991,7.832298137,10,3.5,6,3
545313.437,5281934.957,1255533.373,255309.3784,33.7039312,146344.9091,10,5,2808.873157,86.37191772,7,43.01228501,8.170068027,10,3,6,3
545563.437,5281934.957,1256353.54,255286.3244,37.93685419,147204.4375,10,5,2743.596161,86.37191772,7,39.5097589,7.942675159,10,3.333333333,6,3.666666667
545813.437,5281934.957,1257173.707,255263.2706,45.43498274,147846.449,9.949685535,5,2702.973497,2069.915771,6.949685535,31.38204833,7.855345912,10,3.333333333,6,3.666666667
546063.437,5281934.957,1257993.874,255240.2172,50.60571429,147130.2041,9.797468354,5,2713.060658,2069.915771,6.797468354,26.45142857,8.025316456,10,3.5,6,3
546313.437,5281934.957,1258814.04,255217.1639,55.39105505,142538.2245,9.617834395,5,2749.562104,2069.915771,6.617834395,21.88990826,8.210191083,10,3.5,6,3
545563.437,5281684.957,1256330.487,254466.1572,42.37571592,145347.0417,10,5,2902.042357,86.37191772,7,34.42382589,8.475,10,3,6,3
545813.437,5281684.957,1257150.654,254443.1037,52.88289323,144755.7143,9.993670886,5,2887.649208,2069.915771,6.993670886,24.27669346,8.436708861,10,3.333333333,6,3.666666667
546063.437,5281684.957,1257970.821,254420.0504,57.56257176,143045.4694,9.913043478,5,2896.860679,2069.915771,6.913043478,19.70723307,8.527950311,10,3.5,6,3
554563.437,5282184.957,1285902.447,255276.7033,35.88901869,138423.0541,8.141935484,4.909677419,2251.312161,1131.779663,3.025806452,37.28337237,4.961290323,8.5,4,5,6.5
554813.437,5282184.957,1286722.605,255253.6582,36.38865248,134970.9375,8.1015625,4.8984375,2235.95205,753.9440765,3,31.56125356,4.8984375,8.5,4,5,6.5
554563.437,5281934.957,1285879.402,254456.5451,35.09610984,135092.2439,8.161490683,5,2300.022151,1131.779663,3.080745342,34.77574371,5.161490683,8.5,4,5,6.5
554813.437,5281934.957,1286699.56,254433.5003,33.01847291,130701.8056,7.986577181,5,2227.231311,753.9440765,3,30.70812808,5.013422819,8.5,4,5,6.5
555063.437,5281934.957,1287519.718,254410.4556,30.89358372,124999.9375,7.92173913,5,2195.99452,376.10849,3,28.6885759,5.07826087,8.5,4,5,6.5
554313.437,5281684.957,1285036.198,253659.4315,36.63605052,136596.9167,8.716981132,5,2596.322669,1134.505493,3.358490566,31.83122847,5.716981132,9.25,4.5,5.5,3.75
554563.437,5281684.957,1285856.357,253636.3867,31.70561283,131227.7333,8.267515924,5,2372.221961,1134.505493,3.133757962,29.74226804,5.267515924,9,4.333333333,5.333333333,4.666666667
554813.437,5281684.957,1286676.516,253613.3421,29.39724455,125768.9756,7.99375,5,2225.947021,808.7955551,3,29.52123995,5.00625,8.5,4,5,6.5
555063.437,5281684.957,1287496.674,253590.2977,30.73392182,119699.3947,7.875,5,2150.263191,483.0856171,3,27.3219697,5.125,8.5,4,5,6.5
555313.437,5281684.957,1288316.832,253567.2536,36.92679128,114094.9429,7.683760684,5,1980.675347,483.0856171,3,23.91875,5.316239316,8.5,4,5,6.5
554063.437,5281434.957,1284192.994,252862.3174,43.68771527,137720.0408,9.518987342,5,3049.646478,1137.231323,3.759493671,28.65556831,6.518987342,9.25,4.5,5.5,3.75
554313.437,5281434.957,1285013.154,252839.2726,40.19058553,133910.6327,8.981132075,5,2754.015102,1137.231323,3.490566038,28.29965557,5.981132075,9.25,4.5,5.5,3.75
554563.437,5281434.957,1285833.313,252816.228,29.95402299,128744.383,8.392405063,5,2413.493146,1137.231323,3.208860759,26.32643678,5.443037975,9,4.333333333,5.333333333,4.666666667
554813.437,5281434.957,1286653.471,252793.1837,27.05970149,123118.9111,7.96835443,5,2156.438431,863.6470337,3.025316456,27.52927669,5.132911392,9,4.333333333,5.333333333,4.666666667
555063.437,5281434.957,1287473.63,252770.1396,33.21724138,116403.5,7.735849057,5,1980.054406,590.0627441,3,27.71609195,5.264150943,8.5,4,5,6.5
555313.437,5281434.957,1288293.788,252747.0958,42.78473091,111754.95,7.496551724,5,1771.844036,590.0627441,3,22.54077792,5.503448276,8.5,4,5,6.5
555563.437,5281684.957,1289136.989,253544.2098,54.67634855,109284.2258,7.257575758,5,1581.232906,590.0627441,3,15.54166667,5.742424242,8.5,4,5,6.5
555563.437,5281434.957,1289113.946,252724.0522,54.67634855,106150.1579,7.257575758,5,1581.232906,590.0627441,3,15.54166667,5.742424242,8.5,4,5,6.5
555813.437,5281684.957,1289957.147,253521.1662,57.32300885,104395.2857,7.040322581,5,1358.192753,22.91467857,3,5.469539376,5.959677419,8,4,5,10
555813.437,5281434.957,1289934.103,252701.0089,57.32300885,103476.7576,7.040322581,5,1358.192753,22.91467857,3,5.469539376,5.959677419,8,4,5,10
556063.437,5281684.957,1290777.304,253498.1229,45.26282051,100178.0435,7,5,1342.968994,22.91467857,3,3.711507293,6,8,4,5,10
556063.437,5281434.957,1290754.26,252677.9658,45.26282051,99904.7037,7,5,1342.968994,22.91467857,3,3.711507293,6,8,4,5,10
556313.437,5281684.957,1291597.46,253475.0797,30.99454545,98333,7,5,1342.968994,22.91467857,3,6.905555556,6,8,4,5,10
556313.437,5281434.957,1291574.418,252654.923,30.99454545,98333,7,5,1342.968994,22.91467857,3,6.905555556,6,8,4,5,10
556563.437,5281434.957,1292394.574,252631.8804,25.62227603,98333,7,5,1342.968994,11.45888661,3,7.927860697,6,8,4,5,10
554063.437,5281184.957,1284169.95,252042.158,49.05408516,134339.5306,9.675,5,3113.539398,1633.57843,3.8375,23.55005754,6.675,9.25,4.5,5.5,3.75
554313.437,5281184.957,1284990.109,252019.1134,46.08381171,131719.5918,9.243589744,5,2859.932449,1137.231323,3.628205128,22.5510907,6.269230769,9.25,4.5,5.5,3.75
554563.437,5281184.957,1285810.268,251996.0691,39.75486827,127044.1429,8.602484472,5,2463.936035,1137.231323,3.360248447,24.2371134,5.838509317,9,4.333333333,5.333333333,4.666666667
554813.437,5281184.957,1286630.427,251973.025,36.24684271,122801.7917,7.96835443,5,2077.239618,863.6470337,3.126582278,26.9804822,5.537974684,9,4.333333333,5.333333333,4.666666667
555063.437,5281184.957,1287450.586,251949.9812,39.92413793,117321.0652,7.575,5,1813.472805,590.0627441,3.025,27.48390805,5.525,8.5,4,5,6.5
555313.437,5281184.957,1288270.744,251926.9377,50.98287671,111330.5778,7.32278481,5,1629.650172,590.0627441,3,21.75228311,5.67721519,8.5,4,5,6.5
555563.437,5281184.957,1289090.902,251903.8943,58.77314815,107245.4884,7.147435897,5,1457.641465,590.0627441,3,13.79026651,5.852564103,8.5,4,5,6.5
555813.437,5281184.957,1289911.06,251880.8513,57.63170163,104415.0541,7.012903226,5,1354.90113,22.91467857,3,6.058411215,5.987096774,8,4,5,10
556063.437,5281184.957,1290731.218,251857.8085,44.27537923,100593.7097,7,5,1342.968994,22.91467857,3,5.530516432,6,8,4,5,10
556313.437,5281184.957,1291551.375,251834.7659,29.07515924,98333,7,5,1342.968994,22.91467857,3,7.668814433,6,8,4,5,10
556563.437,5281184.957,1292371.532,251811.7236,23.2907563,98333,7,5,1342.968994,11.45888661,3,9.279310345,6,8,4,5,10
554063.437,5280934.957,1284146.905,251221.9982,54.12442922,132407.551,9.860759494,5,3170.387189,1137.231323,3.930379747,21.28310502,6.860759494,9.4,4.6,5.4,4.4
554313.437,5280934.957,1284967.065,251198.9539,50.00229885,129787.6122,9.5,5,2938.27481,1137.231323,3.775,22.30344828,6.6,9.4,4.6,5.4,4.4
554563.437,5280934.957,1285787.224,251175.9099,45.30080367,127672.0816,8.75625,5,2453.399821,1137.231323,3.49375,23.38576349,6.21875,9.25,4.5,5.25,5.25
554813.437,5280934.957,1286607.383,251152.8661,44.90045767,124060.0408,8.050314465,5,2046.139066,1358.445068,3.251572327,25.43363844,5.955974843,9.25,4.5,5.25,5.25
556063.437,5280934.957,1290708.175,251037.6509,39.56685714,106827.7879,7,5,1342.968994,21.1407156,3,8.035428571,6,8,4,5,10
556313.437,5280934.957,1291528.333,251014.6086,27.66093929,103723.9231,7,5,1342.968994,22.91467857,3,10.32491389,6,8,4,5,10
554063.437,5280684.957,1284123.861,250401.8383,54.94137931,130381.2449,9.98757764,5,3214.312315,1483.237915,3.99378882,23.59770115,7.049689441,9.5,5,5.5,4.75
554313.437,5280684.957,1284944.021,250378.7943,52.29472477,130254.9592,9.805031447,5,3027.772157,1483.237915,3.924528302,24.03211009,6.962264151,9.333333333,4.666666667,5.333333333,6
554563.437,5280684.957,1285764.18,250355.7505,50.6130884,129899.5714,8.943037975,5,2517.226294,1483.237915,3.632911392,24.16188289,6.639240506,9.333333333,4.666666667,5.333333333,6
554063.437,5280434.957,1284100.817,249581.6781,53.45183486,133191.2245,10,5,3257.983343,1756.91864,4,25.7087156,7.325,9.5,5,5.5,4.75
554313.437,5280434.957,1284920.977,249558.6343,51.44215349,133635.6122,9.828025478,5,3140.174814,1483.237915,3.942675159,25.38373425,7.242038217,9.333333333,4.666666667,5.333333333,6
554063.437,5280184.957,1284077.773,248761.5176,53.67087156,137095.8367,10,5,3332.852708,1756.91864,4,28.50802752,7.651898734,9.5,5,5.5,4.75
548313.437,5279934.957,1265190.963,248471.4223,64.41990847,111823.0204,9.993670886,6,4387.800299,2785.295166,7.746835443,26.17505721,10,10,5.666666667,6,3.333333333
548563.437,5279934.957,1266011.129,248448.3732,61.28702641,114878.0851,10,6,3969.810322,2785.295166,7.408805031,28.81859931,10,10,6.5,6,4.25
548313.437,5279684.957,1265167.914,247651.2556,62.51894374,110549.6939,10,6,4319.632522,1827.389038,7.917721519,27.7554535,10,10,6,6,2.75
548563.437,5279684.957,1265988.08,247628.2067,58.56536697,113302.1458,10,6,3933.498893,1827.389038,7.506329114,28.57798165,10,10,6.6,6,3.6
548313.437,5279434.957,1265144.865,246831.0887,62.79770115,109273.8367,10,6,4174.834692,1827.389038,8.169811321,28.05402299,10,10,6,6,2.75
548563.437,5279434.957,1265965.032,246808.04,55.96896552,111502.2245,9.975,6,3906.844901,1827.389038,7.7375,29.67011494,10,10,6.666666667,6.166666667,4.166666667
548813.437,5279434.957,1266785.198,246784.9916,47.72873563,112336.9792,9.924050633,6,3611.520328,1827.389038,7.32278481,33.28390805,10,10,7.2,6.2,4.8
548313.437,5279184.957,1265121.816,246010.9214,63.19495413,107823.8367,9.974522293,6,4139.090601,1827.389038,8.522292994,28.37729358,10,10,6,6,2.75
548563.437,5279184.957,1265941.983,245987.873,58.34478809,109462.0612,9.873417722,6,4181.952893,1827.389038,8.056962025,28.27491409,10,10,7.2,6.2,4.8
548813.437,5279184.957,1266762.15,245964.8248,52.46321839,109781.4082,9.745341615,6,4154.362935,1827.389038,7.658385093,29.67931034,10,10,7.2,6.2,4.8
548313.437,5278934.957,1265098.768,245190.754,65.43742824,106964,9.930379747,6,4208.234175,2609.754547,8.778481013,26.75086108,10,10,7,6.25,2.75
548563.437,5278934.957,1265918.935,245167.7058,62.02176403,106928.3265,9.7375,6,4581.438702,2732.573059,8.375,26.76861397,10,10,7,6.4,3.6
548813.437,5278934.957,1266739.102,245144.6578,60.19977038,106507.898,9.5125,6,4972.65025,2732.573059,7.9125,24.25717566,10,10,7.333333333,6.333333333,4.166666667
548313.437,5278684.957,1265075.719,244370.5862,65.44329897,104987.8478,9.886792453,6,4367.118767,3637.75708,8.874213836,25.56930126,10,10,7,6.333333333,1.666666667
548563.437,5278684.957,1265895.887,244347.5383,64.21191294,104244.9796,9.626582278,6,4976.922664,3637.75708,8.550632911,24.06300115,10,10,7,6.5,3
548813.437,5278684.957,1266716.055,244324.4906,65.84385763,102628.898,9.310559006,6,5631.587477,3637.75708,8.186335404,20.163031,10,10,7.2,6.6,2.6
548563.437,5278434.957,1265872.839,243527.3705,63.69115959,101367.8936,9.594936709,6,5130.991164,3637.75708,8.594936709,24.26636051,10,10,7.2,6.6,2.6
548813.437,5278434.957,1266693.007,243504.323,66.91647597,99633.6875,9.245283019,6,5948.086933,3637.75708,8.245283019,19.80549199,10,10,7.2,6.6,2.6
548563.437,5278184.957,1265849.792,242707.2025,63.91139241,98692.51111,9.58490566,6,5117.587124,3246.162842,8.58490566,24.16340621,10,10,7.2,6.6,2.6
552313.437,5272684.957,1277645.394,224317.8365,61.55402299,102489.5714,9.037735849,9.534591195,6710.20614,6284.334961,8.635220126,23.5091954,10,9.5,8,6,3.5
552563.437,5272684.957,1278465.564,224294.7988,61.48853211,116098.2449,9.386075949,9.050632911,6179.299379,4423.887939,8.436708861,23.33142202,10,9.5,8,6,3.5
552813.437,5272684.957,1279285.735,224271.7614,60.34098737,125654.5918,9.698113208,8.528301887,5547.336494,2563.440918,8.226415094,24.15843858,10,9.25,7.5,6,2.75
553063.437,5272684.957,1280105.905,224248.7244,60.34977064,134090.5745,9.9625,7.99375,4755.951198,2563.440918,7.95625,26.33027523,10,9,7.333333333,6,3.333333333
553313.437,5272684.957,1280926.074,224225.6876,57.31530495,140968.5366,10,7.6375,4197.313532,2563.440918,7.6375,30.66858458,10,9,7.333333333,6,3.333333333
553563.437,5272684.957,1281746.244,224202.6511,50.06551724,144286.7059,10,7.325,3568.182948,1789.368408,7.325,34.4045977,10,9,7.333333333,6,3.333333333
553813.437,5272684.957,1282566.413,224179.6149,43.0476788,149824.8462,10,7.056338028,3081.929904,1789.368408,7.056338028,37.39543726,10,9,8,6,3.5
552063.437,5272434.957,1276802.185,223520.7034,66.27669346,89389.77551,8.310559006,10,7184.749692,5188.698486,9,19.06773823,10,9.6,8.2,6,3.4
552313.437,5272434.957,1277622.356,223497.6657,64.12773303,99619.61224,8.898734177,9.810126582,6220.075879,5188.698486,8.905063291,20.58227848,10,9.5,8,6,3.5
552563.437,5272434.957,1278442.527,223474.6283,63.09747706,111957.5102,9.232704403,9.257861635,5738.01249,3855.17804,8.635220126,21.14105505,10,9.5,8,6,3.5
552813.437,5272434.957,1279262.698,223451.5912,62.06904488,120733.5714,9.590062112,8.689440994,5360.237975,2521.657593,8.372670807,21.8296893,10,9.4,7.8,6,3.6
553063.437,5272434.957,1280082.868,223428.5543,61.44724771,128548.0217,9.880503145,8.075471698,4859.731796,2521.657593,8.031446541,24.36009174,10,9,7.333333333,6,3.333333333
553313.437,5272434.957,1280903.038,223405.5178,55.68922018,135488.675,9.924528302,7.735849057,4231.427645,2479.874268,7.735849057,30.33830275,10,9,7.333333333,6,3.333333333
553563.437,5272434.957,1281723.208,223382.4816,46.90574713,138550.0303,9.9625,7.3875,3627.356699,1132.466919,7.3875,35.46781609,10,9,7.333333333,6,3.333333333
553813.437,5272434.957,1282543.377,223359.4456,43.11450382,143536.6,9.95,7.171428571,3183.683907,1460.917664,7.171428571,34.94072165,10,9,8,6,3.5
552063.437,5272184.957,1276779.147,222700.5321,66.94845361,85034.59184,7.628930818,10,6593.313176,4093.062012,9,16.97823597,10,9.6,8.2,6,3.4
552313.437,5272184.957,1277599.319,222677.4946,65.43333333,94855.71429,8.13125,9.83125,5855.058228,4093.062012,8.925,19.71264368,10,9.5,8,6,3.5
552563.437,5272184.957,1278419.49,222654.4575,64.77002288,105545.8367,8.626582278,9.379746835,5503.984882,4093.062012,8.746835443,18.69679634,10,9.5,8,6,3.5
552813.437,5272184.957,1279239.661,222631.4206,64.02749141,112920.6042,9.125,8.88125,5253.504611,2479.874268,8.55625,20.15234822,10,9.4,7.8,6,3.6
553063.437,5272184.957,1280059.831,222608.384,62.38329519,121535.2889,9.597484277,8.34591195,4971.401738,2479.874268,8.301886792,23.5228833,10,9,7.333333333,6,3.333333333
553313.437,5272184.957,1280880.002,222585.3478,50.4004603,128899,9.704402516,8.025157233,4424.810742,2479.874268,8.025157233,33.05293441,10,9,7.333333333,6,3.333333333
553563.437,5272184.957,1281700.172,222562.3118,42.10538373,131624.625,9.695652174,7.819875776,4039.223418,1132.466919,7.819875776,37.35280641,10,9,7.333333333,6,3.333333333
553813.437,5272184.957,1282520.342,222539.2761,38.93181818,135617.4167,9.720588235,7.617647059,3608.629953,1132.466919,7.617647059,36.41136671,10,9,8,6,3.5
552063.437,5271934.957,1276756.11,221880.3604,68.71954023,83007.91837,6.943396226,10,5603.883413,4093.062012,9.006289308,15.79310345,10,9.75,9,6,3.25
552313.437,5271934.957,1277576.282,221857.3232,68.1353211,92375.42857,7.304347826,9.888198758,5327.433118,4093.062012,8.97515528,17.40481651,10,9.6,8.4,6,3.2
552563.437,5271934.957,1278396.453,221834.2863,68.5908046,101992.3265,7.848101266,9.53164557,5157.864057,3286.46814,8.879746835,16.38275862,10,9.5,8,6,3.5
552813.437,5271934.957,1279216.624,221811.2497,66.75286041,109172.1458,8.588607595,9.094936709,5102.211642,2479.874268,8.765822785,18.77116705,10,9.4,7.8,6,3.6
553063.437,5271934.957,1280036.795,221788.2134,61.48512586,116694.0455,9.180124224,8.708074534,4998.54915,2479.874268,8.645962733,24.72311213,10,9,7.333333333,6,3.333333333
553313.437,5271934.957,1280856.966,221765.1774,47.67010309,124337.7368,9.391304348,8.440993789,4696.997108,2479.874268,8.440993789,34.4558992,10,9,7.333333333,6,3.333333333
553563.437,5271934.957,1281677.136,221742.1417,42.41423571,126978.2903,9.391025641,8.333333333,4427.377107,1132.466919,8.333333333,36.44678363,10,9,8,6,3.5
552063.437,5271684.957,1276733.073,221060.1885,72.11340206,81375.36735,6.559748428,10,4774.418094,4093.062012,9.157232704,12.82932417,10,9.666666667,9.333333333,6,4
552313.437,5271684.957,1277553.245,221037.1516,70.0790378,90289.26531,6.727848101,9.924050633,4708.539494,4093.062012,9.107594937,15.05040092,10,9.666666667,9.333333333,6,4
552563.437,5271684.957,1278373.416,221014.1149,67.74684994,98832.93878,7.34591195,9.622641509,4829.624924,4093.062012,9.012578616,16.75715922,10,9.75,9.25,6,4.5
552813.437,5271684.957,1279193.588,220991.0786,66.4696449,105423.6875,8.113924051,9.265822785,4930.074582,2479.874268,8.936708861,18.56471936,10,9.666666667,9,6,5.333333333
553063.437,5271684.957,1280013.759,220968.0425,60.5,112537.7674,8.859872611,9,5035.608835,2605.565063,8.929936306,25.11954023,10,9.333333333,8.333333333,6,4.333333333
553313.437,5271684.957,1280833.93,220945.0068,49.75858124,120573.8108,9.107594937,8.835443038,4952.805245,2479.874268,8.835443038,33.84439359,10,9.333333333,8.333333333,6,4.333333333
553563.437,5271684.957,1281654.101,220921.9713,44.10960591,122665.9333,9.12244898,8.768707483,4886.533959,1132.466919,8.768707483,34.95061728,10,9,8,6,3.5
552063.437,5271434.957,1276710.036,220240.0163,71.81121281,82064.34694,6.830188679,10,4349.414238,1909.535645,9.41509434,14.15560641,10,9.75,9.25,6,4.5
552313.437,5271434.957,1277530.208,220216.9796,69.19402985,89751.14286,6.829113924,9.930379747,4420.794365,1909.535645,9.310126582,14.93455798,10,9.75,9.25,6,4.5
552563.437,5271434.957,1278350.38,220193.9432,65.29919448,98293.67347,7.389937107,9.666666667,4633.691592,1909.535645,9.194968553,18.82163406,10,9.75,9.25,6,4.5
552813.437,5271434.957,1279170.552,220170.9071,63.93103448,104752.2708,8.050314465,9.352201258,4881.545416,2731.255859,9.062893082,18.96781609,10,9.75,9.25,6,4.5
553063.437,5271434.957,1279990.723,220147.8713,59.82171429,111204.186,8.803797468,9.075949367,5053.623962,2731.255859,9.03164557,24.31657143,10,9.5,9,6,4.5
553313.437,5271434.957,1280810.895,220124.8358,51.92783505,117338.7222,9.0375,9,5128.063965,2731.255859,9.0375,31.83390607,10,9.5,9,6,4.5
553563.437,5271434.957,1281631.065,220101.8006,47.62967742,118972.2414,9.041958042,8.972027972,5066.369106,1069.740845,9,34.12031048,10,9.5,9,6,4.5
552063.437,5271184.957,1276686.999,219419.8438,66.05855339,84718.10204,7.4,10,4227.956152,1909.535645,9.7,18.63375431,10,9.75,9.25,6,4.5
552313.437,5271184.957,1277507.172,219396.8073,65.73993096,91892.14286,7.35,9.9375,4323.410854,1909.535645,9.58125,15.51783659,10,9.75,9.25,6,4.5
552563.437,5271184.957,1278327.344,219373.7712,61.47701149,100541.7143,7.835443038,9.670886076,4434.851888,1909.535645,9.462025316,18.66436782,10,9.75,9.25,6,4.5
552813.437,5271184.957,1279147.516,219350.7354,58.6766055,107036.4792,8.445859873,9.343949045,4564.314697,2731.255859,9.324840764,20.45986239,10,9.75,9.25,6,4.5
553063.437,5271184.957,1279967.688,219327.6998,57.03456221,113292.9767,9.05,9.0875,4644.517405,2731.255859,9.2875,24.21543779,10,9.5,9,6,4.5
553313.437,5271184.957,1280787.859,219304.6646,55.02408257,118990.3056,9.270440252,9,4735.158882,2731.255859,9.270440252,28.51949541,10,9.5,9,6,4.5
553563.437,5271184.957,1281608.031,219281.6296,52.34114583,120338.8966,9.269503546,9,4711.250765,1900.498352,9.269503546,30.21128609,10,9.5,9,6,4.5
552063.437,5270934.957,1276663.963,218599.671,62.63417431,88031.5102,7.949685535,10,4123.058829,1909.535645,9.974842767,20.34059633,10,9.75,9.25,6,4.5
552313.437,5270934.957,1277484.135,218576.6348,61.52806415,94716.18367,7.849056604,9.955974843,4144.130471,1909.535645,9.867924528,17.7021764,10,9.75,9.25,6,4.5
552563.437,5270934.957,1278304.308,218553.5989,60.50344828,102308.3469,8.270440252,9.666666667,4122.224239,1909.535645,9.729559748,17.61609195,10,9.75,9.25,6,4.5
552813.437,5270934.957,1279124.48,218530.5633,56.37414188,109874.1458,8.823899371,9.352201258,4038.751446,2731.255859,9.628930818,19.09153318,10,9.75,9.25,6,4.5
553063.437,5270934.957,1279944.653,218507.528,56.92898053,115999.5814,9.403726708,9.086956522,3986.614508,2731.255859,9.596273292,22.87285223,10,9.5,9,6,4.5
553313.437,5270934.957,1280764.824,218484.493,54.86057143,121672.5278,9.559748428,9,4038.106241,2731.255859,9.559748428,26.59542857,10,9.5,9,6,4.5
553563.437,5270934.957,1281584.996,218461.4583,54.33418367,123002.6207,9.569444444,9,3997.706264,1069.740845,9.569444444,28.65379665,10,9.5,9,6,4.5
552563.437,5270684.957,1278281.272,217733.4263,61.89588101,103299.6735,8.55,9.65625,3799.525483,1464.405151,9.9125,15.41762014,10,9.666666667,9.333333333,6,3.666666667
553313.437,5270684.957,1280741.79,217664.3212,52.39404353,124480.1892,9.881987578,9,3235.268913,1422.755981,9.881987578,28.3722795,10,9.5,9,6,4.5
553563.437,5270684.957,1281561.961,217641.2868,49.12895377,125777.3333,9.845637584,9,3318.014052,621.072876,9.845637584,32.14162562,10,9.5,9,6,4.5
546563.437,5282434.957,1259680.313,256834.4428,55.0412844,141019.3265,9.068322981,5,2505.518955,1512.039429,6.068322981,20.60550459,7.931677019,10,4.4,6,3.2
546563.437,5282184.957,1259657.26,256014.277,56.27002288,137901.6735,9.213836478,5,2597.069032,2174.118652,6.213836478,17.80091533,8.075471698,10,4,6,3.5
546813.437,5282184.957,1260477.426,255991.224,61.05517241,130805.6939,9.101265823,5,2765.964386,1843.079041,6.139240506,14.83103448,8.139240506,10,4,6,3.5
546563.437,5281934.957,1259634.207,255194.1109,59.39334862,135473.2449,9.471698113,5,2935.396906,2174.118652,6.471698113,18.75114679,8.371069182,10,4,6,3.5
546813.437,5281934.957,1260454.373,255171.0582,61.61741123,128539.102,9.417721519,5,3133.114683,2174.118652,6.436708861,16.49828179,8.436708861,10,4,6,3.5
546313.437,5281684.957,1258790.987,254396.9974,59.64146621,138673.0612,9.829113924,5,3024.857627,2069.915771,6.829113924,18.27376861,8.651898734,10,3.666666667,6,3.666666667
546563.437,5281684.957,1259611.154,254373.9446,60.97011494,132622.4082,9.75,5,3249.278042,2174.118652,6.75,18.44137931,8.7375,10,3.666666667,6,3.666666667
546813.437,5281684.957,1260431.32,254350.8921,63.17721519,125907.8367,9.759493671,5,3579.998836,2174.118652,6.759493671,17.79631761,8.759493671,10,4,6,3.5
545563.437,5281434.957,1256307.433,253645.9897,46.34482759,138102.8542,10,5,3042.093775,86.37191772,7,29.25862069,8.924528302,10,3,6,5
545813.437,5281434.957,1257127.6,253622.9364,56.75517241,135381.2449,10,5,3035.081728,2069.915771,7,19.55517241,8.9375,10,3,6,5
546063.437,5281434.957,1257947.768,253599.8834,59.60160735,134895.0816,9.99375,5,3042.842358,2467.493286,6.99375,17.62916188,8.93125,10,3.5,6,3
546313.437,5281434.957,1258767.935,253576.8306,60.43986254,131953.449,9.975,5,3166.782227,2069.915771,6.975,18.3207331,8.9625,10,3.5,6,3
546563.437,5281434.957,1259588.101,253553.7781,61.60779817,127381.7959,9.974842767,5,3532.151219,2483.220764,6.974842767,18.94036697,8.974842767,10,3.5,6,3
546813.437,5281434.957,1260408.268,253530.7258,61.81443299,121633.3265,9.98125,5,3919.120904,2498.948242,6.98125,19.38717068,8.98125,10,3.5,6,3
545563.437,5281184.957,1256284.38,252825.822,48.2978236,128864.25,10,5,3072.037109,1435.322632,7,27.9117984,9,10,2.5,6,4
545813.437,5281184.957,1257104.547,252802.769,56.89310345,128350.0204,10,5,3072.037109,2865.070801,7,19.95287356,9,10,2.666666667,6,3
546063.437,5281184.957,1257924.715,252779.7162,58.61582569,126241.2857,10,5,3072.037109,2865.070801,7,19.17775229,9,10,3,6,2.5
546313.437,5281184.957,1258744.882,252756.6636,59.7583047,123100.4082,10,5,3226.465684,2865.070801,7,20.20962199,9,10,3,6,2.5
546563.437,5281184.957,1259565.049,252733.6113,60.66091954,119959.5306,10,5,3609.604931,2823.777832,7,20.58965517,9,10,3.25,6,2
546813.437,5281184.957,1260385.216,252710.5592,60.18484501,116305.7551,10,5,4007.967862,2823.777832,7,21.31917336,9,10,3.25,6,2
545563.437,5280934.957,1256261.327,252005.6541,51.83008037,119685.75,9.836477987,5.163522013,3130.114576,1435.322632,7.163522013,26.64064294,9.163522013,10,2.666666667,6,3
545813.437,5280934.957,1257081.495,251982.6013,56.78390805,120570.0408,9.835443038,5.164556962,3130.114576,2865.070801,7.164556962,22.47356322,9.164556962,10,2.666666667,6,3
546063.437,5280934.957,1257901.662,251959.5487,58.54942529,118640.7959,9.8375,5.1625,3203.956393,2865.070801,7.19375,21.66551724,9.1625,10,3,6,2.5
546313.437,5280934.957,1258721.83,251936.4963,58.25,116711.1224,9.841772152,5.158227848,3514.809543,2865.070801,7.253164557,22.43778802,9.158227848,10,3,6,2.2
546563.437,5280934.957,1259541.997,251913.4442,58.28865979,113986.6939,9.844720497,5.155279503,3915.15495,2844.424316,7.304347826,23.26002291,9.155279503,10,3.25,6,2
546813.437,5280934.957,1260362.164,251890.3924,58.96567506,111592.3469,9.848101266,5.151898734,4220.536959,2823.777832,7.303797468,22.95308924,9.151898734,10,3.25,6,2
545563.437,5280684.957,1256238.274,251185.4859,54.61626575,110523.102,9.537974684,5.462025316,3248.503258,1435.322632,7.462025316,25.33562428,9.462025316,10,2.666666667,6,3
545813.437,5280684.957,1257058.442,251162.4333,57.02758621,110183.3673,9.525316456,5.474683544,3300.159392,2865.070801,7.493670886,23.60114943,9.474683544,10,2.666666667,6,3
546063.437,5280684.957,1257878.61,251139.3809,58.56206897,109049.3061,9.528301887,5.471698113,3553.230485,2865.070801,7.597484277,23.5862069,9.471698113,10,3,6,2.5
546313.437,5280684.957,1258698.778,251116.3288,58.14155251,107914.8163,9.52866242,5.47133758,3935.101757,2865.070801,7.751592357,23.56849315,9.47133758,10,3,6,2.2
546563.437,5280684.957,1259518.945,251093.2769,58.94959908,105985.5714,9.550632911,5.449367089,4393.243333,2823.777832,7.848101266,23.32989691,9.449367089,10,3.25,6,2
546813.437,5280684.957,1260339.113,251070.2253,60.12743972,105317.8571,9.559748428,5.440251572,4703.807941,2823.777832,7.880503145,22.56027555,9.440251572,10,3.25,6,2
545563.437,5280434.957,1256215.221,250365.3175,57.53218391,101006.9167,9.236024845,5.763975155,3378.263752,1435.322632,7.763975155,24.52643678,9.763975155,10,2.666666667,6,3
545063.437,5278684.957,1254413.518,244670.2337,36.37380952,132988.2791,9,6,1368.870972,1100.344482,9,41.67738095,10,10,2.5,6.5,2.5
545313.437,5278684.957,1255233.688,244647.1823,46.69896641,129167.375,8.746478873,6,1709.07389,1100.344482,8.971830986,34.17700258,10,10,2.5,6.5,2.5
545563.437,5278684.957,1256053.859,244624.1312,51.94849785,123099.5641,8.181818182,6,2172.571633,1100.344482,8.946969697,31.30329041,10,10,2.5,6.5,2.5
545813.437,5278684.957,1256874.029,244601.0803,66.315,115992.1081,7.342105263,6,2717.913111,705.8393555,8.973684211,21.085,10,10,2.5,6.5,2.5
545063.437,5278434.957,1254390.466,243850.0627,35.86139748,137117.4468,9,6,1368.870972,1100.344482,9,43.09392898,10,10,2.666666667,6.666666667,2.333333333
545313.437,5278434.957,1255210.637,243827.0116,45.26376147,132128.4889,8.608695652,6,1630.469462,1100.344482,9,35.99770642,10,10,2.5,6.5,2.5
545563.437,5278434.957,1256030.808,243803.9607,52.99170616,129286.4,7.917721519,6,2003.116817,1100.344482,9,31.30687204,10,10,2.5,6.5,2.5
545813.437,5278434.957,1256850.978,243780.9101,64.20073892,121866.6316,7.06,6,2544.420147,903.0919189,9,21.94211823,10,10,2.5,6.5,2.5
546063.437,5278434.957,1257671.149,243757.8597,71.33781965,113819.5897,6.282608696,6,2983.81256,705.8393555,9,16.01615074,10,10,3,7,1
545063.437,5278184.957,1254367.415,243029.8915,33.99654378,139813.4898,9.044303797,6.044303797,1393.653578,1100.344482,9,43.19930876,9.955696203,10,2.666666667,6.666666667,2.333333333
545313.437,5278184.957,1255187.586,243006.8406,46.01492537,133441.375,8.550632911,6.006329114,1637.264228,1100.344482,9,34.34098737,9.993670886,10,2.5,6.5,2.5
545563.437,5278184.957,1256007.757,242983.7899,52.07949309,128401.0435,7.70625,6,2119.569204,1100.344482,9,29.51152074,10,10,2.5,6.5,2.5
545813.437,5278184.957,1256827.928,242960.7395,57.46453089,122622.0698,6.811320755,6,2666.105045,705.8393555,9,25.84210526,10,10,2.5,6.5,2.5
546063.437,5278184.957,1257648.099,242937.6894,65.42611684,116774.6341,6.074534161,6,3045.740244,705.8393555,9,19.6930126,10,10,3,7,1
546313.437,5278184.957,1258468.269,242914.6395,72.28222524,108973.8537,6,6,3096.298902,705.8393555,9,14.1614654,10,10,3,7,1
545063.437,5277934.957,1254344.364,242209.7201,38.90815155,142071.8571,9.186335404,6.186335404,1527.944328,2202.43335,9,37.88633754,9.813664596,10,2.666666667,6.666666667,2.333333333
545313.437,5277934.957,1255164.536,242186.6694,47.59655172,134558.0612,8.664556962,6.063291139,1630.336041,2202.43335,9,31.22528736,9.936708861,10,2.5,6.5,2.5
545563.437,5277934.957,1255984.707,242163.6189,52.63542857,127044.2653,7.867924528,6,1965.013686,2202.43335,9,27.93028571,10,10,2.5,6.5,2.5
545813.437,5277934.957,1256804.878,242140.5687,54.90950745,119468.0851,6.962264151,6,2524.264305,2448.322021,9,26.74226804,10,10,2.5,6.5,2.5
546063.437,5277934.957,1257625.049,242117.5188,61.8908046,113725.9545,6.186335404,6,2916.662041,2448.322021,9,21.22988506,10,10,2.5,6.5,2.5
546313.437,5277934.957,1258445.219,242094.4691,69.83553421,107494.4884,6,6,3091.061035,2448.322021,9,16.05402161,10,10,3,7,1
545063.437,5277684.957,1254321.313,241389.5483,44.50286369,143624.9796,9.333333333,6.333333333,1687.017685,2202.43335,9,32.47537228,9.666666667,10,2.666666667,6.666666667,2.333333333
545313.437,5277684.957,1255141.485,241366.4978,49.44776119,134766.5918,8.943396226,6.132075472,1552.776062,2202.43335,9,29.52698048,9.867924528,10,2.666666667,6.666666667,3.666666667
545563.437,5277684.957,1255961.657,241343.4476,52.64293915,125268.8571,8.132075472,6,1820.945863,2202.43335,9,25.96326062,10,10,2.666666667,6.666666667,3.666666667
545813.437,5277684.957,1256781.828,241320.3976,54.49082569,116684.898,7.185185185,6,2310.334873,2325.377686,9,26.25114679,10,10,2.666666667,6.666666667,3.666666667
546063.437,5277684.957,1257601.999,241297.3479,58.74683544,110258.2083,6.452830189,6,2781.949998,2448.322021,9,23.22554661,10,10,3.25,6.75,3.75
546313.437,5277684.957,1258422.17,241274.2985,67.24336794,104318.6739,6,6,3068.098501,2448.322021,9,17.40138408,10,10,3.666666667,7,3.666666667
545313.437,5277434.957,1255118.435,240546.3261,54.01612903,134975.1224,9.161490683,6.180124224,1582.223797,2202.43335,9,26.35599078,9.819875776,10,2.75,6.75,3.25
545563.437,5277434.957,1255938.607,240523.276,55.57931034,124697.3878,8.422360248,6,1674.069211,2202.43335,9,24.9091954,10,10,2.666666667,6.666666667,3.666666667
545813.437,5277434.957,1256758.778,240500.2263,56.72133028,114204.2449,7.641509434,6.018867925,2072.02996,2325.377686,9.018867925,25.14449541,10,10,2.666666667,6.666666667,3.666666667
546063.437,5277434.957,1257578.95,240477.1768,58.21100917,107211.5306,6.85443038,6.088607595,2492.242761,2448.322021,9.088607595,24.13188073,10,10,3.25,6.75,3.75
546313.437,5277434.957,1258399.121,240454.1276,66.42497136,101531.7347,6.1125,6.1625,2825.256065,2448.322021,9.1625,18.16609393,10,10,3.666666667,7,3.666666667
545313.437,5277184.957,1255095.385,239726.154,53.42382589,134968.2449,9.23566879,6.23566879,1648.56039,1984.88678,9,25.53837343,9.76433121,10,2.75,6.75,3.25
545563.437,5277184.957,1255915.557,239703.1042,55.33562428,123345.9184,8.8125,6.01875,1516.918269,1984.88678,9,25.21076747,9.98125,10,2.666666667,6.666666667,3.666666667
545813.437,5277184.957,1256735.729,239680.0547,58.36155606,114056.7143,7.981132075,6.119496855,1766.681195,2241.443207,9.119496855,24.86270023,10,10,2.666666667,6.666666667,3.666666667
546063.437,5277184.957,1257555.9,239657.0054,59.20847652,104515.4694,7.031847134,6.280254777,2152.76974,2497.999634,9.280254777,24.01030928,10,10,3.25,6.75,3.75
546313.437,5277184.957,1258376.072,239633.9564,63.31428571,98448.36735,6.264150943,6.421383648,2409.806706,2497.999634,9.421383648,20.336,10,10,3.666666667,7,3.666666667
546563.437,5277184.957,1259196.243,239610.9077,68.652124,95214.83673,6,6.5,2515.485122,1700.328568,9.5,15.1641791,10,10,3.75,7,3
545563.437,5276934.957,1255892.507,238882.9321,55.84367816,125887.5714,8.949685535,6.094339623,1480.297246,1767.34021,9.031446541,24.49770115,9.937106918,10,2.666666667,6.666666667,3.666666667
545813.437,5276934.957,1256712.679,238859.8828,56.47471264,114689.1837,8.075471698,6.226415094,1639.972534,2157.508728,9.226415094,25.41034483,10,10,3.25,6.75,3.75
546063.437,5276934.957,1257532.851,238836.8338,56.88558352,103803.3469,7.139240506,6.462025316,1873.51282,2547.677246,9.462025316,24.98398169,10,10,3.25,6.75,3.75
546313.437,5276934.957,1258353.023,238813.785,62.02631579,97521.10204,6.379746835,6.683544304,2058.058354,2547.677246,9.683544304,20.62929062,10,10,3.666666667,7,3.666666667
546563.437,5276934.957,1259173.194,238790.7365,63.04357798,90712.12245,6,6.801242236,2116.849362,1831.825195,9.801242236,15.74770642,10,10,3.75,7,3
546813.437,5276934.957,1259993.366,238767.6883,66.96555683,92375.97959,6.227848101,6.82278481,2254.262666,1115.973145,9.746835443,12.39035591,10,10,3.8,7,2.6
548563.437,5284934.957,1266472.157,264851.6504,58.3993135,87092.7551,8.088050314,4,2892.126622,2162.033203,4,23.68878719,4.911949686,10,6.5,6,1.5
548813.437,5284934.957,1267292.318,264828.5968,54.72164948,75505.44898,8,4,2987.327881,2162.033203,4,20.52691867,5,10,7.666666667,6,1.333333333
548563.437,5284684.957,1266449.103,264031.4889,57.66704805,89299.57143,8.170886076,4.088607595,2861.487103,1978.855347,4.088607595,24.40045767,5.006329114,10,6.5,6,1.5
548813.437,5284684.957,1267269.265,264008.4355,51.19380734,78180.79592,8.075949367,4.075949367,2965.28145,1978.855347,4.075949367,22.12155963,5.075949367,10,7.666666667,6,1.333333333
549063.437,5284684.957,1268089.426,263985.3823,49.86551724,72751.87755,8.03164557,4.03164557,2853.078255,609.7703247,4.03164557,17.52758621,5.139240506,10,7.666666667,6,1.333333333
548563.437,5284434.957,1266426.05,263211.327,55.27345538,89384.4898,8.424050633,4.335443038,2737.190765,1978.855347,4.335443038,26.60755149,5.246835443,10,6.5,6,1.5
548813.437,5284434.957,1267246.212,263188.2739,50.12829324,79698.93878,8.272151899,4.272151899,2878.508958,1294.312836,4.272151899,22.97479954,5.272151899,10,7.666666667,6,1.333333333
549063.437,5284434.957,1268066.373,263165.221,46.46666667,74863.20408,8.150943396,4.150943396,2809.238194,609.7703247,4.150943396,18.32528736,5.251572327,10,7.666666667,6,1.333333333
548563.437,5284184.957,1266402.997,262391.165,54.54535017,88460.18367,8.66875,4.575,2621.95807,1978.855347,4.575,27.8989667,5.48125,10,7.25,6,2.75
548813.437,5284184.957,1267223.159,262368.1121,49.6456422,81548.81633,8.48447205,4.48447205,2788.561165,1978.855347,4.48447205,22.78899083,5.48447205,10,7.8,6,2.4
549063.437,5284184.957,1268043.32,262345.0594,44.4091954,76460.67347,8.291139241,4.291139241,2759.350846,609.7703247,4.291139241,20.39195402,5.386075949,10,8.25,6,1.75
546313.437,5283934.957,1258998.473,261778.4874,13.01870748,149016.8846,9,4.908256881,2397.367619,466.1654687,5.431192661,52.96598639,6.862385321,10,5,6,3.5
546563.437,5283934.957,1259818.637,261755.4326,13.01870748,142780.8438,9,4.908256881,2397.367619,466.1654687,5.431192661,52.96598639,6.862385321,10,5,6,3.5
546813.437,5283934.957,1260638.801,261732.378,13.01870748,138241.8974,9,4.908256881,2397.367619,466.1654687,5.431192661,52.96598639,6.862385321,10,5,6,3.5
548563.437,5283934.957,1266379.944,261571.0027,55.56601607,88637.36735,8.905660377,4.86163522,2581.165163,2219.007385,4.874213836,26.89552239,5.830188679,10,6.8,6,2.8
548813.437,5283934.957,1267200.106,261547.95,52.00114548,82389.46939,8.635220126,4.729559748,2828.701404,2459.159424,4.761006289,22.25085911,5.823899371,10,7.8,6,2.4
549063.437,5283934.957,1268020.268,261524.8976,47.93685419,78058.14286,8.295597484,4.496855346,2864.545623,2263.809814,4.509433962,19.92192882,5.704402516,10,7.8,6,2.4
546313.437,5283684.957,1258975.418,260958.3228,23.71612903,149530.7097,9,5,2514.895443,917.6303711,5.892857143,43.81290323,7.785714286,10,5,6,3.5
546563.437,5283684.957,1259795.582,260935.2682,23.71612903,142610.1111,9,5,2514.895443,917.6303711,5.892857143,43.81290323,7.785714286,10,5,6,3.5
546813.437,5283684.957,1260615.747,260912.2139,21.54426705,137151.7857,9,5,2523.597231,917.6303711,5.713178295,47.5413643,7.426356589,10,5,6,3.5
547063.437,5283684.957,1261435.911,260889.1598,24.62485616,129933.7174,9,5,2534.490151,917.6303711,5.540880503,47.37284235,7.081761006,10,5,6,3.5
547313.437,5283684.957,1262256.075,260866.1059,29.26949541,124323.7143,9,5,2546.998187,1476.03479,5.298136646,47.27293578,6.596273292,10,5,6,3.5
548313.437,5283684.957,1265536.728,260773.8929,48.36872146,94419.08163,8.9,4.93125,2651.136472,2459.159424,5.03125,33.70319635,6.0625,10,6.8,6,2.8
548563.437,5283684.957,1266356.891,260750.8402,59.67931034,88906.81633,8.786163522,4.968553459,2925.653239,2459.159424,5.150943396,22.47011494,6.327044025,10,6.8,6,2.8
548813.437,5283684.957,1267177.053,260727.7877,57.05949657,83785,8.446540881,4.855345912,3236.795861,2459.159424,5.037735849,20.63501144,6.333333333,10,7.333333333,6,2.5
549063.437,5283684.957,1267997.216,260704.7355,57.16647532,79440.73469,8.044025157,4.685534591,3338.092501,2263.809814,4.798742138,17.60390356,6.213836478,10,7.8,6,2.4
546563.437,5283434.957,1259772.528,260115.1036,33.17326733,144878.825,9,5,2507.504883,917.6303711,6,39.12211221,8,10,5,6,3.5
546813.437,5283434.957,1260592.693,260092.0495,32.11817027,137363.4545,9,5,2512.893833,917.6303711,5.917808219,40.1639136,7.835616438,10,5,6,3.5
547063.437,5283434.957,1261412.857,260068.9956,37.42123288,128815.1458,9,5,2526.691913,917.6303711,5.660377358,38.63356164,7.320754717,10,5,6,3.5
547313.437,5283434.957,1262233.021,260045.942,42.17721519,120110.9592,9,5,2541.885019,1196.832581,5.371069182,35.24280783,6.742138365,10,5,6,3.333333333
547563.437,5283434.957,1263053.185,260022.8886,39.22909507,110388.5714,9,5,2558.558093,1476.03479,5.088050314,38.15578465,6.176100629,10,5.5,6,2.5
547813.437,5283434.957,1263873.349,259999.8355,43.2279496,101453.6531,8.968553459,5,2581.843962,1476.03479,5.031446541,35.58533792,6.062893082,10,5.5,6,2.5
548063.437,5283434.957,1264693.512,259976.7825,47.94259472,96048.46939,8.823899371,4.987421384,2808.762522,1967.597107,5.163522013,32.92996556,6.327044025,10,5.666666667,6,3.333333333
548313.437,5283434.957,1265513.676,259953.7299,54.93577982,92804.83673,8.660377358,5,3085.968917,2459.159424,5.339622642,27.88073395,6.679245283,10,6.75,6,3.25
548563.437,5283434.957,1266333.839,259930.6774,61.36884307,88414.77551,8.50625,5,3500.316538,2459.159424,5.45625,21.17182131,6.93125,10,6.8,6,2.8
548813.437,5283434.957,1267154.001,259907.6252,61.92783505,84750.77551,8.163522013,4.949685535,3772.252411,2459.159424,5.34591195,19.36998855,6.937106918,10,6.8,6,2.8
549063.437,5283434.957,1267974.164,259884.5733,63.28358209,82376.57143,7.753164557,4.867088608,3934.942862,2263.809814,5.120253165,16.80137773,6.803797468,10,7.25,6,2.75
546563.437,5283184.957,1259749.474,259294.9388,42.67919463,148557.9318,9.036764706,5,2506.95166,917.6303711,6.036764706,37.06711409,7.963235294,10,5,6,3.5
546813.437,5283184.957,1260569.639,259271.8849,40.89173458,139398.2979,9,5,2510.311425,917.6303711,5.9375,36.3701979,7.875,10,5,6,3.5
547063.437,5283184.957,1261389.803,259248.8313,44.2032147,129032.3878,9,5,2524.781516,917.6303711,5.672955975,32.86337543,7.34591195,10,5,6,3.333333333
547313.437,5283184.957,1262209.968,259225.7778,47.94845361,117919.449,9,5,2542.32579,1434.807556,5.352201258,29.71248568,6.704402516,10,5,6,3.333333333
547563.437,5283184.957,1263030.132,259202.7247,51.04931193,106385.3061,8.918238994,5,2650.795354,1476.03479,5.163522013,29.15481651,6.327044025,10,5.5,6,2.5
547813.437,5283184.957,1263850.296,259179.6718,50.70298165,97948.93878,8.765822785,5,2850.364258,1654.780212,5.234177215,30.34288991,6.46835443,10,5.5,6,2.5
548063.437,5283184.957,1264670.46,259156.6191,51.75889782,93199.81633,8.594936709,5,3111.320602,2183.989716,5.405063291,29.05510907,6.810126582,10,5.666666667,6,3.333333333
548313.437,5283184.957,1265490.623,259133.5666,58.41216992,90612.2449,8.398734177,5,3511.197654,2459.159424,5.601265823,23.86567164,7.202531646,10,6.75,6,3.25
546563.437,5282934.957,1259726.42,258474.7737,50.05110337,147352.8298,9.070512821,5,2506.247559,1512.039429,6.070512821,30.51800232,7.929487179,10,5,6,3.333333333
546813.437,5282934.957,1260546.585,258451.72,48.89207807,140139.3469,9,5,2510.276343,1512.039429,5.949685535,28.37657865,7.899371069,10,5,6,3.333333333
547063.437,5282934.957,1261366.75,258428.6666,49.49598163,128251.551,8.993710692,5,2524.061657,1512.039429,5.685534591,27.11366246,7.371069182,10,5,6,3.333333333
547313.437,5282934.957,1262186.915,258405.6134,52.35469108,116717.4082,8.895061728,5,2669.227502,1833.525635,5.475308642,26.07208238,6.950617284,10,5,6,3.333333333
547563.437,5282934.957,1263007.079,258382.5605,53.99427262,104953.3061,8.725,5,2887.847062,1833.525635,5.3625,26.39175258,6.725,10,5.666666667,6,3.333333333
547813.437,5282934.957,1263827.243,258359.5078,53.92439863,95357.71429,8.525316456,5,3189.384465,1833.525635,5.474683544,28.31958763,6.949367089,10,5.666666667,6,3.333333333
548063.437,5282934.957,1264647.407,258336.4554,54.57586207,91897.61224,8.333333333,5,3501.872656,1833.525635,5.666666667,27.42988506,7.333333333,10,5.666666667,6,3.333333333
546563.437,5282684.957,1259703.366,257654.6084,52.74256293,144136.9796,9.068322981,5,2505.518955,1512.039429,6.068322981,24.51029748,7.931677019,10,5,6,3.333333333
546813.437,5282684.957,1260523.532,257631.5549,53.17471264,137119.5102,9,5,2510.276343,1512.039429,5.955974843,21.72873563,7.911949686,10,5,6,3.333333333
547063.437,5282684.957,1261343.697,257608.5017,55.13073395,125597.551,8.899371069,5,2652.824469,1512.039429,5.786163522,19.58944954,7.572327044,10,5,6,3.333333333
547313.437,5282684.957,1262163.862,257585.4488,56.67010309,115645.2041,8.701863354,5,2954.636145,1672.782532,5.677018634,21.25544101,7.354037267,10,5.25,6,3.75
547563.437,5282684.957,1262984.026,257562.3961,54.8783008,105223.4286,8.47826087,5,3266.800546,1833.525635,5.621118012,24.7554535,7.242236025,10,5.666666667,6,3.333333333
547813.437,5282684.957,1263804.191,257539.3436,56.36811927,96130.61224,8.279503106,5,3557.884691,1833.525635,5.720496894,26.70412844,7.440993789,10,5.666666667,6,3.333333333
546813.437,5282434.957,1260500.479,256811.3896,58.60160735,133752,8.981012658,5,2546.486798,1512.039429,5.981012658,17.23536165,7.962025316,10,4.75,6,2.75
547063.437,5282434.957,1261320.644,256788.3366,58.10665138,123017.0816,8.79245283,5,2777.625828,1512.039429,5.899371069,16.04931193,7.798742138,10,4.75,6,2.75
547313.437,5282434.957,1262140.809,256765.2839,55.50401837,113612.3061,8.559748428,5,3168.065542,1833.525635,5.836477987,19.11251435,7.672955975,10,5,6,2.833333333
547063.437,5282184.957,1261297.591,255968.1713,60.11967779,120666.5714,8.91875,5,3090.73142,2174.118652,6.13125,14.25546605,8.10625,10,4.75,6,2.75
547313.437,5282184.957,1262117.757,255945.1188,58.88013699,112048.8367,8.708860759,5,3448.269525,1934.059906,6.120253165,16.72260274,8.075949367,10,4.8,6,3
547063.437,5281934.957,1261274.539,255148.0057,61.30379747,118571.3265,9.289308176,5,3491.321054,2174.118652,6.446540881,16.42577675,8.446540881,10,4.333333333,6,3
547313.437,5281934.957,1262094.704,255124.9534,60.75774971,110740.6327,9.14375,5,3819.689643,2195.33728,6.4625,17.22847302,8.4625,10,4.8,6,3
547063.437,5281684.957,1261251.486,254327.8398,63.26980482,116669.3673,9.704402516,5,3897.394983,2174.118652,6.761006289,18.50287026,8.761006289,10,4.333333333,6,3
553063.437,5284184.957,1281165.876,261976.2485,53.44724771,108219.551,8.6875,4.6375,2945.685004,1548.401825,3.6375,28.65137615,4.95,9.5,6,5.5,1.5
553313.437,5284184.957,1281986.034,261953.1998,47.17087156,112219.8163,8.786163522,4.452830189,2797.062919,1481.769165,3.452830189,34.26376147,4.666666667,9.5,6,5.5,1.5
552813.437,5283934.957,1280322.669,261179.1394,52.52806415,112193.4286,8.936708861,4.936708861,2449.753258,1396.415527,3.936708861,29.395189,5,9.5,6,5.5,1.5
553063.437,5283934.957,1281142.827,261156.0907,52.29689298,113453.0204,8.949685535,4.893081761,2397.721735,1342.79541,3.893081761,26.60414269,4.943396226,9.333333333,5.333333333,5.333333333,1.666666667
553313.437,5283934.957,1281962.985,261133.0423,47.0583524,116897.2449,8.95625,4.6375,2483.12856,1289.175293,3.63125,31.16475973,4.675,9.333333333,5.333333333,5.333333333,1.666666667
552813.437,5283684.957,1280299.621,260358.981,47.9124424,117977.3673,9,5,2259.286724,1396.415527,4,33.75921659,5,9.6,6,5.6,1.4
553063.437,5283684.957,1281119.779,260335.9326,49.82298851,118913.5306,8.987341772,4.930379747,2164.763826,1342.79541,3.917721519,31.23678161,4.930379747,9.5,5.5,5.5,1.5
553313.437,5283684.957,1281939.937,260312.8845,47.45235362,121287.8163,8.9125,4.75,2232.756078,1289.175293,3.6625,31.90355913,4.75,9.5,5.5,5.5,1.5
553563.437,5283684.957,1282760.095,260289.8366,46.73878021,123577.3958,8.80625,4.5375,2328.063556,1289.175293,3.34375,32.00805524,4.5375,9.333333333,5.333333333,5.333333333,1.666666667
552813.437,5283434.957,1280276.572,259538.8225,44.89552239,121020.1633,9,5,2318.992818,1396.415527,4,37.2858783,5.132075472,9.6,6,5.6,1.4
553063.437,5283434.957,1281096.731,259515.7743,46.48220436,122504.2245,8.95,4.96875,2228.768848,1396.415527,3.91875,35.73938002,5.09375,9.5,5.5,5.5,1.5
553313.437,5283434.957,1281916.889,259492.7264,45.94718714,124450.7959,8.797468354,4.85443038,2266.116721,1289.175293,3.651898734,34.90470723,4.936708861,9.5,5.5,5.5,1.5
553563.437,5283434.957,1282737.047,259469.6788,46.70890411,126472.5208,8.6125,4.725,2307.351062,1289.175293,3.3375,33.51255708,4.75,9.5,5.5,5.5,1.5
552813.437,5283184.957,1280253.524,258718.6637,40.36311569,123543.4898,9.012738854,5,2602.960089,1879.574829,4,41.24513173,5.394904459,9.666666667,5.333333333,5.666666667,1.666666667
553063.437,5283184.957,1281073.683,258695.6158,40.75486827,125575.449,8.924050633,5,2535.238698,1879.574829,3.924050633,41.24513173,5.379746835,9.666666667,5.333333333,5.666666667,1.666666667
553313.437,5283184.957,1281893.841,258672.5682,41.73768614,128069.9184,8.701863354,4.968944099,2486.597812,1615.957397,3.670807453,40.71592211,5.248447205,9.666666667,5.333333333,5.666666667,1.666666667
553563.437,5283184.957,1282714,258649.5208,44.91065292,129962.2083,8.41875,4.9125,2414.689028,1615.957397,3.33125,38.48797251,5.0375,9.666666667,5.333333333,5.666666667,1.666666667
552813.437,5282934.957,1280230.476,257898.5046,39.03563218,125787.551,9.037974684,5,2960.084361,1879.574829,4,42.48965517,5.734177215,9.666666667,5.333333333,5.666666667,1.666666667
553063.437,5282934.957,1281050.635,257875.457,40.30389908,128367.4082,8.931677019,5,2914.946414,1747.766113,3.931677019,42.06651376,5.664596273,9.666666667,5.333333333,5.666666667,1.666666667
553313.437,5282934.957,1281870.794,257852.4096,44.40987371,131071.7347,8.6625,5,2718.18262,1615.957397,3.6625,39.05051665,5.475,9.666666667,5.333333333,5.666666667,1.666666667
553563.437,5282934.957,1282690.953,257829.3625,47.70298165,133499.8571,8.352201258,5,2523.720126,1615.957397,3.352201258,36.97477064,5.251572327,9.5,5,5.5,2
552813.437,5282684.957,1280207.429,257078.3454,39.38188073,128320.7347,9.031446541,5,3263.662228,1879.574829,4,42.14334862,6,9.5,5,5.5,2
553063.437,5282684.957,1281027.588,257055.298,41.4513173,130723.1837,8.949367089,5,3242.66332,1879.574829,3.949367089,40.42840779,5.917721519,9.5,5,5.5,2
553313.437,5282684.957,1281847.747,257032.2509,45.00345622,134147.8163,8.683229814,5,2959.668128,1615.957397,3.683229814,37.81336406,5.645962733,9.5,5,5.5,2
553563.437,5282684.957,1282667.906,257009.204,47.27949599,136141.5306,8.3625,5,2655.158187,1615.957397,3.3625,36.04238259,5.35,9.5,5,5.5,2
552813.437,5282434.957,1280184.381,256258.1858,43.09425287,131056.2449,9,5,3357.104004,1879.574829,4,39.55977011,6,9.75,5.5,5.75,2.5
553063.437,5282434.957,1281004.541,256235.1387,42.89516129,133306.2041,8.955974843,5,3299.095954,1747.766113,3.955974843,39.53225806,5.955974843,9.75,5.5,5.75,2.5
553313.437,5282434.957,1281824.7,256212.0919,46.76349024,136295.898,8.685534591,5,3013.461376,1615.957397,3.685534591,36.66360505,5.685534591,9.666666667,5,5.666666667,1.666666667
553563.437,5282434.957,1282644.859,256189.0453,45.99309551,138015.8367,8.375,5,2655.500306,1615.957397,3.375,37.2589183,5.375,9.666666667,5,5.666666667,1.666666667
553813.437,5282434.957,1283465.018,256165.9989,43.29493088,139131,8.09375,5,2339.06272,1615.957397,3.09375,40.51612903,5.09375,9.5,4.5,5.5,2
552813.437,5282184.957,1280161.334,255438.0261,46.57634902,132671.4694,9.018867925,5,3364.098276,1879.574829,4.094339623,37.63145809,6.20754717,9.75,5.5,5.75,2.5
553063.437,5282184.957,1280981.494,255414.9792,46.71444954,134813.4286,9.025,5,3287.078074,1879.574829,4,37.69610092,6.1125,9.75,5.5,5.75,2.5
553313.437,5282184.957,1281801.653,255391.9326,50.04247991,137716.5306,8.85,5,2997.057796,1615.957397,3.725,34.60045924,5.8625,9.75,5.5,5.75,2.5
553563.437,5282184.957,1282621.813,255368.8863,48.36206897,139489.6327,8.647798742,5,2736.021569,1615.957397,3.490566038,34.9816092,5.647798742,9.666666667,5,5.666666667,1.666666667
553813.437,5282184.957,1283441.972,255345.8402,43.60616438,140403,8.45625,5,2446.607344,1615.957397,3.275,39.19292237,5.45625,9.5,4.5,5.5,2
554063.437,5282184.957,1284262.13,255322.7943,37.56027555,140961.2553,8.3,5,2357.594467,1131.779663,3.15,43.76119403,5.3,9.5,4.5,5.5,2
554313.437,5282184.957,1285082.289,255299.7487,35.00229095,140779.1395,8.194968553,4.981132075,2301.327933,1131.779663,3.088050314,44.67468499,5.157232704,9.5,4.5,5.5,2
552813.437,5281934.957,1280138.287,254617.8661,49.88390805,133661.7755,9.075,5,3427.914461,1879.574829,4.33125,34.48735632,6.7375,9.75,5.5,5.75,2.5
553063.437,5281934.957,1280958.447,254594.8195,50.04472477,135629.102,9.188679245,5,3355.040089,1879.574829,4.157232704,34.66743119,6.55345912,9.75,5.5,5.75,2.5
553313.437,5281934.957,1281778.607,254571.7731,51.98398169,138398.3469,9.169811321,5,3134.610126,1615.957397,3.886792453,32.27116705,6.295597484,9.75,5.5,5.75,2.5
553563.437,5281934.957,1282598.767,254548.727,49.82245132,140292.551,9.1125,5,2933.83752,1615.957397,3.66875,33.12714777,6.1125,9.666666667,5,5.666666667,1.666666667
553813.437,5281934.957,1283418.926,254525.6812,45.11825488,141676.8367,8.981481481,5,2743.220875,1615.957397,3.518518519,37.07233065,5.981481481,9.5,4.5,5.5,2
554063.437,5281934.957,1284239.085,254502.6356,36.69644903,141232.9796,8.746835443,5,2581.507643,1131.779663,3.373417722,40.43298969,5.746835443,9.5,4.5,5.5,2
554313.437,5281934.957,1285059.244,254479.5902,35.44546498,139722.2667,8.430379747,5,2436.051025,1131.779663,3.215189873,39.10562572,5.430379747,9.5,4.5,5.5,2
553063.437,5281684.957,1280935.401,253774.6595,50.98851894,136074.551,9.373417722,5,3429.750559,1879.574829,4.341772152,31.2456946,7.056962025,9.833333333,5.5,5.833333333,2
553313.437,5281684.957,1281755.561,253751.6134,53.62199313,138662.2245,9.527950311,5,3279.598196,1615.957397,4.086956522,31.02290951,6.826086957,9.833333333,5.5,5.833333333,2
553563.437,5281684.957,1282575.721,253728.5675,52.33409874,140516.898,9.6125,5,3159.634225,1872.941467,3.85,30.4087256,6.6125,9.75,5,5.75,1.5
553813.437,5281684.957,1283395.88,253705.522,50.22247706,140974.8571,9.53164557,5,3070.090485,1615.957397,3.772151899,30.48050459,6.53164557,9.666666667,4.666666667,5.666666667,1.666666667
554063.437,5281684.957,1284216.039,253682.4766,40.01947308,139604.6735,9.15,5,2861.511633,1503.72348,3.575,33.58075601,6.15,9.666666667,4.666666667,5.666666667,1.666666667
553563.437,5281434.957,1282552.675,252908.4078,55.55517241,140484.9184,9.930379747,5,3339.241446,2129.925537,3.987341772,27.73218391,7.018987342,9.75,5,5.75,1.5
553813.437,5281434.957,1283372.835,252885.3625,53.76605505,140016.551,9.955414013,5,3309.289969,2129.925537,3.98089172,27.5,6.968152866,9.666666667,4.666666667,5.666666667,1.666666667
553813.437,5281184.957,1283349.79,252065.2028,58.2087156,136312.6122,9.925465839,5,3337.747026,2129.925537,3.98757764,23.86697248,7.024844721,9.666666667,4.666666667,5.666666667,1.666666667
553813.437,5280934.957,1283326.745,251245.0428,59.37931034,134286.3061,9.880503145,5,3333.778633,2129.925537,4,22.4091954,7.119496855,9.8,5,5.6,2.6
553563.437,5275434.957,1281999.659,233224.4965,27.48623853,150990.3256,10,6.215189873,2398.064552,1492.090698,4.215189873,39.21215596,10,9.333333333,8,6,3.666666667
553813.437,5275434.957,1282819.826,233201.4575,37.41331803,147469.5946,10,6.01863354,2533.980269,1492.090698,4.01863354,34.8576349,10,9,7.5,6,2.5
554063.437,5275434.957,1283639.991,233178.4187,45.34712644,138548.4667,10,6,2543.428955,1492.090698,4,32.48505747,10,9,7.5,6,2.5
553063.437,5275184.957,1280336.287,232450.4086,29.17356322,153338.6327,10,6.875,2780.738492,660.4326172,4.875,44.48390805,10,9.2,7.6,6,3.4
553313.437,5275184.957,1281156.454,232427.3693,29.05848624,153230.1957,9.987261147,6.573248408,2461.773035,660.4326172,4.579617834,42.81422018,10,9.2,7.6,6,3.4
553563.437,5275184.957,1281976.62,232404.3302,30.49827784,151972.2143,10,6.270440252,2330.22783,1492.090698,4.270440252,40.89322618,10,9.25,7.5,6,4
553813.437,5275184.957,1282796.787,232381.2914,36.76174112,149873.25,10,6.031446541,2539.190751,1492.090698,4.06918239,36.64719359,10,9,7.5,6,2.5
554063.437,5275184.957,1283616.953,232358.2529,42.10991637,142923.6429,10,6.033557047,2566.733883,1492.090698,4.100671141,35.20263789,10,9,7.5,6,2.5
552813.437,5274934.957,1279493.08,231653.2809,44.19243986,149635.8776,9.759493671,7.03164557,3950.249119,1737.203125,5.120253165,39.55899198,10,9.166666667,7.5,6,3.5
553063.437,5274934.957,1280313.248,231630.2415,39.42298851,149961.7083,9.6875,6.88125,3354.309496,1737.203125,5.0375,39.28735632,10,9.2,7.6,6,3.4
553313.437,5274934.957,1281133.415,231607.2024,35.40664376,152628.4783,9.763975155,6.639751553,2983.050854,1609.49704,4.807453416,40.53722795,10,9.2,7.6,6,3.4
553563.437,5274934.957,1281953.582,231584.1636,33.9382151,152661.775,9.886075949,6.379746835,2696.23587,1481.790955,4.588607595,39.93935927,10,9.25,7.5,6,4
553813.437,5274934.957,1282773.748,231561.125,37.22962113,151072.3529,9.974358974,6.185897436,2649.47381,1481.790955,4.493589744,38.77816092,10,9,7.5,6,2.5
552813.437,5274684.957,1279470.041,230833.1132,50.69919633,141412.8163,9.403726708,7.142857143,4718.149921,2813.973633,5.298136646,34.87370838,10,9.166666667,7.5,6,3.5
553063.437,5274684.957,1280290.208,230810.0741,46.82548794,145908.7292,9.169811321,6.949685535,4144.570579,2813.973633,5.383647799,36.08495982,10,9.2,7.6,6,3.4
553313.437,5274684.957,1281110.376,230787.0352,44.00344432,148312.2444,9.341772152,6.772151899,3547.009333,2813.973633,5.341772152,35.96785304,10,9.2,7.6,6,3.4
553563.437,5274684.957,1281930.543,230763.9966,41.50344037,149794.8,9.670886076,6.582278481,3101.891505,1471.491211,5.265822785,36.46330275,10,9,7,6,3.333333333
553813.437,5274684.957,1282750.71,230740.9584,38.7562724,151372.1515,9.894736842,6.480263158,2870.261583,1471.491211,5.335526316,39.1392557,10,9,7.5,6,2.5
552813.437,5274434.957,1279447.002,230012.9452,57.55338691,134582.1429,8.99375,7.25,5582.316065,2813.973633,5.5125,29.07118255,10,9.333333333,7.166666667,6,3.5
553063.437,5274434.957,1280267.17,229989.9063,54.04592423,141977.8367,8.679245283,7.037735849,4921.992829,2813.973633,5.767295597,29.50287026,10,9.2,7.6,6,3.4
553313.437,5274434.957,1281087.337,229966.8678,48.91513761,145763.8222,8.9875,6.90625,4110.669874,2142.732422,5.8875,32.14334862,10,9.25,7.5,6,4
553563.437,5274434.957,1281907.505,229943.8295,43.43592677,149099.6667,9.433962264,6.779874214,3542.687533,1471.491211,5.93081761,36.22540046,10,9,7,6,3.333333333
553813.437,5274434.957,1282727.672,229920.7914,37.36759371,152099.6563,9.814569536,6.754966887,3104.68221,1471.491211,6.17218543,39.65773447,10,9,7.5,6,2.5
554063.437,5274434.957,1283547.839,229897.7537,34.2526475,155466.5417,10,6.764705882,2849.357246,1471.491211,6.294117647,39.73425499,10,9,7.5,6,2.5
552813.437,5274184.957,1279423.963,229192.777,59.20319635,128680.0408,8.597484277,7.327044025,6227.048993,2813.973633,5.786163522,25.80136986,10,9.25,6.5,6,3.5
553063.437,5274184.957,1280244.131,229169.7384,55.31760644,138381.9375,8.26875,7.05625,5264.008741,2813.973633,6.0125,27.04833142,10,9,6.5,6,4.5
553313.437,5274184.957,1281064.299,229146.7,50.29850746,144667.5333,8.683544304,7,4528.772697,2813.973633,6.316455696,30.79793341,10,9,6.5,6,4.5
553563.437,5274184.957,1281884.467,229123.662,45.29896907,148966.6316,9.303797468,6.955696203,3828.270432,1471.491211,6.518987342,34.6185567,10,9,7,6,3.333333333
553813.437,5274184.957,1282704.634,229100.6242,39.65501166,152874.0968,9.846153846,6.942307692,3150.571405,1471.491211,6.75,38.6971831,10,9,7.5,6,2.5
554063.437,5274184.957,1283524.801,229077.5868,36.75917768,161195.2174,10,6.959677419,2940.389567,1471.491211,6.879032258,39.77794337,10,9,7,6,4
552813.437,5273934.957,1279400.924,228372.6084,60.21928817,124783.3469,8.462025316,7.303797468,6387.482218,2813.973633,5.987341772,24.51894374,10,9.2,6.4,6,3.4
553063.437,5273934.957,1280221.093,228349.5701,56.33869116,136866.3469,8.2375,7.0625,5257.331067,2813.973633,6.0875,27.01492537,10,9,6.333333333,6,4
553313.437,5273934.957,1281041.261,228326.532,51.75287356,143921.1333,8.716981132,7,4473.934697,2813.973633,6.358490566,31.58850575,10,9,6.333333333,6,4
553563.437,5273934.957,1281861.429,228303.4942,48.80711825,149297.3421,9.358490566,7,3701.670877,1471.491211,6.679245283,34.00459242,10,9,6.5,6,4.5
553813.437,5273934.957,1282681.597,228280.4567,42.79334099,157065.3226,9.86163522,7,3139.193616,1471.491211,6.93081761,40.30998852,10,9,7,6,4
554063.437,5273934.957,1283501.764,228257.4195,38.41241379,164196.8636,10,7,2962.098351,1471.491211,7,40.77482517,10,9,7,6,4
552813.437,5273684.957,1279377.886,227552.4396,62.28555046,125704.5102,8.4875,7.3625,6572.41748,2813.973633,6.31875,23.10091743,10,9.25,6.25,6,3.25
553063.437,5273684.957,1280198.055,227529.4015,58.66208477,135761.5625,8.396226415,7.132075472,5266.085751,2813.973633,6.308176101,26.94730813,10,9,6.333333333,6,4
553313.437,5273684.957,1281018.223,227506.3637,54.50574713,145768.5455,8.8625,7.0625,4449.661193,2813.973633,6.49375,31.4862069,10,9,6.333333333,6,4
553563.437,5273684.957,1281838.391,227483.3262,51.18900344,151434.8684,9.403726708,7.01863354,3672.353797,1471.491211,6.720496894,34.49255441,10,9,6.333333333,6,4
553813.437,5273684.957,1282658.559,227460.2889,46.1201373,157799.1935,9.898734177,7,3057.837358,1471.491211,6.949367089,39.51601831,10,9,7,6,4
552813.437,5273434.957,1279354.848,226732.2705,61.51830664,127621.8571,8.773584906,7.528301887,6458.480178,2813.973633,6.773584906,25.50915332,10,9.4,6.6,6,2.8
553063.437,5273434.957,1280175.017,226709.2327,59.74597701,137451.1458,8.874213836,7.352201258,5187.292609,2813.973633,6.773584906,28.91494253,10,9,6.333333333,6,4
553313.437,5273434.957,1280995.186,226686.1951,57.85977011,147319.6818,9.242236025,7.229813665,4282.727286,2813.973633,6.850931677,31.15172414,10,9,6.333333333,6,4
553563.437,5273434.957,1281815.354,226663.1578,53.64867968,152869.2973,9.607594937,7.113924051,3603.231119,1471.491211,6.917721519,34.67853042,10,9,6.333333333,6,4
553813.437,5273434.957,1282635.523,226640.1209,48.59263521,159022.1333,9.949044586,7.012738854,3056.695134,1471.491211,6.987261147,36.99076212,10,9,7,6,4
552813.437,5273184.957,1279331.81,225912.1011,61.34210526,130079.3673,9.236024845,7.869565217,6324.571433,2563.440918,7.347826087,26.79061785,10,9.4,6.6,6,2.8
553063.437,5273184.957,1280151.979,225889.0635,61.87972509,139692.1458,9.375,7.60625,5069.024119,2563.440918,7.275,27.87972509,10,9,6.333333333,6,4
553313.437,5273184.957,1280972.148,225866.0262,60.20412844,147900.4651,9.594936709,7.411392405,4266.125783,2563.440918,7.208860759,30.24541284,10,9,6.333333333,6,4
553563.437,5273184.957,1281792.317,225842.9892,55.21281465,152560.4595,9.838509317,7.223602484,3537.329167,1789.368408,7.142857143,34.17734554,10,9,6.5,6,3.5
553813.437,5273184.957,1282612.486,225819.9525,47.10175439,159544.931,9.987096774,7.038709677,3050.957613,1789.368408,7.032258065,37.12987013,10,9,7,6,4
552813.437,5272934.957,1279308.772,225091.9314,61.82873563,128974.7551,9.588607595,8.272151899,5844.63212,2563.440918,7.917721519,24.63103448,10,9.5,6.75,6,2.25
553063.437,5272934.957,1280128.942,225068.8941,61.30434783,137767.9792,9.841772152,7.886075949,4968.912752,2563.440918,7.791139241,27.44622426,10,9,6.5,6,3.5
553313.437,5272934.957,1280949.111,225045.857,60.70264064,145104.119,9.936708861,7.594936709,4215.129607,2563.440918,7.563291139,29.55912744,10,9,6.5,6,3.5
553563.437,5272934.957,1281769.28,225022.8203,54.15862069,149045.5714,9.987341772,7.310126582,3560.658281,1789.368408,7.303797468,33.80574713,10,9,6.5,6,3.5
553813.437,5272934.957,1282589.449,224999.7838,45.49817296,155647.2963,10,7.047297297,3077.278424,1789.368408,7.047297297,37.17139334,10,9,7,6,4
544063.437,5279684.957,1251225.045,248043.1264,43.9628866,129617.6429,9,6,2196.292608,240.1832733,8.586956522,29.8946281,10,10,2,6,4
543563.437,5279684.957,1249584.703,248089.2338,10.47142857,143384,9,6,1368.870972,4.509215355,9,48.97122302,10,10,2,6,4
543813.437,5279684.957,1250404.874,248066.18,10.47142857,138030.4167,9,6,1368.870972,4.509215355,9,48.97122302,10,10,2,6,4
543313.437,5279434.957,1248741.478,247292.1164,10.47142857,143384,9,6,1368.870972,4.509215355,9,48.97122302,10,10,2,6,4
543563.437,5279434.957,1249561.649,247269.0626,10.47142857,143384,9,6,1368.870972,4.509215355,9,48.97122302,10,10,2,6,4
543813.437,5279434.957,1250381.82,247246.009,10.47142857,143384,9,6,1368.870972,4.509215355,9,48.97122302,10,10,2,6,4
544063.437,5279434.957,1251201.991,247222.9557,12.01598579,135596.9697,9,6,1368.870972,122.3462443,9,49.90178571,10,10,2,6,4
543063.437,5279184.957,1247898.252,246494.9986,6.454347826,143384,9,6,1368.870972,4.509215355,9,51.58605664,10,10,2,6,4
543313.437,5279184.957,1248718.424,246471.9447,6.454347826,143384,9,6,1368.870972,4.509215355,9,51.58605664,10,10,2,6,4
543563.437,5279184.957,1249538.595,246448.8911,6.454347826,143384,9,6,1368.870972,4.509215355,9,51.58605664,10,10,2,6,4
543813.437,5279184.957,1250358.767,246425.8377,7.458990536,143384,9,6,1368.870972,4.509215355,9,55.47310127,10,10,2,6,4
544063.437,5279184.957,1251178.938,246402.7846,8.637997433,141736.7436,9,6,1368.870972,122.3462443,9,57.49613402,10,10,2,6,4
544313.437,5279184.957,1251999.109,246379.7318,16.83036773,136959.7,9,6,1368.870972,240.1832733,9,52.13317479,10,10,2,6,4
542813.437,5278934.957,1247055.026,245697.8804,16.243083,143384,9,6,1368.870972,4.509215355,9,46.86758893,10,10,2,6,4
543063.437,5278934.957,1247875.198,245674.8265,16.243083,143384,9,6,1368.870972,4.509215355,9,46.86758893,10,10,2,6,4
543313.437,5278934.957,1248695.37,245651.7728,16.243083,143384,9,6,1368.870972,4.509215355,9,46.86758893,10,10,2,6,4
543563.437,5278934.957,1249515.542,245628.7194,9.429216867,144093.359,9,6,1368.870972,4.509215355,9,54.95625943,10,10,2,6,4
543813.437,5278934.957,1250335.714,245605.6663,8.001231527,144012.75,9,6,1368.870972,4.509215355,9,55.46115906,10,10,2,6,4
544063.437,5278934.957,1251155.885,245582.6134,8.247139588,144012.75,9,6,1368.870972,77.79512903,9,60.49427918,10,10,2,6,4
544313.437,5278934.957,1251976.057,245559.5607,12.80641466,141192.2391,9,6,1368.870972,240.1832733,9,58.74226804,10,10,2,6,4
544563.437,5278934.957,1252796.228,245536.5083,21.56288156,138172.4773,9,6,1368.870972,240.1832733,9,52.65201465,10,10,2,6,4
544813.437,5278934.957,1253616.399,245513.4562,30.67967699,132234.186,9,6,1433.121515,240.1832733,9,44.01884253,10,10,2,6,4
542313.437,5278934.957,1245414.68,245743.9891,39.36170213,143384,9,6,1368.870972,42.20671463,9,5.871428571,10,10,2,6,4
542563.437,5278934.957,1246234.853,245720.9346,39.36170213,143384,9,6,1368.870972,42.20671463,9,5.871428571,10,10,2,6,4
542813.437,5278684.957,1247031.972,244877.7079,34.15932203,143384,9,6,1368.870972,42.20671463,9,17.41836735,10,10,2,6,4
543063.437,5278684.957,1247852.144,244854.6541,22.27855711,144490.6,9,6,1368.870972,42.20671463,9,33.54709419,10,10,2,6,4
543313.437,5278684.957,1248672.317,244831.6007,18.23816356,145113.0625,9,6,1368.870972,1.671186328,9,42.84791966,10,10,2,6,4
543563.437,5278684.957,1249492.489,244808.5474,11.87210719,145512.0769,9,6,1368.870972,1.671186328,9,51.09013398,10,10,2,6,4
543813.437,5278684.957,1250312.661,244785.4945,9.379310345,146327.0851,9,6,1368.870972,1.671186328,9,52.50114943,10,10,2,6,4
544063.437,5278684.957,1251132.833,244762.4418,10.93570609,146842.125,9,6,1368.870972,1.671186328,9,51.87141217,10,10,2,6,4
544313.437,5278684.957,1251953.004,244739.3894,13.76086957,146327.0851,9,6,1368.870972,64.81684113,9,53.4771167,10,10,2,6,4
544563.437,5278684.957,1252773.176,244716.3372,22.44380734,143719.3111,9,6,1368.870972,64.81684113,9,52.33486239,10,10,2,6,4
544813.437,5278684.957,1253593.347,244693.2853,27.03121387,137545.9778,9,6,1368.870972,64.81684113,9,51.17456647,10,10,2,6,4
543063.437,5278434.957,1247829.091,244034.4815,21.92475248,145789.6522,9,6,1368.870972,42.20671463,9,33.40594059,10,10,2,6,4
543313.437,5278434.957,1248649.263,244011.4282,17.19094767,146953.6774,9,6,1368.870972,21.93895048,9,40.49222065,10,10,2.5,6.5,3
543563.437,5278434.957,1249469.436,243988.3752,10.00359281,147752.1579,9,6,1368.870972,1.671186328,9,44.19041916,10,10,2.5,6.5,3
543813.437,5278434.957,1250289.608,243965.3225,9.012658228,149174.3488,9,6,1368.870972,1.671186328,9,40.46490219,10,10,2.5,6.5,3
544063.437,5278434.957,1251109.78,243942.27,12.47761194,149270.1702,9,6,1368.870972,33.24401373,9,37.45809414,10,10,2.5,6.5,3
544313.437,5278434.957,1251929.952,243919.2178,13.24971363,149029.9184,9,6,1368.870972,64.81684113,9,44.19702176,10,10,2.5,6.5,3
544563.437,5278434.957,1252750.124,243896.1659,20.29506315,147342.1667,9,6,1368.870972,64.81684113,9,48.22273249,10,10,2.5,6.5,3
544813.437,5278434.957,1253570.295,243873.1142,27.69679634,142994.3191,9,6,1368.870972,64.81684113,9,49.32494279,10,10,2.5,6.5,3
543313.437,5278184.957,1248626.21,243191.2555,10.24903475,149312.2143,9,6,1368.870972,1.671186328,9,42.64092664,10,10,2.5,6.5,3
543563.437,5278184.957,1249446.383,243168.2027,6.562589928,150707.0882,9,6,1368.870972,1.671186328,9,37.76978417,10,10,2.5,6.5,3
543813.437,5278184.957,1250266.556,243145.1502,8.869928401,152375.125,9.033783784,6.033783784,1395.690505,1.671186328,9,27.85202864,9.966216216,10,2.5,6.5,3
544063.437,5278184.957,1251086.728,243122.0979,14.73509174,152186.5,9.075,6.075,1419.071636,33.24401373,9,25.78899083,9.925,10,2.5,6.5,3
544313.437,5278184.957,1251906.9,243099.0459,16.98169336,151452.9583,9.081761006,6.081761006,1430.827488,64.81684113,9,32.59267735,9.918238994,10,2.5,6.5,3
544563.437,5278184.957,1252727.072,243075.9942,18.20594966,149519.7551,9.082278481,6.082278481,1417.81662,64.81684113,9,44.54805492,9.917721519,10,2.5,6.5,3
544813.437,5278184.957,1253547.244,243052.9427,26.03661327,145268.5918,9.082278481,6.082278481,1431.621803,64.81684113,9,47.82379863,9.917721519,10,2.5,6.5,3
543563.437,5277934.957,1249423.331,242348.03,4.524271845,155372.1667,9.103448276,6.103448276,1440.49875,35.38863653,9,33.5184466,9.896551724,10,2.5,6.5,3
543813.437,5277934.957,1250243.503,242324.9777,7.157670455,156094.9459,9.222222222,6.222222222,1515.707916,35.38863653,9,29.01988636,9.777777778,10,2.5,6.5,3
544063.437,5277934.957,1251063.676,242301.9256,14.17370892,155240.4286,9.298701299,6.298701299,1606.984936,209.0514369,9,27.76173709,9.701298701,10,2.5,6.5,3
544313.437,5277934.957,1251883.848,242278.8738,21.45747126,154810.8478,9.33125,6.33125,1682.12312,700.6116333,9,29.78045977,9.66875,10,2.5,6.5,3
544563.437,5277934.957,1252704.02,242255.8223,26.34668192,152907.3061,9.352201258,6.352201258,1691.044859,700.6116333,9,37.57894737,9.647798742,10,2.5,6.5,3
544813.437,5277934.957,1253524.192,242232.7711,33.31578947,148730.898,9.297468354,6.297468354,1661.273545,700.6116333,9,40.41418764,9.702531646,10,2.5,6.5,3
543813.437,5277684.957,1250220.451,241504.8049,12.13333333,160150.6667,9.49,6.49,1773.204587,69.10608673,9,35.88421053,9.51,10,2.5,6.5,3
544063.437,5277684.957,1251040.624,241481.753,21.17272727,159291.375,9.584507042,6.584507042,1894.854057,384.85886,9,31.7,9.415492958,10,2.5,6.5,3
544313.437,5277684.957,1251860.797,241458.7014,29.86956522,158138.6667,9.666666667,6.666666667,1971.278949,700.6116333,9,32.64530892,9.333333333,10,2.5,6.5,3
544563.437,5277684.957,1252680.969,241435.6501,35.20389462,156063.7917,9.675,6.675,1996.379282,700.6116333,9,35.50286369,9.325,10,2.5,6.5,3
544813.437,5277684.957,1253501.141,241412.5991,40.7045977,151628.6122,9.528301887,6.528301887,1871.207887,700.6116333,9,33.84482759,9.471698113,10,2.5,6.5,3
543813.437,5277434.957,1250197.399,240684.6318,29.49853801,164593.8333,9.8671875,6.8671875,2190.458638,384.85886,9,36.85380117,9.1328125,10,2.5,6.5,3
544313.437,5277434.957,1251837.745,240638.5288,38.10851809,161398.4186,9.923566879,6.923566879,2266.207855,700.6116333,9,34.70828471,9.076433121,10,2.5,6.5,3
544563.437,5277434.957,1252657.918,240615.4777,44.98279817,158945.5625,9.925465839,6.925465839,2273.436116,700.6116333,9,31.40137615,9.074534161,10,2.5,6.5,3
544813.437,5277434.957,1253478.091,240592.4269,48.0954023,154526.3265,9.740506329,6.740506329,2109.330778,700.6116333,9,29.1183908,9.259493671,10,2.5,6.5,3
545063.437,5277434.957,1254298.263,240569.3763,51.91494253,145178.102,9.462025316,6.462025316,1846.091042,2202.43335,9,27.05287356,9.537974684,10,2.5,6.5,3
544313.437,5277184.957,1251814.694,239818.3559,40.81227437,164301.439,10,7,2347.783936,950.0354919,9,32.91095066,9,10,2.5,6.5,3
544563.437,5277184.957,1252634.867,239795.305,49.76174112,161042.5106,9.974683544,6.974683544,2347.783936,950.0354919,9,27.80526919,9.025316456,10,2.5,6.5,3
544813.437,5277184.957,1253455.04,239772.2544,52.98850575,156079.449,9.817610063,6.817610063,2209.732107,1199.459351,9,25.73218391,9.182389937,10,2.5,6.5,3
545063.437,5277184.957,1254275.213,239749.2041,53.13501144,146515.8163,9.528301887,6.528301887,1951.262229,1467.461136,9,24.94965675,9.471698113,10,2.5,6.5,3
544563.437,5276934.957,1252611.817,238975.132,48.23226545,162442.1111,9.993710692,6.993710692,2347.783936,1199.459351,9,28.48970252,9.006289308,10,2.5,6.5,3
544813.437,5276934.957,1253431.99,238952.0816,51.58810069,158337.8163,9.873417722,6.873417722,2285.033105,1199.459351,9,25.91418764,9.126582278,10,2.5,6.5,3
545063.437,5276934.957,1254252.162,238929.0315,51.89016018,148633.5306,9.597484277,6.597484277,1996.379282,1767.34021,9,23.29748284,9.402515723,10,2.5,6.5,3
545313.437,5276934.957,1255072.335,238905.9817,54.35097814,138289.898,9.284810127,6.284810127,1682.625127,1767.34021,9,24.73072497,9.715189873,10,2.666666667,6.666666667,4
544563.437,5276684.957,1252588.766,238154.9588,47.1862069,163626.6829,10,7,2347.783936,1199.459351,9,28.58850575,9,10,2.5,6.5,3
544813.437,5276684.957,1253408.939,238131.9086,51.17391304,159667.0444,9.943396226,6.943396226,2298.838287,1199.459351,9,25.94050343,9.056603774,10,2.5,6.5,3
545063.437,5276684.957,1254229.113,238108.8587,52.48970252,152095.8367,9.651898734,6.651898734,2034.02978,1767.34021,9,22.69107551,9.348101266,10,2.5,6.5,3
545313.437,5276684.957,1255049.285,238085.8091,54.70183486,140972.2041,9.366459627,6.366459627,1740.610072,1767.34021,9,23.27408257,9.633540373,10,2.666666667,6.666666667,4
545563.437,5276684.957,1255869.458,238062.7597,55.81974742,128429.2245,8.855345912,6.182389937,1519.981304,1767.34021,9.081761006,22.92078071,9.899371069,10,2.666666667,6.666666667,4
545813.437,5276684.957,1256689.63,238039.7106,56.9086758,115246.898,8.037735849,6.320754717,1511.558643,2157.508728,9.320754717,23.00799087,10,10,3.25,6.75,4
546063.437,5276684.957,1257509.803,238016.6618,56.94610092,103016.4694,7.113207547,6.628930818,1659.953821,2547.677246,9.628930818,23.40940367,10,10,3.25,6.75,4
544563.437,5276434.957,1252565.716,237334.7853,44.28488372,165669.6944,10,7,2347.783936,1199.459351,9,27.10232558,9,10,2.5,6.5,3
544813.437,5276434.957,1253385.89,237311.7353,51.75028637,161255.6341,9.962264151,6.962264151,2285.827419,1199.459351,9,25.139748,9.037735849,10,2.5,6.5,3
545063.437,5276434.957,1254206.063,237288.6856,56.11149425,155030.5111,9.759493671,6.759493671,2084.230445,1767.34021,9,21.09425287,9.240506329,10,2.5,6.5,3
545313.437,5276434.957,1255026.236,237265.6362,56.59747706,143301.9787,9.525,6.525,1833.85463,1681.896057,9,21.75344037,9.475,10,2.666666667,6.666666667,4
545563.437,5276434.957,1255846.409,237242.5871,58.29506315,130546.9388,9,6.377358491,1647.544562,1767.34021,9.094339623,21.42365098,9.716981132,10,2.666666667,6.666666667,4
545813.437,5276434.957,1256666.582,237219.5382,59.3862069,116584.6122,8.125786164,6.48427673,1645.218144,1850.126099,9.339622642,21.86551724,9.855345912,10,3.25,6.75,4
546063.437,5276434.957,1257486.754,237196.4896,56.68541906,104050.4167,7.0875,6.7375,1731.230191,2018.35614,9.6625,22.64179104,9.925,10,3.25,6.75,4
544563.437,5276184.957,1252542.666,236514.6115,42.89707928,166438.1667,10,7,2347.783936,246.2276459,9,24.75938804,9,10,2.5,6.5,3
544813.437,5276184.957,1253362.84,236491.5618,48.94490035,165516,9.987096774,6.987096774,2308.098275,246.2276459,9,23.85932005,9.012903226,10,2.5,6.5,3
545063.437,5276184.957,1254183.013,236468.5123,56.89207807,157186.8462,9.867088608,6.867088608,2146.981276,1596.451904,9,21.21125144,9.132911392,10,2.5,6.5,3
545313.437,5276184.957,1255003.187,236445.4631,58.72528736,144911.7442,9.702531646,6.702531646,1988.436139,1596.451904,9,22.39770115,9.297468354,10,2.666666667,6.666666667,4
545563.437,5276184.957,1255823.36,236422.4142,59.41149425,132249.4545,9.372670807,6.621118012,1847.283958,1596.451904,9.062111801,22.08505747,9.440993789,10,2.666666667,6.666666667,4
545813.437,5276184.957,1256643.533,236399.3655,60.00114943,118232.6087,8.45625,6.68125,1822.026616,1542.743469,9.30625,21.70804598,9.625,10,3.25,6.75,4
545063.437,5275934.957,1254159.964,235648.3387,51.72009864,160127.303,9.951724138,6.951724138,2260.120088,921.3397751,9,23,9.048275862,10,2.5,6.5,3
545313.437,5275934.957,1254980.138,235625.2897,54.40091638,146863.8286,9.875,6.875,2184.631775,1596.451904,9,24.37571592,9.125,10,2.666666667,6.666666667,4
545563.437,5275934.957,1255800.311,235602.241,56.45183486,133423.7632,9.746835443,6.82278481,2107.523078,1596.451904,9.018987342,24.32568807,9.196202532,10,3.25,6.75,4
550813.437,5277434.957,1273162.162,240039.2877,72.35483871,101424.6452,8.708860759,6.708860759,3516.411986,3121.408936,6.810126582,15.47695853,10,10,10,6,5
550813.437,5277184.957,1273139.118,239219.1208,69.35104364,116493.2414,9,7,3456.001619,2504.804443,7,20.11954459,10,10,10,6,5
551063.437,5277184.957,1273959.285,239196.0769,69.35104364,120582.8,9,7,3456.001619,2504.804443,7,20.11954459,10,10,9.5,6,5.5
551313.437,5276934.957,1274756.408,238352.8666,64.94396552,137971.5789,9.007936508,7,3729.465226,2504.804443,6.984126984,24.26436782,10,10,9.666666667,6,5
551563.437,5276684.957,1275553.532,237509.6568,55.05843072,160150.0732,9.098214286,7,3629.773448,2504.804443,6.803571429,30.58096828,10,10,9.666666667,6,5
551813.437,5276684.957,1276373.699,237486.6143,52.24434389,169683.6429,9.94017094,7,2173.482183,467.659729,5.11965812,25.84012066,10,10,9.666666667,6,5
552063.437,5276684.957,1277193.865,237463.572,52.24434389,177061.725,9.94017094,7,2173.482183,467.659729,5.11965812,25.84012066,10,10,9.5,6,5.5
551563.437,5276434.957,1275530.489,236689.4898,52.09065934,164368.9773,9.343283582,7,3589.783314,2523.431885,6.485074627,32.76510989,10,10,9.666666667,6,5
551813.437,5276434.957,1276350.656,236666.4475,42.71956857,178685.2727,9.58974359,7,3121.798485,1176.173706,5.94017094,35.28043143,10,10,9.666666667,6,5
552063.437,5276434.957,1277170.823,236643.4055,42.02814815,186313.5227,9.81147541,7,2485.66615,1176.173706,5.385245902,34.82518519,10,10,9.5,6,5.5
551563.437,5276184.957,1275507.447,235869.3225,48.78545888,160217.5,9.529032258,7,3532.046574,2523.431885,6.2,33.30274136,10,10,9.666666667,6,5
551813.437,5276184.957,1276327.614,235846.2805,38.23667906,173204.0435,9.768707483,7,3015.832712,1176.173706,5.721088435,38.48946716,10,10,9.666666667,6,5
552063.437,5276184.957,1277147.781,235823.2387,35.86097561,185044.0638,9.86,7,2290.277228,1176.173706,5.366666667,41.44512195,10,10,9.5,6,5.5
553313.437,5277184.957,1281340.776,238988.6943,24.44851259,154846.6842,10,6.950617284,1814.530304,63.30953503,4.950617284,31.63341067,10,9.5,8.5,6,3.5
553063.437,5276934.957,1280497.57,238191.5708,24.44851259,163433.5517,10,6.950617284,1814.530304,63.30953503,4.950617284,31.63341067,10,9.5,8.5,6,3.5
553313.437,5276934.957,1281317.735,238168.5297,24.44851259,160870.44,10,6.950617284,1814.530304,63.30953503,4.950617284,31.63341067,10,9.5,8.5,6,3.5
552313.437,5276684.957,1278014.031,237440.53,52.24434389,182342.5526,9.94017094,7,2173.482183,467.659729,5.11965812,25.84012066,10,9.5,8.5,6,3.5
552563.437,5276684.957,1278834.197,237417.4883,53.79738562,178162.8,10,6.971223022,1817.666041,107.935379,5,24.76539974,10,9.5,8.5,6,3.5
552813.437,5276684.957,1279654.363,237394.4468,49.43783784,181786.8947,10,6.97761194,1786.500256,207.91996,5,26.66395664,10,9.5,8.5,6,3.5
553063.437,5276684.957,1280474.529,237371.4056,37.72182596,174674.6,10,6.920634921,1845.679819,107.935379,4.920634921,32.40343348,10,9.5,8.5,6,3.5
553313.437,5276684.957,1281294.694,237348.3647,24.53478261,163510,10,6.784,1945.012161,371.4365973,4.784,36.14285714,10,9.5,8.5,6,3.5
553563.437,5276684.957,1282114.859,237325.3241,18.73767886,148885,10,6.6,2146.584134,534.9532347,4.6,36.78685897,10,9.5,8.5,6,3.5
552313.437,5276434.957,1277990.99,236620.3637,51.36528497,190950.4762,9.907142857,7,2103.615724,1176.173706,5.185714286,30.59196891,10,9.5,8.5,6,3.5
552563.437,5276434.957,1278811.156,236597.3223,54.13869464,192999.4186,10,7,1787.534058,307.904541,5,28.77972028,10,9.5,8.5,6,3.5
552813.437,5276434.957,1279631.322,236574.2811,47.11976744,188310.1429,10,6.987179487,1787.534058,307.904541,4.987179487,32.71395349,10,9.5,8.5,6,3.5
553063.437,5276434.957,1280451.488,236551.2401,34.97759434,177345.7,10,6.844155844,1889.072178,307.904541,4.844155844,37.02712264,10,9.5,8.5,6,3.5
553313.437,5276434.957,1281271.653,236528.1995,23.83449883,162937.6316,10,6.673076923,2047.372929,679.5636597,4.673076923,40.84498835,10,9.5,8.5,6,3.5
552313.437,5276184.957,1277967.948,235800.1972,40.53310105,190259.6957,9.923566879,7,1917.588493,1176.173706,5.152866242,40.42044135,10,10,9,6,6
552563.437,5276184.957,1278788.115,235777.156,47.27835052,191229.413,10,7,1787.534058,742.0391235,5,38.34593356,10,9.5,8.5,6,3.5
552813.437,5276184.957,1279608.281,235754.1151,41.10804598,182710.3333,10,6.9875,1787.534058,307.904541,4.9875,42.80689655,10,9.5,8.5,6,3.5
553063.437,5276184.957,1280428.447,235731.0744,30.00572738,172573.2727,10,6.776397516,1960.310034,307.904541,4.776397516,44.54066438,10,9.5,8.5,6,3.5
553313.437,5276184.957,1281248.613,235708.034,21.85371429,161258.3636,10,6.51572327,2155.26671,679.5636597,4.51572327,45.43885714,10,9.5,8.5,6,3.5
551813.437,5275934.957,1276304.573,235026.1132,32.54753723,167529.4375,9.900621118,7,2999.039339,1176.173706,5.608695652,39.11454754,10,9.666666667,9,6,3.666666667
552063.437,5275934.957,1277124.74,235003.0717,30.83161512,177839.5714,9.943037975,7,2281.137098,1176.173706,5.284810127,44.88545246,10,9.666666667,9,6,3.666666667
552313.437,5275934.957,1277944.907,234980.0304,36.43707094,185977.0612,9.987341772,7,1813.544945,1176.173706,5.025316456,47.40732265,10,9.5,8.5,6,3.5
552563.437,5275934.957,1278765.074,234956.9895,40.38920781,186551.3125,10,7,1787.534058,307.904541,5,45.61423651,10,9.333333333,8.333333333,6,2.666666667
552813.437,5275934.957,1279585.24,234933.9488,34.00344432,177626.5319,10,6.981132075,1797.225018,307.904541,4.981132075,48.14121699,10,9.333333333,8.333333333,6,2.666666667
553063.437,5275934.957,1280405.407,234910.9084,25.22094361,168216.234,10,6.773584906,1942.589421,307.904541,4.773584906,48.6835443,10,9.333333333,8.333333333,6,2.666666667
553313.437,5275934.957,1281225.573,234887.8682,22.4896789,158224.25,10,6.465408805,2179.833941,307.904541,4.465408805,47.29357798,10,9.5,8.5,6,3.5
551813.437,5275684.957,1276281.531,234205.9456,27.64678899,159836.449,10,7,3186.285274,1878.302368,5.522012579,39.82454128,10,9.666666667,9,6,3.666666667
552063.437,5275684.957,1277101.699,234182.9044,29.72101033,171999.5918,10,7,2650.330138,1527.238037,5.21875,43.2238806,10,9.666666667,9,6,3.666666667
552313.437,5275684.957,1277921.866,234159.8634,36.23367698,178504.5306,10,7,2258.237036,1878.302368,5.018987342,47.16494845,10,9.5,8.5,6,3.5
552563.437,5275684.957,1278742.033,234136.8227,37.54942529,180523.9796,10,7,2152.556474,660.4326172,5,47.4954023,10,9.333333333,8.333333333,6,2.666666667
552813.437,5275684.957,1279562.2,234113.7822,31.43972445,173737.0612,10,6.981132075,2073.506644,660.4326172,4.981132075,49.66704937,10,9.333333333,8.333333333,6,2.666666667
553063.437,5275684.957,1280382.366,234090.7421,23.40825688,163603.0625,10,6.817610063,2074.704318,660.4326172,4.817610063,50.87958716,10,9.333333333,8.333333333,6,2.666666667
553313.437,5275684.957,1281202.533,234067.7022,21.23050459,155722.1429,10,6.5,2170.265651,660.4326172,4.5,47.05389908,10,9.5,8.5,6,3.5
553563.437,5275684.957,1282022.699,234044.6626,24.82643678,149336.2889,10,6.203821656,2404.185158,1492.090698,4.203821656,39.65517241,10,9.5,8.5,6,3.5
551813.437,5275434.957,1276258.49,233385.7778,29.31802526,146997.4082,9.987341772,7,3613.631312,1878.302368,5.569620253,36.29735936,10,9.666666667,9,6,3.666666667
552063.437,5275434.957,1277078.658,233362.7368,31.99426606,157736.2245,10,7,3243.005691,1878.302368,5.248447205,41.55963303,10,9.666666667,9,6,3.666666667
552313.437,5275434.957,1277898.825,233339.696,38.85040276,168602.6327,10,7,2948.395662,1878.302368,5.025316456,45.85155351,10,9.5,8.5,6,3.5
552563.437,5275434.957,1278718.993,233316.6556,40.27968037,169829.9184,10,7,2838.53343,1269.367493,5,45.60159817,10,9.333333333,8.333333333,6,2.666666667
552813.437,5275434.957,1279539.16,233293.6154,32.98388953,165110.2449,10,7,2558.393633,660.4326172,5,48.70655926,10,9.333333333,8.333333333,6,2.666666667
553063.437,5275434.957,1280359.327,233270.5755,22.79104478,158239,10,6.829113924,2346.136638,660.4326172,4.829113924,48.63145809,10,9.25,7.75,6,3.25
553313.437,5275434.957,1281179.493,233247.5359,22.77319588,155286.1915,10,6.51875,2225.538613,1076.261658,4.51875,44.54066438,10,9.333333333,7.666666667,6,4
551563.437,5275184.957,1275415.28,232588.6507,35.64367816,123944.2449,9.798742138,7,3959.164073,2297.63623,5.962264151,34.60344828,10,9.6,8.6,6,3.2
551813.437,5275184.957,1276235.449,232565.6096,36.64597701,133227.8571,10,7,3979.375125,1878.302368,5.575949367,35.70344828,10,9.6,8.6,6,3.2
552063.437,5275184.957,1277055.617,232542.5689,40.93692661,144313.3469,10,7,3768.332906,1878.302368,5.259493671,38.58027523,10,9.4,8,6,4
552313.437,5275184.957,1277875.785,232519.5284,47.54482759,155697.6939,10,7,3625.064395,1878.302368,5.025316456,40.55057471,10,9.25,7.5,6,4
552563.437,5275184.957,1278695.952,232496.4882,46.31917336,158526.8163,10,7,3521.390536,1269.367493,5,41.29391504,10,9.2,7.6,6,3.4
552813.437,5275184.957,1279516.12,232473.4483,38.66321839,157008.5102,10,7,3108.790412,660.4326172,5,43.11494253,10,9.25,7.75,6,3.25
552563.437,5274934.957,1278672.912,231676.3205,52.4087256,147223.7143,9.9,7.1,4498.416483,2841.949738,5.05,35.88404133,10,9.25,7.5,6,4
552563.437,5274684.957,1278649.873,230856.1526,54.90732265,135449.6327,9.670886076,7.272151899,5404.340633,4414.531982,5.164556962,32.49656751,10,9.25,7.5,6,4
553563.437,5276434.957,1282091.818,236505.1591,21.42312423,150218.3333,10,6.433333333,2250.824479,1051.222778,4.433333333,38.66666667,10,9,8,6,1
553813.437,5276684.957,1282935.023,237302.2837,27.25757576,140923.4615,10,6.20610687,2415.311176,1051.222778,4.20610687,33.78758621,10,9,8,6,1
553813.437,5276434.957,1282911.983,236482.119,27.25757576,139041.25,10,6.20610687,2415.311176,1051.222778,4.20610687,33.78758621,10,9,8,6,1
554063.437,5276684.957,1283755.188,237279.2436,37.1377709,138794.0909,10,6.076923077,2513.193159,1051.222778,4.076923077,25.99844479,10,9,8,6,1
554063.437,5276434.957,1283732.148,236459.0792,37.1377709,134107.2222,10,6.076923077,2513.193159,1051.222778,4.076923077,25.99844479,10,9,8,6,1
554313.437,5276684.957,1284575.352,237256.2038,47.96828358,132970,10,6.010309278,2543.428955,1578.027466,4.010309278,20.2480916,10,9,8,6,1
554313.437,5276434.957,1284552.312,236436.0396,47.96828358,130885,10,6.010309278,2543.428955,1578.027466,4.010309278,20.2480916,10,9,8,6,1
553563.437,5276184.957,1282068.778,235684.9939,21.17680827,149527.8571,10,6.242038217,2367.398636,1051.222778,4.242038217,40.02870264,10,9,8,6,1
553813.437,5276184.957,1282888.943,235661.954,31.72801876,138135,10,6.050955414,2512.784567,1051.222778,4.050955414,31.87221571,10,9,8,6,1
554063.437,5276184.957,1283709.108,235638.9145,42.99288256,130885,10,6.012903226,2543.428955,1051.222778,4.012903226,24.99168646,10,9,8,6,1
554313.437,5276184.957,1284529.273,235615.8752,51.00681199,130885,10,6,2543.428955,1578.027466,4,19.472879,10,9,8,6,1
553563.437,5275934.957,1282045.738,234864.8284,24.98855835,148285,10,6.164556962,2424.077129,1051.222778,4.164556962,38.37414188,10,9,8,6,1
553813.437,5275934.957,1282865.904,234841.7888,36.29655172,138303.15,10,6,2543.428955,1051.222778,4,30.19885057,10,9,8,6,1
554063.437,5275934.957,1283686.069,234818.7495,48.27356322,130885,10,6,2543.428955,1051.222778,4,25.68850575,10,9,8,6,1
554313.437,5275934.957,1284506.234,234795.7105,55.24936387,130885,10,6,2543.428955,1578.027466,4,20.93170103,10,9,8,6,1
553813.437,5275684.957,1282842.865,234021.6233,37.96347032,141640.1795,10,6.006329114,2543.428955,1492.090698,4.006329114,31.49429224,10,9,8,6,1
554063.437,5275684.957,1283663.03,233998.5842,46.8156682,134843.9032,10,6,2543.428955,1492.090698,4,28.24884793,10,9,8,6,1
554313.437,5275684.957,1284483.195,233975.5455,52.13417722,132373.5833,10,6,2543.428955,900.1553345,4,25.32948718,10,9,8,6,1
554313.437,5265434.957,1283538.833,200348.5264,63.17566016,68376.69388,7.7,8.96875,4668.478244,2193.561523,9.35625,12.27554535,10,9,8.333333333,7,3.666666667
554563.437,5265434.957,1284359.01,200325.4987,63.49197248,79195.14583,8.721518987,8.974683544,4491.433574,2113.680786,9.094936709,13.29587156,10,8.5,7.5,7,4
554813.437,5265434.957,1285179.188,200302.4713,59.88761468,88798.19565,9.025,8.96875,4444.267177,2033.800049,9.00625,19.19495413,10,8.5,7.5,7,4
555063.437,5265434.957,1285999.364,200279.4443,59.58094145,95812.19512,9.024691358,8.975308642,4400.995883,2033.800049,9,21.78185993,10,8.5,7.5,7,4
555313.437,5265434.957,1286819.541,200256.4176,56.04472477,100033.5882,9.018867925,8.981132075,4330.903955,1818.26062,9,26.0516055,10,8.5,7.5,7,4
554313.437,5265184.957,1283515.805,199528.3486,64.50172216,66203.34694,7.264150943,9,4730.0624,2193.561523,9.433962264,11.49942595,10,9,8.333333333,7,3.666666667
554563.437,5265184.957,1284335.983,199505.3212,63.80571429,74860.65306,8.493670886,9,4555.413292,2033.800049,9.126582278,11.74285714,10,9,8.333333333,7,3.666666667
554813.437,5265184.957,1285156.16,199482.2941,60.68197474,80064.26667,9,9,4458.637939,2033.800049,9,17.02640643,10,8.5,7.5,7,4
555063.437,5265184.957,1285976.338,199459.2673,60.29953917,85995.41026,9,9,4411.474835,2033.800049,9,21.19470046,10,8.5,7.5,7,4
555313.437,5265184.957,1286796.515,199436.2409,55.45308924,91460.78788,9,9,4370.966647,2033.800049,9,25.41990847,10,8.5,7.5,7,4
555563.437,5265184.957,1287616.691,199413.2148,49.32476319,97387.96154,9,9,4344.34698,1602.721191,9,26.52717391,10,8,7,7,4
557813.437,5261434.957,1294652.957,186903.3446,53.99074074,92450.44118,8.85106383,10,1972.190362,1219.237915,7.070921986,24.37786775,9.04964539,9.333333333,8,6.333333333,2.666666667
558063.437,5261434.957,1295473.136,186880.326,51.99174917,87940.6,8.693693694,10,1934.722676,860.3337402,7.108108108,24.60884354,9.108108108,9.333333333,8,6.333333333,2.666666667
557813.437,5261184.957,1294629.938,186083.1652,53.42479908,91317.1,8.943396226,10,1985.190286,1219.237915,7.031446541,25.68087558,9.018867925,9.333333333,8,6.333333333,2.666666667
558063.437,5261184.957,1295450.118,186060.1468,52.75662043,85797.47222,8.708333333,10,2005.661589,860.3337402,7.118055556,25.83076923,9.118055556,9.333333333,8,6.333333333,2.666666667
558313.437,5261434.957,1296293.315,186857.3077,51.87062405,79116.46154,8.314049587,10,2176.631592,860.3337402,7.297520661,25.040625,9.297520661,9.333333333,8,6.333333333,2.666666667
558313.437,5261184.957,1296270.297,186037.1289,51.87062405,78897.9375,8.314049587,10,2176.631592,860.3337402,7.297520661,25.040625,9.297520661,9.333333333,8,6.333333333,2.666666667
558563.437,5261184.957,1297090.476,186014.1113,51.74269006,69386.2,7.680851064,10,2407.204939,860.3337402,7.574468085,22.80040323,9.574468085,9.333333333,8,6.333333333,2.666666667
558313.437,5260934.957,1296247.279,185216.9496,52.42668269,76646.61538,8.24025974,10,2296.088059,1029.160217,7.350649351,25.23751523,9.350649351,9.333333333,8,6.333333333,2.666666667
558563.437,5260934.957,1297067.459,185193.9323,53.78571429,67840.33333,7.606060606,10,2450.951503,1029.160217,7.621212121,23,9.621212121,9.333333333,8,6.333333333,2.666666667
558813.437,5260934.957,1297887.638,185170.9153,53.97305864,58401.25714,6.789473684,10,2523.213867,600.2394962,7.921052632,16.75889968,9.921052632,9.5,8.5,6,2.5
559063.437,5261184.957,1298730.833,185968.0771,58.23563218,50851.59259,6.042105263,10,1331.500137,171.3187752,8,3.732283465,10,9.5,8.5,6,2.5
559063.437,5260934.957,1298707.816,185147.8987,58.23563218,52723.5,6.042105263,10,1331.500137,171.3187752,8,3.732283465,10,9.5,8.5,6,2.5
559313.437,5260934.957,1299527.995,185124.8824,58.23563218,53188.90909,6.042105263,10,1331.500137,171.3187752,8,3.732283465,10,9.5,10,6,4
559563.437,5260934.957,1300348.173,185101.8665,69.93004769,54105.13793,6,10,1257.583688,725.1123047,7.756521739,1.348314607,9.756521739,9.5,10,6,4
558313.437,5260684.957,1296224.262,184396.7701,49.62183908,75112.36364,8.316455696,10,2367.233881,1197.986694,7.341772152,28.35057471,9.341772152,9.333333333,8,6.333333333,2.666666667
558563.437,5260684.957,1297044.442,184373.753,55.9595843,66736.14286,7.544303797,10,2569.692155,1197.986694,7.670886076,22.72453704,9.670886076,9.333333333,8,6.333333333,2.666666667
558813.437,5260684.957,1297864.621,184350.7363,58.85503686,58104.17073,6.801324503,10,2545.58253,658.075367,7.927152318,17.40644362,9.927152318,9.5,8.5,6,2.5
559063.437,5260684.957,1298684.8,184327.72,57.38713745,52359.675,6.368055556,10,2077.763928,118.1640396,8,12.41613316,10,9.5,8.5,6,2.5
559313.437,5260684.957,1299504.979,184304.704,63.55013193,52469.38462,6.100719424,10,1460.7812,118.1640396,8,5.339142091,10,9.5,10,6,4
559563.437,5260684.957,1300325.157,184281.6883,67.58043758,53072.5,6,10,1220.544871,118.1640396,7.942446043,2,9.942446043,9.5,10,6,4
559813.437,5260684.957,1301145.335,184258.6731,76.4057072,53735.62069,6,10,1333.322765,725.1123047,7.55862069,1.930261519,9.55862069,9.5,10,6,4
560063.437,5260684.957,1301965.513,184235.6581,81.09898477,56030.13043,6,10,1432.393918,725.1123047,7.25,1.192554557,9.25,9.5,10,6,4
558313.437,5260434.957,1296201.245,183576.5901,49.25544101,73267.75,8.316770186,10,2406.843306,1197.986694,7.341614907,28.73654066,9.341614907,9.333333333,8,6.333333333,2.666666667
558563.437,5260434.957,1297021.425,183553.5734,54.97129736,65539.69565,7.628930818,10,2663.587987,1197.986694,7.666666667,25.18484501,9.666666667,9.333333333,8,6.333333333,2.666666667
558813.437,5260434.957,1297841.605,183530.5569,61.05178366,57648.42222,6.911949686,10,2512.233024,658.075367,7.918238994,19.43153049,9.918238994,9.5,8.5,6,2.5
559063.437,5260434.957,1298661.784,183507.5409,61.5,52011.53333,6.43125,10,2084.183402,118.1640396,8,14.35382831,10,9.5,8.5,6,2.5
559313.437,5260434.957,1299481.963,183484.5252,68.23590334,52267.39535,6.150943396,10,1501.330386,118.1640396,8,8.059838895,10,9.5,10,6,4
559563.437,5260434.957,1300302.142,183461.5098,76.48216341,51539.52632,6,10,1232.398853,118.1640396,7.860759494,2.508650519,9.860759494,9.5,10,6,4
559813.437,5260434.957,1301122.321,183438.4948,81.42709529,51992.70968,6,10,1358.073618,725.1123047,7.395061728,2.200918485,9.395061728,9.5,10,6,4
560063.437,5260434.957,1301942.499,183415.4802,85.74678663,54750.5,6,10,1505.012226,725.1123047,6.95035461,1.170351105,8.95035461,9.5,10,6,4
558563.437,5260184.957,1296998.408,182733.3934,50.81171068,64715.87755,7.698113208,10,2715.796826,1197.986694,7.647798742,27.84041332,9.647798742,9.333333333,8,6.333333333,2.666666667
558813.437,5260184.957,1297818.589,182710.3772,56.44597701,56541.5,6.955696203,10,2653.674604,676.8777561,7.924050633,23.16781609,9.924050633,9.5,8.5,6,2.5
559063.437,5260184.957,1298638.768,182687.3614,58.14547537,52016.0625,6.503184713,10,2161.867157,118.1640396,8,17.37571592,10,9.5,8.5,6,2.5
559313.437,5260184.957,1299458.948,182664.346,67.50229885,51516.25,6.201257862,10,1581.489248,289.8759956,8,9.964367816,10,9.333333333,9,6,3
559563.437,5260184.957,1300279.127,182641.331,76.86368843,51645.07692,6,10,1245.67754,118.1640396,7.835443038,3.143184422,9.835443038,9.5,10,6,4
559813.437,5260184.957,1301099.306,182618.3163,81.09644087,52338.3871,6,10,1354.759213,725.1123047,7.403726708,3.278989667,9.403726708,9.5,10,6,4
560063.437,5260184.957,1301919.484,182595.3019,84.71542553,54049.75,6,10,1515.109273,1174.368958,6.96350365,2.699865411,8.96350365,9.5,10,6,4
558563.437,5259934.957,1296975.392,181913.213,49.05977011,62920.04082,7.720496894,10,2695.687425,929.7723389,7.639751553,27.04137931,9.639751553,9.333333333,8,6.333333333,2.666666667
558813.437,5259934.957,1297795.573,181890.1971,53.6002291,56523.42857,7.024691358,10,2783.699502,929.7723389,7.913580247,25.83848797,9.913580247,9.5,8.5,6,2.5
559063.437,5259934.957,1298615.753,181867.1817,58.39265212,50844.02128,6.550632911,10,2308.133641,461.5879517,8,17.96670494,10,9.5,8.5,6,2.5
559313.437,5259934.957,1299435.933,181844.1665,64.98507463,51070.97674,6.25625,10,1667.255493,461.5879517,8,11.42135476,10,9.333333333,9,6,3
559563.437,5259934.957,1300256.112,181821.1517,76.74597701,51489.30556,6.01910828,10,1272.92536,461.5879517,7.923566879,3.974712644,9.923566879,9.5,10,6,4
559813.437,5259934.957,1301076.291,181798.1373,78.14925373,51592.10345,6,10,1318.853162,1623.62561,7.544303797,4.831990794,9.544303797,9.5,10,6,4
558563.437,5259684.957,1296952.376,181093.0323,44.57405281,59922.61224,7.720496894,10,2701.27337,929.7723389,7.639751553,25.98507463,9.639751553,9.333333333,8,6.333333333,2.666666667
558813.437,5259684.957,1297772.557,181070.0167,50.71986223,55406.81633,7.06875,10,2821.777557,695.6801453,7.9125,25.64064294,9.9125,9.5,8.5,6,2.5
559063.437,5259684.957,1298592.738,181047.0015,58.19217491,50534.8,6.6,10,2356.889135,461.5879517,8,18.21634062,10,9.5,8.5,6,2.5
559313.437,5259684.957,1299412.918,181023.9866,66.94036697,50105.89744,6.295597484,10,1779.011509,461.5879517,8,10.68692661,10,9.5,8.5,6,2.5
559563.437,5259684.957,1300233.098,181000.9722,76.02517162,50201,6.043478261,10,1333.023747,461.5879517,7.98757764,5.18993135,9.98757764,9.5,10,6,4
559813.437,5259684.957,1301053.277,180977.958,76.09575758,50958.15385,6,10,1282.947111,1623.62561,7.763157895,6.892944039,9.763157895,9.5,10,6,4
558563.437,5259434.957,1296929.361,180272.8512,40.96321839,57956.81633,7.635220126,10,2694.777209,929.7723389,7.72327044,23.96781609,9.641509434,9.5,8.5,6.5,2.75
558813.437,5259434.957,1297749.542,180249.8359,46.6018412,54051.06667,7.062893082,10,2862.915486,929.7723389,7.924528302,24.37514384,9.924528302,9.5,8.5,6,2.5
559063.437,5259434.957,1298569.723,180226.821,58.05936073,51080.63415,6.633540373,10,2445.649139,461.5879517,8,18.05707763,10,9.5,8.5,6,2.5
559313.437,5259434.957,1299389.903,180203.8064,70.31105991,48614.05714,6.325,10,1828.392074,461.5879517,8,9.830645161,10,9.5,8.5,6,2.5
559563.437,5259434.957,1300210.084,180180.7922,75.4489093,48413.62069,6.062111801,10,1331.500137,461.5879517,8,5.748564868,10,9.5,10,6,4
558563.437,5259184.957,1296906.345,179452.6698,34.3161512,56497.06667,7.452830189,10,2724.55011,2556.108643,7.855345912,25.78694158,9.691823899,9.6,8.4,6.6,3.6
558813.437,5259184.957,1297726.527,179429.6548,43.60114943,53765.26829,7.012578616,10,2890.475757,2556.108643,7.962264151,24.54022989,9.943396226,9.666666667,8.333333333,6.333333333,4
559063.437,5259184.957,1298546.708,179406.6401,54.96436782,50116,6.662420382,10,2478.777872,1243.759888,8,17.63793103,10,9.666666667,8.333333333,6.333333333,4
559313.437,5259184.957,1299366.889,179383.6258,69.00459242,48869.2,6.33125,10,1853.082357,1243.759888,8,10.33065442,10,9.5,8.5,6,2.5
559563.437,5259184.957,1300187.07,179360.6119,72.83803681,47172.5,6.075862069,10,1334.586423,1243.759888,8,6.027093596,10,9.5,10,6,4
558313.437,5258934.957,1296063.148,178655.503,33.01492537,57668.18182,7.481012658,10,2560.49688,2556.108643,7.930379747,24.48679679,9.588607595,9.6,8.4,6.6,3.6
558563.437,5258934.957,1296883.33,178632.488,33.0908046,55675.425,7.234177215,10,2873.256506,2556.108643,7.955696203,24.69195402,9.810126582,9.75,8.75,6.5,3.75
558813.437,5258934.957,1297703.512,178609.4732,42.01722158,53490.80556,6.962264151,10,2937.408519,1899.934265,7.993710692,23.32835821,9.968553459,9.666666667,8.333333333,6.333333333,4
559063.437,5258934.957,1298523.694,178586.4589,54.06888634,50655.2,6.632911392,10,2420.958856,1243.759888,8,16.92996556,10,9.666666667,8.333333333,6.333333333,4
559313.437,5258934.957,1299343.875,178563.4449,66.44299287,49226.4,6.351351351,10,1877.772639,1243.759888,8,10.33730632,10,9.5,8.5,6,2.5
558313.437,5258684.957,1296040.133,177835.3206,35.21609195,56623.10811,7.238993711,9.993710692,2810.948662,2556.108643,8,27.4183908,9.761006289,9.8,9,6.4,3.8
558563.437,5258684.957,1296860.316,177812.3058,37.06185567,55809.55882,7.069620253,10,3014.871298,2556.108643,8,25.07331042,9.924050633,9.75,8.75,6.25,4
558813.437,5258684.957,1297680.498,177789.2914,45.65406644,52825.13333,6.842767296,10,2836.677698,2556.108643,8,22.00343643,9.993710692,9.75,8.75,6.25,4
559063.437,5258684.957,1298500.68,177766.2773,56.91517324,51302.36,6.590604027,10,2322.197726,1243.759888,8,16.01196172,10,9.75,8.75,6.25,4
558313.437,5258434.957,1296017.118,177015.1378,39.90689655,56338.53333,6.817610063,9.779874214,2510.966807,2556.108643,8.220125786,29.07241379,9.962264151,9.75,8.75,6.25,4
558563.437,5258434.957,1296837.301,176992.1233,44.10726644,55102.03704,6.83974359,9.91025641,2782.081377,2556.108643,8.08974359,26.61361015,9.993589744,9.75,8.75,6.25,4
558813.437,5258434.957,1297657.484,176969.1091,53.06962025,54039,6.774647887,9.985915493,2544.247571,1899.934265,8.014084507,20.4443038,10,9.75,8.75,6.25,4
558313.437,5258184.957,1295994.104,176194.9546,43.84802043,57556.59091,6.578571429,9.578571429,1821.418932,2556.108643,8.421428571,30.51085568,10,10,9.333333333,6.333333333,5
544063.437,5277434.957,1251017.573,240661.5802,29.49853801,163571.973,9.8671875,6.8671875,2190.458638,384.85886,9,36.85380117,9.1328125,10,3,7,2
543813.437,5277184.957,1250174.348,239864.4584,33.26971609,170024.3704,10,7,2347.783936,498.110455,9,36.80599369,9,10,3,7,2
544063.437,5277184.957,1250994.521,239841.407,33.26971609,167794.2941,10,7,2347.783936,498.110455,9,36.80599369,9,10,3,7,2
543813.437,5276934.957,1250151.296,239044.2848,34.57744108,171049,10,7,2347.783936,23.26474953,9,33.57912458,9,10,3,7,2
544063.437,5276934.957,1250971.47,239021.2336,34.57744108,169264.1613,10,7,2347.783936,23.26474953,9,33.57912458,9,10,3,7,2
544313.437,5276934.957,1251791.643,238998.1827,40.95515152,165224.7895,10,7,2347.783936,1199.459351,9,30.7430303,9,10,3,7,2
543813.437,5276684.957,1250128.245,238224.1109,33.49152542,171049,10,7,2347.783936,611.3620501,9,32.41431262,9,10,3,7,2
544063.437,5276684.957,1250948.419,238201.06,33.49152542,170060.9643,10,7,2347.783936,611.3620501,9,32.41431262,9,10,3,7,2
544313.437,5276684.957,1251768.593,238178.0092,39.24746193,166306.4286,10,7,2347.783936,1199.459351,9,30.18654822,9,10,3,7,2
544063.437,5276434.957,1250925.368,237380.886,32.22921348,169896.2917,10,7,2347.783936,23.26474953,9,29.70337079,9,10,3,7,2
544313.437,5276434.957,1251745.542,237357.8355,39.04651163,167360.3333,10,7,2347.783936,1199.459351,9,27.88372093,9,10,3,7,2
544313.437,5276184.957,1251722.492,236537.6615,37.50574713,168835.8,10,7,2347.783936,246.2276459,9,26.25670498,9,10,3,7,2
546063.437,5276184.957,1257463.706,236376.3172,57.48169336,106643.6809,7.358490566,6.849056604,1850.44645,1489.035034,9.622641509,21.86498856,9.773584906,10,3.666666667,7,4
546313.437,5276184.957,1258283.878,236353.2691,64.68348624,96224.25,6.341772152,6.987341772,1842.490451,1489.035034,9.911392405,14.75229358,9.924050633,10,3.666666667,7,4
544563.437,5275934.957,1252519.616,235694.4374,40.85471698,167590.875,10,7,2347.783936,246.2276459,9,23.55283019,9,10,3,7,2
544813.437,5275934.957,1253339.79,235671.3879,48.15239478,167233.1379,10,7,2347.783936,246.2276459,9,22.81422351,9,10,3,7,2
545813.437,5275934.957,1256620.485,235579.1926,56.12600229,118557.9512,8.775,6.875,2051.352922,1542.743469,9.275,24.89690722,9.4,10,3.666666667,7,4
546063.437,5275934.957,1257440.658,235556.1444,57.99199085,106460.7674,7.622641509,6.962264151,1965.62331,1489.035034,9.58490566,21.37299771,9.622641509,10,3.666666667,7,4
546313.437,5275934.957,1258260.83,235533.0965,65.77178899,97675.28889,6.582278481,7,1884.423157,1489.035034,9.85443038,14.52866972,9.85443038,10,3.666666667,7,4
545063.437,5275684.957,1254136.915,234828.1648,44.53858785,164117.9231,10,7,2347.783936,1596.451904,9,25.87520525,9,10,3,7,2
545313.437,5275684.957,1254957.089,234805.116,49.06906077,150725.4286,10,7,2316.707334,1596.451904,9,25.23342541,9,10,3.666666667,7,4
545563.437,5275684.957,1255777.263,234782.0675,49.71604938,133876.8065,10,7,2320.208922,1596.451904,9,26.53209877,9,10,3.666666667,7,4
545813.437,5275684.957,1256597.436,234759.0193,47.44328704,118769.6176,9.122580645,7,2196.917119,1596.451904,9.219354839,28.04050926,9.219354839,10,3.666666667,7,4
546063.437,5275684.957,1257417.61,234735.9714,56.53164557,107093.0789,7.9,7,2074.470234,1489.035034,9.525,20.38204833,9.525,10,3.666666667,7,4
546313.437,5275684.957,1258237.783,234712.9237,63.24193548,96966.9,6.662420382,7,1901.851055,1489.035034,9.834394904,13,9.834394904,10,3.666666667,7,4
545563.437,5275434.957,1255754.215,233961.8938,44.37037037,138644.6667,9.961538462,7,2347.783936,252.910141,9.009615385,27.88215488,9.009615385,10,3.666666667,7,4
545813.437,5275434.957,1256574.388,233938.8458,44.30513595,118970.6071,8.974358974,7,2223.979196,252.910141,9.256410256,27.10574018,9.256410256,10,3.666666667,7,4
546313.437,5275434.957,1258214.735,233892.7507,59.76086957,95101.34375,6.757575758,7,1932.153739,84.19021606,9.810606061,12.1576087,9.810606061,10,3.666666667,7,4
549563.437,5272684.957,1268623.502,224571.2701,85.21161826,79140.89286,7.457831325,10,8882.564189,9072.347656,9,1.205394191,10,10,9,7,1
549813.437,5272684.957,1269443.675,224548.2292,85.22038981,77323.02941,7.863247863,10,7499.452157,9072.347656,9,1.034482759,10,10,9.6,7,2.2
550063.437,5272684.957,1270263.848,224525.1886,84.33292534,74745.35,8.149659864,10,7638.444694,8802.510742,9,1.712362301,10,10,9.6,7,2.2
550313.437,5272684.957,1271084.021,224502.1483,83.34897025,70504.93333,8.333333333,10,8699.421671,8532.673828,9,3.356979405,10,10,9.666666667,7,2.333333333
550563.437,5272684.957,1271904.193,224479.1083,81.73081329,66846.75,8.449367089,10,9947.618715,8532.673828,9,5.552119129,10,10,9.625,6.75,3
550813.437,5272684.957,1272724.366,224456.0686,81.48398169,65340.71429,8.407643312,10,10759.85557,8532.673828,9,7.105263158,10,10,9.625,6.75,3
549813.437,5272434.957,1269420.635,223728.056,85.73489279,76053.06061,8.065934066,10,6216.599121,9072.347656,9.032967033,0.565302144,10,10,9.5,7.25,1.5
550063.437,5272434.957,1270240.808,223705.0156,84.966759,72768.12821,8.147286822,10,6525.715986,5737.310062,9.046511628,0.995844875,10,10,9.666666667,7.166666667,2.333333333
550313.437,5272434.957,1271060.981,223681.9755,84.56235566,68693,8.242038217,10,7616.619134,8532.673828,9.050955414,2.591224018,10,10,9.666666667,7.166666667,2.333333333
550563.437,5272434.957,1271881.154,223658.9358,82.33104238,63952.29787,8.335403727,10,8618.912264,6916.11499,9.068322981,5.397479954,10,10,9.625,7,3.25
550813.437,5272434.957,1272701.326,223635.8963,81.78185993,62123.77551,8.329113924,10,9417.1557,8532.673828,9.075949367,5.886337543,10,10,9.4,6.8,3.8
551063.437,5272434.957,1273521.498,223612.8571,79.73363949,63686.65306,8.025,10,9818.023014,6176.850098,9.075,7.471871412,10,10,9.333333333,6.5,4.333333333
549813.437,5272184.957,1269397.594,222907.8824,81.12217195,73220.25,8.591666667,10,6368.329583,44.66261292,9.316666667,1.461538462,10,10,9.5,7.25,1.5
550063.437,5272184.957,1270217.768,222884.8423,81.12217195,71111.94872,8.591666667,10,6368.329583,44.66261292,9.316666667,1.461538462,10,10,9.75,7.25,3
550313.437,5272184.957,1271037.941,222861.8025,83.3078759,68280.5,8.649350649,10,7110.166062,5299.556152,9.331168831,2.050119332,10,10,9.6,7.2,3.8
550563.437,5272184.957,1271858.114,222838.763,83.2456946,64609.51064,8.68125,10,7739.20436,5299.556152,9.3375,4.662456946,10,10,9.6,7.2,3.8
550813.437,5272184.957,1272678.287,222815.7237,81.00229621,62602.375,8.596273292,10,8340.232256,5299.556152,9.329192547,5.83467279,10,10,9.5,7,3.666666667
551063.437,5272184.957,1273498.46,222792.6848,77.23360184,62605.83673,8.360759494,10,8770.84103,5799.38623,9.32278481,7.415420023,10,10,9.2,6.6,5
551313.437,5272184.957,1274318.632,222769.6462,75.01029748,63453.7551,7.9,10,8776.557031,5799.38623,9.26875,7.760869565,10,10,9,6.5,4.333333333
549813.437,5271934.957,1269374.554,222087.7086,80.78979907,74444.21875,8.975,10,4656.543101,2672.109383,9.641666667,1.587326121,10,10,9.666666667,7.333333333,1.666666667
550063.437,5271934.957,1270194.728,222064.6687,80.78979907,71882.05128,8.975,10,4656.543101,2672.109383,9.641666667,1.587326121,10,10,9.5,7.25,3
550313.437,5271934.957,1271014.902,222041.6291,82.44630072,70077.95455,8.986842105,10,5050.719793,5299.556152,9.644736842,1.955847255,10,10,9.6,7.2,3.8
550563.437,5271934.957,1271835.075,222018.5899,84.08725603,66371,9,10,6058.569179,5299.556152,9.647798742,4.118254879,10,10,9.6,7.2,3.8
550813.437,5271934.957,1272655.248,221995.5509,81.94622426,64111.12245,8.95625,10,6931.841334,5299.556152,9.66875,5.447368421,10,10,9.5,7,3.666666667
551063.437,5271934.957,1273475.421,221972.5122,78.45967742,64414.59184,8.7625,10,7676.751913,5799.38623,9.6375,5.948156682,10,10,9.428571429,6.714285714,4.285714286
551313.437,5271934.957,1274295.594,221949.4738,76.28457143,65249.89796,8.175,10,7859.043688,5799.38623,9.50625,5.956571429,10,10,9.25,6.625,3.875
549563.437,5271684.957,1268531.34,221290.5744,81.08695652,77935.56,9.213114754,10,2672.643827,44.66261292,9.918032787,1.407796102,10,10,9.5,7.5,2
549813.437,5271684.957,1269351.514,221267.5344,81.08695652,76802.4375,9.213114754,10,2672.643827,44.66261292,9.918032787,1.407796102,10,10,9.5,7.5,2
550063.437,5271684.957,1270171.688,221244.4948,81.08695652,74350.97436,9.213114754,10,2672.643827,44.66261292,9.918032787,1.407796102,10,10,9.333333333,7.333333333,3.666666667
550313.437,5271684.957,1270991.862,221221.4555,82.94431555,72056.88889,9.224358974,10,3033.381344,5299.556152,9.91025641,1.61136891,10,10,9.333333333,7.333333333,3.666666667
550563.437,5271684.957,1271812.036,221198.4164,86.20160367,69397.52083,9.23125,10,4112.261908,5299.556152,9.91875,3.278350515,10,10,9.333333333,7.333333333,3.666666667
550813.437,5271684.957,1272632.209,221175.3777,83.91724138,67860.69388,9.196202532,10,5100.877361,5299.556152,9.924050633,4.517241379,10,10,9.333333333,7.333333333,3.666666667
551063.437,5271684.957,1273452.383,221152.3393,81.18463303,67089.95918,9.086956522,10,5828.751051,5799.38623,9.919254658,4.244266055,10,10,9.4,6.8,4
551313.437,5271684.957,1274272.555,221129.3011,76.54420207,65837.63265,8.430379747,10,6100.237045,5799.38623,9.746835443,5.563719862,10,10,9.4,6.8,4
551563.437,5271934.957,1275115.766,221926.4357,73.64874142,67323.81633,7.503144654,10,7266.944704,5799.38623,9.320754717,7.59610984,10,10,9.166666667,6.5,3.833333333
551563.437,5271684.957,1275092.728,221106.2633,75.01144165,65659.28571,7.635220126,10,5721.933809,5799.38623,9.528301887,6.568649886,10,10,9.5,6.75,4.75
551813.437,5271684.957,1275912.901,221083.2258,73.48512586,73003.83673,7.006289308,10,5311.710338,3421.576569,9.327044025,10.17048055,10,10,9.5,6.75,4.75
549563.437,5271434.957,1268508.3,220470.3997,81.28918322,83980.38462,9.085365854,10,748.6255676,22.37915858,10,0.187637969,10,10,10,8,3
549813.437,5271434.957,1269328.474,220447.36,81.28918322,81803,9.085365854,10,748.6255676,22.37915858,10,0.187637969,10,10,10,8,3
550063.437,5271434.957,1270148.649,220424.3206,82.94685315,79058.35,9.1171875,10,1157.086426,0.09570425,10,0.626573427,10,10,10,8,3
550313.437,5271434.957,1270968.823,220401.2815,86.82568807,76539.34783,9.107594937,10,1513.666975,2167.469238,10,1.012614679,10,10,9.5,7.5,5
550563.437,5271434.957,1271788.997,220378.2427,88.10297483,72886.32653,9.100628931,10,1976.455283,2167.469238,10,1.364988558,10,10,9.5,7.5,5
550813.437,5271434.957,1272609.171,220355.2042,86.77434135,71688.83673,9.095541401,10,2857.219672,2167.469238,10,2.342497136,10,10,9.5,7.5,5
551063.437,5271434.957,1273429.344,220332.1661,82.89016018,70993.65306,9.069620253,10,3536.47706,1884.322388,10,3.935926773,10,10,9.5,6.75,4.75
551313.437,5271434.957,1274249.518,220309.1282,77.37844037,68262.55102,8.622641509,10,4141.999009,1884.322388,9.893081761,7.224770642,10,10,9.5,6.75,4.75
551563.437,5271434.957,1275069.691,220286.0906,73.55441008,68188.06122,7.949367089,10,4133.512794,1884.322388,9.721518987,9.758304696,10,10,9.5,6.75,4.75
551813.437,5271434.957,1275889.863,220263.0533,71.41609195,74417.61224,7.303797468,10,4296.388551,1909.535645,9.550632911,12.43103448,10,10,9.666666667,6.666666667,4
549813.437,5271184.957,1269305.435,219627.1853,84.72298625,85846.17143,9,10,311.9949951,0.09570425,10,0.078585462,10,10,10,8,3
550063.437,5271184.957,1270125.61,219604.1461,87.29761905,84092.7619,9,10,311.9949951,0.09570425,10,0.30952381,10,10,10,8,3
550313.437,5271184.957,1270945.784,219581.1073,86.98627002,82283,9,10,311.9949951,2167.469238,10,0.847826087,10,10,9.5,7.5,5
550563.437,5271184.957,1271765.959,219558.0687,87.47586207,80229.89796,9,10,636.2633458,2167.469238,10,0.889655172,10,10,9.5,7.5,5
550813.437,5271184.957,1272586.133,219535.0305,87.15675057,78228.57143,9,10,1133.059088,2167.469238,10,1.3798627,10,10,9.5,7.5,5
551063.437,5271184.957,1273406.306,219511.9925,81.03673938,75551.4898,9,10,1771.202573,1884.322388,10,6.153846154,10,10,9.5,6.75,4.75
551313.437,5271184.957,1274226.48,219488.9549,73.70264064,72844.06122,8.754716981,10,2556.863447,1884.322388,9.962264151,11.87944891,10,10,9.5,6.75,4.75
551563.437,5271184.957,1275046.653,219465.9176,68.21609195,73364.46939,8.285714286,10,3067.15262,1884.322388,9.881987578,15.4908046,10,10,9.5,6.75,4.75
551813.437,5271184.957,1275866.826,219442.8805,65.80848624,77855.30612,7.798742138,10,3762.792689,1896.929016,9.79245283,17.93922018,10,10,9.666666667,6.666666667,4
549813.437,5270934.957,1269282.396,218807.0102,83.76408451,89159.10526,9,10,337.9986835,0.09570425,10,0.126110124,10,10,10,8,3
550063.437,5270934.957,1270102.571,218783.9713,85.57934509,88351.53488,9,10,311.9949951,0.09570425,10,0.564231738,10,10,10,8,3
550313.437,5270934.957,1270922.746,218760.9327,87.2,88388.95833,9,10,311.9949951,2167.469238,10,0.632183908,10,10,10,8,3
550563.437,5270934.957,1271742.92,218737.8944,87.33027523,85909.71429,9,10,311.9949951,2167.469238,10,0.717889908,10,10,10,8,3
550813.437,5270934.957,1272563.095,218714.8564,86.510907,82197.67347,9,10,476.2078138,2167.469238,10,1.401836969,10,10,10,8,3
551063.437,5270934.957,1273383.269,218691.8187,78.75,79894.81633,9,10,474.1291705,1884.322388,10,7.673963134,10,10,10,7,2.5
551313.437,5270934.957,1274203.443,218668.7813,70.95742232,78770.02041,8.835443038,10,1185.066259,1884.322388,10,15.09436133,10,10,10,7,2.5
551563.437,5270934.957,1275023.616,218645.7442,63.18692661,78540.32653,8.50955414,10,2236.262264,1884.322388,9.993630573,20.37155963,10,10,10,7,2.5
551813.437,5270934.957,1275843.79,218622.7074,61.3118527,82223.83673,8.197530864,10,3430.294775,1896.929016,9.981481481,21.76754891,10,10,9.666666667,6.666666667,4
549813.437,5270684.957,1269259.357,217986.8349,82.19092332,90399,8.964912281,10,381.6048687,124.2960668,10,0.088888889,10,10,10,8,3
550063.437,5270684.957,1270079.532,217963.7962,84.81272509,90918.27273,9,10,311.9949951,672.8466876,10,0.570228091,10,10,10,8,3
550313.437,5270684.957,1270899.707,217940.7579,86.74197248,90794.16667,9,10,311.9949951,275.3253784,10,0.518348624,10,10,10,8,3
550563.437,5270684.957,1271719.882,217917.7198,87.0091954,88537.02041,9,10,311.9949951,1221.397308,10,0.63908046,10,10,10,8,3
550813.437,5270684.957,1272540.057,217894.6821,86.49598163,86909.91837,9,10,311.9949951,1221.397308,10,1.234213548,10,10,10,8,3
551063.437,5270684.957,1273360.231,217871.6446,78.85142857,85035.02041,9,10,311.9949951,1206.184212,10,7.985142857,10,10,10,7,2.5
551313.437,5270684.957,1274180.405,217848.6075,69.83908046,83136.73469,8.835443038,10,994.1230719,1190.971115,10,15.98850575,10,10,10,7,2.5
551563.437,5270684.957,1275000.579,217825.5706,58.46224256,82538.12245,8.534161491,10,2236.262264,1190.971115,10,24.72425629,10,10,10,7,2.5
551813.437,5270684.957,1275820.753,217802.5341,55.74684994,85484.46939,8.225,10,3412.344036,1438.970757,10,25.80985109,10,10,10,7,2.5
549813.437,5270434.957,1269236.318,217166.6593,81.30975955,90251.4878,8.912698413,10,411.2195957,248.4964294,10,0.050505051,10,10,10,8,3
550063.437,5270434.957,1270056.494,217143.6208,84.28454333,90918.27273,9,10,311.9949951,248.4964294,10,0.120608899,10,10,10,8,3
550313.437,5270434.957,1270876.669,217120.5827,86.80756014,90794.16667,9,10,311.9949951,275.3253784,10,0.540664376,10,10,10,8,3
550563.437,5270434.957,1271696.845,217097.5449,86.93478261,89986.26531,9,10,311.9949951,275.3253784,10,0.528604119,10,10,10,8,3
550813.437,5270434.957,1272517.019,217074.5074,87.82474227,88382.55102,9,10,311.9949951,275.3253784,10,0.252004582,10,10,10,8,3
551063.437,5270434.957,1273337.194,217051.4702,79.76091954,86507.65306,9,10,311.9949951,386.4726105,10,7.54137931,10,10,10,7,2.5
551313.437,5270434.957,1274157.369,217028.4333,70.86155606,84361.57143,8.850931677,10,928.2805935,497.6198425,10,14.63272311,10,10,10,6.666666667,2
551563.437,5270434.957,1274977.543,217005.3967,60.66245695,83307.42857,8.565217391,10,2091.942219,497.6198425,10,22.81515499,10,10,10,6.666666667,2
551813.437,5270434.957,1275797.717,216982.3604,55.35812357,85240.65306,8.251572327,10,3322.723557,981.0124969,10,26.1784897,10,10,10,6.666666667,2
549813.437,5270184.957,1269213.28,216346.4833,82.99294781,90111,8.903225806,10,411.2195957,248.4964294,10,0.075931232,10,10,10,8,3
550063.437,5270184.957,1270033.456,216323.4451,86.23848878,90918.27273,9,10,311.9949951,248.4964294,10,0.12042503,10,10,10,8,3
550313.437,5270184.957,1270853.632,216300.4073,87.56027555,91071,9,10,311.9949951,275.3253784,10,0.197474168,10,10,10,8,3
550563.437,5270184.957,1271673.807,216277.3697,88.04925544,90257.44898,9,10,311.9949951,275.3253784,10,0.193585338,10,10,10,8,3
550813.437,5270184.957,1272493.982,216254.3324,87.95074456,88677.12245,9,10,311.9949951,275.3253784,10,0.199312715,10,10,10,8,3
551063.437,5270184.957,1273314.157,216231.2955,80.80756014,86825.61224,9,10,311.9949951,386.4726105,10,6.396334479,10,10,10,6.666666667,2
551313.437,5270184.957,1274134.332,216208.2588,70.76544622,84702.91837,8.886075949,10,834.5538254,497.6198425,10,14.23684211,10,10,10,6.666666667,2
551563.437,5270184.957,1274954.506,216185.2225,61.38188073,83672.16327,8.626582278,10,2011.686072,497.6198425,10,21.28440367,10,10,10,6.666666667,2
551813.437,5270184.957,1275774.681,216162.1864,54.62929062,84187.69388,8.316455696,10,3154.115967,981.0124969,10,26.24485126,10,10,10,6.666666667,2
549813.437,5269934.957,1269190.242,215526.3071,82.19546742,90133.32558,8.903225806,10,381.9964855,248.4964294,10,0.066091954,10,10,10,8,3
550063.437,5269934.957,1270010.418,215503.2691,87.36504162,90918.27273,9,10,311.9949951,248.4964294,10,0.124851367,10,10,10,8,3
550313.437,5269934.957,1270830.594,215480.2315,87.77637615,91071,9,10,311.9949951,275.3253784,10,0.175458716,10,10,10,8,3
550563.437,5269934.957,1271650.77,215457.1942,88.26231386,90552.02041,9,10,311.9949951,280.3416443,10,0.187857961,10,10,10,8,3
550813.437,5269934.957,1272470.945,215434.1572,88.23765786,88971.69388,9,10,311.9949951,275.3253784,10,0.135476464,10,10,10,8,3
551063.437,5269934.957,1273291.121,215411.1204,82.90045767,87143.57143,9,10,311.9949951,312.4268723,10,4.742562929,10,10,10,6.666666667,2
551313.437,5269934.957,1274111.296,215388.084,69.93226177,85067.65306,8.937106918,10,678.6215098,344.5121002,10,15.07462687,10,10,10,6.666666667,2
551563.437,5269934.957,1274931.47,215365.0479,62.66360505,82619.20408,8.79245283,10,1919.392229,344.5121002,10,20.8358209,10,10,10,6.666666667,2
551813.437,5269934.957,1275751.645,215342.0121,56.49770115,82738.81633,8.664596273,10,3124.334187,1165.502785,10,25.14482759,10,10,10,6.666666667,2
549813.437,5269684.957,1269167.204,214706.1305,82.35042735,90154.63636,8.888,10,382.8939405,189.9752502,10,0.123741007,10,10,10,8,3
550063.437,5269684.957,1269987.38,214683.0928,85.64268585,90921.66667,9,10,311.9949951,189.9752502,10,0.118705036,10,10,10,8,3
550313.437,5269684.957,1270807.557,214660.0554,88.18484501,91071,9,10,311.9949951,285.3579102,10,0.135476464,10,10,10,8,3
550563.437,5269684.957,1271627.733,214637.0183,88.52298851,90823.20408,9,10,311.9949951,285.3579102,10,0.148275862,10,10,10,8,3
550813.437,5269684.957,1272447.909,214613.9816,88.33754305,89289.65306,9,10,311.9949951,285.3579102,10,0.070034443,10,10,10,8,3
551063.437,5269684.957,1273268.084,214590.9451,84.07126437,87484.91837,9,10,311.9949951,191.4043579,10,4.111494253,10,10,10,7,2
551313.437,5269684.957,1274088.259,214567.9089,70.71313364,85013.08163,9.043478261,10,660.0580902,191.4043579,10,13.92050691,10,10,10,6.666666667,2
551563.437,5269684.957,1274908.435,214544.8731,64.56142365,81796.18367,9.050955414,10,1878.511017,191.4043579,10,18.47990815,10,10,10,6.666666667,2
551813.437,5269684.957,1275728.609,214521.8375,59.44495413,80498.10204,9.050632911,10,3308.451194,191.4043579,10,22.64678899,10,10,10,6.666666667,2
549813.437,5269434.957,1269144.166,213885.9537,80.81946403,90175,8.893129771,10,375.6327136,189.9752502,10,0.05,10,10,10,8,3
550063.437,5269434.957,1269964.343,213862.9162,85.51732378,90924.91304,9,10,311.9949951,189.9752502,10,0.13739546,10,10,10,8,3
550313.437,5269434.957,1270784.519,213839.8791,88.26376147,91071,9,10,311.9949951,285.3579102,10,0.150229358,10,10,10,8,3
550563.437,5269434.957,1271604.696,213816.8422,88.40940367,90823.20408,9,10,311.9949951,285.3579102,10,0.122706422,10,10,10,8,3
550813.437,5269434.957,1272424.872,213793.8057,88.35517241,89584.22449,9,10,311.9949951,285.3579102,10,0.088505747,10,10,10,8,3
551063.437,5269434.957,1273245.048,213770.7695,84.33027523,87011.04082,9,10,311.9949951,238.381134,10,4.100917431,10,10,10,7,2
551313.437,5269434.957,1274065.224,213747.7335,70.86643836,84166.67347,9.056603774,10,644.9586776,191.4043579,10,13.30136986,10,10,10,7,2
551563.437,5269434.957,1274885.399,213724.6979,63.74197248,80577.2449,9.253164557,10,2021.161421,191.4043579,10,18.94495413,10,10,10,6.666666667,3
551813.437,5269434.957,1275705.574,213701.6626,60.14089347,76443.77551,9.434782609,10,3297.191685,1349.993073,10,22.30584192,10,10,10,6.666666667,3
549813.437,5269184.957,1269121.128,213065.7765,76.72834646,90194.47826,8.865248227,10,376.4485818,189.9752502,10,0.031788079,10,10,10,8,3
550063.437,5269184.957,1269941.306,213042.7393,85.51233843,90928.02128,9,10,311.9949951,189.9752502,10,0.028202115,10,10,10,8,3
550313.437,5269184.957,1270761.483,213019.7024,88.83811711,91071,9,10,311.9949951,285.3579102,10,0.027554535,10,10,10,8,3
550563.437,5269184.957,1271581.659,212996.6658,88.59106529,90823.20408,9,10,311.9949951,285.3579102,10,0.041237113,10,10,10,8,3
550813.437,5269184.957,1272401.836,212973.6295,88.36655212,89188.30612,9,10,311.9949951,285.3579102,10,0.243986254,10,10,10,8,3
551063.437,5269184.957,1273222.012,212950.5935,83.15331808,86265.97959,9,10,311.9949951,191.4043579,10,4.870709382,10,10,10,7,2
551313.437,5269184.957,1274042.188,212927.5578,70.89643268,83320.26531,9.031446541,10,506.6506864,191.4043579,10,13.99539701,10,10,10,6.666666667,3
551563.437,5269184.957,1274862.364,212904.5225,61.80963303,79063.73469,9.283018868,10,1721.40076,191.4043579,10,21.63188073,10,10,10,6.666666667,3
551813.437,5269184.957,1275682.539,212881.4874,59.45057471,74953.65306,9.5875,10,3285.36068,191.4043579,10,22.98275862,10,10,10,6.666666667,3
549813.437,5268934.957,1269098.091,212245.599,79.45098039,90213.12766,8.858108108,10,381.9964855,197.4211884,10,0.119753086,10,10,10,8,3
550063.437,5268934.957,1269918.269,212222.562,86.58150289,90931,9,10,311.9949951,204.8671265,10,0.086705202,10,10,10,8,3
550313.437,5268934.957,1270738.446,212199.5254,89.09736541,91071,9,10,311.9949951,270.3535461,10,0.027491409,10,10,10,8,3
550563.437,5268934.957,1271558.623,212176.489,88.87141217,90823.20408,9,10,311.9949951,270.3535461,10,0.114810563,10,10,10,8,3
550813.437,5268934.957,1272378.8,212153.453,88.32951945,88396.46939,9,10,311.9949951,270.3535461,10,0.389016018,10,10,10,8,3
551063.437,5268934.957,1273198.976,212130.4172,82.63688431,85078.22449,9,10,311.9949951,226.626503,10,5.746849943,10,10,10,6.666666667,3
551313.437,5268934.957,1274019.153,212107.3818,67.6590389,81759.97959,9.0125,10,376.8802255,159.3901978,10,17.1395881,10,10,10,6.666666667,3
551563.437,5268934.957,1274839.329,212084.3467,58.72966781,77550.22449,9.210191083,10,1408.737604,159.3901978,10,24.069874,10,10,10,6.666666667,3
551813.437,5268934.957,1275659.504,212061.3119,55.71100917,73416.7551,9.427672956,10,2754.863593,159.3901978,10,24.50917431,10,10,10,6.666666667,3
549813.437,5268684.957,1269075.054,211425.4212,82.30081301,90356.10638,8.871794872,10,381.9964855,204.8671265,10,0.147674419,10,10,10,8,3
550063.437,5268684.957,1269895.232,211402.3845,88.86254296,90933.85714,9,10,311.9949951,204.8671265,10,0.152348225,10,10,10,8,3
550313.437,5268684.957,1270715.41,211379.3481,89.28947368,91071,9,10,311.9949951,270.3535461,10,0.108695652,10,10,10,8,3
550563.437,5268684.957,1271535.587,211356.312,88.80597015,90427.28571,9,10,311.9949951,270.3535461,10,0.137772675,10,10,10,8,3
550813.437,5268684.957,1272355.764,211333.2762,88.28751432,88000.55102,9,10,311.9949951,270.3535461,10,0.600229095,10,10,10,8,3
551063.437,5268684.957,1273175.941,211310.2407,82.34059633,84286.38776,9,10,311.9949951,214.8718719,10,6.155963303,10,10,10,7,4
551313.437,5268684.957,1273996.117,211287.2055,64.66819222,80572.22449,9,10,331.8074203,159.3901978,10,20.06750572,10,10,10,6.666666667,3
551563.437,5268684.957,1274816.294,211264.1706,55.09770115,76672.59184,9.106918239,10,989.7164056,159.3901978,10,26.46781609,10,10,10,6.666666667,3
551813.437,5268684.957,1275636.47,211241.1361,51.11724138,72562.5102,9.238993711,10,2097.390071,159.3901978,10,25.82183908,10,10,10,6.666666667,3
549813.437,5268434.957,1269052.017,210605.2431,84.41561424,90632.73913,8.899371069,10,362.9051699,204.8671265,10,0.190585534,10,10,10,8,3
550063.437,5268434.957,1269872.195,210582.2066,89.74684994,90933.85714,9,10,311.9949951,204.8671265,10,0.144329897,10,10,10,8,3
550313.437,5268434.957,1270692.373,210559.1704,88.82778416,91071,9,10,311.9949951,270.3535461,10,0.160734788,10,10,10,8,3
550563.437,5268434.957,1271512.551,210536.1346,88.09195402,90427.28571,9,10,311.9949951,270.3535461,10,0.240229885,10,10,10,8,3
550813.437,5268434.957,1272332.728,210513.099,87.43793103,87604.63265,9,10,311.9949951,270.3535461,10,0.418390805,10,10,10,8,3
551063.437,5268434.957,1273152.906,210490.0638,78.86321839,84200.59184,9,10,311.9949951,214.8718719,10,8.442528736,10,10,10,7,4
551313.437,5268434.957,1273973.083,210467.0289,64.31113662,80858.87755,9,10,395.4157329,159.3901978,10,19.99311137,10,10,10,7,4
551563.437,5268434.957,1274793.259,210443.9942,53.90574713,77207.04082,9.01875,10,774.8362363,159.3901978,10,25.58735632,10,10,10,6.666666667,3
551813.437,5268434.957,1275613.436,210420.9599,49.17316514,73096.95918,9.075949367,10,1583.034116,159.3901978,10,24.41169725,10,10,10,7,4
549563.437,5268184.957,1268208.802,209808.1013,74.89248705,89498.6,8.773049645,10,483.9843027,204.8671265,10,0.25,10,10,10,8,3
549813.437,5268184.957,1269028.981,209785.0647,83.48564868,90838.82222,8.950310559,10,337.7764298,155.0653343,10,0.168771527,10,10,10,8,3
550063.437,5268184.957,1269849.159,209762.0285,89.35820896,91071,9,10,311.9949951,155.0653343,10,0.125143513,10,10,10,8,3
550313.437,5268184.957,1270669.337,209738.9925,88.2589183,91071,9,10,311.9949951,174.4177189,10,0.123130035,10,10,10,8,3
550563.437,5268184.957,1271489.515,209715.9569,87.42479908,90427.28571,9,10,311.9949951,193.7701035,10,0.299655568,10,10,10,8,3
550813.437,5268184.957,1272309.693,209692.9216,86.79037801,87977.08163,9,10,311.9949951,193.7701035,10,0.696449026,10,10,10,8,3
551063.437,5268184.957,1273129.871,209669.8866,77.46206897,85279.08163,9,10,311.9949951,230.2486305,10,9.344827586,10,10,10,7.333333333,3
551313.437,5268184.957,1273950.048,209646.8519,64.89220183,82247.4898,9,10,452.4375031,266.7271576,10,18.88646789,10,10,10,7.333333333,3
551563.437,5268184.957,1274770.225,209623.8175,55.85616438,78199.73469,9,10,873.765027,266.7271576,10,23.08219178,10,10,10,7.333333333,3
551813.437,5268184.957,1275590.402,209600.7835,48.95527523,74853.38776,9,10,1342.241107,374.0641174,10,20.84633028,10,10,10,7.333333333,3
549563.437,5267934.957,1268185.766,208987.9223,68.79166667,88680.08108,8.8828125,10,465.2152397,105.2635422,10,0.594827586,10,10,10,8,3
549813.437,5267934.957,1269005.945,208964.886,80.33526012,89169.97674,8.974522293,10,318.2792198,105.2635422,10,0.475144509,10,10,10,8,3
550063.437,5267934.957,1269826.123,208941.85,88.48450057,89508,9,10,311.9949951,105.2635422,10,0.164179104,10,10,10,8,3
550313.437,5267934.957,1270646.302,208918.8143,87.956621,90274.91837,9,10,311.9949951,117.1866608,10,0.210045662,10,10,10,8,3
550563.437,5267934.957,1271466.48,208895.7789,87.44776119,89693.53061,9,10,311.9949951,117.1866608,10,0.241102181,10,10,10,8,3
550813.437,5267934.957,1272286.658,208872.7438,86.32224771,88745.44898,9,10,311.9949951,117.1866608,10,1.298165138,10,10,10,8,3
551063.437,5267934.957,1273106.836,208849.7091,77.41762014,86357.57143,9,10,311.9949951,245.6253891,10,9.57208238,10,10,10,7.333333333,3
551313.437,5267934.957,1273927.014,208826.6746,65.92105263,83969.69388,9,10,499.6916552,374.0641174,10,17.83638444,10,10,10,7.333333333,3
551563.437,5267934.957,1274747.191,208803.6405,58.00689655,80690.30612,9,10,901.6981013,374.0641174,10,21.77126437,10,10,10,7.333333333,3
551813.437,5267934.957,1275567.368,208780.6067,52.55568312,77401.65306,9,10,1502.177113,374.0641174,10,18.18599311,10,10,10,7.333333333,3
549813.437,5267684.957,1268982.908,208144.7069,78.99157641,85435.4878,8.973684211,10,333.7914319,105.2635422,10,1.058965102,10,10,10,8,3
550063.437,5267684.957,1269803.088,208121.6712,87.56422018,85324.95745,9,10,311.9949951,105.2635422,10,0.423165138,10,10,10,8,3
550313.437,5267684.957,1270623.266,208098.6357,87.89195402,86294.5102,9,10,311.9949951,111.2251015,10,0.183908046,10,10,10,8,3
550563.437,5267684.957,1271443.445,208075.6006,87.87126437,88073.65306,9,10,311.9949951,117.1866608,10,0.273563218,10,10,10,8,3
550813.437,5267684.957,1272263.623,208052.5657,85.89667049,87769.28571,9,10,311.9949951,117.1866608,10,2.377726751,10,10,10,8,3
551063.437,5267684.957,1273083.801,208029.5312,76.72342857,86883.53061,9,10,311.9949951,245.6253891,10,9.190857143,10,10,10,7.333333333,3
551313.437,5267684.957,1273903.979,208006.497,64.51546392,86150.14286,9,10,525.975262,374.0641174,10,15.87857961,10,10,10,7.333333333,3
551563.437,5267684.957,1274724.157,207983.4632,57.45194508,83572.16327,9,10,1117.36045,374.0641174,10,19.51601831,10,10,10,7.333333333,3
551813.437,5267684.957,1275544.334,207960.4296,55.74799542,81133.04082,9,10,1700.814748,374.0641174,10,16.7812142,10,10,10,7.333333333,3
551063.437,5267434.957,1273060.767,207209.3531,75.32302406,85173.61224,9,10,311.9949951,274.1645241,10,8.690721649,10,10,10,7.333333333,3
551313.437,5267434.957,1273880.945,207186.3191,65.3440367,85789.97959,9,10,678.2784688,374.0641174,10,14.53899083,10,10,10,7.333333333,3
551563.437,5267434.957,1274701.123,207163.2855,57.13761468,85662.57143,9,10,1323.397771,335.9083405,10,18.29587156,10,10,10,7.333333333,3
551813.437,5267434.957,1275521.301,207140.2522,54.31149425,84473.14286,9,10,1957.762801,374.0641174,10,15.92988506,10,10,10,7.333333333,3
551563.437,5267184.957,1274678.09,206343.1076,57.89793578,85240.08163,9,10,1422.766571,297.7525635,10,17.47133028,10,10,10,8,2
551813.437,5267184.957,1275498.268,206320.0745,52.43513203,85252.16327,9,10,2176.643285,297.7525635,10,17.70378875,10,10,10,8,2
551813.437,5266934.957,1275475.235,205499.8965,57.72540046,84767.34694,9,10,2301.396679,297.7525635,10,17.91762014,10,10,10,8,2
552063.437,5270684.957,1276640.926,217779.4978,60.59428571,89361.69388,8,10,4112.422852,1464.405151,10,20.10742857,10,10,9.5,6,4
552313.437,5270684.957,1277461.1,217756.4619,61.15092166,95717.95918,8.100628931,9.937106918,4067.812584,1686.970398,9.987421384,17.78341014,10,10,9.333333333,6,5
552813.437,5270684.957,1279101.445,217710.3909,59.71609195,110875.4583,9.196202532,9.341772152,3604.114382,1422.755981,9.892405063,17.64252874,10,10,9.5,6,4
553063.437,5270684.957,1279921.617,217687.3559,56.96453089,117090.6744,9.729559748,9.075471698,3319.450446,1422.755981,9.880503145,22.39702517,10,10,9,6,6
552063.437,5270434.957,1276617.89,216959.3244,61.70366133,89512,8.006289308,10,4112.422852,1464.405151,10,19.71052632,10,10,9.666666667,6,3
552313.437,5270434.957,1277438.064,216936.2887,62.69257143,95586.63265,8.164556962,9.917721519,4010.22291,1464.405151,10,17.88114286,10,10,9.75,6,3.5
552563.437,5270434.957,1278258.237,216913.2533,65.35011442,103515.6939,8.696202532,9.651898734,3658.419265,1464.405151,10,13.99427918,10,10,9.666666667,6,4.333333333
552813.437,5270434.957,1279078.41,216890.2183,65.00688073,110429.5417,9.316455696,9.341772152,3265.71574,1422.755981,10,14.59977064,10,10,9.5,6,4
553063.437,5270434.957,1279898.583,216867.1835,57.82703322,118003.0455,9.898734177,9.050632911,2882.829803,1422.755981,10,21.30469645,10,10,9,6,6
553313.437,5270434.957,1280718.755,216844.149,51.74252874,124803.7895,10,9,2800.856934,1422.755981,10,29.30114943,10,10,9,6,6
553563.437,5270434.957,1281538.927,216821.1149,47.40194884,127750.0645,9.993377483,9,2866.412061,1021.914429,9.993377483,33.95940959,10,10,9,6,6
552063.437,5270184.957,1276594.855,216139.1507,61.40183697,88459.04082,8.0375,10,4017.412155,1464.405151,10,20.94489093,10,10,9.75,6,3.5
552313.437,5270184.957,1277415.029,216116.1153,63.6430206,93520.55102,8.173913043,9.925465839,4028.348113,1464.405151,10,18.97597254,10,10,9.75,6,3.5
552563.437,5270184.957,1278235.202,216093.0801,68.88059701,101144.5918,8.660377358,9.685534591,3697.370346,1464.405151,10,15.84730195,10,10,9.75,6,3.5
552813.437,5270184.957,1279055.375,216070.0453,68.41149425,107985.1667,9.226415094,9.396226415,3335.837769,1422.755981,10,15.69310345,10,10,9.75,6,3.5
553063.437,5270184.957,1279875.548,216047.0108,63.64022989,116043.6889,9.823899371,9.088050314,2938.916504,1422.755981,10,21.11034483,10,10,9.666666667,6,4.333333333
553313.437,5270184.957,1280695.721,216023.9766,53.74200913,122339.2308,10,9,2800.856934,1422.755981,10,30.2956621,10,10,9,6,6
553563.437,5270184.957,1281515.893,216000.9427,45,128392.5,10,9,2800.856934,621.072876,10,36.62929936,10,10,9,6,6
552313.437,5269934.957,1277391.993,215295.9415,63.88735632,90382.79592,8.51875,9.96875,4280.575702,1986.493469,10,19.90114943,10,10,9.75,6,3.5
552563.437,5269934.957,1278212.167,215272.9066,67.55287356,98402.7551,8.85,9.7625,3725.403248,1732.872253,10,17.1908046,10,10,9.75,6,3.5
552813.437,5269934.957,1279032.341,215249.872,67.6727899,105625.3469,9.265822785,9.481012658,3171.130263,1732.872253,10,16.6326062,10,10,9.75,6,3.5
553063.437,5269934.957,1279852.514,215226.8378,66.79243119,111920.413,9.719745223,9.184713376,2881.627639,1479.251038,10,20.47821101,10,10,9.666666667,6,4.333333333
553313.437,5269934.957,1280672.687,215203.8038,57.84677419,117440.075,9.98136646,9.01242236,2800.856934,1479.251038,10,28.99078341,10,10,9,6,6
553563.437,5269934.957,1281492.86,215180.7702,44.06467662,123002.7941,10,9,2800.856934,1249.659485,10,37.9321608,10,10,9,6,6
553813.437,5269934.957,1282313.032,215157.7368,39.07855974,126502.3462,10,9,2800.856934,1020.067932,10,41.53666667,10,10,9,6,6
552313.437,5269684.957,1277368.958,214475.7674,63.16399083,86453.20408,9.00621118,10,4479.264739,2508.581787,10,20.2809633,10,10,9.75,6,3.5
552563.437,5269684.957,1278189.133,214452.7328,65.87628866,93522.53061,9.108280255,9.878980892,3796.111712,2508.581787,10,19.52691867,10,10,9.75,6,3.5
552813.437,5269684.957,1279009.306,214429.6984,66.92413793,99817.87755,9.329113924,9.613924051,3189.291225,1535.746094,10,18.44942529,10,10,9.75,6,3.5
553063.437,5269684.957,1279829.48,214406.6644,66.99084668,105238.0426,9.6125,9.33125,2690.32763,1535.746094,10,21.04118993,10,10,9.5,6,5.5
553313.437,5269684.957,1280649.653,214383.6307,63.39862543,108507.6429,9.90625,9.0875,2736.555529,1535.746094,10,25.72164948,10,10,9.5,6,5.5
553563.437,5269684.957,1281469.826,214360.5974,51.18096357,112401.25,10,9,2800.856934,1477.404541,10,35.52843602,10,10,9,6,6
553813.437,5269684.957,1282289.999,214337.5643,43.94336811,117418.3214,10,9,2800.856934,1419.062988,10,39.80060423,10,10,9,6,6
552563.437,5269434.957,1278166.098,213632.5586,62.11954023,86923.22449,9.358490566,9.974842767,3865.333684,2508.581787,10,21.71149425,10,10,9.666666667,6,4
552813.437,5269434.957,1278986.272,213609.5246,65.07657143,92267.93878,9.427672956,9.729559748,3053.53011,1535.746094,10,19.744,10,10,9,6,3.25
552563.437,5269184.957,1278143.064,212812.3842,59.90160183,80323.91837,9.563291139,10,3813.275168,2508.581787,10,22.54691076,10,10,9,6,3.25
552813.437,5269184.957,1278963.239,212789.3504,60.81786942,84718,9.430379747,9.829113924,2937.181798,1535.746094,10,21.12371134,10,10,9,6,3.25
552563.437,5268934.957,1278120.03,211992.2094,49.21624714,72354.67347,9.427672956,10,3360.590679,1132.325562,10,24.41762014,10,10,9,6,3.25
552813.437,5268934.957,1278940.205,211969.1759,51.23793103,76819.89796,9.284810127,9.835443038,2749.303121,2254.54541,10,25.09655172,10,10,9,6,3.25
552563.437,5268684.957,1278096.997,211172.0343,39.32491389,67066.06122,9.248447205,10,2845.003729,1132.325562,10,22.95637199,10,10,9,6,3.25
552813.437,5268684.957,1278917.172,211149.001,38.69195402,70999.95918,9.06918239,9.79245283,2451.870547,1693.435486,10,27.40114943,10,10,8.666666667,6,4
549063.437,5278934.957,1267559.269,245121.6101,56.12543153,108022.3673,9.188679245,6,5006.389035,2186.38826,7.421383648,24.67779056,10,10,7.6,6.4,4.4
549063.437,5278684.957,1267536.222,244301.4431,68.33716916,104261.3673,8.83125,6,6020.64586,3324.345459,7.7,16.64672037,10,10,7.5,6.75,2.5
549313.437,5278684.957,1268356.389,244278.3959,68.48173516,106397.3878,8.53164557,6,5725.435638,3010.933838,7.335443038,17.043379,10,10,7.5,6.75,2.5
549063.437,5278434.957,1267513.175,243481.2758,69.63646789,100586.2292,8.75625,6,6256.684222,3324.345459,7.75625,16.05963303,10,10,7.5,6.75,2.5
549313.437,5278434.957,1268333.342,243458.2289,72.23705409,102406.0612,8.41509434,6,5884.364848,3010.933838,7.41509434,14.90333717,10,10,7.5,6.75,2.5
547063.437,5276934.957,1260813.537,238744.6403,65.91666667,95169.93878,7.03125,6.88125,2815.166574,1115.973145,9.5375,15.97716895,10,10,4.333333333,7,2
546313.437,5276684.957,1258329.975,237993.6133,60.78275862,95566.91837,6.316770186,6.894409938,1763.27433,2547.677246,9.894409938,19.54827586,10,10,4,7,5
546563.437,5276684.957,1259150.146,237970.565,58.37457045,88617.55102,6,7,1808.348999,2547.677246,10,14.81099656,10,10,4,7,3
546813.437,5276684.957,1259970.318,237947.517,62.07233065,89501.67347,6.204968944,7,1958.252196,1115.973145,9.931677019,11.80597015,10,10,4,7,3
547063.437,5276684.957,1260790.489,237924.4693,61.86306099,93499.83673,6.96835443,7.018987342,2587.845622,1115.973145,9.683544304,15.52013809,10,10,4.333333333,7,2
547313.437,5276684.957,1261610.66,237901.4218,58.40183697,98799.38776,8,7.037735849,3318.724364,1115.973145,9.34591195,23.31343284,10,10,4.333333333,7,2
546313.437,5276434.957,1258306.926,237173.4413,63.1,93612.73469,6.2625,6.9375,1798.61151,2018.35614,9.91875,16.8183908,9.98125,10,4,7,5
546563.437,5276434.957,1259127.098,237150.3933,59.80689655,87867.57143,6,7,1808.348999,1421.357666,10,11.93218391,10,10,4,7,3
546813.437,5276434.957,1259947.27,237127.3455,65.17356322,87407.36735,6.13125,7,1926.753549,1115.973145,9.95625,8.603448276,10,10,4.333333333,7,2
547063.437,5276434.957,1260767.442,237104.298,64.56601607,92609.73469,6.875,7.05,2517.191452,824.3591919,9.725,13.10562572,10,10,4.333333333,7,2
547313.437,5276434.957,1261587.613,237081.2508,61.50171821,98631.59184,7.85625,7.13125,3328.090733,824.3591919,9.425,20.8465063,10,10,4.333333333,7,2
546563.437,5276184.957,1259104.05,236330.2212,67.23482245,89639.72917,6,7,1808.348999,1489.035034,10,9.642611684,10,10,4,7,5
546813.437,5276184.957,1259924.222,236307.1737,69.63605052,88254.28571,6.018987342,7,1866.811246,532.7452393,9.993670886,6.738231917,10,10,4.333333333,7,2
547063.437,5276184.957,1260744.394,236284.1264,68.07665904,93221.93878,6.714285714,7.099378882,2438.56186,532.7452393,9.795031056,11.81578947,10,10,4.333333333,7,2
547313.437,5276184.957,1261564.566,236261.0794,64.35853379,100368.4898,7.777070064,7.267515924,3349.110217,532.7452393,9.496815287,20.58762887,10,10,4.333333333,7,2
547563.437,5276184.957,1262384.737,236238.0327,65.31766055,106054.6327,8.8375,7.4375,4327.503662,2706.858398,9.2,25.58830275,10,10,5,7,1.75
546563.437,5275934.957,1259081.003,235510.0489,74.75486827,90787.61702,6,7,1808.348999,1489.035034,10,7.575028637,10,10,4,7,5
546813.437,5275934.957,1259901.175,235487.0016,77.69690011,88215.44681,6,7,1808.348999,532.7452393,10,4.727898967,10,10,4.5,7,2.5
547063.437,5275934.957,1260721.347,235463.9546,71.40778923,92371.75,6.550632911,7.132911392,2311.766838,532.7452393,9.860759494,12.03207331,10,10,4.5,7,2.5
547313.437,5275934.957,1261541.519,235440.9078,66.73187572,98483.20408,7.666666667,7.364779874,3438.366628,532.7452393,9.566037736,21.01265823,10,10,4.5,7,2.5
547563.437,5275934.957,1262361.691,235417.8613,62.7583047,103978.9388,8.829113924,7.626582278,4431.967137,1619.801819,9.265822785,27.79610538,10,10,5.25,7,1.75
546563.437,5275684.957,1259057.956,234689.8764,73.2087156,92013.5122,6.025477707,7,1815.946674,1489.035034,9.993630573,5.533256881,9.993630573,10,5,7,4
546813.437,5275684.957,1259878.128,234666.8293,77.75945017,87492.62791,6,7,1808.348999,532.7452393,10,4.358533792,10,10,4.5,7,2.5
547063.437,5275684.957,1260698.3,234643.7825,72.4282434,91869.06522,6.379746835,7.094936709,2168.069399,532.7452393,9.905063291,12.51320321,10,10,4.5,7,2.5
547313.437,5275684.957,1261518.473,234620.7359,65.72146119,97142.82609,7.383647799,7.34591195,3242.026686,532.7452393,9.65408805,21.55479452,10,10,4.666666667,7,2
547563.437,5275684.957,1262338.645,234597.6897,57.99425947,101111.4375,8.608695652,7.652173913,4428.518564,2706.858398,9.347826087,30.82319173,10,10,5.25,7,1.75
546563.437,5275434.957,1259034.908,233869.7035,67.58417085,89476.77143,6,7,1808.348999,84.19021606,10,4.502512563,10,10,5,7,4
546813.437,5275434.957,1259855.081,233846.6566,73.95454545,86394.97297,6,7,1808.348999,98.18247223,10,3.280885781,10,10,4.666666667,7,2
547063.437,5275434.957,1260675.254,233823.6101,69.1146789,89286.65,6.248447205,7.062111801,2031.522471,98.18247223,9.937888199,11.92087156,10,10,4.666666667,7,2
547313.437,5275434.957,1261495.426,233800.5637,63.04147465,92363.86047,7.063291139,7.265822785,3006.046634,98.18247223,9.734177215,21.48156682,10,10,4.666666667,7,2
547563.437,5275434.957,1262315.599,233777.5177,55.7410817,96958.18182,8.343949045,7.585987261,4040.083723,4232.359375,9.414012739,31.09090909,10,10,5.2,7,1.6
547813.437,5275434.957,1263135.771,233754.472,55.29506315,100876,9.358024691,7.864197531,5158.627156,4232.359375,9.104938272,33.4902411,10,10,5.4,7,1.6
546313.437,5275184.957,1258191.688,233072.5773,64.44444444,93583.32,6.06504065,7,1821.505949,84.19021606,9.983739837,1.934814815,9.983739837,10,5,7,4
546563.437,5275184.957,1259011.861,233049.5304,64.44444444,83182.77778,6.06504065,7,1821.505949,84.19021606,9.983739837,1.934814815,9.983739837,10,5,7,4
546813.437,5275184.957,1259832.035,233026.4837,69.46459627,82730.36667,6,7,1808.348999,98.18247223,10,1.009937888,10,10,5,7,2.5
547063.437,5275184.957,1260652.208,233003.4374,66.81954023,86317.41176,6.025157233,7.044025157,1869.372995,98.18247223,9.981132075,9.110344828,10,10,4.666666667,7,2
547313.437,5275184.957,1261472.38,232980.3913,63.26927503,89694.05263,6.734177215,7.335443038,2736.723,98.18247223,9.765822785,18.19792865,10,10,4.75,7,1.75
547563.437,5275184.957,1262292.553,232957.3455,59.67276888,92820.075,7.7,7.65,3768.83309,2165.270924,9.5,26.5617849,10,10,4.75,7,1.75
547813.437,5275184.957,1263112.725,232934.3,53.89195402,95141.11628,8.75,7.95625,4999.94232,4232.359375,9.24375,32.36551724,10,10,5.333333333,7,1.5
548063.437,5275184.957,1263932.897,232911.2547,57.38831615,97824.04255,9.622641509,8.232704403,6317.987178,4232.359375,9.012578616,30.28407789,10,10,5.571428571,7,1.428571429
546563.437,5274934.957,1258988.815,232229.357,54.59307359,79458.45,6,7,1808.348999,84.19021606,10,0.406926407,10,10,5,7,4
547313.437,5274934.957,1261449.334,232160.2186,64.19137466,86343.35484,6.289855072,7.355072464,2537.178754,98.18247223,9.833333333,13.70889488,10,10,4.75,7,1.75
547563.437,5274934.957,1262269.507,232137.173,62.01122195,88046.28571,7.088435374,7.666666667,3289.8577,4232.359375,9.598639456,21.7967581,10,10,4.75,7,1.75
547813.437,5274934.957,1263089.68,232114.1277,59.56466513,90231.31579,7.987421384,8.125786164,4962.173961,4232.359375,9.34591195,25.42032333,10,10,5.333333333,7,1.5
548063.437,5274934.957,1263909.852,232091.0827,60.49426606,91750.54762,8.842767296,8.566037736,6554.466318,4232.359375,9.13836478,25.95298165,10,10,5.333333333,7,1.5
547563.437,5274684.957,1262246.462,231317.0002,64.2752,84233.78571,6.456140351,7.780701754,3019.364966,2184.074577,9.666666667,17.24,10,10,4.75,7,1.75
547813.437,5274684.957,1263066.635,231293.9551,63.49275362,84043.54545,7.304347826,8.326086957,4679.617003,2221.681885,9.391304348,18.83530962,10,10,5.2,7,1.6
548063.437,5274684.957,1263886.807,231270.9104,66.20344828,85769.57895,7.85,8.675,5928.942758,2221.681885,9.2375,17.92183908,10,10,5.333333333,7,1.5
549563.437,5273684.957,1268715.668,227851.9611,84.69336384,92722.22727,4.025157233,10,9990.712428,9072.347656,8.968553459,3.742562929,10,10,9,7,1
549813.437,5273684.957,1269535.84,227828.9193,84.59610984,89305.29787,4.088050314,10,8792.966442,9072.347656,8.72327044,3.400457666,10,10,9.090909091,7,1.181818182
549813.437,5273434.957,1269512.798,227008.7472,85.24799082,87501.31818,5.081761006,10,10164.50849,9072.347656,8.823899371,3.075774971,10,10,9.428571429,7,1.285714286
549813.437,5273184.957,1269489.757,226188.5748,86.05848624,86268.225,6.345679012,10,10099.59147,9072.347656,8.932098765,1.980504587,10,10,9.333333333,7,1
550063.437,5273184.957,1270309.93,226165.5338,85.45632184,80433.95556,6.835443038,10,9787.620441,8802.510742,8.860759494,1.611494253,10,10,9.428571429,7,1.285714286
549813.437,5272934.957,1269466.716,225368.4022,85.04074074,81210.54054,7.365517241,10,9377.673291,9072.347656,8.993103448,1.492592593,10,10,9.2,7,1
550063.437,5272934.957,1270286.889,225345.3613,84.6353211,76425.47619,7.778481013,10,9101.810584,8802.510742,8.96835443,2.219036697,10,10,9.8,7,2.6
550313.437,5272934.957,1271107.061,225322.3208,83.01145475,74152.17391,8.4,10,9885.452062,8532.673828,8.975,3.774341352,10,10,9.8,7,2.6
549813.437,5273934.957,1269558.882,228649.0911,85.24252874,90992.40816,4,10,8297.116866,9072.347656,8.687898089,2.688505747,10,10,9.444444444,7,1.222222222
550063.437,5273684.957,1270356.012,227805.8777,84.9343318,84008.55102,4.422360248,10,8062.229761,8802.510742,8.48447205,3.01843318,10,10,9.888888889,7,1.222222222
550063.437,5273434.957,1270332.971,226985.7059,86.13203215,82658.95833,5.627329193,10,9243.465692,8802.510742,8.683229814,1.769230769,10,10,9.571428571,7,1.285714286
550313.437,5273434.957,1271153.142,226962.6649,85.19655172,78893.79592,6.352201258,10,9549.902037,8532.673828,8.610062893,2.61954023,10,10,10,6.857142857,1.285714286
550313.437,5273184.957,1271130.102,226142.493,83.77956372,77205.18367,7.588607595,10,10199.45245,8532.673828,8.835443038,3.746268657,10,10,10,6.833333333,2.333333333
550563.437,5272934.957,1271927.233,225299.2805,81.87816092,69968.18367,8.702531646,10,11653.77065,8532.673828,9,6.163218391,10,10,9.833333333,6.666666667,2.666666667
549063.437,5274434.957,1267144.452,230358.5624,79.33180253,94310.30612,6.025316456,9.64556962,7054.453826,4947.241699,8.898734177,7.838117107,10,10,7.714285714,7,1
549313.437,5274184.957,1267941.581,229515.3475,82.36059908,95545.14583,4.56875,10,7641.290039,6056.396484,9,5.440092166,10,10,8.571428571,7,1
549563.437,5273934.957,1268738.71,228672.1332,84.05402299,93590.02128,4.055900621,10,8621.60223,7564.37207,8.931677019,3.95862069,10,10,8.714285714,7,1
549563.437,5286684.957,1269914.176,270500.5553,60.52009185,83853.32653,8.050314465,4,2490.338873,1276.265259,3.213836478,24.78989667,5,10,9,6,1.75
549813.437,5286684.957,1270734.335,270477.5009,51.86321839,87580.85714,8.5875,4,2352.854608,1445.378662,3,32.9908046,5,10,10,6,2
550063.437,5286684.957,1271554.494,270454.4467,48.12858783,89498.91837,8.6,4,2359.378643,1445.378662,3,33.94489093,5,10,10,6,2
550313.437,5286684.957,1272374.652,270431.3928,47.82723112,88911.4898,8.603773585,4,2350.845678,1445.378662,3,31.60526316,5,9.8,10,6,2.4
548813.437,5286434.957,1267430.643,269749.5601,54.83926521,67062.2449,5.474683544,4,4235.820819,1941.958862,4,24.20895522,5,10,8,6,1.75
549063.437,5286434.957,1268250.803,269726.5052,62.94393593,68633.63265,6.056603774,4,3880.044078,2069.133545,3.842767296,18.41533181,5.006289308,10,8,6,1.75
549313.437,5286434.957,1269070.963,269703.4506,64.75747126,73223.04082,7.037735849,4,3341.004909,1672.699402,3.572327044,17.56781609,5.044025157,10,8,6,1.75
549563.437,5286434.957,1269891.122,269680.3963,63.00915332,77504.63265,7.911949686,4,2807.169997,2069.133545,3.327044025,20.79061785,5.094339623,10,8.666666667,6,1
549813.437,5286434.957,1270711.281,269657.3421,53.57273769,81905.83673,8.740740741,4,2355.275483,1460.745605,3.12962963,29.06872852,5.12962963,10,10,6,1
550063.437,5286434.957,1271531.44,269634.2882,47.44902635,83909.5102,8.765822785,4,2365.14932,1460.745605,3.120253165,32.45475372,5.120253165,10,10,6,1
550313.437,5286434.957,1272351.598,269611.2345,46.72623139,83505.81633,8.82278481,4,2381.659041,1460.745605,3.069620253,31.53722795,5.069620253,9.75,10,6,1.25
550563.437,5286434.957,1273171.757,269588.181,47.24370709,81688.28571,8.813664596,4,2397.618865,89.77488709,3.01242236,28.85583524,4.950310559,9.75,10,6,1.25
548813.437,5286184.957,1267407.589,268929.4001,53.9266055,62766.85714,5,4,4928.234863,2642.829102,4,20.94036697,5,10,7.8,6,1.6
549063.437,5286184.957,1268227.749,268906.3455,61.22451317,64188.22449,5.582278481,4,4485.173042,2069.133545,3.892405063,13.98739977,5.050632911,10,7.8,6,1.6
549313.437,5286184.957,1269047.908,268883.2911,68.01372998,67901,6.658385093,4,3643.86156,2069.133545,3.720496894,14.0389016,5.180124224,10,7.8,6,1.6
549563.437,5286184.957,1269868.068,268860.237,66.39016018,72032.57143,7.775,4,2935.631665,2069.133545,3.55,17.05034325,5.325,10,8.666666667,6,1
549813.437,5286184.957,1270688.227,268837.1831,57.85402299,76283.7551,8.591194969,4,2286.977977,1460.745605,3.408805031,23.58505747,5.408805031,10,10,6,1
550063.437,5286184.957,1271508.386,268814.1294,50.84633028,78961.10204,8.627329193,4,2293.698924,1460.745605,3.372670807,27.73279817,5.372670807,10,10,6,1
550313.437,5286184.957,1272328.545,268791.076,47.92307692,77918.4898,8.710691824,4,2336.078073,1460.745605,3.289308176,29.43168772,5.289308176,9.75,10,6,1.25
550563.437,5286184.957,1273148.703,268768.0227,46.34249714,76284.69388,8.784810127,4,2371.555389,775.2602463,3.170886076,29.66437572,5.126582278,9.75,10,6,1.25
548813.437,5285934.957,1267384.534,268109.2399,55.67239404,60845.46939,5.245283019,4,4805.392649,2642.829102,4,18.79610538,5,10,7.25,6,1.75
549063.437,5285934.957,1268204.694,268086.1855,62.09425287,61443.14286,5.635220126,4,4341.378742,2069.133545,3.968553459,12.40229885,5.125786164,10,7.8,6,1.6
549313.437,5285934.957,1269024.854,268063.1314,68.25514874,63307.65306,6.53164557,4,3556.535784,2069.133545,3.873417722,11.24713959,5.310126582,10,7.8,6,1.6
549563.437,5285934.957,1269845.014,268040.0775,71.8510882,68112.89796,7.518987342,4,2752.528668,2069.133545,3.778481013,12.52119129,5.537974684,10,8.25,6,1
549813.437,5285934.957,1270665.173,268017.0239,62.03318078,72215.10204,8.196202532,4,2183.051209,1460.745605,3.746835443,18.86270023,5.727848101,10,10,6,1
550063.437,5285934.957,1271485.333,267993.9704,55.0264672,74017.89796,8.316455696,4,2206.381708,1460.745605,3.683544304,22.81472957,5.683544304,10,10,6,1
550313.437,5285934.957,1272305.492,267970.9172,51.34897025,73679.36735,8.427672956,4,2242.733256,1460.745605,3.572327044,26.80663616,5.572327044,9.75,10,6,1.25
550563.437,5285934.957,1273125.65,267947.8642,48.21814007,72749.65306,8.53164557,4,2296.858204,89.77488709,3.430379747,29.92192882,5.392405063,9.75,10,6,1.25
550813.437,5285934.957,1273945.809,267924.8114,39.98619102,71115.85714,8.47133758,4,2361.572159,89.77488709,3.229299363,28.64902186,4.929936306,9.75,10,6,1.25
548813.437,5285684.957,1267361.48,267289.0795,57.77586207,62025.73469,6.113207547,4,4281.265869,2165.928711,4,18.07241379,5,10,7.25,6,1.75
549063.437,5285684.957,1268181.64,267266.0254,64.00801833,60924.12245,6.264150943,4,3995.504733,1642.578491,4,12.82817869,5.13836478,10,7.25,6,1.75
549313.437,5285684.957,1269001.8,267242.9715,73.3673938,63514.20408,6.86163522,4,3266.894392,1642.578491,3.987421384,7.670493685,5.421383648,10,7.25,6,1.75
549563.437,5285684.957,1269821.96,267219.9178,76.68663594,65797.5102,7.509433962,4,2679.617955,1486.541443,3.962264151,8.038018433,5.710691824,10,7.666666667,6,1
549813.437,5285684.957,1270642.12,267196.8644,65.23825888,69024.12245,7.974842767,4,2100.333984,1486.541443,3.968553459,16.23367698,5.949685535,10,10,6,1
550063.437,5285684.957,1271462.279,267173.8112,54.80322209,69831.71429,8.044025157,4,2113.059711,1330.504395,3.955974843,23.69965478,5.955974843,10,10,6,1
550313.437,5285684.957,1272282.439,267150.7582,49.70952928,69321.67347,8.152866242,4,2154.780765,1330.504395,3.847133758,27.93340987,5.847133758,9.75,10,6,1.25
550563.437,5285684.957,1273102.598,267127.7055,47.86436782,69096.04082,8.285714286,4,2213.093926,1128.302059,3.670807453,30.63678161,5.627329193,9.75,10,6,1.25
550813.437,5285684.957,1273922.756,267104.653,41.73908046,68166.32653,8.259493671,4,2295.442139,926.0997238,3.436708861,31.27586207,5.132911392,9.75,10,6,1.25
548813.437,5285434.957,1267338.426,266468.9188,60.64252874,65580,7.03164557,4,3634.296875,2162.033203,4,15.7183908,5,10,7.25,6,1.75
549063.437,5285434.957,1268158.586,266445.8649,65.42594719,62779.10204,6.993670886,4,3491.93983,1216.023438,4,12.52353617,5.139240506,10,7.25,6,1.75
549313.437,5285434.957,1268978.747,266422.8113,74.49655172,63669.89796,7.347826087,4,3000.791658,1216.023438,4,7.383908046,5.416149068,10,7.666666667,6,1
549563.437,5285434.957,1269798.907,266399.7579,76.59310345,63430.22449,7.735849057,4,2454.325421,1216.023438,4,7.872413793,5.748427673,10,8.5,6,1
549813.437,5285434.957,1270619.067,266376.7047,64.25688073,64957.55102,8,4,2100.333984,1200.263184,4,15.8646789,5.974842767,10,10,6,1
550063.437,5285434.957,1271439.226,266353.6517,50.26091954,65283.87755,8,4,2100.333984,1200.263184,4,23.86436782,6,10,10,6,1
550313.437,5285434.957,1272259.386,266330.599,42.05625718,65477.91837,8,4,2100.333984,1200.263184,4,31.7761194,6,9.666666667,10,6,1.333333333
550563.437,5285434.957,1273079.545,266307.5465,44.72883295,65956.36735,8.0875,4,2154.458932,1481.343872,3.875,30.83295195,5.8375,9.75,10,6,1.25
550813.437,5285434.957,1273899.704,266284.4942,44.91013825,65730.73469,8.11875,4,2244.714939,1762.424561,3.6125,32.30875576,5.34375,9.75,10,6,1.25
548813.437,5285184.957,1267315.372,265648.7579,60.14022989,70250.65306,7.7375,4,3211.278687,1689.02832,4,18.3137931,5,10,8.5,6,1
549063.437,5285184.957,1268135.533,265625.7043,62.66130884,66865.61224,7.734177215,4,3049.142173,1216.023438,4,13.84959816,5.126582278,10,8.5,6,1
549313.437,5285184.957,1268955.693,265602.6509,68.67620137,65472.97959,7.83125,4,2676.912435,1216.023438,4,8.267734554,5.4125,10,8.5,6,1
549563.437,5285184.957,1269775.854,265579.5977,68.20804598,64047.95918,7.962264151,4,2347.620708,1216.023438,4,10.41034483,5.735849057,10,9,6,1
549813.437,5285184.957,1270596.014,265556.5448,57.62971429,62622.93878,8,4,2100.333984,1200.263184,4,18.17371429,5.968553459,10,10,6,1
550063.437,5285184.957,1271416.174,265533.4921,47.59106529,61644.30612,8,4,2100.333984,1200.263184,4,27.11798396,6,10,10,6,1
550313.437,5285184.957,1272236.333,265510.4396,38.57437071,62232.67347,8,4,2100.333984,1200.263184,4,35.49656751,6,9.666666667,10,6,1.333333333
550563.437,5285184.957,1273056.493,265487.3873,41.8465063,62281.7551,8,4,2116.623181,1481.343872,3.974683544,31.6231386,5.949367089,9.666666667,10,6,1.333333333
550813.437,5285184.957,1273876.652,265464.3353,48.02402746,62249.81633,8.01242236,4,2175.580084,1762.424561,3.813664596,31.06064073,5.639751553,9.666666667,10,6,1.333333333
549063.437,5284934.957,1268112.479,264805.5434,54.82683486,70660.67347,8,4,2862.238998,1216.023438,4,16.60779817,5.113207547,10,8.5,6,1
549313.437,5284934.957,1268932.64,264782.4903,60.60779817,67498.55102,8,4,2595.668238,1216.023438,4,11.68233945,5.405063291,10,8.5,6,1
549563.437,5284934.957,1269752.801,264759.4373,60.92448513,64304.04082,8,4,2322.082459,1216.023438,4,13.53318078,5.720496894,10,9,6,1
549813.437,5284934.957,1270572.961,264736.3846,54.55211913,62025.40816,8,4,2100.333984,1200.263184,4,20.7628866,5.9625,10,10,6,1
550063.437,5284934.957,1271393.121,264713.3322,45.95527523,59461.97959,8,4,2100.333984,923.8545532,4,27.5206422,6,10,10,6,1
550313.437,5284934.957,1272213.281,264690.2799,41.44151376,58797.28571,8,4,2100.333984,1200.263184,4,32.12958716,6,10,10,6,1
550563.437,5284934.957,1273033.441,264667.2279,43.99655172,59240.69388,8,4,2104.457832,1593.888092,4,29.24827586,6,9.75,10,6,1.25
550813.437,5284934.957,1273853.6,264644.1761,50.17296678,58779.38776,8,4,2134.181666,2263.921631,3.930379747,27.96678121,5.860759494,9.75,10,6,1.25
549313.437,5284684.957,1268909.587,263962.3294,51.7137931,68436.40816,8,4,2615.749357,609.7703247,4,16.07241379,5.402515723,10,8.5,6,1
549563.437,5284684.957,1269729.748,263939.2767,53.84439359,64348,8,4,2339.140033,609.7703247,4,14.48169336,5.702531646,10,9.25,6,1
549813.437,5284684.957,1270549.909,263916.2242,54.904,61427.87755,8,4,2112.16057,647.4459229,4,20.50857143,5.962264151,10,10,6,1
550063.437,5284684.957,1271370.069,263893.172,46.78923253,58435.08163,7.974683544,4.012658228,2100.333984,647.4459229,4,24.6884307,6.025316456,10,10,6,1
550313.437,5284684.957,1272190.229,263870.12,47.48390805,57341.02041,7.860759494,4.069620253,2167.716863,647.4459229,4,26.42988506,6.139240506,10,10,6,1
550563.437,5284684.957,1273010.389,263847.0683,50.11556064,56199.63265,7.811320755,4.094339623,2187.903296,1706.432312,4,27.00800915,6.188679245,10,10,6,1
549313.437,5284434.957,1268886.534,263142.1683,41.72737686,70075.04082,8.037735849,4.037735849,2606.067296,609.7703247,4.037735849,19.01718213,5.421383648,10,8.5,6,1
549563.437,5284434.957,1269706.696,263119.1158,43.37198622,65045.40816,8,4,2327.768317,609.7703247,4,16.97818599,5.702531646,10,9.25,6,1
549813.437,5284434.957,1270526.856,263096.0636,46.2589183,61184.06122,7.9625,4.01875,2144.681854,647.4459229,4,18.3452244,6,10,10,6,1
550063.437,5284434.957,1271347.017,263073.0116,45.22909507,58818.83673,7.763975155,4.118012422,2249.79642,647.4459229,4,22.86827033,6.236024845,10,10,6,1
550313.437,5284434.957,1272167.177,263049.9599,53.72957422,55694.61224,7.518987342,4.240506329,2432.928964,647.4459229,4,19.42807825,6.481012658,10,10,6,1
549313.437,5284184.957,1268863.482,262322.0069,41.12399541,71018.08163,8.089171975,4.089171975,2597.652981,609.7703247,4.089171975,19.91963261,5.47133758,10,9,6,1.666666667
549563.437,5284184.957,1269683.643,262298.9547,39.21354765,66784.81633,7.98757764,4.01242236,2345.424403,609.7703247,4.01242236,19.30769231,5.695652174,10,9.25,6,1.5
549813.437,5284184.957,1270503.804,262275.9028,42.52243959,62566.38776,7.855345912,4.081761006,2200.96813,647.4459229,4.018867925,20.19447641,6.100628931,10,10,6,1.5
550063.437,5284184.957,1271323.965,262252.851,45.79587156,61113.14286,7.53164557,4.246835443,2455.101963,647.4459229,4.025316456,19.75458716,6.46835443,10,10,6,1.5
550313.437,5284184.957,1272144.126,262229.7995,56.47586207,58616.4898,7.107594937,4.449367089,2787.696943,647.4459229,4.006329114,15.44367816,6.892405063,10,9.8,6,1.4
549313.437,5283934.957,1268840.43,261501.8454,44.82988506,73230.18367,7.94375,4.30625,2784.256736,1436.79007,4.30625,19.72643678,5.775,10,9,6,1.666666667
549563.437,5283934.957,1269660.591,261478.7934,41.793379,68524.22449,7.782608696,4.217391304,2613.019098,2263.809814,4.217391304,20.17465753,5.944099379,10,9.25,6,1.5
549813.437,5283934.957,1270480.753,261455.7417,44.11751152,66486.83673,7.610062893,4.314465409,2580.693723,2327.898193,4.238993711,19.84677419,6.34591195,10,10,6,1.75
550063.437,5283934.957,1271300.914,261432.6902,47.8409611,64676.5102,7.182389937,4.496855346,2866.802073,2327.898193,4.176100629,20.25743707,6.817610063,10,10,6,1.75
550313.437,5283934.957,1272121.075,261409.6389,58.85206422,62807.42857,6.704402516,4.691823899,3170.730728,2327.898193,4.088050314,15.33600917,7.295597484,10,9.8,6,1.6
549313.437,5283684.957,1268817.378,260681.6836,55.06659013,75297.69388,7.685534591,4.572327044,3258.362768,2263.809814,4.603773585,17.95177956,6.213836478,10,9,6,1.666666667
549563.437,5283684.957,1269637.54,260658.6318,51.03329506,71790.5102,7.471698113,4.528301887,3159.132935,2263.809814,4.528301887,21.83122847,6.352201258,10,9.4,6,1.6
549813.437,5283684.957,1270457.701,260635.5804,50.49542334,71133.63265,7.339506173,4.592592593,3129.132071,2295.854004,4.524691358,21.38443936,6.62345679,10,10,6,1.75
550063.437,5283684.957,1271277.863,260612.5291,52.89793578,69866.02041,7.018867925,4.710691824,3338.80282,2327.898193,4.402515723,20.33142202,7.018867925,10,10,6,1.75
550313.437,5283684.957,1272098.024,260589.4781,62.82548794,68908.91837,6.647798742,4.855345912,3527.295204,2327.898193,4.257861635,15.95177956,7.452830189,10,9.8,6,1.6
549313.437,5283434.957,1268794.326,259861.5215,65.73593571,79081.73469,7.379746835,4.810126582,3841.205662,2263.809814,4.898734177,15.94374282,6.708860759,10,9,6,1.666666667
549813.437,5283434.957,1270434.65,259815.4188,59.74485126,77091.14286,7.163522013,4.836477987,3673.221445,2327.898193,4.798742138,22.8375286,6.867924528,10,10,6,1.75
547813.437,5275934.957,1263181.862,235394.8151,63.088,108719,9.704402516,7.817610063,5129.193311,2706.858398,8.918238994,28.424,10,10,5.333333333,7,1
548063.437,5275934.957,1264002.033,235371.7692,62.68957617,110598.7347,9.873417722,7.873417722,5073.591705,2706.858398,8.620253165,26.74914089,10,10,5.5,7,1
548313.437,5275934.957,1264822.204,235348.7235,64.94259472,111116.2653,9.867088608,7.867088608,4818.548395,2662.491455,8.291139241,25.09644087,10,10,6,7,1.8
548563.437,5275934.957,1265642.375,235325.6781,63.9977169,109054.3878,9.874213836,7.874213836,4591.380037,2618.124512,8.037735849,25.8869863,10,10,6.5,7,2
547813.437,5275684.957,1263158.816,234574.6437,60.08495982,103721.6122,9.72327044,7.93081761,5378.613868,3469.608887,8.962264151,30.27210103,10,10,5.5,7,1
548063.437,5275684.957,1263978.988,234551.598,61.27178899,107083.0408,10,8.0375,5456.961729,2706.858398,8.65625,28.17087156,10,10,5.5,7,1
548313.437,5275684.957,1264799.159,234528.5525,65.80275229,108730.8367,10,8.111801242,5381.730444,3659.309326,8.416149068,23.76949541,10,10,6,7,1.8
548563.437,5275684.957,1265619.33,234505.5074,66.91829689,108698.4792,9.974683544,8.170886076,5341.586789,2618.124512,8.215189873,23.00345224,10,10,6.8,7,1.8
548063.437,5275434.957,1263955.942,233731.4265,58.7986191,103031.0816,10,8.18125,5952.967273,4232.359375,8.7875,29.68699655,10,10,5.5,7,1
548313.437,5275434.957,1264776.114,233708.3813,62.56946039,103906.2857,10,8.333333333,6277.096079,4656.127197,8.641509434,25.97244547,10,10,6,7,1.8
548563.437,5275434.957,1265596.285,233685.3364,65.64638347,105935.2917,9.874213836,8.421383648,6576.666466,5079.89502,8.48427673,23.17795637,10,10,6.8,7,1.8
548313.437,5275184.957,1264753.069,232888.2098,63.80804598,98400.18367,10,8.547169811,7301.551103,4656.127197,8.836477987,24.92988506,10,10,6,7,1.571428571
548563.437,5275184.957,1265573.24,232865.1651,66.32951945,99304.63265,9.925,8.71875,7734.379557,5079.89502,8.76875,23.03775744,10,10,7,7,1.571428571
548813.437,5275184.957,1266393.412,232842.1207,65.74770642,98519.19565,9.164556962,8.626582278,7671.314628,5079.89502,8.626582278,22.34862385,10,10,7,7,1.571428571
548313.437,5274934.957,1264730.024,232068.0379,66.7141217,93085.14894,9.46835443,8.803797468,7956.338874,4232.359375,9.044303797,20.92307692,10,10,5.833333333,7,1
548563.437,5274934.957,1265550.196,232044.9935,69.18098511,94382.20408,9.622641509,9.075471698,8783.304863,5079.89502,9,18.55097365,10,10,6.714285714,7,1.571428571
548813.437,5274934.957,1266370.368,232021.9493,69.26345934,93651.47917,8.734177215,8.943037975,8386.024639,5079.89502,8.82278481,17.88545246,10,10,7,7,1.666666667
548313.437,5274684.957,1264706.98,231247.8659,72.56701031,87891.66667,8.285714286,9.211180124,7313.749218,2221.681885,9.049689441,15.17296678,10,10,6.2,7,1
548563.437,5274684.957,1265527.152,231224.8216,74.51783659,89829.3617,8.440251572,9.383647799,8051.013697,4947.241699,9,12.45684695,10,10,6.5,7,1
548813.437,5274684.957,1266347.324,231201.7777,74.26598174,91265.59184,7.86163522,9.327044025,7735.483741,4947.241699,8.911949686,12.95319635,10,10,6.8,7,1
556313.437,5259434.957,1289547.718,180480.005,45.15578465,51367.97826,8,10,1922.833984,507.6434326,8,29.28293242,9,9.666666667,9,7,5
556563.437,5259434.957,1290367.902,180456.9864,45.20780712,51178.69388,8,10,1922.833984,1358.382935,8,28.98966705,9,9.666666667,9,7,5
556813.437,5259434.957,1291188.085,180433.9683,41.07798165,52273.22449,8,10,1922.833984,1358.382935,8,30.7396789,9,9.666666667,9,7,5
557063.437,5259434.957,1292008.268,180410.9505,39.72101033,57375.87755,8,10,1922.833984,1358.382935,8,30.12399541,9,9.666666667,9,7,5
557563.437,5259434.957,1293648.634,180364.9159,46.63605052,63761.22449,8.19375,10,1938.051968,1056.206421,7.80625,22.88059701,9,9.5,8.5,7,4.5
557813.437,5259434.957,1294468.816,180341.8992,43.60344828,64429.79592,8.389937107,10,1950.590884,1056.206421,7.610062893,19.68045977,9,9.4,8.2,6.8,3.8
558063.437,5259434.957,1295288.998,180318.8828,42.26605505,63712.38776,8.433962264,10,2006.351944,929.7723389,7.496855346,19.70298165,9.06918239,9.5,8,6.75,3.5
558313.437,5259434.957,1296109.179,180295.8668,40.1443299,60918.61224,8.062111801,10,2301.825918,929.7723389,7.583850932,22.38487973,9.354037267,9.5,8,6.75,3.5
556063.437,5259184.957,1288704.515,179682.8397,45.98113208,52904.73684,7.513888889,9.756944444,1484.116479,442.880722,8.243055556,27.76855346,9.243055556,10,9.333333333,6.666666667,4.666666667
556313.437,5259184.957,1289524.7,179659.821,43.89418605,52051.59524,7.807692308,9.903846154,1763.300346,796.1994247,8.096153846,28.65813953,9.096153846,10,9.333333333,6.666666667,4.666666667
556563.437,5259184.957,1290344.884,179636.8028,41.11392405,51937.71739,7.987421384,10,1938.602076,1149.518127,8,30.10471807,9.012578616,10,9,7,5
556813.437,5259184.957,1291165.067,179613.7849,39.43642612,51819.64583,7.949685535,10,1970.13826,1149.518127,8,31.24627721,9.050314465,10,9,7,5
557063.437,5259184.957,1291985.251,179590.7674,37.78235968,54047.66667,7.937888199,10,1985.097731,940.6533203,8,31.11454754,9.062111801,10,9,7,5
557313.437,5259184.957,1292805.434,179567.7502,37.93685419,59204.89583,7.974522293,10,1922.833984,221.9038086,8,28.29735936,9.025477707,10,9,7,5
557563.437,5259184.957,1293625.617,179544.7334,38.24482759,60834.61224,8.025316456,10,1925.402832,639.0551147,7.974683544,25.99655172,9,9.75,8.75,6.75,4.25
557813.437,5259184.957,1294445.799,179521.7169,35.29028571,61185.08163,8.111801242,10,1949.531594,221.9038086,7.863354037,24.04914286,9.024844721,9.5,8,6.75,3.5
558063.437,5259184.957,1295265.982,179498.7008,34.71576525,61231.87755,8.093167702,10,2093.804004,1190.997803,7.751552795,22.84464902,9.155279503,9.5,8,6.75,3.5
558313.437,5259184.957,1296086.164,179475.6851,31.7967853,58582.8125,7.798742138,10,2417.024185,2556.108643,7.767295597,24.43168772,9.433962264,9.5,8,6.75,3.5
556063.437,5258934.957,1288681.497,178862.6551,45.78649922,53601.60606,7.357142857,9.678571429,1165.049203,378.1180115,8.321428571,25.86342229,9.321428571,10,9.333333333,6.666666667,4.666666667
556313.437,5258934.957,1289501.681,178839.6368,40.97535668,52975.83333,7.664285714,9.835714286,1495.084417,378.1180115,8.164285714,29.86381323,9.171428571,10,9.333333333,6.666666667,4.666666667
556563.437,5258934.957,1290321.866,178816.6188,40.28604119,52752.45,7.74375,9.9375,1962.70769,940.6533203,8.0625,30.02860412,9.19375,10,9.333333333,6.666666667,4.666666667
556813.437,5258934.957,1291142.05,178793.6012,37.74137931,53012.76744,7.7625,10,2165.662598,940.6533203,8,31.68965517,9.2375,10,9.333333333,6.666666667,4.666666667
557063.437,5258934.957,1291962.234,178770.5839,39.44431688,53130.24444,7.727848101,10,2211.192963,940.6533203,8,29.5315729,9.272151899,10,9.333333333,6.666666667,4.666666667
557313.437,5258934.957,1292782.417,178747.567,39.79357798,55998.77778,7.753164557,10,2184.105277,221.9038086,8,25.31192661,9.246835443,10,9.333333333,6.666666667,4.666666667
557563.437,5258934.957,1293602.6,178724.5505,35.23563218,58993.91304,7.79245283,10,2125.191162,221.9038086,8,25.96666667,9.20754717,10,9.333333333,6.666666667,4.666666667
557813.437,5258934.957,1294422.783,178701.5343,36.0552359,59533.34043,7.751592357,9.993630573,2171.888972,221.9038086,8.006369427,24.99194476,9.242038217,9.75,8.75,6.5,3.75
558063.437,5258934.957,1295242.966,178678.5185,34.54879449,59382.6087,7.70625,10,2318.832664,1389.006226,7.93125,24.62456946,9.3625,9.6,8.4,6.6,3.6
556063.437,5258684.957,1288658.478,178042.4702,37.30322581,54465,7.152941176,9.576470588,872.3982108,378.1180115,8.423529412,24.37204301,9.423529412,10,9.333333333,6.666666667,4.666666667
556313.437,5258684.957,1289478.663,178019.4521,37.18955224,53598.86207,7.398373984,9.739837398,1307.079769,378.1180115,8.260162602,28.15074627,9.341463415,10,9.333333333,6.666666667,4.666666667
556563.437,5258684.957,1290298.848,177996.4344,44.30825243,53998.69697,7.470198676,9.860927152,1959.818785,940.6533203,8.139072848,26.25485437,9.390728477,10,9.333333333,6.666666667,4.666666667
556813.437,5258684.957,1291119.032,177973.4171,46.87701149,53772.80556,7.569620253,10,2395.876738,940.6533203,8,25.79885057,9.430379747,10,9.333333333,6.666666667,4.666666667
557063.437,5258684.957,1291939.217,177950.4001,46.15843858,54549,7.386075949,9.955696203,2425.450628,940.6533203,8.044303797,25.2445465,9.569620253,10,9.333333333,6.666666667,4.666666667
557313.437,5258684.957,1292759.4,177927.3834,43.2954023,54904.275,7.310126582,9.879746835,2241.468617,221.9038086,8.120253165,25.24367816,9.569620253,10,9.333333333,6.666666667,4.666666667
557563.437,5258684.957,1293579.584,177904.3672,36.52123995,56599.725,7.295597484,9.817610063,1997.290895,221.9038086,8.182389937,29.10562572,9.522012579,10,9.333333333,6.666666667,4.666666667
557813.437,5258684.957,1294399.767,177881.3513,33.26291619,58027.275,7.280254777,9.834394904,2073.694037,221.9038086,8.165605096,30.52698048,9.554140127,9.75,8.75,6.5,3.75
558063.437,5258684.957,1295219.95,177858.3358,33.20847652,58085.64103,7.283018868,9.905660377,2364.706843,1389.006226,8.094339623,28.41580756,9.622641509,9.75,8.75,6.5,3.75
556313.437,5258434.957,1289455.646,177199.2671,39.61495327,55164.26087,7.154639175,9.639175258,1054.593132,378.1180115,8.360824742,26.67476636,9.484536082,10,9.333333333,6.666666667,4.666666667
556563.437,5258434.957,1290275.831,177176.2497,47.25714286,54717,7.231343284,9.791044776,1766.3779,940.6533203,8.208955224,23.45578231,9.559701493,10,9.333333333,6.666666667,4.666666667
556813.437,5258434.957,1291096.015,177153.2326,54.08860759,55211.31034,7.188679245,9.849056604,2215.833375,508.9664688,8.150943396,20.86421174,9.660377358,10,9.333333333,6.666666667,4.666666667
557063.437,5258434.957,1291916.2,177130.2159,50.56639248,55451.35484,7,9.797468354,2233.218579,940.6533203,8.202531646,24.16216216,9.797468354,10,9.333333333,6.666666667,4.666666667
557313.437,5258434.957,1292736.384,177107.1995,43.42771804,56134.63636,6.835526316,9.671052632,1924.814581,365.4351387,8.328947368,26.17084827,9.835526316,10,9.333333333,6.666666667,4.666666667
557563.437,5258434.957,1293556.568,177084.1835,31.30578512,56333.18182,6.790849673,9.575163399,1633.964441,221.9038086,8.424836601,32.50649351,9.784313725,10,9.333333333,6.666666667,4.666666667
557813.437,5258434.957,1294376.752,177061.1679,28.95522388,56559.09375,6.75,9.575,1749.523693,221.9038086,8.425,36.43972445,9.825,10,9.333333333,6.666666667,4.666666667
558063.437,5258434.957,1295196.935,177038.1527,34.15499426,58430.22581,6.761006289,9.666666667,2091.127462,1389.006226,8.333333333,33.30309989,9.905660377,10,9,6.5,5.5
556563.437,5258184.957,1290252.813,176356.0646,50.91818182,55964.57895,7.02970297,9.693069307,1384.653402,77.27961731,8.306930693,18.21636364,9.663366337,10,9.333333333,6.666666667,4.666666667
557563.437,5258184.957,1293533.552,176263.9995,33.37412096,58221.68,6.294573643,9.294573643,986.8959154,221.9038086,8.705426357,34.49367089,10,10,9,6.5,5.5
557813.437,5258184.957,1294353.736,176240.9842,33.78822055,58225.125,6.300699301,9.293706294,1088.233844,221.9038086,8.706293706,36.53759399,9.993006993,10,9,6.5,5.5
558063.437,5258184.957,1295173.92,176217.9692,39.24311377,57762.95652,6.42384106,9.417218543,1408.224986,1389.006226,8.582781457,33.9508982,9.993377483,10,9,6.5,5.5
552813.437,5267934.957,1278848.074,208688.4747,28.57617411,68457.42857,8.943396226,9.86163522,2019.541113,1302.786804,10,27.35624284,10,9.75,8,6,3
553063.437,5267934.957,1279668.249,208665.4425,38.55211913,66867.97959,8.710691824,9.364779874,2359.621561,1789.32251,10,29.50057274,10,9.75,8,6,3
552813.437,5267684.957,1278825.041,207868.2986,37.31958763,72049.22449,8.993670886,9.772151899,2113.092711,1302.786804,10,28.10996564,10,9.8,8.4,6.4,2.6
553063.437,5267684.957,1279645.217,207845.2666,40.1438435,69677.87755,8.803797468,9.329113924,2406.304543,1789.32251,10,29.92289988,10,9.75,8,6,3
552813.437,5267434.957,1278802.009,207048.1222,42.125,75010.83673,9,9.5625,2349.037721,1449.478577,10,26.61697248,10,9.8,8.4,6.4,2.6
553063.437,5267434.957,1279622.186,207025.0905,44.42020666,71857.59184,8.936708861,9.253164557,2532.44079,1608.885254,10,28.4489093,10,9.75,8,6,3
553313.437,5267434.957,1280442.362,207002.0591,50.75489068,69568.28571,8.80625,8.83125,2917.766642,1608.885254,10,26.37054085,10,9.75,8,6,3
553563.437,5267434.957,1281262.538,206979.0281,56.33104238,68880.32653,8.679245283,8.41509434,3301.146686,2133.397034,10,20.96907216,10,9.75,8,6,3
553063.437,5267184.957,1279599.154,206204.914,45.3180778,74472.2449,9,9.120253165,2710.512216,1428.447998,10,26.93020595,10,9.5,7.5,6,3
553313.437,5267184.957,1280419.331,206181.8829,49.90355913,71401.04082,8.962025316,8.816455696,3023.933757,1428.447998,10,24.91274397,10,9.333333333,7.333333333,6,3.333333333
553563.437,5267184.957,1281239.507,206158.8521,55.56307339,70183.61224,8.919753086,8.50617284,3407.510705,2079.884644,10,21.83256881,10,9.333333333,7.333333333,6,3.333333333
553813.437,5267184.957,1282059.683,206135.8216,60.07894737,73206.40816,8.9,8.20625,3839.035886,2731.321289,10,19.57208238,10,9.333333333,7.333333333,6,3.333333333
553063.437,5266934.957,1279576.123,205384.7373,44.1091954,76761.02041,9,9.063291139,2778.310593,1428.447998,10,25.30344828,10,9.333333333,7.333333333,6,3.333333333
553313.437,5266934.957,1280396.3,205361.7064,44.46330275,72035.10204,9,8.86875,2973.895395,1428.447998,10,25.67775229,10,9.333333333,7.333333333,6,3.333333333
553563.437,5266934.957,1281216.477,205338.6758,52.59677419,70212.34694,9,8.601265823,3412.575214,2079.884644,10,23.03110599,10,9.333333333,7.333333333,6,3.333333333
553813.437,5266934.957,1282036.653,205315.6456,59.17754868,74614.85714,9,8.30625,3845.805594,2731.321289,10,20.55211913,10,9.333333333,7.333333333,6,3.333333333
553063.437,5266684.957,1279553.092,204564.5602,46.11670481,74291.08163,9,9.119496855,2774.989129,1428.447998,10,22.99542334,10,9.333333333,7.333333333,6,3.333333333
553313.437,5266684.957,1280373.269,204541.5295,45.20551091,69461.7551,9,8.949685535,2841.889912,1428.447998,10,25.37313433,10,9.333333333,7.333333333,6,3.333333333
553563.437,5266684.957,1281193.446,204518.4992,48.63990826,68148.93878,9,8.708860759,3253.955158,1428.447998,10,26.77637615,10,9.333333333,7.333333333,6,3.333333333
553813.437,5266684.957,1282013.623,204495.4693,57.27116705,73237.95918,9,8.408805031,3679.597713,2731.321289,10,22.27002288,10,9.333333333,7.333333333,6,3.333333333
553563.437,5266434.957,1281170.416,203698.3223,49.12873563,65615.42857,9,8.807453416,3117.896814,2207.843506,10,23.7137931,10,9.5,8.333333333,6.333333333,3.166666667
553813.437,5266434.957,1281990.593,203675.2926,52.73387097,69992.57143,9,8.503144654,3565.159499,2193.561523,10,24.12442396,10,9.4,8,6.4,3.4
550313.437,5281184.957,1271867.527,252387.8565,57.72669826,119327.8974,9.913793103,5.232758621,2964.909538,2023.00769,6,27.84676145,9.232758621,10,9.75,6,2.75
550563.437,5281184.957,1272687.69,252364.8081,60.01679587,118161.381,9.728571429,5.178571429,3489.670068,2023.00769,6,25.18863049,9.178571429,10,9.75,6,2.75
550813.437,5281184.957,1273507.853,252341.7601,63.98947368,116585.5556,9.44516129,5.109677419,4011.700963,2110.678955,6,22.45847953,9.109677419,10,9.8,6,2.4
550313.437,5280934.957,1271844.479,251567.6929,56.04315476,109515.8108,9.388429752,5.289256198,3217.018875,2023.00769,6,22.74404762,9.289256198,10,9.75,6,2.75
550563.437,5280934.957,1272664.642,251544.6449,56.04315476,107158.575,9.388429752,5.289256198,3217.018875,2023.00769,6,22.74404762,9.289256198,10,9.75,6,2.75
550813.437,5280934.957,1273484.805,251521.597,63.82147316,107914.3556,9.013888889,5.194444444,3992.03701,2110.678955,6,18.29338327,9.194444444,10,9.8,6,2.4
551063.437,5280934.957,1274304.968,251498.5495,69.06574394,107034.75,8.8375,5.10625,4556.583433,2110.678955,5.95625,16.84775087,9.0625,10,9.833333333,6,2.166666667
551313.437,5280934.957,1275125.131,251475.5022,69.17067583,106445.8367,8.974683544,5,4878.633881,2110.678955,5.696202532,16.21993127,8.696202532,10,10,6,1.2
550313.437,5280684.957,1271821.43,250747.5292,58.26290323,103658.5833,8.778761062,5.300884956,3412.270181,64.13079071,6,19.60967742,9.300884956,10,9.666666667,6,3.333333333
550563.437,5280684.957,1272641.594,250724.4813,58.26290323,102935.3171,8.778761062,5.300884956,3412.270181,64.13079071,6,19.60967742,9.300884956,10,9.666666667,6,3.333333333
550813.437,5280684.957,1273461.758,250701.4338,65.55357143,100164.5333,8.486111111,5.194444444,4353.408817,4553.543457,6,15.58035714,9.194444444,10,9.8,6,2.4
551063.437,5280684.957,1274281.921,250678.3864,70.84156142,98394.79167,8.3625,5.11875,4954.52792,3332.111206,5.9625,13.3880597,9.08125,10,10,6,1.25
551313.437,5280684.957,1275102.084,250655.3394,72.60619977,95950.44898,8.664596273,5.01863354,5076.175049,4553.543457,5.714285714,13.16877153,8.739130435,10,10,6,1.25
551563.437,5280684.957,1275922.247,250632.2926,66.96087457,97318.91837,9.196202532,5.03164557,4958.782316,2771.757019,5.405063291,16.27848101,8.46835443,10,9.4,6,2
550063.437,5280434.957,1270978.218,249950.413,59.36990596,109622.8824,8.474576271,5.237288136,3637.454271,64.13079071,6,20.0799373,9.237288136,10,9.666666667,6,3.333333333
550313.437,5280434.957,1271798.383,249927.3652,59.36990596,101230.9459,8.474576271,5.237288136,3637.454271,64.13079071,6,20.0799373,9.237288136,10,9.75,6,2.75
550563.437,5280434.957,1272618.547,249904.3176,59.36990596,97049.47619,8.474576271,5.237288136,3637.454271,64.13079071,6,20.0799373,9.237288136,10,9.75,6,2.75
550813.437,5280434.957,1273438.71,249881.2702,65.55474453,93416.47826,8.306666667,5.153333333,4642.606444,4553.543457,6,17.19586375,9.153333333,10,9.833333333,6,2.166666667
551063.437,5280434.957,1274258.874,249858.2232,71.29655172,91322.4898,8.213836478,5.075471698,5237.249228,4553.543457,5.968553459,13.8091954,9.044025157,10,10,6,1.166666667
551313.437,5280434.957,1275079.037,249835.1763,74.85730725,88166.16327,8.475,5.075,5443.455226,4553.543457,5.725,13.03797468,8.875,10,10,6,1.166666667
551563.437,5280434.957,1275899.2,249812.1298,70.52685714,89332.85714,8.9875,5.1875,5380.843481,3345.825317,5.4125,16.38971429,8.7875,10,9.25,6,2.125
549813.437,5280184.957,1270135.006,249153.2963,57.75795053,118299.7143,8.815533981,5.40776699,2949.718573,64.13079071,6,25.96996466,9.40776699,10,9.5,6,4.5
550063.437,5280184.957,1270955.171,249130.2485,57.75795053,113059.5833,8.815533981,5.40776699,2949.718573,64.13079071,6,25.96996466,9.40776699,10,9.666666667,6,3.333333333
550313.437,5280184.957,1271775.335,249107.2009,57.75795053,106798.225,8.815533981,5.40776699,2949.718573,64.13079071,6,25.96996466,9.40776699,10,9.666666667,6,3.333333333
550563.437,5280184.957,1272595.499,249084.1535,60.1167979,96755.56818,8.614285714,5.307142857,3999.582211,64.13079071,6,23.49606299,9.307142857,10,9.75,6,2.75
550813.437,5280184.957,1273415.663,249061.1065,64.93908046,91667.70833,8.341772152,5.170886076,5148.945888,4553.543457,6,21.2045977,9.170886076,10,9.833333333,6,2.166666667
551063.437,5280184.957,1274235.827,249038.0596,71.14678899,84327.2449,8.285714286,5.149068323,5491.988997,4553.543457,5.968944099,17.48050459,9.142857143,10,10,6,1.166666667
551313.437,5280184.957,1275055.991,249015.0131,72.48911798,82545.28571,8.53164557,5.253164557,5692.532135,4553.543457,5.740506329,15.78235968,9.158227848,10,10,6,1.166666667
551563.437,5280184.957,1275876.154,248991.9667,67.81724138,83117.16327,8.888198758,5.409937888,5832.39204,3345.825317,5.416149068,19.03448276,9.192546584,10,9.571428571,6,1.714285714
549563.437,5279934.957,1269291.793,248356.1792,53.72677596,122398.3333,9.578947368,5.789473684,1944.5664,64.13079071,6,27.73406193,9.789473684,10,9.5,6,4.5
549813.437,5279934.957,1270111.958,248333.1313,53.72677596,120971.8462,9.578947368,5.789473684,1944.5664,64.13079071,6,27.73406193,9.789473684,10,9.5,6,4.5
550063.437,5279934.957,1270932.123,248310.0837,53.72677596,113803.6,9.578947368,5.789473684,1944.5664,64.13079071,6,27.73406193,9.789473684,10,9.666666667,6,3.333333333
550313.437,5279934.957,1271752.288,248287.0363,59.14285714,107018.3636,9.307692308,5.653846154,2645.476697,1554.738491,6,26.95378151,9.653846154,10,9.666666667,6,3.333333333
550563.437,5279934.957,1272572.452,248263.9893,61.34072345,95403.6383,9.038461538,5.519230769,3865.107236,64.13079071,6,27.30105018,9.519230769,10,9.666666667,6,3.333333333
550813.437,5279934.957,1273392.617,248240.9424,64.26636051,85353.73469,8.860759494,5.430379747,4830.236297,4553.543457,6,25.47646383,9.430379747,10,9.8,6,2.4
551063.437,5279934.957,1274212.781,248217.8958,67.89310345,77743.08163,8.855345912,5.440251572,5360.060235,3490.063965,5.974842767,21.5816092,9.440251572,10,10,6,1.25
551313.437,5279934.957,1275032.944,248194.8495,68.24082569,75176.2449,8.878980892,5.547770701,5917.486714,3490.063965,5.74522293,19.75229358,9.535031847,10,10,6,1.25
551563.437,5279934.957,1275853.108,248171.8034,65.17680827,73203.57143,8.981012658,5.689873418,6342.892186,3267.940979,5.430379747,20.64867968,9.632911392,10,9.4,6,2
549813.437,5279684.957,1270088.91,247512.966,45.57902511,120158.7209,10,6,1415.53894,269.4730835,6,31.16395864,10,10,8.75,6.25,5
550063.437,5279684.957,1270909.076,247489.9187,56.65943012,114085.7727,9.865671642,5.932835821,1576.308324,3045.346191,6,26.04884668,9.932835821,10,9,6.2,4.2
552563.437,5268434.957,1278073.963,210351.8589,29.97021764,65204.32653,9.086956522,10,2208.942574,1132.325562,10,21.58991982,10,10,8.5,6,3
552813.437,5268434.957,1278894.139,210328.8259,29.78718535,66011.38776,8.917197452,9.78343949,2165.879339,2254.54541,10,26.41075515,10,10,8.5,6,3
552563.437,5268184.957,1278050.93,209531.6832,22.48398169,66397.89796,9,10,1896.989014,816.2510986,10,20.24713959,10,10,8.666666667,6,3.666666667
552813.437,5268184.957,1278871.106,209508.6505,24.31494253,65495.81633,8.905660377,9.811320755,2051.447012,1789.32251,10,27.56091954,10,10,8.666666667,6,3.666666667
552563.437,5267934.957,1278027.898,208711.5072,28.02745995,69706.46939,9,10,1896.989014,816.2510986,10,19.63844394,10,10,9,6.5,3
549813.437,5274184.957,1269581.924,229469.2626,85.75601375,92889.875,4,10,8265.03703,6056.396484,8.658385093,2.278350515,10,10,9.166666667,7,1
550063.437,5274184.957,1270402.095,229446.2206,84.9862543,90668.04082,4.025157233,9.981132075,7691.532159,7672.023926,8.327044025,2.516609393,10,10,9.666666667,6.888888889,1.222222222
550313.437,5274184.957,1271222.266,229423.1788,86.19173364,86405.16327,4.251572327,9.855345912,7141.168701,9287.651367,8.018867925,1.491389208,10,10,10,6.666666667,1.222222222
550563.437,5274184.957,1272042.437,229400.1374,84.1836969,81514.93878,5.341614907,9.428571429,10183.61647,9287.651367,7.782608696,3.258323766,10,10,9.833333333,6.5,1.333333333
550813.437,5274184.957,1272862.607,229377.0962,82.50573395,77352.14286,6.5,9.04375,14189.02564,9287.651367,7.65625,4.614678899,10,10,9.727272727,6.363636364,1.181818182
550063.437,5273934.957,1270379.053,228626.0493,85.16590389,85992.65306,4,10,7760.407264,8237.267334,8.367088608,2.757437071,10,10,9.666666667,7,1.222222222
550313.437,5273934.957,1271199.225,228603.0078,86.0882016,82026.95918,4.272151899,9.936708861,7394.953764,8532.673828,8.082278481,2.081328751,10,10,10,6.777777778,1.222222222
550563.437,5273934.957,1272019.396,228579.9666,85.46338673,76910.89796,5.439490446,9.662420382,10643.57631,8532.673828,8.012738854,2.175057208,10,10,9.916666667,6.583333333,1.333333333
550813.437,5273934.957,1272839.567,228556.9256,83.82245132,72362.34694,6.641509434,9.339622642,14154.53583,8532.673828,7.993710692,3.375715922,10,10,9.75,6.416666667,1.333333333
550313.437,5273684.957,1271176.183,227782.8365,85.78146453,79969.57143,5.186335404,9.968944099,8511.807267,8532.673828,8.335403727,2.152173913,10,10,10,6.777777778,1.222222222
550563.437,5273684.957,1271996.355,227759.7955,85.60160735,75502.61224,6.227848101,9.82278481,10741.04543,8532.673828,8.329113924,2.568312285,10,10,9.8,6.6,1.4
551063.437,5274434.957,1273705.819,230174.2253,74.46567506,83752.46939,8.113924051,8.183544304,11670.14648,8784.868164,6.987341772,11.64988558,10,10,9.75,6.125,1.625
551063.437,5274184.957,1273682.778,229354.0553,79.77267509,75134.97959,7.64556962,8.708860759,15337.75794,8784.868164,7.386075949,6.746268657,10,10,9.666666667,6.222222222,1.222222222
551313.437,5274184.957,1274502.948,229331.0147,76.50800915,75808.95918,8.111801242,8.670807453,14078.86004,8784.868164,7.173913043,9.367276888,10,9.888888889,9,6.111111111,1.888888889
551063.437,5273934.957,1273659.737,228533.885,81.00343249,69586.06122,7.647798742,9.062893082,15129.00991,6176.850098,7.735849057,5.271167048,10,10,9.625,6.25,1.25
551313.437,5273934.957,1274479.907,228510.8446,78.04493088,70099.2449,8,9.01242236,14738.6912,6176.850098,7.465838509,7.642857143,10,9.9,9,6.2,2
550813.437,5273684.957,1272816.526,227736.7548,84.58668197,72248.89796,7.11875,9.68125,13315.41176,8532.673828,8.425,3.303099885,10,10,9.7,6.5,1.6
551063.437,5273684.957,1273636.697,227713.7144,82.22477064,69458.85714,7.816455696,9.443037975,14102.77189,6176.850098,8.170886076,4.364678899,10,10,9.5,6.166666667,1.666666667
551313.437,5273684.957,1274456.867,227690.6743,80.76349024,69468.14286,8,9.257861635,13383.03275,6176.850098,7.729559748,5.436280138,10,10,9.142857143,6.142857143,2
550563.437,5273434.957,1271973.314,226939.6241,84.53272101,74616.97959,7.1,9.95,10989.28271,8532.673828,8.61875,3.763490241,10,10,9.888888889,6.666666667,1.888888889
550813.437,5273434.957,1272793.485,226916.5837,83.9137931,71363.26531,7.7875,9.86875,12456.93531,8532.673828,8.73125,4.588505747,10,10,9.666666667,6.444444444,2.333333333
551063.437,5273434.957,1273613.657,226893.5435,82.99311927,70479.10204,8.086956522,9.645962733,13103.40415,6176.850098,8.422360248,4.987385321,10,10,9.625,6.375,2.5
551313.437,5273434.957,1274433.827,226870.5037,81.40207373,71247.95918,7.88125,9.53125,11973.11903,6176.850098,8.1375,5.646313364,10,10,8.857142857,6.142857143,2
550563.437,5273184.957,1271950.274,226119.4525,82.95423341,73103.20408,8.267080745,10,11743.63284,8532.673828,8.894409938,5.272311213,10,10,9.833333333,6.666666667,2.666666667
550813.437,5273184.957,1272770.445,226096.4123,82.9124424,71143.4898,8.48125,10,12453.15427,7354.761963,8.98125,5.912442396,10,10,9.714285714,6.571428571,2.428571429
551063.437,5273184.957,1273590.617,226073.3724,82.65521191,71348.97959,8.186335404,9.888198758,11841.11758,6176.850098,8.776397516,6.435280641,10,10,9.666666667,6.5,2.666666667
551313.437,5273184.957,1274410.788,226050.3327,81.80434783,73023.26531,7.810126582,9.765822785,11048.05527,6176.850098,8.53164557,7.109839817,10,10,9,6.285714286,2.857142857
550813.437,5272934.957,1272747.405,225276.2406,81.69724771,67451.16327,8.54375,10,12036.65485,8532.673828,9,7.254587156,10,10,9.666666667,6.5,2.666666667
551063.437,5272934.957,1273567.577,225253.2009,81.52583238,69384.81633,8.140127389,9.968152866,11282.01587,6176.850098,8.936305732,8.40413318,10,10,9.666666667,6.5,2.666666667
551313.437,5272934.957,1274387.749,225230.1615,81.07224771,71829.91837,7.683544304,9.917721519,10580.06955,6176.850098,8.835443038,7.603211009,10,10,9,6.285714286,2.857142857
551063.437,5272684.957,1273544.538,224433.0292,81.14089347,66402.87755,8.044025157,10,10610.86868,6176.850098,9,8.325315006,10,10,9.6,6.6,4.2
551313.437,5272684.957,1274364.709,224409.99,78.66018307,67665.53061,7.588607595,9.987341772,10025.5065,6176.850098,8.974683544,8.797482838,10,10,9.166666667,6.333333333,4.333333333
548813.437,5275934.957,1266462.546,235302.633,62.72643678,109232.6889,9.025157233,7.880503145,4997.781592,2618.124512,8,27.73103448,10,10,7,7,2.333333333
548813.437,5275684.957,1266439.501,234482.4625,66.01611047,107565.3696,9.012658228,8.139240506,5705.381651,3849.009766,8.139240506,23.35443038,10,10,7.25,7,2
548813.437,5275434.957,1266416.456,233662.2917,64.81214204,103734.6087,9.05,8.36875,6639.819067,5079.89502,8.36875,24.98510882,10,10,7.25,7,2
550813.437,5286184.957,1273968.862,268744.9697,37.31464531,74586.77551,8.6375,4,2417.379045,89.77488709,3.04375,27.06636156,4.725,9.666666667,10,6,1.333333333
551063.437,5285934.957,1274765.967,267901.7589,30.09278351,70186.14286,8.314465409,4,2402.622221,89.77488709,3.06918239,29.72966781,4.452830189,9.666666667,10,6,1.333333333
551063.437,5285684.957,1274742.915,267081.6007,33.9690367,68254,8.18125,4,2362.518865,926.0997238,3.2125,34.77866972,4.60625,9.666666667,10,6,1.333333333
551313.437,5285684.957,1275563.073,267058.5486,31.77152698,67831.28571,8.063291139,4,2418.127692,1379.225307,3.037974684,36.23306544,4.139240506,9.666666667,9.333333333,6,1.333333333
551563.437,5285684.957,1276383.231,267035.4968,31.89092997,67288.95918,8,4,2426.11792,2120.563965,3,38.82548794,4,9.5,8.75,6,1.25
551813.437,5285684.957,1277203.389,267012.4452,41.23569794,67994.06122,8,4,2426.11792,1832.350891,3,34.96681922,4,9.5,8.75,6,1.25
551063.437,5285434.957,1274719.863,266261.4422,39.97940503,66012.10204,8.081761006,4,2313.672517,1762.424561,3.389937107,36.04118993,4.86163522,9.75,9.5,6,1.25
551313.437,5285434.957,1275540.021,266238.3904,41.21420389,66606.77551,8.01875,4,2383.31852,1941.494263,3.2,36.97823597,4.41875,9.666666667,9.333333333,6,1.333333333
551563.437,5285434.957,1276360.179,266215.3388,41.94508009,67081.83673,8,4,2420.527707,2120.563965,3.1125,40.15789474,4.24375,9.5,8.75,6,1.25
551813.437,5285434.957,1277180.337,266192.2875,45.10538373,69281.32653,8,4,2561.379448,2120.563965,3.050314465,36.54180985,4.188679245,9.5,8.75,6,1.25
551063.437,5285184.957,1274696.811,265441.2835,47.09070034,63548.57143,8.0125,4,2232.361464,1762.424561,3.6375,33.48564868,5.2875,9.666666667,9.333333333,6,1.333333333
551313.437,5285184.957,1275516.97,265418.232,49.6326062,65518.02041,8,4,2287.659747,1941.494263,3.48447205,32.78760046,4.97515528,9.666666667,9.333333333,6,1.333333333
551563.437,5285184.957,1276337.128,265395.1806,50.14678899,68191.55102,8,4,2494.701793,2120.563965,3.316455696,34.56651376,4.734177215,9.5,8.75,6,1.25
551813.437,5285184.957,1277157.286,265372.1295,49.1,72120.2449,8,4,2773.816312,2120.563965,3.1875,34.62298851,4.6125,9.5,8.75,6,1.25
551063.437,5284934.957,1274673.759,264621.1246,52.82723112,61452.91837,8,4,2169.563071,2263.921631,3.832298137,28.54118993,5.664596273,9.8,9.4,6,1.2
551313.437,5284934.957,1275493.918,264598.0733,53.62886598,65620.83673,8,4,2226.516166,2247.438293,3.740506329,29.860252,5.5,9.833333333,9.166666667,6,1.166666667
551563.437,5284934.957,1276314.077,264575.0222,55.50806452,69669.14286,8,4,2604.988202,2230.954956,3.550632911,28.93778802,5.291139241,9.8,9,6,1.2
551813.437,5284934.957,1277134.235,264551.9714,54.73569794,74834.69388,8,4,3091.099936,2230.954956,3.327044025,28.62700229,5.075471698,9.666666667,8.666666667,6,1.166666667
550813.437,5284684.957,1273830.549,263824.0167,52.99770379,56132.65306,7.808917197,4.095541401,2171.947824,2765.418701,4,26.00229621,6.191082803,10,9.666666667,6,1
551063.437,5284684.957,1274650.708,263800.9654,54.01843318,60180.95918,7.797468354,4.101265823,2200.274837,2765.418701,3.974683544,27.28456221,6.151898734,10,9.666666667,6,1
551313.437,5284684.957,1275470.867,263777.9144,55.1766055,65723.65306,7.798742138,4.100628931,2228.788849,2765.418701,3.968553459,27.76261468,6.13836478,10,9,6,1
551563.437,5284684.957,1276291.026,263754.8635,56.83333333,71146.73469,7.834394904,4.082802548,2726.353905,2341.345947,3.738853503,25.65977011,5.878980892,10,9,6,1
551813.437,5284684.957,1277111.185,263731.813,55.92766935,77549.14286,7.955974843,4.06918239,3246.821248,2341.345947,3.477987421,25.93340987,5.503144654,10,8.75,6,1
552063.437,5284684.957,1277931.343,263708.7626,51.82758621,82199.63265,8.0625,4.0625,3766.630408,2341.345947,3.21875,29.85747126,5.14375,10,8.666666667,6,1
550563.437,5284434.957,1272987.338,263026.9084,56.56946039,55392.91837,7.337579618,4.331210191,2575.944806,1706.432312,4,22.13318025,6.662420382,10,9.666666667,6,1
550813.437,5284434.957,1273807.497,263003.8571,57.47701149,54476.85714,7.25,4.375,2578.220456,2765.418701,4,22.74942529,6.75,10,9.666666667,6,1
551063.437,5284434.957,1274627.657,262980.8061,58.05740528,59276.87755,7.227848101,4.386075949,2610.312954,2765.418701,4,23.8564868,6.772151899,10,9.666666667,6,1
551313.437,5284434.957,1275447.816,262957.7552,56.37772675,66194.34694,7.2375,4.38125,2623.733453,2765.418701,4,26.37887486,6.7625,10,9,6,1
551563.437,5284434.957,1276267.976,262934.7047,56.20551091,72854.28571,7.436708861,4.367088608,2962.687713,2341.345947,3.829113924,25.5304248,6.392405063,10,9,6,1
551813.437,5284434.957,1277088.134,262911.6543,53.31917336,80493.55102,7.811320755,4.358490566,3220.094276,2341.345947,3.647798742,27.44431688,5.836477987,10,8.75,6,1
550563.437,5284184.957,1272964.286,262206.7483,63.6727899,56404.2449,6.75,4.625,3063.596408,647.4459229,4,15.35935706,7.25,10,9.666666667,6,1
550813.437,5284184.957,1273784.446,262183.6972,67.00570776,54727.08163,6.6125,4.69375,3173.058047,2765.418701,4,15.94520548,7.3875,10,9.666666667,6,1
551063.437,5284184.957,1274604.606,262160.6464,67.14976959,60708.18367,6.621118012,4.689440994,3173.058047,2765.418701,4,17.05875576,7.378881988,10,9.666666667,6,1
551313.437,5284184.957,1275424.766,262137.5959,62.9187643,67857.32653,6.607594937,4.696202532,3186.810919,2765.418701,4,21.71510297,7.392405063,10,9,6,1
551563.437,5284184.957,1276244.925,262114.5455,58.21215596,75698.34694,7.094339623,4.679245283,3174.942618,2341.345947,3.918238994,25.05619266,6.823899371,10,9,6,1
551813.437,5284184.957,1277065.084,262091.4954,53.94965675,83080.08163,7.62962963,4.666666667,3199.959445,2341.345947,3.808641975,28.39816934,6.179012346,10,8.75,6,1
552313.437,5281684.957,1278474.919,253843.7992,59.17640321,131870.9184,9.490566038,5,3852.221373,2182.409698,4.761006289,27.30584192,7.628930818,10,7.25,6,2
552563.437,5281684.957,1279295.08,253820.7524,56.03211009,132631.7347,9.16875,5,3650.377914,1879.574829,4.73125,27.06307339,7.48125,10,6,6,2
552813.437,5281684.957,1280115.241,253797.7058,50.50229358,134263.8776,9.14556962,5,3486.083574,2080.120911,4.575949367,30.96100917,7.297468354,10,6,6,2
552063.437,5281434.957,1277631.711,253046.685,61.16055046,131886.3673,9.7875,5,4252.408861,2284.698486,4.98125,25.67775229,7.98125,10,7.666666667,6,2.333333333
552313.437,5281434.957,1278451.873,253023.6382,59.04137931,131847.6122,9.471698113,5,3987.763222,2282.682739,5,25.72183908,8,10,7.666666667,6,2.333333333
552563.437,5281434.957,1279272.034,253000.5916,53.69804822,132550.9184,9.17721519,5,3718.29757,2280.666992,4.949367089,27.42479908,7.936708861,10,6,6,2.333333333
552813.437,5281434.957,1280092.194,252977.5453,51.74112257,134008.4286,9.176100629,5,3565.569774,2280.666992,4.691823899,29.42611684,7.698113208,10,5.75,6,2
553063.437,5281434.957,1280912.355,252954.4992,52.38302752,136587.102,9.427672956,5,3514.650717,2280.666992,4.421383648,28.7293578,7.48427673,10,5.75,6,2
553313.437,5281434.957,1281732.515,252931.4534,54.0045819,138669.7755,9.683544304,5,3444.568081,2129.925537,4.202531646,29.45017182,7.278481013,10,5.75,6,2
552063.437,5281184.957,1277608.665,252226.5235,58.05154639,123907.6735,9.772151899,5,4277.174866,2284.698486,5,25.98281787,8,10,7.666666667,6,2.333333333
552313.437,5281184.957,1278428.826,252203.4769,57.66551724,126711.1633,9.462025316,5,4005.951194,2282.682739,4.993670886,27.68965517,8,10,7.666666667,6,2.333333333
552563.437,5281184.957,1279248.987,252180.4306,54.4902411,129242.4286,9.159235669,5,3784.213632,2280.666992,4.891719745,27.33295063,8,10,6,6,2.333333333
552813.437,5281184.957,1280069.148,252157.3845,54.08725603,131286.551,9.113207547,5,3666.386738,2280.666992,4.65408805,26.83467279,7.886792453,10,5.75,6,2
553063.437,5281184.957,1280889.309,252134.3387,54.95407578,134451.8367,9.291139241,5,3664.064284,2280.666992,4.348101266,25.70264064,7.708860759,10,5.75,6,2
553313.437,5281184.957,1281709.47,252111.2931,56.11149425,137073.4082,9.559748428,5,3574.668099,2129.925537,4.132075472,26.6,7.440251572,10,5.75,6,2
553563.437,5281184.957,1282529.63,252088.2478,58.77382319,138285.6939,9.823899371,5,3427.341927,2129.925537,4,24.80482204,7.176100629,10,5.333333333,6,1
552063.437,5280934.957,1277585.618,251406.3617,55.35287356,114434.6122,9.761006289,5,4277.174866,2284.698486,5,28.14712644,8,10,8,6,2.6
552313.437,5280934.957,1278405.78,251383.3154,56.48794489,118505.6531,9.447204969,5,4012.246804,2284.698486,4.968944099,28.70493685,8,10,7.5,6,3
552563.437,5280934.957,1279225.941,251360.2693,55.08505747,122304.4694,9.155279503,5,3835.976575,2280.666992,4.801242236,28.10229885,8,10,6.2,6,2.6
552813.437,5280934.957,1280046.103,251337.2235,54.12903226,126401.1429,9.037974684,5,3774.173538,2280.666992,4.550632911,26.60829493,7.962025316,10,6,6,2.333333333
553063.437,5280934.957,1280866.264,251314.178,56.18348624,130261.0408,9.158227848,5,3812.766605,2280.666992,4.246835443,26.00114679,7.841772152,10,5.8,6,1.8
553313.437,5280934.957,1281686.424,251291.1327,58.20642202,133214.2653,9.409937888,5,3696.213079,2129.925537,4.055900621,26.4059633,7.590062112,10,5.5,6,1
553563.437,5280934.957,1282506.585,251268.0876,60.57520092,135215.4898,9.691823899,5,3497.991589,2129.925537,4,23.51549943,7.308176101,10,5.4,5.8,2.2
552063.437,5280684.957,1277562.572,250586.1997,56.96674312,104759.2245,9.701863354,5.062111801,4288.166562,2138.107178,5,26.83944954,8.130434783,10,8,6,2.6
552313.437,5280684.957,1278382.734,250563.1536,58.6532721,110097.8163,9.446540881,5.025157233,4023.520339,2240.309143,4.968553459,28.62686567,8.094339623,10,8,6,2.6
552563.437,5280684.957,1279202.895,250540.1078,58.52238806,115164.1837,9.194968553,5,3873.171236,2257.763916,4.742138365,27.88518944,8.056603774,10,6.5,6,3
552813.437,5280684.957,1280023.057,250517.0623,58.68835616,120528.4082,9.0375,5,3858.104549,2257.763916,4.4625,26.54680365,8.0375,10,6.2,6,2.6
553063.437,5280684.957,1280843.218,250494.017,58.94367816,125612.9592,9.056962025,5,3968.605729,2257.763916,4.158227848,27.05632184,7.987341772,10,6,6,2
553313.437,5280684.957,1281663.379,250470.9719,60.38576349,129260.7959,9.3125,5,3827.965069,2030.599365,4,24.68427095,7.725,10,5.5,5.75,2.5
553563.437,5280684.957,1282483.54,250447.9271,61.51830664,132050.9592,9.591194969,5,3553.240084,2030.599365,4,22.56864989,7.452830189,10,5.5,5.75,2.5
552063.437,5280434.957,1277539.526,249766.0374,59.98507463,95547.93878,9.56875,5.25625,4863.897386,2138.107178,5,28.10907003,8.5875,10,8,6,2.6
552313.437,5280434.957,1278359.688,249742.9916,60.26689576,99321.69388,9.452830189,5.150943396,4365.880014,2197.935547,4.974842767,28.57961054,8.465408805,10,7.666666667,6,2.333333333
552563.437,5280434.957,1279179.85,249719.946,59.01145475,106243.6939,9.364779874,5.050314465,4004.746588,2257.763916,4.811320755,29.12142039,8.358490566,10,6.5,6,3
552813.437,5280434.957,1280000.012,249696.9007,58.52819333,112875.4694,9.298136646,5,3894.698807,2257.763916,4.527950311,29.25546605,8.242236025,10,6.2,6,2.6
553063.437,5280434.957,1280820.173,249673.8557,59.75802752,119757.6122,9.301886792,5,3916.8896,2257.763916,4.245283019,27.56651376,8.132075472,10,6,6,2
553313.437,5280434.957,1281640.334,249650.8109,59.90929966,124242.102,9.474683544,5,3771.024844,2030.599365,4.037974684,26.7347876,7.860759494,10,5.5,5.75,2.5
553563.437,5280434.957,1282460.495,249627.7664,60.3069874,129010.6735,9.689440994,5,3530.173692,2030.599365,4,24.89805269,7.627329193,10,5.5,5.75,2.5
552313.437,5280184.957,1278336.642,248922.8293,50.85419059,90938.38776,9.496855346,5.295597484,4876.95741,2197.935547,4.993710692,35.15499426,8.937106918,10,8,6,2.6
552563.437,5280184.957,1279156.805,248899.784,54.1353211,99059.46939,9.556962025,5.107594937,4234.038514,2257.763916,4.898734177,33.52752294,8.734177215,10,6.6,6,2.6
552813.437,5280184.957,1279976.967,248876.739,57.8163031,106777.4082,9.607594937,5,3885.395674,2257.763916,4.632911392,31.35935706,8.474683544,10,6.5,6,3
553063.437,5280184.957,1280797.128,248853.6942,59.81077982,115339.2449,9.594936709,5,3847.211268,2257.763916,4.335443038,29.80389908,8.284810127,10,6,6,2
553313.437,5280184.957,1281617.29,248830.6497,60.00917431,121445.3878,9.696202532,5,3695.268483,2030.599365,4.107594937,28.71788991,8.025316456,10,5.8,5.8,3
553563.437,5280184.957,1282437.451,248807.6054,59.39588101,128439.6531,9.821656051,5,3488.198585,2030.599365,4,26.76315789,7.796178344,10,5.5,5.75,2.5
555813.437,5259434.957,1287907.35,180526.0431,45.71558442,52789.56757,7.711267606,9.767605634,1418.551725,507.6434326,8.23943662,29.6038961,9.281690141,10,10,6.5,3.5
556063.437,5259434.957,1288727.534,180503.0239,45.94463668,52230.7619,7.784810127,9.892405063,1749.200049,507.6434326,8.107594937,28.70588235,9.107594937,9.666666667,9.666666667,6.666666667,4
555813.437,5259184.957,1287884.331,179705.8586,44.81860465,53003.125,7.336134454,9.613445378,1121.936615,442.880722,8.361344538,27.51627907,9.394957983,10,10,6.5,3.5
555813.437,5258934.957,1287861.312,178885.6738,45.78649922,54210.51852,7.357142857,9.678571429,1165.049203,378.1180115,8.321428571,25.86342229,9.321428571,10,10,6.5,3.5
551813.437,5282434.957,1276903.741,256350.3767,52.60137457,124958.0816,9.937888199,5,3602.878675,2125.281616,4.062111801,31.84765178,7,10,7.75,6,3
552063.437,5282434.957,1277723.901,256327.3286,50.76896552,125947.7755,9.844720497,5,3596.193284,2125.281616,4,34.09310345,6.844720497,10,7.75,6,3
552313.437,5282434.957,1278544.061,256304.2808,48.31693364,127150.2245,9.537974684,5,3508.980035,2002.428223,4,35.83066362,6.537974684,10,7.75,6,3
552563.437,5282434.957,1279364.222,256281.2332,45.07003444,128644.0612,9.251572327,5,3422.310171,1879.574829,4,38.1021814,6.251572327,10,6.5,6,3
551563.437,5282184.957,1276060.532,255553.264,56.13088404,126947.4694,9.707006369,5,3507.381137,2284.698486,4.414012739,24.09070034,7.121019108,10,8.5,6,2.5
551813.437,5282184.957,1276880.693,255530.2159,54.95166858,127125.9388,9.918238994,5,3679.311567,2284.698486,4.163522013,26.93325662,7.081761006,10,7.75,6,3
552063.437,5282184.957,1277700.853,255507.1681,55.02525832,127742.3673,9.805031447,5,3687.308675,2284.698486,4.157232704,29.2445465,6.993710692,10,7.75,6,3
552313.437,5282184.957,1278521.014,255484.1205,52.60275545,129156.8776,9.50617284,5,3563.081981,2082.136658,4.154320988,31.84041332,6.740740741,10,7.75,6,3
552563.437,5282184.957,1279341.174,255461.0732,50.45914845,130640.2245,9.201257862,5,3442.759788,1879.574829,4.125786164,34.27272727,6.433962264,10,6.5,6,3
551563.437,5281934.957,1276037.483,254733.1027,57.83218391,129052.898,9.819875776,5,3740.489083,2284.698486,4.689440994,22.20689655,7.50931677,10,8.5,6,2.5
551813.437,5281934.957,1276857.645,254710.0549,58.26689576,130487.3061,9.943396226,5,3908.19276,2284.698486,4.459119497,22.74799542,7.402515723,10,7.75,6,3
552063.437,5281934.957,1277677.806,254687.0073,58.13318025,130588.4286,9.786163522,5,3865.263243,2284.698486,4.41509434,24.94833525,7.308176101,10,7.75,6,3
552313.437,5281934.957,1278497.967,254663.96,56.42413793,130649.4082,9.496855346,5,3720.454559,2082.136658,4.459119497,29.8816092,7.182389937,10,7.75,6,3
552563.437,5281934.957,1279318.127,254640.9129,53.8630137,131830.0816,9.186335404,5,3536.069716,1879.574829,4.416149068,30.14269406,6.937888199,10,6,6,2.333333333
551563.437,5281684.957,1276014.436,253912.9412,61.03678161,128496.2449,9.919254658,5,3992.460205,2284.698486,5.031055901,20.04367816,7.950310559,10,8.75,6,3
551813.437,5281684.957,1276834.597,253889.8936,60.36811927,130789.5918,9.993710692,5,4150.55712,2284.698486,4.767295597,21.48165138,7.761006289,10,7.75,6,3
552063.437,5281684.957,1277654.758,253866.8463,60.56750572,131749.6531,9.779874214,5,4049.810229,2284.698486,4.716981132,23.41762014,7.679245283,10,7.75,6,3
551563.437,5281434.957,1275991.388,253092.7794,62.17680827,126342.1429,9.924528302,5,4235.711849,2284.698486,5.27672956,20.02181401,8.27672956,10,9,6,2.6
551813.437,5281434.957,1276811.55,253069.7321,60.66360505,129494.4286,10,5,4379.157287,2284.698486,5.012658228,22.05510907,8.012658228,10,8.5,6,3
551563.437,5281184.957,1275968.341,252272.6174,62.08009153,117189.4286,9.672955975,5,4507.310219,2197.688721,5.383647799,19.82494279,8.383647799,10,9.25,6,2
551813.437,5281184.957,1276788.503,252249.5703,60.6559633,119921.1837,9.943037975,5,4481.850348,2284.698486,5.094936709,22.33944954,8.094936709,10,8.5,6,3
551563.437,5280934.957,1275945.294,251452.4551,63.86911596,108378.4286,9.4125,5,4724.924604,2284.698486,5.39375,20.01607348,8.39375,10,9.25,6,2
551813.437,5280934.957,1276765.456,251429.4083,60.2445465,110336.6735,9.82278481,5,4583.543758,2284.698486,5.101265823,24.32491389,8.101265823,10,9,6,2.333333333
551813.437,5280684.957,1276742.409,250609.246,62.31609195,100311.551,9.721518987,5.050632911,4641.254338,2211.402832,5.101265823,22.25862069,8.202531646,10,8.5,6,3
551813.437,5280434.957,1276719.363,249789.0835,63.39770115,92123.71429,9.4375,5.2875,5261.19612,2138.107178,5.125,23.22068966,8.7,10,8.5,6,3
551813.437,5280184.957,1276696.317,248968.9207,61.18714122,83165.53061,9.203821656,5.547770701,6001.13595,2138.107178,5.133757962,25.90929966,9.23566879,10,8.8,6,2.6
552063.437,5280184.957,1277516.48,248945.8749,54.65287356,84758.77551,9.43125,5.4875,5569.934104,2138.107178,5,32.45862069,9.1375,10,8.8,6,2.6
549563.437,5288934.957,1270121.677,277881.9767,59.12929062,97804.69388,7.704402516,4,2227.591248,1246.734467,4,19.61556064,5,9.666666667,9.333333333,6,3.333333333
549813.437,5288934.957,1270941.834,277858.9202,51.05034325,99818.53061,8.341772152,4,2057.878132,1166.808716,4,23.70480549,5,9.666666667,9.333333333,6,3.333333333
550063.437,5288934.957,1271761.99,277835.8638,49.06872852,101178.5306,8.874213836,4,1917.762533,1166.808716,4,23.6231386,5,10,10,6,4.5
550313.437,5288934.957,1272582.147,277812.8076,51.10983982,101862.6327,9,4,1859.80896,1166.808716,4,21.67162471,5,9.666666667,10,6,3.666666667
550563.437,5288934.957,1273402.303,277789.7517,47.83467279,101032.3469,8.925,4,1913.055092,1463.675781,3.925,25.53960964,4.925,9.75,10,6,3.75
550813.437,5288934.957,1274222.458,277766.6959,46.67316514,99391.77551,8.666666667,4,2147.476374,1463.675781,3.666666667,30.16055046,4.666666667,9.75,10,6,3.75
549563.437,5288684.957,1270098.62,277061.8197,57.04467354,98999.57143,7.710691824,4,2206.059609,1098.2099,3.899371069,20.90721649,5,9.666666667,9.333333333,6,3.333333333
549813.437,5288684.957,1270918.777,277038.7633,49.37514384,100374.2245,8.283018868,4,2070.813447,1166.808716,3.886792453,26.50747986,5,9.666666667,9.333333333,6,3.333333333
550063.437,5288684.957,1271738.934,277015.7072,49.097254,101272.2857,8.708860759,4,1945.219535,1166.808716,3.860759494,22.96453089,5,10,10,6,4.5
550313.437,5288684.957,1272559.091,276992.6513,52.44329897,101628.8367,8.849056604,4,1909.430119,1166.808716,3.849056604,21.03894616,5,9.75,10,6,3.75
550563.437,5288684.957,1273379.247,276969.5956,51.01603666,100975.7959,8.763975155,4,1961.435722,1463.675781,3.763975155,24.29896907,4.925465839,9.75,10,6,3.75
550813.437,5288684.957,1274199.403,276946.5401,49.71330275,99512.46939,8.591194969,4,2159.276845,1463.675781,3.559748428,27.83142202,4.647798742,9.75,10,6,3.75
551063.437,5288684.957,1275019.559,276923.4848,46.56621005,98354.63265,8.371069182,4,2361.236405,1463.675781,3.295597484,30.82077626,4.327044025,9.75,10,6,3.75
549563.437,5288434.957,1270075.564,276241.6624,52.90126292,100665.551,7.797468354,4,2143.785188,1098.2099,3.658227848,24.94489093,5,9.666666667,9.333333333,6,3.333333333
549813.437,5288434.957,1270895.721,276218.6063,47.84571429,101578.2653,8.169811321,4,2122.396667,1166.808716,3.58490566,28.61257143,5,9.666666667,9.333333333,6,3.333333333
550063.437,5288434.957,1271715.878,276195.5504,52.01490826,102014.3878,8.47133758,4,2028.73329,1166.808716,3.573248408,24.62844037,5,10,10,6,4.5
550313.437,5288434.957,1272536.035,276172.4947,56.89758343,101909,8.55625,4,2012.589898,1166.808716,3.55625,22.27848101,5,9.75,10,6,3.75
550563.437,5288434.957,1273356.191,276149.4393,56.02293578,100928.4082,8.556962025,4,2044.037559,1463.675781,3.525316456,22.44610092,4.924050633,9.75,10,6,3.75
550813.437,5288434.957,1274176.348,276126.384,51.35935706,99642.32653,8.50931677,4,2129.12864,1463.675781,3.366459627,25.64179104,4.639751553,9.75,10,6,3.75
551063.437,5288434.957,1274996.504,276103.329,46.13824885,98661.73469,8.459627329,4,2247.901476,1463.675781,3.192546584,30.04262673,4.316770186,9.75,10,6,3.75
549563.437,5288184.957,1270052.508,275421.5049,54.32950631,101860.4286,7.875,4,2054.443641,1253.071686,3.4125,26.08036739,5,9.666666667,9.333333333,6,3.333333333
549813.437,5288184.957,1270872.665,275398.449,48.43087558,102133.9592,8.101265823,4,2179.307342,1346.062683,3.278481013,29.90092166,5,10,10,6,4.5
550063.437,5288184.957,1271692.822,275375.3934,52.61882893,102108.1429,8.226415094,4,2140.77231,1346.062683,3.251572327,26.82778416,5,10,10,6,4.5
550313.437,5288184.957,1272512.979,275352.338,56.47706422,101675.2041,8.238993711,4,2142.649569,1525.31665,3.238993711,22.82568807,5,10,10,6,4.333333333
550563.437,5288184.957,1273333.136,275329.2828,56.93333333,100871.8571,8.297468354,4,2111.845364,1476.340576,3.221518987,22.50689655,4.898734177,9.75,10,6,3.75
550813.437,5288184.957,1274153.293,275306.2278,53.37729358,99763.02041,8.443037975,4,2110.214172,1470.008179,3.170886076,24.59977064,4.626582278,9.75,10,6,3.75
551063.437,5288184.957,1274973.449,275283.173,47.57634902,98959.67347,8.54375,4,2094.253793,1476.340576,3.075,29.11940299,4.3125,9.666666667,10,6,3.333333333
549813.437,5287934.957,1270849.61,274578.2915,47.86796785,102688.6122,8.01863354,4,2233.859092,1525.31665,3.031055901,30.21239954,5,10,10,6,4
550063.437,5287934.957,1271669.767,274555.2362,52.87299771,102200.8571,8.025316456,4,2227.740668,1525.31665,3.025316456,26.21395881,5,10,10,6,4
550313.437,5287934.957,1272489.924,274532.181,55.00574053,101440.3673,8.012658228,4,2231.967656,1525.31665,3.012658228,23.8576349,5,10,10,6,4
550563.437,5287934.957,1273310.081,274509.126,56.97368421,100814.2653,8.118012422,4,2203.768562,1476.340576,3.01863354,23.22425629,4.900621118,10,10,6,4
550813.437,5287934.957,1274130.238,274486.0713,53.33256881,99242.71429,8.39375,4,2086.995263,1476.340576,3.0125,24.38417431,4.60625,10,10,6,4
551063.437,5287934.957,1274950.394,274463.0167,48.89257143,98616.61224,8.65,4,1961.638468,1476.340576,3,28.31657143,4.3125,10,10,6,4
549813.437,5287684.957,1270826.554,273758.1339,49.24713959,102769.0408,8,4,2246.854004,1525.31665,3,28.92906178,5,10,10,6,4
550063.437,5287684.957,1271646.712,273735.0787,50.00457666,101775.449,8,4,2246.854004,1525.31665,3,28.06750572,5,10,10,6,4
550313.437,5287684.957,1272466.869,273712.0238,51.23482245,100552.2449,8,4,2246.854004,1525.31665,3,26.33447881,5,10,10,6,4
550563.437,5287684.957,1273287.027,273688.9691,51.42448513,99463.42857,8.1,4,2225.154319,1476.340576,3,27.34439359,4.9,10,10,6,4
550813.437,5287684.957,1274107.183,273665.9146,50.29621125,97429.16327,8.378881988,4,2082.569302,1476.340576,3,27.08610792,4.621118012,10,10,6,4
551063.437,5287684.957,1274927.34,273642.8603,46.96326062,96340.34694,8.685534591,4,1903.998975,1476.340576,3,29.07233065,4.314465409,10,10,6,4
549813.437,5287434.957,1270803.499,272937.976,50.78146453,102678.7551,8,4,2246.854004,1525.31665,3,30.36842105,5,10,10,6,2.5
550063.437,5287434.957,1271623.657,272914.921,45.79631761,101045.2041,8,4,2246.854004,1485.347656,3,33.55581128,5,10,10,6,2.5
550313.437,5287434.957,1272443.815,272891.8664,49.64416476,99181,8,4,2246.854004,1525.31665,3,28.7208238,5,10,10,6,3
550563.437,5287434.957,1273263.972,272868.8119,50.10183066,97452.22449,8.086419753,4,2225.154319,1476.340576,3,29.08924485,4.913580247,9.75,10,6,2.75
550813.437,5287434.957,1274084.129,272845.7576,49.95995423,94955.2449,8.366459627,4,2093.008798,1333.352661,3,26.63043478,4.633540373,9.75,10,6,2.75
551063.437,5287434.957,1274904.286,272822.7036,48.56551724,93867.46939,8.67721519,4,1895.20782,1333.352661,3,28.19310345,4.32278481,9.666666667,10,6,3.333333333
549813.437,5287184.957,1270780.444,272117.8178,51.59447005,100298.5102,8.03164557,4,2251.580898,1445.378662,3,32.25691244,5,10,10,6,2.5
550063.437,5287184.957,1271600.602,272094.7632,45.05263158,99574.26531,8.03164557,4,2253.854594,1445.378662,3,35.47597254,5,10,10,6,2.5
550313.437,5287184.957,1272420.76,272071.7087,49.64179104,97893.79592,8.037974684,4,2253.854594,1445.378662,3,29.74282434,5,9.75,10,6,2.75
550563.437,5287184.957,1273240.918,272048.6545,50.43498274,95525.06122,8.120253165,4,2236.928974,1190.364746,3,29.28193326,4.917721519,9.75,10,6,2.75
550813.437,5287184.957,1274061.075,272025.6005,52.26544622,92388.12245,8.371069182,4,2091.652139,1190.364746,3,25.98283753,4.647798742,9.75,10,6,2.75
551063.437,5287184.957,1274881.232,272002.5467,49.2301496,90660.38776,8.672955975,4,1914.125494,1190.364746,3,28.33141542,4.327044025,9.75,10,6,2.75
549813.437,5286934.957,1270757.39,271297.6595,52.25862069,94806.18367,8.264150943,4,2293.524606,1445.378662,3,32.77011494,5,10,10,6,2.5
550063.437,5286934.957,1271577.548,271274.6051,46.00115075,95814.93878,8.283018868,4,2296.486394,1445.378662,3,36.27042578,5,10,10,6,2.5
550313.437,5286934.957,1272397.706,271251.5509,47.52123995,93494.5102,8.291925466,4,2292.941223,1445.378662,3,31.61997704,5,9.75,10,6,2.75
550563.437,5286934.957,1273217.864,271228.4969,49.24339839,92132.16327,8.348101266,4,2272.380681,1190.364746,3,28.54535017,4.924050633,9.75,10,6,2.75
550813.437,5286934.957,1274038.021,271205.4431,51.25028703,89819.95918,8.471698113,4,2153.799273,1190.364746,3,25.96211251,4.647798742,9.75,10,6,2.75
551063.437,5286934.957,1274858.179,271182.3896,43.98737084,87452.26531,8.591194969,4,2000.699328,1190.364746,3,29.51894374,4.339622642,9.75,10,6,2.75
550563.437,5286684.957,1273194.81,270408.3391,49.42528736,86910.22449,8.572327044,4,2348.731015,1190.364746,3,27.87126437,4.93081761,9.75,10,6,2.75
550813.437,5286684.957,1274014.968,270385.2855,45.11569301,84964.44898,8.540880503,4,2269.843797,1190.364746,3,26.8510882,4.666666667,9.75,10,6,2.75
551063.437,5286684.957,1274835.125,270362.2323,36.99655963,83604.18367,8.50617284,4,2173.048188,1190.364746,3,29.48165138,4.327160494,9.75,10,6,2.75
551563.437,5273934.957,1275300.077,228487.8045,76.24200913,74507.91837,8.14375,8.91875,11952.09154,6176.850098,7.06875,9.77283105,10,9.857142857,8,6,2.428571429
551813.437,5273934.957,1276120.247,228464.7647,71.62686567,84661.38776,8.572327044,8.622641509,9972.042005,6284.334961,6.610062893,13.51435132,10,9.857142857,8,6,2.428571429
551563.437,5273684.957,1275277.038,227667.6344,78.52413793,74164.12245,8.088050314,9.018867925,11395.99464,6176.850098,7.301886792,7.757471264,10,9.857142857,7.857142857,6,2.428571429
551813.437,5273684.957,1276097.208,227644.5949,74.06888634,84433.10204,8.444444444,8.635802469,10011.12816,6230.592529,6.888888889,10.86452354,10,9.857142857,7.857142857,6,2.428571429
552063.437,5273684.957,1276917.378,227621.5556,70.50517837,93075.55102,8.855345912,8.308176101,9399.965771,6284.334961,6.685534591,14.3452244,10,9.666666667,7.444444444,6,2.777777778
551563.437,5273434.957,1275253.998,226847.4641,77.89667049,76172.71429,7.924528302,9.238993711,10529.37362,6176.850098,7.72327044,8.715269805,10,10,8,6,2.166666667
551813.437,5273434.957,1276074.168,226824.4248,73.52517162,86141.83673,8.238993711,8.786163522,9941.860948,6284.334961,7.339622642,11.7597254,10,10,8,6,2.166666667
552063.437,5273434.957,1276894.339,226801.3858,68.23218391,95149.59184,8.633540373,8.440993789,9354.745944,6284.334961,7.223602484,16.59425287,10,9.714285714,7.285714286,6,2.571428571
551563.437,5273184.957,1275230.959,226027.2934,77.71019473,77652.10204,7.765822785,9.462025316,10283.74139,6176.850098,8.139240506,10.26002291,10,10,7.8,6,2
551813.437,5273184.957,1276051.129,226004.2544,72.84942529,86332.5102,8.06918239,9.157232704,9385.887745,6230.592529,7.880503145,13.62758621,10,10,7.8,6,2
552063.437,5273184.957,1276871.3,225981.2156,67.04712644,95652.79592,8.571428571,8.850931677,8820.345641,6284.334961,7.745341615,18.74827586,10,9.666666667,7,6,2.833333333
551563.437,5272934.957,1275207.92,225207.1225,76.09839817,76472.4898,7.590062112,9.776397516,9672.265866,6176.850098,8.652173913,11.94508009,10,10,7.5,6,2.25
551813.437,5272934.957,1276028.091,225184.0837,71.46391753,84906.42857,7.924528302,9.578616352,8835.686411,6230.592529,8.509433962,15.17983963,10,10,7.5,6,2.25
552063.437,5272934.957,1276848.261,225161.0452,66.40778923,94431.89796,8.493670886,9.341772152,8052.857397,6284.334961,8.329113924,19.89576174,10,9.8,7.2,6,2.4
551563.437,5272684.957,1275184.881,224386.9512,74.7091954,73450.7551,7.455696203,9.987341772,9292.337977,6176.850098,8.987341772,12.55172414,10,10,8.75,6.25,4.5
551813.437,5272684.957,1276005.052,224363.9127,69.33295195,81759.85714,7.817610063,9.911949686,8382.396608,6230.592529,8.911949686,16.98169336,10,10,8.666666667,6,3.666666667
552063.437,5272684.957,1276825.223,224340.8744,64.03214696,91914.30612,8.46835443,9.810126582,7551.348257,6284.334961,8.810126582,21.53386912,10,9.75,8,6,3.5
551313.437,5272434.957,1274341.671,223589.8183,76.4690367,65962.97959,7.601265823,10,9503.625,5988.118164,9.056962025,8.503440367,10,10,9,6.4,5
551563.437,5272434.957,1275161.842,223566.7797,74.33103448,70249.36735,7.465408805,10,9116.266654,5988.118164,9.018867925,11.12758621,10,10,8.75,6.25,4.5
551813.437,5272434.957,1275982.014,223543.7414,70.34942529,79176.18367,7.7625,10,8167.343872,5588.408325,9,15.2816092,10,10,8.75,6.25,4.5
551563.437,5272184.957,1275138.804,222746.6078,71.05299539,67006.44898,7.5,10,8211.697191,5799.38623,9.1625,10.14285714,10,10,8.75,6.25,4.5
551813.437,5272184.957,1275958.976,222723.5698,69.2250287,75486.63265,7.41509434,10,7401.336175,4946.224121,9.044025157,14.03903559,10,10,8.75,6.25,4.5
551813.437,5271934.957,1275935.938,221903.3979,71.10297483,74063.34694,7.062893082,10,6362.322566,4946.224121,9.119496855,11.26773455,10,10,9,6.2,4
551563.437,5279684.957,1275830.062,247351.6399,64.9347079,61855,9.184713376,5.885350318,6520.168772,3190.056641,5.414012739,21.4696449,9.885350318,10,9.6,6,1
551813.437,5279684.957,1276650.226,247328.5943,55.76206897,60919.69388,9.094339623,5.968553459,7091.320632,3953.528809,5.157232704,28.73448276,9.968553459,10,8.666666667,6,1.666666667
551813.437,5279434.957,1276627.18,246508.4308,62.18296893,53388.26531,9.056962025,6,7235.490278,3953.528809,5.132911392,22.85155351,10,10,8.666666667,6,1.666666667
552063.437,5279434.957,1277447.344,246485.3857,54.01262916,54831.71429,8.816455696,5.867088608,7835.115269,3953.528809,5,30.2032147,9.867088608,10,8.666666667,6,1.666666667
549313.437,5274434.957,1267964.624,230335.5193,81.7816092,96594.47917,5.130434783,9.621118012,7499.348299,6056.396484,8.832298137,5.990804598,10,10,8.333333333,7,1
549563.437,5274184.957,1268761.752,229492.3049,83.91867125,95573.02041,4.163522013,10,8232.257888,6056.396484,8.924528302,4.083619702,10,10,9,7,1
550563.437,5281934.957,1272756.836,254825.2965,60.23306544,124988.5745,9.316770186,5,3573.303382,2066.843323,5.52173913,26.57979334,7.97515528,10,10,6,1.333333333
550813.437,5281934.957,1273576.998,254802.2477,61.05862069,124913.3878,9.44375,5,3400.003034,2110.678955,5.44375,25.05172414,7.8875,10,9.6,6,2
551063.437,5281934.957,1274397.16,254779.1991,60.38920781,124918.0816,9.4625,5,3422.506755,2110.678955,5.325,23.65097589,7.7875,10,9.6,6,2
550063.437,5281684.957,1271093.461,254051.2318,62.16319444,129240.6905,9.433962264,5.044025157,3992.314163,2023.00769,5.962264151,24.0162037,8.79245283,10,9.8,6,2.4
550313.437,5281684.957,1271913.624,254028.1828,62.98275862,125558.9773,9.614906832,5.01242236,3880.870476,2023.00769,5.857142857,25.42873563,8.645962733,10,9.75,6,2.75
550563.437,5281684.957,1272733.787,254005.1339,62.29357798,124262.8222,9.729559748,5,3698.614139,2023.00769,5.786163522,25.40825688,8.55345912,10,10,6,1.333333333
550813.437,5281684.957,1273553.95,253982.0854,62.60689655,125256.9167,9.753164557,5,3645.647718,2110.678955,5.753164557,24.33678161,8.506329114,10,9.6,6,2
551063.437,5281684.957,1274374.112,253959.0371,62.94827586,125140.7959,9.745341615,5,3659.456892,2110.678955,5.664596273,22.20229885,8.422360248,10,9.6,6,2
551313.437,5281684.957,1275194.274,253935.989,60.21624714,126290.898,9.825,5,3782.491544,2110.678955,5.33125,20.17963387,8.15625,10,9.6,6,2
550063.437,5281434.957,1271070.412,253231.0685,61.77933673,129524.359,10,5.110344828,3518.983607,2023.00769,6,22.9005102,9.110344828,10,9.666666667,6,3
550313.437,5281434.957,1271890.575,253208.0197,62.11599512,123603.5854,9.986666667,5.113333333,3561.159853,2023.00769,6,24.99023199,9.113333333,10,9.666666667,6,3
550563.437,5281434.957,1272710.738,253184.9712,62.0309633,121613.0233,9.893081761,5.044025157,3890.268635,2023.00769,5.981132075,25.81307339,9.006289308,10,9.666666667,6,3
550813.437,5281434.957,1273530.901,253161.9229,63.98169336,122165.3261,9.748427673,5.006289308,3947.394119,2110.678955,5.974842767,23.86613272,8.955974843,10,9.75,6,2.5
551063.437,5281434.957,1274351.064,253138.8748,64.78465063,123985.3061,9.72611465,5,4017.389355,2110.678955,5.936305732,22.32989691,8.917197452,10,10,6,1
551313.437,5281434.957,1275171.226,253115.827,64.02985075,124538.9388,9.7875,5,4131.157923,2110.678955,5.6125,20.71756602,8.6,10,9.5,6,2
551063.437,5281184.957,1274328.016,252318.7123,68.00114943,116538.5,9.227848101,5.018987342,4449.056336,2110.678955,5.962025316,19.73563218,8.981012658,10,10,6,1
551313.437,5281184.957,1275148.178,252295.6647,66.97588978,116930,9.401273885,5,4524.488381,2110.678955,5.700636943,19.61882893,8.700636943,10,10,6,1
555563.437,5260684.957,1287202.268,184649.981,44.56586483,63545.89796,8.93081761,10,2163.627742,1317.466553,8.088050314,26.9954181,9.088050314,9.666666667,9.666666667,7,3
555813.437,5260684.957,1288022.451,184626.9601,44.41905855,63557.16327,8.683544304,10,2312.782252,1317.466553,8,24.95177956,9,9.666666667,9.666666667,7,3
556063.437,5260684.957,1288842.633,184603.9395,40.07683486,64635.77551,8.440251572,10,2186.992488,1317.466553,8,28.48165138,9,9.666666667,9.666666667,7,3
555813.437,5260434.957,1287999.43,183806.7774,45.94144661,58589.4898,8.48447205,10,2199.571464,1317.466553,8,25.15614237,9,9.666666667,9.666666667,7,3
556063.437,5260434.957,1288819.613,183783.7571,46.12773303,57045.55102,8.284810127,10,2104.53031,1317.466553,8,23.52013809,9,9.666666667,9.666666667,7,3
555813.437,5260184.957,1287976.41,182986.5943,44.27784156,55496.5,8.261146497,10,2098.939653,1317.466553,8.006369427,26.43398393,9.006369427,9.666666667,9.666666667,7,3
556063.437,5260184.957,1288796.593,182963.5743,43.77560414,53575.22449,8.139240506,10,2034.611724,1317.466553,8,23.74223245,9,9.666666667,9.666666667,7,3
550563.437,5283934.957,1272941.235,261386.5879,72.28718535,61222.7551,6.2875,4.8625,3519.405899,2080.288239,4.0125,10.19107551,7.7125,10,9.666666667,6,1.333333333
550813.437,5283934.957,1273761.396,261363.5371,76.40091638,60824.55102,6.1,4.95,3652.443891,2580.390137,4,9.258877434,7.9,10,9.666666667,6,1.333333333
551063.437,5283934.957,1274581.556,261340.4866,73.27459954,66705.59184,6.0875,4.95625,3652.443891,2580.390137,4,13.32265446,7.9125,10,9.5,6,1
551313.437,5283934.957,1275401.715,261317.4363,65.48735632,75130.14286,6.075471698,4.962264151,3693.288889,2580.390137,4,21.07241379,7.924528302,10,9,6,1
551563.437,5283934.957,1276221.875,261294.3862,57.82663605,81708.44898,6.714285714,4.950310559,3431.211351,1872.490723,3.99378882,27.61538462,7.279503106,10,9,6,1
550563.437,5283684.957,1272918.184,260566.4273,78.37629459,68271.46939,6.272151899,4.974683544,3758.580616,2454.144165,4.107594937,6.924050633,7.841772152,10,9.666666667,6,1.333333333
550813.437,5283684.957,1273738.345,260543.3768,79.34443169,68798.5102,6.15,5,3792.098702,2580.390137,4.05,7.122847302,7.95,10,9.666666667,6,1.333333333
551063.437,5283684.957,1274558.505,260520.3265,74.58648339,73504.81633,6.075471698,5,3820.156794,2580.390137,4.025157233,13.91752577,7.974842767,10,9.25,6,2.25
551313.437,5283684.957,1275378.665,260497.2764,65.06064073,81935.71429,6,5,3829.827881,2580.390137,4,23.29176201,8,10,9,6,2
549563.437,5283434.957,1269614.488,259838.47,62.69804822,78164.61224,7.17721519,4.82278481,3727.336865,2263.809814,4.82278481,19.66934558,6.753164557,10,10,6,2
550063.437,5283434.957,1271254.812,259792.3678,54.86956522,76366.2449,7.14375,4.89375,3624.341844,2327.898193,4.68125,24.40503432,7.10625,10,10,6,2
550313.437,5283434.957,1272074.973,259769.317,62.55555556,75977.20408,7.031055901,4.962732919,3658.295209,2327.898193,4.52173913,16.50859107,7.403726708,10,9.75,6,1.75
550563.437,5283434.957,1272895.134,259746.2665,73.50574713,76227.46939,6.987421384,5,3656.113331,2454.144165,4.383647799,8.879310345,7.616352201,10,9.666666667,6,1.333333333
550813.437,5283434.957,1273715.295,259723.2162,76.40961098,78011.4898,6.79245283,5,3675.09049,2580.390137,4.264150943,10.04919908,7.735849057,10,9.25,6,2.25
551063.437,5283434.957,1274535.455,259700.1661,71.09070034,82812.12245,6.626582278,5,3707.585342,2580.390137,4.208860759,18.59471871,7.791139241,10,9.25,6,2.25
549813.437,5283184.957,1270411.599,258995.257,60.38117107,84686.97959,7.113207547,5,4120.294733,2566.287354,4.987421384,21.04247991,7.012578616,10,10,6,1.75
550063.437,5283184.957,1271231.761,258972.2062,55.35132032,84814.55102,7.375,5,3882.182782,2497.273438,4.8875,22.94489093,7.1125,10,10,6,1.75
550313.437,5283184.957,1272051.922,258949.1557,61.38231917,85313.22449,7.611111111,5,3652.305494,2497.273438,4.759259259,17.6326062,7.240740741,10,9.8,6,1.6
550563.437,5283184.957,1272872.084,258926.1054,71.24510932,86119.46939,7.829113924,5,3418.224562,2386.330872,4.651898734,10.75834292,7.348101266,10,9.666666667,6,1.333333333
550813.437,5283184.957,1273692.245,258903.0554,70.4183908,87628.55102,7.59375,5,3438.024871,2275.388306,4.53125,14.5183908,7.46875,10,9.25,6,2.25
551063.437,5283184.957,1274512.405,258880.0056,67.61680092,91254.44898,7.52173913,5,3477.60862,2275.388306,4.465838509,22.04142693,7.50310559,10,9.25,6,2.25
550063.437,5282934.957,1271208.71,258152.0444,54.4867664,92160.87755,7.73125,5,3893.152857,2666.648682,5.125,22.89298044,7.1375,10,10,6,1.75
550313.437,5282934.957,1272028.872,258128.9942,58.60091743,93227.61224,8.132911392,5,3525.942612,2666.648682,4.993670886,19.2706422,7.132911392,10,10,6,1.75
550563.437,5282934.957,1272849.034,258105.9441,65.58850575,95253.30612,8.626582278,5,3214.760584,2318.517578,4.905063291,16.37931034,7.094936709,10,9.666666667,6,1.333333333
551313.437,5287434.957,1275724.443,272799.6498,46.3409611,92646.36735,8.949685535,4,1750.616462,1150.5867,3,29.12128146,4.050314465,9.5,10,6,3
551563.437,5287434.957,1276544.599,272776.5962,46.74397245,91660.16327,9,4,1675.428955,967.8207397,3,26.39494834,4,9.5,10,6,3
551813.437,5287434.957,1277364.755,272753.5428,49.18025258,91062.73469,9,4,1675.428955,967.8207397,3,24.35361653,4,9.333333333,9,6,2.333333333
551313.437,5287184.957,1275701.389,271979.4932,46.12197929,88799.32653,8.919254658,4,1748.688577,1168.755737,3,30.36823936,4.062111801,9.333333333,9,6,2.333333333
551563.437,5287184.957,1276521.546,271956.4398,48.14810563,87306.4898,8.975,4,1675.428955,1147.146729,3,26.1423651,4,9.333333333,9,6,2.333333333
551813.437,5287184.957,1277341.702,271933.3867,48.63375431,86709.06122,8.968553459,4,1675.428955,1147.146729,3,25.88059701,4,9.333333333,9,6,2.333333333
551313.437,5286934.957,1275678.336,271159.3363,41.49942595,84951.2449,8.691823899,4,1881.449428,1168.755737,3,29.5717566,4.075471698,9.333333333,9,6,2.333333333
551563.437,5286934.957,1276498.493,271136.2832,46.64833906,82444.10204,8.748427673,4,1827.595637,1147.146729,3,27.86827033,4,9.333333333,9,6,2.333333333
551813.437,5286934.957,1277318.649,271113.2303,52.00229885,80985.61224,8.75308642,4,1827.467226,1147.146729,3,24.70574713,4,9.333333333,9,6,2.333333333
551313.437,5286684.957,1275655.283,270339.1792,35.60755149,80596.53061,8.452830189,4,2094.011688,992.8560448,3,28.33295195,4.088050314,9.333333333,9,6,2.333333333
551563.437,5286684.957,1276475.44,270316.1264,40.99770905,78090.42857,8.440251572,4,2060.650924,1147.146729,3,31.17182131,4,9.333333333,9,6,2.333333333
551813.437,5286684.957,1277295.597,270293.0737,49.32,76765.26531,8.416149068,4,2060.397655,1147.146729,3,29.36914286,4,9.333333333,9,6,2.333333333
550813.437,5286434.957,1273991.915,269565.1277,39.15711009,79926.2449,8.6375,4,2375.546442,89.77488709,3,28.30733945,4.675,9.5,10,6,1.5
551063.437,5286434.957,1274812.072,269542.0747,29.55912744,78749.71429,8.425,4,2319.440974,89.77488709,3,27.17451206,4.35625,9.5,10,6,1.5
551313.437,5286434.957,1275632.23,269519.0219,28.22107675,76749.4898,8.238993711,4,2299.291563,89.77488709,3,27.90034364,4.088050314,9,8.5,6,1.5
551563.437,5286434.957,1276452.387,269495.9693,35.1183908,73736.7551,8.144654088,4,2304.384574,1544.137817,3,28.38850575,4,9,8.5,6,1.5
551813.437,5286434.957,1277272.544,269472.9169,45.40778923,72544.91837,8.132075472,4,2293.084432,1544.137817,3,27.81672394,4,9,8.5,6,1.5
552063.437,5286434.957,1278092.701,269449.8648,53.576,70639.44898,8.124223602,4,2309.127432,1544.137817,3,29.84342857,4,9,8.5,6,1.5
552313.437,5286434.957,1278912.858,269426.8129,49.10057143,68246.22449,8.101910828,4,2313.137463,1477.995728,3,35.65028571,3.987261147,9.333333333,8,6,1.333333333
551063.437,5286184.957,1274789.02,268721.9169,25.88228571,72952.97959,8.367088608,4,2428.048918,89.77488709,3,26.92571429,4.367088608,9.5,10,6,1.5
551313.437,5286184.957,1275609.177,268698.8644,20.84579977,71960.18367,8.094936709,4,2426.574263,816.9563522,3,28.61219793,4.094936709,9,8.5,6,1.5
551563.437,5286184.957,1276429.335,268675.812,30.37185355,69904.46939,8,4,2426.11792,1544.137817,3,28.80549199,4,9,8.5,6,1.5
551813.437,5286184.957,1277249.492,268652.7599,43.27095293,69666.93878,8,4,2426.11792,1544.137817,3,27.89437428,4,9,8.5,6,1.5
552063.437,5286184.957,1278069.649,268629.708,48.18275862,67894.79592,8,4,2426.11792,1544.137817,3,31.9816092,4,9,8.5,6,1.5
551313.437,5285934.957,1275586.125,267878.7066,23.05402299,68746.04082,8.094936709,4,2426.452457,89.77488709,3,32.51034483,4.094936709,9,8.5,6,1.5
551563.437,5285934.957,1276406.283,267855.6545,27.72445465,68010.02041,8,4,2426.11792,1544.137817,3,33.41331803,4,9,8.5,6,1.5
551813.437,5285934.957,1277226.44,267832.6027,39.50631458,68219.12245,8,4,2426.11792,1544.137817,3,33.1641791,4,9,8.5,6,1.5
552063.437,5285934.957,1278046.598,267809.551,45.90126292,66760.28571,8,4,2426.11792,1544.137817,3,31.74626866,4,9,8.5,6,1.5
552063.437,5285684.957,1278023.546,266989.3938,45.91944764,67202.95918,8,4,2426.11792,2120.563965,3,31.69044879,4,9.333333333,8.333333333,6,1.333333333
552063.437,5285434.957,1278000.495,266169.2363,47.59382151,69157.95918,8,4,2638.939181,2120.563965,3.006289308,33,4.163522013,9.333333333,8.333333333,6,1.333333333
552063.437,5285184.957,1277977.444,265349.0787,48.27835052,73588.16327,8,4,3055.386548,2120.563965,3.06918239,33.59564719,4.509433962,9.333333333,8.333333333,6,1.333333333
552063.437,5284934.957,1277954.394,264528.9207,49.45350172,77893.89796,8,4,3499.927384,2120.563965,3.125786164,33.09873708,4.886792453,9.5,8.25,6,1.25
553313.437,5266434.957,1280350.239,203721.3524,45.02643678,66427.18367,9,9,2801.996644,2207.843506,10,24.81954023,10,9.75,9,6.25,3.5
553313.437,5266184.957,1280327.209,202901.1749,46.24225029,63392.61224,8.75,9.0125,2797.237853,2207.843506,10,22.7141217,10,9.6,8.8,6.4,3.6
553563.437,5266184.957,1281147.387,202878.1451,50.84712644,63160.71429,8.590062112,8.881987578,3165.539964,2207.843506,10,20.77816092,10,9.6,8.8,6.4,3.6
553813.437,5266184.957,1281967.564,202855.1156,54.55263158,66573.55102,8.51572327,8.616352201,3594.821708,2193.561523,9.993710692,20.48283753,10,9.5,8.5,6.5,4
553313.437,5265934.957,1280304.179,202080.9971,49.94508009,59124.71429,8.150943396,9.012578616,2960.663491,2207.843506,10,21.22883295,10,9.6,8.8,6.4,3.6
553563.437,5265934.957,1281124.357,202057.9675,51.24225029,58180.93878,7.761006289,8.949685535,3323.527872,2207.843506,10,19.8771527,10,9.6,8.8,6.4,3.6
553813.437,5265934.957,1281944.535,202034.9383,54.53616533,61999.20408,7.666666667,8.777777778,3857.566491,2193.561523,9.932098765,17.62456946,10,9.5,8.5,6.5,4
553563.437,5265684.957,1281101.328,201237.7896,54.1662844,54885.06122,7.012658228,9,3631.03843,2207.843506,10,19.59977064,10,9.6,8.8,6.4,3.6
553813.437,5265684.957,1281921.506,201214.7607,55.49252014,57991.44898,6.918238994,8.911949686,4126.892872,2193.561523,9.886792453,17.92174914,10,9.6,8.8,6.4,3.6
554063.437,5265684.957,1282741.683,201191.7321,58.032,63436.95918,7.339622642,8.811320755,4525.472249,2193.561523,9.691823899,16.248,10,9.333333333,8.333333333,6.666666667,3.666666667
547063.437,5281184.957,1261205.383,252687.5074,60.4087256,110928.0408,10,5,4310.072093,2823.777832,7,21.90700344,9,10,3.333333333,6,1
547063.437,5280934.957,1261182.331,251867.3408,60.11940299,109154.8367,9.855345912,5.144654088,4512.264951,2823.777832,7.289308176,22.65097589,9.144654088,10,3.333333333,6,1
547063.437,5280684.957,1261159.28,251047.1739,61.73226545,104655.2041,9.550632911,5.449367089,4829.766939,2823.777832,7.898734177,21.29519451,9.449367089,10,3.333333333,6,1
549563.437,5278684.957,1269176.556,244255.349,68.45057471,110328.4898,8.284810127,6,5559.545786,3010.933838,7.018987342,18.5045977,10,10,8,6.666666667,4
549813.437,5278684.957,1269996.722,244232.3023,69.56831228,107339.2857,8.53164557,6,5109.929728,3010.933838,6.905063291,18.7141217,10,10,8,6.666666667,4
549563.437,5278434.957,1269153.509,243435.1822,72.19243986,106120.6327,8.119496855,6,5441.58696,3010.933838,7.119496855,16.42038946,10,10,8,6.666666667,4
549813.437,5278434.957,1269973.676,243412.1358,70.71756602,104331.2979,8.3375,6,5026.481294,3010.933838,7,18.836969,10,10,8,6.666666667,4
553813.437,5280684.957,1283303.7,250424.8826,58.48169336,132165.6735,9.842767296,5,3323.610959,2030.599365,4,22.63043478,7.201257862,10,5.333333333,5.666666667,3
553813.437,5280434.957,1283280.656,249604.7221,57.63490241,131855.8571,9.875776398,5,3352.765231,2030.599365,4,24.7543054,7.440993789,10,5.333333333,5.666666667,3
553813.437,5280184.957,1283257.612,248784.5614,56.9162844,134397.3265,9.949367089,5,3378.350361,2030.599365,4,26.86926606,7.683544304,10,5.333333333,5.666666667,3
553313.437,5279934.957,1281594.246,248010.4882,59.64982778,120321.7959,9.905660377,5,3625.500865,2061.949463,4.176100629,29.64753157,8.169811321,10,6,5.666666667,4.333333333
553563.437,5279934.957,1282414.407,247987.4441,58.71724138,129541.7551,9.955696203,5,3443.509578,2046.274414,4,28.32988506,7.949367089,10,5.5,5.5,4
553313.437,5279684.957,1281571.202,247190.3264,54.10562572,122736.3265,10,5,3563.941913,2061.949463,4.210191083,26.88978186,8.210191083,10,6,5.666666667,4.333333333
553313.437,5279434.957,1281548.158,246370.1644,51.40506329,117649.7347,10,5,3563.941913,2061.949463,4.24375,24.03337169,8.24375,10,6,5.666666667,4.333333333
552063.437,5279684.957,1277470.389,247305.549,47.51779564,62700.71429,9.15,5.79375,6837.362019,3953.528809,5,36.37428243,9.79375,10,8.4,6,1.8
552313.437,5279684.957,1278290.552,247282.504,42.94827586,71434.12245,9.120253165,5.575949367,6436.409955,3953.528809,5,40.14252874,9.575949367,10,8,6,2
552313.437,5279434.957,1278267.507,246462.3409,48.66093929,62833.44898,8.559006211,5.720496894,7717.182394,3097.085205,5,34.07560137,9.720496894,10,8,6,2
551313.437,5274934.957,1274572.07,231791.5231,48.54597701,107336.6735,9.430379747,7.120253165,4247.009419,5541.252197,6.284810127,31.26896552,10,9.6,8.8,6,2.2
551563.437,5274934.957,1275392.239,231768.482,44.91159587,113226.7347,9.8375,7.1,4282.678323,2297.63623,5.95625,33.74971297,10,9.5,8.5,6,2.5
551813.437,5274934.957,1276212.408,231745.4412,43.50172612,120846.3878,9.9125,7.15625,4490.902052,1878.302368,5.63125,35.67894131,10,9.5,8.5,6,2.5
552063.437,5274934.957,1277032.576,231722.4007,47.53211009,130480.4286,9.987261147,7.152866242,4592.330491,3946.69635,5.261146497,36.06995413,10,9.4,8,6,3
551063.437,5274684.957,1273728.86,230994.395,66.67894131,92571.22449,8.566037736,7.559748428,8094.409161,8784.868164,6.679245283,18.58112773,10,10,9.714285714,6.142857143,1.714285714
551313.437,5274684.957,1274549.029,230971.3539,60.61653272,94673.18367,9.130434783,7.552795031,7668.488617,8784.868164,6.434782609,23.51894374,10,9.75,9.125,6.125,2
551563.437,5274684.957,1275369.198,230948.3131,57.10526316,99060.89796,9.35,7.6375,6408.413192,8784.868164,6.2125,25.35011442,10,9.6,8.6,6,2.6
551813.437,5274684.957,1276189.367,230925.2725,53.47701149,107846.6327,9.6,7.5875,5921.064509,6015.090332,5.8,28.88965517,10,9.6,8.6,6,2.6
552063.437,5274684.957,1277009.536,230902.2323,54.51660939,115092.6327,9.825,7.5,5815.324921,6015.090332,5.36875,30.82474227,10,9.4,8,6,3
551313.437,5274434.957,1274525.988,230151.1844,71.30469645,85258.87755,8.628930818,8.106918239,11066.36125,8784.868164,6.761006289,14.86712486,10,9.875,9,6.125,2.375
551563.437,5274434.957,1275346.158,230128.1438,68.07807118,89513.30612,8.825,8.15,9220.647245,8784.868164,6.50625,17.57405281,10,9.714285714,8,6,2.571428571
551813.437,5274434.957,1276166.327,230105.1035,62.90218642,97853.57143,9.242236025,8.074534161,7819.161792,6015.090332,5.98136646,22.47871116,10,9.714285714,8,6,2.571428571
552063.437,5274434.957,1276986.496,230082.0635,63.0619977,104976.1224,9.594936709,7.949367089,7371.151998,6015.090332,5.493670886,23.0619977,10,9.571428571,7.428571429,6,2.714285714
551563.437,5274184.957,1275323.118,229307.9743,74.1534937,80114.67347,8.383647799,8.641509434,11071.86823,8784.868164,6.79245283,11.89003436,10,9.833333333,7.833333333,6,2.333333333
551813.437,5274184.957,1276143.287,229284.9343,69.12700229,89275.81633,8.836477987,8.490566038,9272.811286,6015.090332,6.283018868,17.13157895,10,9.833333333,7.833333333,6,2.333333333
552063.437,5274184.957,1276963.456,229261.8945,67.45809414,97077.53061,9.29375,8.26875,8807.52514,6015.090332,5.85,18.04477612,10,9.666666667,7.333333333,6,3
552063.437,5273934.957,1276940.417,228441.7252,69.53678161,92803.93878,9.044303797,8.310126582,9278.920664,6284.334961,6.291139241,15.75287356,10,9.666666667,7.333333333,6,3
552063.437,5284434.957,1277908.293,262888.6042,50.61371429,86380.89796,8.155279503,4.341614907,3496.244669,2341.345947,3.453416149,30.416,5.298136646,10,7.75,6,1
552063.437,5284184.957,1277885.243,262068.4456,49.20847652,89890.97959,8.283018868,4.660377358,3178.542848,2341.345947,3.704402516,31.70446735,5.421383648,10,7.75,6,1
551813.437,5283934.957,1277042.034,261271.3363,50.8016055,88814.08163,7.547169811,4.924528302,3177.156222,1872.490723,3.949685535,32.38188073,6.402515723,10,8.5,6,1
552063.437,5283934.957,1277862.194,261248.2867,44.39954076,95286.7551,8.383647799,4.911949686,2876.002055,1872.490723,3.918238994,37,5.534591195,10,7.666666667,6,1
551563.437,5283684.957,1276198.825,260474.2266,53.78694158,88495.44898,6.596273292,5,3572.327337,1872.490723,4,32.80641466,7.403726708,10,8.333333333,6,2.333333333
551813.437,5283684.957,1277018.985,260451.177,45.19332566,95840.04082,7.509433962,5,3170.578803,1872.490723,4,38.70771001,6.490566038,10,8.333333333,6,2.333333333
552063.437,5283684.957,1277839.144,260428.1277,40.82379863,102294.1429,8.433962264,5,2786.620549,1872.490723,4,40.81922197,5.566037736,10,7.4,6,1.8
551313.437,5283434.957,1275355.616,259677.1163,60.5155351,88799.22449,6.449367089,5,3764.506528,2580.390137,4.107594937,28.95742232,7.860759494,10,8.75,6,2.25
551563.437,5283434.957,1276175.776,259654.0668,48.35057471,95428.36735,6.905660377,5,3533.193991,1872.490723,4.018867925,39.5045977,7.358490566,10,8.75,6,2.25
551813.437,5283434.957,1276995.936,259631.0174,42.47241379,101742.8571,7.740506329,5,3217.507914,1872.490723,4,42.82643678,6.525316456,10,8.333333333,6,2.333333333
552063.437,5283434.957,1277816.095,259607.9683,39.30309989,107254.8367,8.459627329,5,2853.493136,1872.490723,4,43.16188289,5.708074534,10,7.4,6,1.8
551313.437,5283184.957,1275332.566,258856.956,58.76321839,97310.95918,7.4375,5,3584.025793,1970.386475,4.2875,31.01264368,7.56875,10,8.75,6,2.25
551563.437,5283184.957,1276152.726,258833.9067,46.81285878,101728.9184,7.761006289,5,3540.058226,1965.864746,4.113207547,40.75660161,7.27672956,10,8.75,6,2.25
551813.437,5283184.957,1276972.886,258810.8576,43.9793341,108370.3469,8.40625,5,3316.541773,1919.177734,4.0125,42.78645235,6.65,10,7.75,6,2
552063.437,5283184.957,1277793.046,258787.8088,40.42594719,112915.2857,8.93125,5,3058.078794,1965.864746,4,43.3673938,6.05,10,7.4,6,1.8
550813.437,5282934.957,1273669.195,258082.8943,68.1137931,97981.83673,8.51552795,5,3210.878316,1970.386475,4.838509317,18.07931034,7.161490683,10,9,6,2.666666667
551063.437,5282934.957,1274489.356,258059.8448,65.05485714,100433,8.444444444,5,3279.781263,1970.386475,4.716049383,24.68342857,7.209876543,10,9,6,2.666666667
551313.437,5282934.957,1275309.517,258036.7955,59.20114943,104484.2245,8.459627329,5,3426.007221,1970.386475,4.472049689,30.34367816,7.267080745,10,8.75,6,2.25
551563.437,5282934.957,1276129.677,258013.7464,53.54639175,107897.9184,8.681528662,5,3504.329082,1965.864746,4.23566879,34.83390607,7.184713376,10,8.75,6,2.25
551813.437,5282934.957,1276949.838,257990.6975,46.31844215,113597.2245,9.14556962,5,3447.880847,1965.864746,4.037974684,39.78350515,6.791139241,10,7.75,6,2
551813.437,5279934.957,1276673.271,248148.7576,58.41762014,72931.93878,9.050314465,5.823899371,6712.675145,3045.817993,5.13836478,26.90503432,9.735849057,10,8.5,6,2
552063.437,5279934.957,1277493.434,248125.7121,49.24339839,73435.5102,9.299363057,5.694267516,6275.970822,3045.817993,5,36.19977038,9.617834395,10,8.5,6,2
552313.437,5279934.957,1278313.597,248102.6668,44.74455899,81072.46939,9.51572327,5.427672956,5390.912436,2647.510376,5,39.94730813,9.339622642,10,8,6,2.333333333
552563.437,5279434.957,1279087.67,246439.2964,51.09988519,73193.73469,8.75625,5.4375,6793.97043,2240.641602,5,32.85304248,9.4375,10,7.5,6,2
556313.437,5260434.957,1289639.795,183760.7371,38.48850575,58864.81633,8.082278481,10,1991.142603,1304.159241,8,27.79195402,9,9.333333333,8.666666667,7,3.666666667
556313.437,5260184.957,1289616.776,182940.5546,44.04908676,54335.73469,8.031055901,10,1968.018992,1317.466553,8,23.08561644,9,9.5,9.5,7,4
556563.437,5260184.957,1290436.958,182917.5353,43.94942529,59153.5102,8.01875,10,1924.546549,1290.851929,7.98125,24.87471264,9,9.5,9.5,7,4
556813.437,5260184.957,1291257.14,182894.5163,45.12399541,64385.2449,8.088607595,10,1929.958255,1290.851929,7.911392405,24.96326062,9,9.333333333,8.666666667,7,3.666666667
557063.437,5260184.957,1292077.322,182871.4976,47.86368843,71084.91837,8.236024845,10,1939.742855,1290.851929,7.763975155,25.54524628,9,9.333333333,8.666666667,7,3.666666667
557313.437,5260184.957,1292897.504,182848.4794,52.63605052,76036.40816,8.471698113,10,1954.060496,1224.907104,7.528301887,23.54535017,9,9.333333333,8.666666667,7,3.666666667
557563.437,5260184.957,1293717.685,182825.4615,51.00230415,77821.59184,8.704402516,10,1971.256763,1224.907104,7.295597484,23.69700461,9,9.333333333,8.666666667,7,3.666666667
556063.437,5259934.957,1288773.573,182143.3912,42.96900115,51615.5,8.025157233,10,1960.570913,507.6434326,8,26.21125144,9,9.5,9.5,7,4
556313.437,5259934.957,1289593.756,182120.3717,42.89298044,49740.20408,8,10,1929.288985,1118.586212,8,23.94131185,9,9.5,9.5,7,4
556563.437,5259934.957,1290413.939,182097.3527,44.80045872,54820.77551,8,10,1922.833984,1358.382935,8,25.08600917,9,9.5,9.5,7,4
556813.437,5259934.957,1291234.122,182074.334,44.85878301,59287.22449,8,10,1922.833984,1358.382935,8,26.18484501,9,9.333333333,8.666666667,7,3.666666667
557063.437,5259934.957,1292054.304,182051.3156,48.38550058,64736.57143,8.038216561,10,1926.259115,1358.382935,7.961783439,26.39700806,9,9.333333333,8.666666667,7,3.666666667
557313.437,5259934.957,1292874.486,182028.2976,52.02752294,70453.34694,8.272151899,10,1942.167943,1056.206421,7.727848101,24.29472477,9,9.333333333,8.666666667,7,3.666666667
557563.437,5259934.957,1293694.668,182005.28,51.79908152,72238.53061,8.544303797,10,1961.238257,1056.206421,7.455696203,21.17566016,9,9.333333333,8.666666667,7,3.666666667
557813.437,5259934.957,1294514.849,181982.2627,51.25658648,72191.63265,8.816455696,10,1979.957044,1056.206421,7.183544304,20.97136312,9,9.25,8.25,6.75,3
558063.437,5259934.957,1295335.031,181959.2458,48.0954023,71573.63265,8.89375,10,2061.333588,929.7723389,7.05625,22.6183908,9.05,9.25,8.25,6.75,3
556063.437,5259684.957,1288750.554,181323.2077,44.98392652,51674,8,10,1902.318478,507.6434326,8,28.66934558,9,9.5,9.5,7,4
556313.437,5259684.957,1289570.737,181300.1885,45.01033295,50729.22917,8,10,1922.833984,933.0131836,8,24.90126292,9,9.5,9.5,7,4
556563.437,5259684.957,1290390.92,181277.1697,42.39954076,50939.85714,8,10,1922.833984,1358.382935,8,28.03673938,9,9.5,9.5,7,4
556813.437,5259684.957,1291211.103,181254.1513,42.58027523,55088.20408,8,10,1922.833984,1358.382935,8,30.19724771,9,9.5,9.5,7,4
557063.437,5259684.957,1292031.286,181231.1332,45,60671.26531,8.012578616,10,1923.679428,1358.382935,7.987421384,30.93814433,9,9.333333333,8.666666667,7,3.666666667
557313.437,5259684.957,1292851.468,181208.1155,49.14466131,65271.42857,8.151898734,10,1933.109375,1056.206421,7.848101266,25.35476464,9,9.333333333,8.666666667,7,3.666666667
557563.437,5259684.957,1293671.651,181185.0981,49.49313501,67241,8.372670807,10,1949.55,1056.206421,7.627329193,21.22425629,9,9.333333333,8.666666667,7,3.666666667
557813.437,5259684.957,1294491.832,181162.0811,49.09988519,67992.61224,8.616352201,10,1965.648112,1056.206421,7.383647799,18.76923077,9,9.25,8.25,6.75,3
558063.437,5259684.957,1295312.014,181139.0645,46.27293578,67593.30612,8.698113208,10,2035.881638,992.9893799,7.251572327,20.39793578,9.050314465,9.25,8.25,6.75,3
558313.437,5259684.957,1296132.195,181116.0482,45.17241379,64001.02041,8.283018868,10,2320.281738,929.7723389,7.389937107,23.10229885,9.327044025,9.333333333,8,6.666666667,2.333333333
557313.437,5259434.957,1292828.451,180387.933,45.09770115,62109.7551,8.044303797,10,1927.115397,1056.206421,7.955696203,25.35057471,9,9.333333333,8.666666667,7,3.666666667
547313.437,5281184.957,1262025.549,252664.4558,60.20895522,108442.3061,10,5,4358.941895,2777.384155,7,22.80137773,9,10,4,6,1
547563.437,5281184.957,1262845.715,252641.4045,59.53103448,108350.9796,10,5,4421.796201,2730.990479,7,24.17241379,9,10,4,6,1
547813.437,5281184.957,1263665.881,252618.3534,61.83142202,109971.8571,10,5,4555.709573,2730.990479,7,23.67889908,9,10,4,6,1
547313.437,5280934.957,1262002.498,251844.2895,60.0310702,107979.2857,9.84375,5.15625,4481.001446,2777.384155,7.3125,23.41542002,9.15625,10,4,6,1
547563.437,5280934.957,1262822.664,251821.2384,59.98059361,108054.3878,9.855345912,5.163522013,4528.31742,2730.990479,7.308176101,24.91324201,9.163522013,10,4,6,1
547813.437,5280934.957,1263642.83,251798.1875,61.84306987,110176.7551,9.911392405,5.164556962,4612.495117,2730.990479,7.253164557,24.43757159,9.164556962,10,4.6,6,2
548063.437,5280934.957,1264462.996,251775.1369,63.31880734,111726.8163,9.981132075,5.169811321,4703.322284,2730.990479,7.188679245,24.8233945,9.169811321,10,5,6,1.833333333
547313.437,5280684.957,1261979.446,251024.1228,62.04022989,104905.0816,9.563291139,5.436708861,4815.592254,2777.384155,7.873417722,21.58735632,9.436708861,10,4,6,1
547563.437,5280684.957,1262799.613,251001.072,61.63103448,106094.6939,9.61875,5.45625,4789.519426,2730.990479,7.8375,23.83333333,9.45625,10,4,6,1
547813.437,5280684.957,1263619.78,250978.0214,62.78465063,108536.8163,9.753164557,5.46835443,4760.984758,2730.990479,7.715189873,25.23482245,9.46835443,10,4.6,6,2
548063.437,5280684.957,1264439.946,250954.971,64.68239356,110355.7347,9.893081761,5.471698113,4756.916058,2730.990479,7.559748428,25.19677791,9.471698113,10,5.2,6,2
548063.437,5280434.957,1264416.896,250134.8048,65.50917431,109637.6122,9.803797468,5.784810127,4774.546881,2730.990479,7.943037975,25.19036697,9.784810127,10,4.75,6,2.25
552313.437,5284934.957,1278774.551,264505.8704,45.41149425,81260.14286,8,4,3760.917933,2010.011047,3,36.75172414,4.753164557,9.75,7.25,6,1
549063.437,5289934.957,1268573.593,281208.7187,58.70444444,93886.48,7.036585366,4,2349.87085,1205.137451,4.036585366,23.45558087,5.073170732,9.333333333,9,6,2.333333333
549313.437,5289934.957,1269393.749,281185.6607,62.47767857,93203.8,7.2,4,2356.153267,1205.137451,4,20.21917808,5,9.333333333,9,6,2.333333333
549563.437,5289934.957,1270213.905,281162.6029,59.55752212,97503.88462,7.775,4,2232.367641,1395.259033,4,23.80498866,5,9.333333333,9,6,2.333333333
549813.437,5289934.957,1271034.061,281139.5454,48.08,100131.2963,8.4,4,2063.551989,1585.380615,4,30.86136364,5,9.333333333,9,6,2.333333333
550063.437,5289934.957,1271854.217,281116.488,46.37668161,101726.25,8.904761905,4,1924.003687,1585.380615,4,29.88329519,5,9.333333333,9.666666667,6,3.333333333
550313.437,5289934.957,1272674.373,281093.4309,48,102225.8571,9,4,1859.80896,1585.380615,4,26.89366516,5,9.25,9.75,6,3
550563.437,5289934.957,1273494.528,281070.374,46.13274336,101685.6296,8.918604651,4,1924.349726,1151.864502,3.918604651,26.72009029,4.918604651,9.25,9.75,6,3
553563.437,5265434.957,1281078.299,200417.6114,54.44661309,52480.20408,6.471698113,9,3800.000923,2207.843506,10,19.76004592,10,9.666666667,9.333333333,6.666666667,3
553813.437,5265434.957,1281898.477,200394.5827,57.41122566,53574.89796,6.075471698,8.993710692,4431.023243,2193.561523,9.893081761,17.60595647,10,9.666666667,9.333333333,6.666666667,3
554063.437,5265434.957,1282718.655,200371.5544,59.33638444,60038.28571,6.578616352,8.974842767,4813.875685,2193.561523,9.647798742,15.30663616,10,9.5,9,7,3.5
553563.437,5265184.957,1281055.27,199597.4329,57.24799082,52646.30612,6.622641509,9,3630.349315,2207.843506,10,19.33065442,10,9.666666667,9.333333333,6.666666667,3
553813.437,5265184.957,1281875.449,199574.4045,57.93210587,54118.81633,5.931677019,9,4388.378421,2193.561523,9.962732919,18.12313003,10,9.666666667,9.333333333,6.666666667,3
554063.437,5265184.957,1282695.627,199551.3764,61.24942529,59165.55102,6.275,9,4846.81484,2193.561523,9.7,15.31264368,10,9.5,9,7,3.5
553813.437,5264934.957,1281852.421,198754.2258,56.88377445,57444.42857,5.9,9,4302.137119,2337.942139,10,19.63521289,10,9.75,9.5,6.75,3.5
554063.437,5264934.957,1282672.599,198731.198,59.99314286,61013.77551,5.93125,9,4807.501925,2265.751831,9.8,16.06057143,10,9.666666667,9.333333333,7,4
553813.437,5264684.957,1281829.393,197934.0469,55.19632606,61063.59184,6.23125,9.10625,4057.262967,2337.942139,9.89375,20.69115959,10,9.75,9.5,6.75,3.5
550813.437,5289934.957,1274314.683,281047.3172,45.88418708,99697.61538,8.674698795,4,2160.492999,1151.864502,3.674698795,29.35079727,4.674698795,9.333333333,10,6,3.666666667
551063.437,5289934.957,1275134.838,281024.2607,45.91071429,98023.64,8.345679012,4,2411.063031,1151.864502,3.345679012,29.71232877,4.345679012,9.333333333,10,6,3.666666667
551313.437,5289934.957,1275954.992,281001.2044,51.20224719,96210.16667,8.05,4,2652.584702,1615.256714,3.05,26.1624714,4.05,9,10,6,3
550313.437,5289684.957,1272651.316,280273.2754,48,102093.6389,9,4,1859.80896,1585.380615,4,26.89366516,5,9.5,10,6,3.5
550563.437,5289684.957,1273471.471,280250.2187,46.13274336,101335.2,8.918604651,4,1924.349726,1151.864502,3.918604651,26.72009029,4.918604651,9.5,10,6,3.5
550813.437,5289684.957,1274291.627,280227.1622,45.88418708,99456.79412,8.674698795,4,2160.492999,1151.864502,3.674698795,29.35079727,4.674698795,9.5,10,6,3.5
551063.437,5289684.957,1275111.781,280204.106,45.91071429,97822.93939,8.345679012,4,2411.063031,1151.864502,3.345679012,29.71232877,4.345679012,9.5,10,6,3.5
551313.437,5289684.957,1275931.936,280181.0499,51.20224719,97663.125,8.05,4,2652.584702,1615.256714,3.05,26.1624714,4.05,9,10,6,2
550313.437,5289434.957,1272628.259,279453.1197,47.77777778,102094.4419,9,4,1859.80896,1585.380615,4,24.62588905,5,9.5,10,6,3.5
550563.437,5289434.957,1273448.415,279430.0632,46.05758427,101180.8333,8.902255639,4,1913.729094,1151.864502,3.902255639,28.53835227,4.902255639,9.5,10,6,3.5
550813.437,5289434.957,1274268.57,279407.007,47.26901408,99542.73171,8.65648855,4,2165.632897,1151.864502,3.65648855,29.97146933,4.65648855,9.5,10,6,3.5
551063.437,5289434.957,1275088.725,279383.951,47.47265077,97901.275,8.356589147,4,2401.951394,1151.864502,3.356589147,29.56879433,4.356589147,9.5,10,6,3.5
551313.437,5289434.957,1275908.88,279360.8952,53.49228612,96175.64103,8.079365079,4,2655.69851,1383.560608,3.079365079,24.81161473,4.079365079,9,10,6,2
551563.437,5289434.957,1276729.035,279337.8396,56.4747191,98652.28947,8,4,2711.74707,1615.256714,3,22.43546099,4,9,10,6,2
550313.437,5289184.957,1272605.203,278632.9638,49.21534937,102013.7292,9,4,1859.80896,1585.380615,4,23.63573883,5,9.5,10,6,3.5
550563.437,5289184.957,1273425.359,278609.9076,46.82089552,100985.2083,8.911949686,4,1913.729094,1151.864502,3.911949686,27.16781609,4.911949686,9.5,10,6,3.5
550813.437,5289184.957,1274245.514,278586.8516,46.98287671,99485.21277,8.65408805,4,2147.338072,1151.864502,3.65408805,29.384,4.65408805,9.5,10,6,3.5
551063.437,5289184.957,1275065.67,278563.7958,46.63459336,97988.30435,8.335443038,4,2413.568732,1151.864502,3.335443038,30.42268041,4.335443038,9.5,10,6,3.5
551313.437,5289184.957,1275885.825,278540.7402,52.56192661,96424.86667,8.075,4,2646.21337,1615.256714,3.075,26.30389908,4.075,9,10,6,2
551563.437,5289184.957,1276705.98,278517.6849,55.98281787,98569.45455,8,4,2711.74707,1615.256714,3,22.78465063,4,9,10,6,2
551063.437,5288934.957,1275042.614,277743.6404,43.19102417,98056.69388,8.333333333,4,2405.923133,1463.675781,3.333333333,34.13003452,4.333333333,9.666666667,10,6,3.666666667
551313.437,5288934.957,1275862.769,277720.5851,50.32302406,97824.10417,8.086956522,4,2655.69851,1659.47168,3.086956522,28.08018328,4.086956522,9.5,10,6,3
551563.437,5288934.957,1276682.925,277697.53,52.3993135,97823.83333,8,4,2711.74707,1659.47168,3,26.19107551,4,9.5,10,6,3
551313.437,5288684.957,1275839.714,276900.4298,48.64982778,97196.79592,8.170886076,4,2570.127853,1561.57373,3.075949367,28.90470723,4.075949367,9.5,10,6,3
551563.437,5288684.957,1276659.87,276877.3749,48.66245695,98403.10204,8.100628931,4,2659.275267,1659.47168,3,30.37657865,4,9.5,10,6,3
551313.437,5288434.957,1275816.66,276080.2742,46.716916,97681.14286,8.421383648,4,2323.291793,1659.47168,3.044025157,30.62715765,4.056603774,9.5,10,6,3
551563.437,5288434.957,1276636.815,276057.2196,41.42250287,98838.16327,8.396226415,4,2374.943683,1659.47168,3,37.61079219,4,9.5,10,6,3
551313.437,5288184.957,1275793.605,275260.1184,45.61970218,98156.32653,8.664556962,4,2077.490761,1346.995697,3,31.36426117,4.037974684,9.5,10,6,3
551563.437,5288184.957,1276613.761,275237.0641,39.01836969,98327.93878,8.69375,4,2055.849529,788.494751,3,39.17336395,4,9.5,10,6,3
551813.437,5288184.957,1277433.916,275214.0099,33.77777778,101794.7347,8.708074534,4,2047.440586,788.494751,3,43.9862543,4,9.5,10,6,3
549063.437,5289684.957,1268550.535,280388.562,58.70444444,93894.3125,7.036585366,4,2349.87085,1205.137451,4.036585366,23.45558087,5.073170732,9.5,9,6,3
549313.437,5289684.957,1269370.691,280365.5042,62.47767857,93745.9697,7.2,4,2356.153267,1205.137451,4,20.21917808,5,9.5,9,6,3
549563.437,5289684.957,1270190.848,280342.4467,59.55752212,96608.5,7.775,4,2232.367641,1395.259033,4,23.80498866,5,9.5,9,6,3
549813.437,5289684.957,1271011.004,280319.3894,48.08,99367.65714,8.4,4,2063.551989,1585.380615,4,30.86136364,5,9.5,9,6,3
550063.437,5289684.957,1271831.16,280296.3323,46.37668161,100987.9444,8.904761905,4,1924.003687,1585.380615,4,29.88329519,5,10,10,6,5
549063.437,5289434.957,1268527.477,279568.405,61.08519553,94596.82051,7.088,4,2320.320602,1205.137451,4.088,21.11173975,5.176,9.5,9,6,3
549313.437,5289434.957,1269347.634,279545.3475,64.28969359,93943.9,7.206349206,4,2355.312006,1205.137451,4,18.65254237,5,9.5,9,6,3
549563.437,5289434.957,1270167.791,279522.2903,62.13183731,96312.87805,7.769230769,4,2234.278198,1395.259033,4,21.78409091,5,9.5,9,6,3
549813.437,5289434.957,1270987.947,279499.2332,52.5505618,99208.14286,8.348837209,4,2068.441821,1585.380615,4,26.85227273,5,9.5,9,6,3
550063.437,5289434.957,1271808.103,279476.1763,47.05485232,100868.5581,8.893939394,4,1919.229712,1585.380615,4,27.79943101,5,10,10,6,5
549063.437,5289184.957,1268504.42,278748.2479,64.5045977,96162.31111,7.101265823,4,2281.172839,1205.137451,4.101265823,17.68850575,5.202531646,9.5,9,6,3
549313.437,5289184.957,1269324.577,278725.1906,66.55402299,94826.02174,7.175,4,2361.069731,1205.137451,4,16.1183908,5,9.5,9,6,3
549563.437,5289184.957,1270144.734,278702.1336,60.71609195,96733.70213,7.732919255,4,2237.269729,1395.259033,4,19.87816092,5,9.5,9,6,3
549813.437,5289184.957,1270964.89,278679.0768,52.29977117,99121.10417,8.35443038,4,2060.41748,1585.380615,4,24.48453608,5,9.5,9,6,3
550063.437,5289184.957,1271785.047,278656.0202,48.85304248,100981,8.898734177,4,1926.678467,1585.380615,4,23.81745121,5,10,10,6,5
553313.437,5264934.957,1280212.063,198800.2825,59.46681922,53030.71429,7.719745223,9.012738854,2815.026131,1855.912537,10,17.38672769,10,10,10,6.666666667,3.333333333
553563.437,5264934.957,1281032.242,198777.254,55.96326062,55095.89796,6.863354037,9,3520.960671,1503.981567,10,19.58897819,10,10,10,6.666666667,3.333333333
553563.437,5264684.957,1281009.214,197957.0748,53.13844394,58469.89796,7.170886076,9.120253165,3259.531266,1503.981567,9.879746835,20.93363844,10,10,10,6.666666667,3.333333333
553563.437,5264434.957,1280986.186,197136.8952,52.64712644,61284.57143,7.696202532,9.348101266,2780.242147,1503.981567,9.683544304,22.20344828,10,10,10,6.666666667,3.333333333
553813.437,5264434.957,1281806.365,197113.8676,50.13793103,62318.89796,6.987341772,9.35443038,3383.558741,2337.942139,9.64556962,24.07816092,10,10,10,6.666666667,3.333333333
553563.437,5264184.957,1280963.158,196316.7154,54.30549199,65017.14286,8.403726708,9.645962733,2186.138187,1503.981567,9.447204969,23.14759725,10,10,10,6.666666667,3.333333333
553813.437,5264184.957,1281783.338,196293.688,46.89310345,65356.97959,7.955696203,9.67721519,2585.890597,2337.942139,9.32278481,25.31954023,10,10,10,7,4
553813.437,5263934.957,1281760.311,195473.508,46.1091954,69350.85714,8.698113208,9.924528302,1929.940392,1514.197388,9.075471698,26.58045977,10,10,10,7,5
554063.437,5263184.957,1282511.412,192989.9401,40.09299656,75368.12245,9,10,1640.13501,905.2304688,9,34.06544202,10,10,10,7,5
554063.437,5262934.957,1282488.386,192169.7591,42.20574713,76373.83673,9,10,1640.13501,905.2304688,9,32.97586207,10,10,10,7,5
554313.437,5262934.957,1283308.567,192146.7337,39.84845006,75423.91837,9,10,1640.13501,905.2304688,9,31.63949483,10,10,10,7,5
554063.437,5262684.957,1282465.361,191349.5777,44.89092997,77055.20408,9,10,1640.13501,905.2304688,9,27.9793341,10,10,10,7,5
554313.437,5262684.957,1283285.542,191326.5525,40.85632184,76105.28571,9,10,1640.13501,905.2304688,9,31.83103448,10,10,10,7,5
557813.437,5260934.957,1294606.92,185262.9854,49.70034443,89732.24444,9,10,2011.356846,1219.237915,7.056603774,27.98966705,9,9,7,6.5,2
558063.437,5260934.957,1295427.1,185239.9673,50.8091954,85086.42857,8.836477987,10,2063.172294,1125.616364,7.081761006,29.10574713,9.081761006,9,7,6.5,2
557813.437,5260684.957,1294583.902,184442.8052,49.25229358,85566.46939,9,10,2005.92364,1224.907104,7.037267081,29.14678899,9,9,7,6.5,2
558063.437,5260684.957,1295404.082,184419.7875,47.73684211,83574.26087,8.825,10,2061.333588,1197.986694,7.0875,30.402746,9.0875,9,7,6.5,2
557813.437,5260434.957,1294560.884,183622.6247,48.26121979,81888.73469,8.98125,10,1988.75662,1224.907104,7.01875,29.44073648,9,9,7,6.5,2
558063.437,5260434.957,1295381.065,183599.6073,47.00229621,79716.73469,8.85,10,2063.172294,1211.446899,7.075,29.98851894,9.075,9,7,6.5,2
557813.437,5260184.957,1294537.867,182802.4439,48.30619266,77640.97959,8.93125,10,1986.198893,1224.907104,7.06875,26.6766055,9,9,7.666666667,6.666666667,3
558063.437,5260184.957,1295358.048,182779.4267,49.12514351,75687.67347,8.874213836,10,2047.717848,1197.986694,7.062893082,26.16647532,9.062893082,9,7,6.5,2
558313.437,5260184.957,1296178.228,182756.4098,52.00689655,71112.4898,8.350318471,10,2367.233881,1197.986694,7.324840764,25.19655172,9.324840764,9,7,6.5,2
558313.437,5259934.957,1296155.212,181936.2292,49.06071019,66864.73469,8.358490566,10,2341.478952,929.7723389,7.320754717,23.97823597,9.320754717,9,7,6.5,2
552563.437,5279934.957,1279133.76,248079.6217,47.78530425,91275.97959,9.72327044,5.163522013,4506.777441,2249.202759,4.981132075,37.26291619,9.06918239,10,6.666666667,6,2.333333333
552813.437,5279934.957,1279953.922,248056.577,51.78325688,101076.3469,9.867088608,5.006329114,3883.516917,2249.202759,4.727848101,35.56422018,8.696202532,10,6.666666667,6,2.333333333
553063.437,5279934.957,1280774.084,248033.5324,58.58965517,110936.4082,9.893081761,5,3779.683362,2240.641602,4.452830189,31.62873563,8.446540881,10,6.5,6,3
552563.437,5279684.957,1279110.715,247259.4592,46.86911596,83131.97959,9.325,5.3,5505.751417,2240.641602,5,37.14466131,9.3,10,6.666666667,6,2.333333333
552813.437,5279684.957,1279930.877,247236.4147,50.83715596,94441.83673,9.701863354,5.074534161,4445.744851,2240.641602,4.819875776,34.35894495,8.894409938,10,6.666666667,6,2.333333333
553063.437,5279684.957,1280751.04,247213.3704,54.80322209,106991.4082,9.924050633,5.018987342,3718.071745,2240.641602,4.525316456,29.29689298,8.544303797,10,6.5,6,3
552813.437,5279434.957,1279907.833,246416.2521,54.39954076,87576.12245,9.169811321,5.20754717,5561.726887,2240.641602,4.86163522,27.18254879,9.06918239,10,6.666666667,6,2.333333333
553063.437,5279434.957,1280727.996,246393.2081,53.48515982,103977.5918,9.748427673,5.062893082,4071.969842,2240.641602,4.55345912,22.48858447,8.616352201,10,6.5,6,3
557313.437,5260434.957,1292920.522,183668.6608,50.76294591,82033.42857,8.668789809,10,2045.138121,1224.907104,7.458598726,24.35212888,9,9,8,7,4
557563.437,5260434.957,1293740.703,183645.6426,48.64,83053.32653,8.8375,10,2006.300855,1224.907104,7.21875,26.912,9,9,8,7,4
548563.437,5283184.957,1266310.786,259110.5144,61.91762014,88445.87755,8.25625,5,3978.318131,2713.199219,5.71875,20.61212815,7.45,10,7.75,6,3
548813.437,5283184.957,1267130.949,259087.4625,62.36956522,85664.61224,7.893081761,5,4270.743096,2459.159424,5.616352201,19.12929062,7.477987421,10,7.75,6,3
549063.437,5283184.957,1267951.112,259064.4107,65.39862543,84320.34694,7.506329114,4.987341772,4384.399649,2263.809814,5.392405063,16.43757159,7.329113924,10,8.666666667,6,3
549313.437,5283184.957,1268771.275,259041.3593,69.01034483,84134.83673,7.163522013,5,4299.408405,2635.30127,5.163522013,14.13793103,7.157232704,10,10,6,2
549563.437,5283184.957,1269591.437,259018.308,67.16036655,83638.91837,7,5,4216.236816,2635.30127,5,16.74799542,7,10,10,6,2
548313.437,5282934.957,1265467.571,258313.4032,59.97025172,89966.10204,8.15625,5,3863.029983,2967.239014,5.84375,23.40503432,7.6875,10,7.75,6,3
548563.437,5282934.957,1266287.734,258290.3512,60.60321101,88527.2449,8.025157233,5,4362.140898,2967.239014,5.974842767,21.57454128,7.949685535,10,7.75,6,3
548813.437,5282934.957,1267107.898,258267.2995,61.1021814,86854,7.775,5,4560.628684,2967.239014,5.8125,20.45809414,7.8125,10,7.75,6,3
549063.437,5282934.957,1267928.061,258244.248,66.20527523,86871.40816,7.45625,5,4629.089622,3006.792725,5.56875,16.40366972,7.56875,10,8.666666667,6,3
549313.437,5282934.957,1268748.223,258221.1967,70.26436782,89097.20408,7.164556962,5,4478.177666,3006.792725,5.329113924,13.40229885,7.329113924,10,10,6,2
549563.437,5282934.957,1269568.386,258198.1457,67.38505747,89823.02041,7,5,4394.418081,3006.792725,5.170886076,14.97356322,7.170886076,10,10,6,2
549813.437,5282934.957,1270388.548,258175.095,63.73593571,92055.28571,7.186335404,5,4231.878746,2836.720703,5.173913043,18.06544202,7.173913043,10,10,6,2
548563.437,5282684.957,1266264.683,257470.1877,57.02525832,91445.83673,8,5,4450.291391,2967.239014,6,23.69230769,8,10,7.75,6,3
548813.437,5282684.957,1267084.846,257447.1362,59.60390356,91867.63265,7.763975155,5,4653.640736,2967.239014,5.894409938,21.92307692,7.894409938,10,7.75,6,3
549063.437,5282684.957,1267905.009,257424.085,64.4467354,92663.34694,7.481012658,5,4799.308851,3006.792725,5.740506329,18.11912944,7.740506329,10,8.666666667,6,3
549313.437,5282684.957,1268725.172,257401.034,69.31917336,95640.93878,7.165605096,5,4748.80778,3006.792725,5.573248408,13.30769231,7.573248408,10,10,6,2
549563.437,5282684.957,1269545.335,257377.9832,70.22094361,99185.87755,7,5,4725.835234,3006.792725,5.5,11.84234753,7.5,10,10,6,2
549813.437,5282684.957,1270365.498,257354.9327,66.72716895,101367.4082,7.175,5,4558.645533,2836.720703,5.44375,14.83219178,7.44375,10,10,6,2
550063.437,5282684.957,1271185.66,257331.8824,58.89758343,103383.551,7.7125,5,4158.991832,2666.648682,5.3375,20.45339471,7.3375,10,10,6,2
550313.437,5282684.957,1272005.822,257308.8324,57.85894495,105091.7755,8.329192547,5,3594.216385,2666.648682,5.192546584,21.21559633,7.192546584,10,10,6,2
548813.437,5282434.957,1267061.795,256626.9727,60.16455696,97864.08163,7.784810127,5,4829.461621,2967.239014,5.981012658,21.82393556,7.981012658,10,8,6,2.333333333
549063.437,5282434.957,1267881.958,256603.9217,64.35550459,99807.36735,7.47826087,5,4992.024983,3006.792725,5.888198758,18.50688073,7.888198758,10,8.6,6,2.2
549313.437,5282434.957,1268702.122,256580.871,68.69036697,103304.9592,7.169811321,5,5059.54787,3006.792725,5.811320755,14.12041284,7.811320755,10,9.25,6,1.5
549563.437,5282434.957,1269522.285,256557.8204,69.50401837,106807.9796,7,5,5081.205362,3006.792725,5.786163522,12.77956372,7.786163522,10,9.4,6,1.6
549813.437,5282434.957,1270342.447,256534.7702,64.85287356,109612.6042,7.1125,5,4911.822174,2569.963654,5.73125,16.17586207,7.73125,10,10,6,1.75
548563.437,5286184.957,1266587.428,268952.4549,48.01947308,69838.16327,5.19375,4,4830.257124,3216.524658,4,29.32187858,4.95625,10,6.333333333,6,2
548563.437,5285934.957,1266564.374,268132.2945,50.27471264,68741.5102,5.613924051,4,4532.434026,3216.524658,4,26.41034483,4.955696203,10,6.333333333,6,2
548563.437,5285684.957,1266541.319,267312.1338,53.35125858,70745.46939,6.426751592,4,4046.075307,2689.278931,4,22.23455378,4.949044586,10,6.333333333,6,2
548563.437,5285434.957,1266518.265,266491.9729,58.45642202,75707.57143,7.267080745,4,3487.330266,2162.033203,4,21.75344037,4.931677019,10,6.333333333,6,2
548563.437,5285184.957,1266495.211,265671.8118,60.18442153,81837.95918,7.943396226,4,3014.623325,2162.033203,4,23.11569301,4.924528302,10,7,6,1
552313.437,5284684.957,1278751.501,263685.7125,45.26865672,87157.16327,8.070063694,4.070063694,4087.528558,2026.247314,3.070063694,37.45579793,4.993630573,10,7.333333333,6,1
552563.437,5284684.957,1279571.659,263662.6626,50.65825688,91781.06122,8.075471698,4.075471698,4088.467264,2026.247314,3.075471698,33.44151376,4.987421384,10,7.333333333,6,1
552813.437,5284684.957,1280391.817,263639.6129,57.31228473,92740.34694,8.088050314,4.088050314,4143.34887,2026.247314,3.088050314,27.75660161,4.968553459,9.75,7,5.75,1
552313.437,5284434.957,1278728.451,262865.5543,47.74539171,92315.91837,8.329192547,4.329192547,3655.950934,2026.247314,3.329192547,33.79608295,5,10,7.333333333,6,1
552563.437,5284434.957,1279548.61,262842.5047,49.47597254,97604,8.348101266,4.348101266,3642.053238,2026.247314,3.348101266,34.02974828,5,10,7.333333333,6,1
552813.437,5284434.957,1280368.767,262819.4553,51.45704467,100531.1633,8.348101266,4.348101266,3626.527637,2026.247314,3.348101266,32.02176403,5,9.75,7,5.75,1
552313.437,5284184.957,1278705.402,262045.396,48.65560641,96724.63265,8.666666667,4.666666667,3140.208684,2026.247314,3.666666667,33.2826087,5,10,7.333333333,6,1
552563.437,5284184.957,1279525.56,262022.3466,50.85960875,103222.2245,8.660377358,4.660377358,3031.237762,2026.247314,3.660377358,33.00690449,5,10,7.333333333,6,1
552813.437,5284184.957,1280345.718,261999.2974,51.11149425,106274.7143,8.672955975,4.672955975,3015.312597,2026.247314,3.672955975,31.80804598,5,9.75,7,5.75,1
552313.437,5283934.957,1278682.352,261225.2374,45.66323024,101782.1837,8.924050633,4.924050633,2629.193406,1396.415527,3.924050633,35.8556701,5,10,7,6,1
552563.437,5283934.957,1279502.511,261202.1882,48.61512027,109464.3673,8.925465839,4.925465839,2516.425033,1396.415527,3.925465839,34.18556701,5,10,7,6,1
552313.437,5283684.957,1278659.303,260405.0785,43.70149254,109093.5714,9,5,2504.031269,1634.453125,4,37.4902411,5,10,7,6,2
552563.437,5283684.957,1279479.462,260382.0297,46.46153846,115571.7347,9,5,2376.608712,1396.415527,4,35.16647532,5,10,6.666666667,6,1
552313.437,5283434.957,1278636.254,259584.9195,39.15304948,112792.4898,9.031055901,5,2548.84762,1396.415527,4,41.29459148,5.080745342,10,7,6,2
552563.437,5283434.957,1279456.413,259561.8709,43.18642117,118066.6327,9,5,2428.959153,1396.415527,4,38.4556962,5.088050314,10,7,6,2
552313.437,5283184.957,1278613.206,258764.7602,37.956621,117208.7959,9.2125,5,2839.122002,1778.586456,4,43.47945205,5.55,10,7,6,2
552563.437,5283184.957,1279433.365,258741.7118,38.87931034,121536.449,9.08125,5,2680.07633,1879.574829,4,42.47816092,5.425,10,7,6,2
552063.437,5282934.957,1277769.998,257967.649,41.60755149,117182.0612,9.4125,5,3305.755666,1965.864746,4,42.43363844,6.3875,10,7,6,2
552313.437,5282934.957,1278590.157,257944.6006,39.40778923,120213.7959,9.366459627,5,3157.632297,1922.719788,4,42.6838488,6.01242236,10,7,6,2
552563.437,5282934.957,1279410.317,257921.5525,38.79954181,122952.7347,9.178343949,5,3041.562284,1879.574829,4,42.58075601,5.853503185,10,7,6,2
548063.437,5281184.957,1264486.047,252595.3026,63.67812142,111618.1837,10,5,4696.06954,2730.990479,7,23.73768614,9,10,5.4,6,2
548313.437,5281184.957,1265306.212,252572.252,66.29621125,113551.2653,10,5,4842.090649,2899.290771,6.880503145,22.42709529,9,10,5.75,6,2.25
548563.437,5281184.957,1266126.377,252549.2017,66.68317972,116855.6809,10,5,4991.314514,2899.290771,6.590062112,23.73502304,9,10,5.75,6,2.25
548313.437,5280934.957,1265283.162,251752.0866,65.99311927,113429.5208,10,5.183544304,4793.061661,2899.290771,7.012658228,23.61238532,9.183544304,10,5.75,6,2.25
548563.437,5280934.957,1266103.327,251729.0365,66.40344828,116869.9556,10,5.183544304,4865.092297,2899.290771,6.734177215,24.4908046,9.183544304,10,5.75,6,2.25
548313.437,5280684.957,1265260.112,250931.9209,66.42183908,113282.9583,10,5.490566038,4649.129382,2899.290771,7.27672956,24.72758621,9.490566038,10,5.75,6,2.25
548563.437,5280684.957,1266080.277,250908.8711,65.69690011,116210.6364,10,5.493670886,4564.565009,2842.292969,6.974683544,25.60734788,9.493670886,10,5.75,6,2.25
548313.437,5280434.957,1265237.062,250111.755,66.82932417,112876.2917,10,5.78343949,4524.915451,2785.295166,7.522292994,24.95303551,9.78343949,10,5.75,6,2.25
548563.437,5280434.957,1266057.228,250088.7054,65.04942529,116187,10,5.801242236,4221.042587,2785.295166,7.248447205,26.35632184,9.801242236,10,6.4,6,3.2
548313.437,5280184.957,1265214.012,249291.5888,65.98050459,112672.75,9.987341772,6,4383.260815,2785.295166,7.721518987,25.625,10,10,5.5,6,3.5
548563.437,5280184.957,1266034.178,249268.5394,64.31917336,116217.7778,10,6,3989.550938,2785.295166,7.391304348,26.5912744,10,10,6.666666667,6,4.666666667
552313.437,5273934.957,1277760.586,228418.686,67.62844037,101793.9592,9.318471338,7.949044586,8493.708484,6284.334961,6.01910828,17.32798165,10,9.4,6.4,6,3.4
552563.437,5273934.957,1278580.755,228395.6471,63.26781609,113604.7551,8.949367089,7.626582278,7431.722934,4549.154297,5.981012658,21.80114943,10,9.25,6.25,6,3.25
552313.437,5273684.957,1277737.547,227598.5167,67.48568156,102582.6327,9.031446541,7.937106918,8656.77196,6284.334961,6.496855346,17.08934708,10,9.5,6.666666667,6,3
552563.437,5273684.957,1278557.717,227575.478,64.30494822,114788.1633,8.79245283,7.641509434,7595.509766,4549.154297,6.41509434,20.64441887,10,9.25,6.25,6,3.25
552313.437,5273434.957,1277714.509,226778.3471,66.34135166,104656.6735,8.90625,8,8820.730901,6284.334961,6.99375,18.16494845,10,9.6,6.6,6,2.8
552563.437,5273434.957,1278534.678,226755.3086,63.71885714,116914.9796,8.886792453,7.742138365,7737.748671,4549.154297,6.867924528,21.8,10,9.5,6.5,6,2.5
552313.437,5273184.957,1277691.47,225958.1772,63.07683486,105729.7143,9.012738854,8.503184713,8189.90441,6284.334961,7.585987261,22.22706422,10,9.6,6.6,6,2.8
552563.437,5273184.957,1278511.64,225935.139,61.53150057,118962.449,9.132911392,8.17721519,7223.392705,4486.521118,7.449367089,25.24971363,10,9.5,6.5,6,2.5
552313.437,5272934.957,1277668.432,225138.007,62.70642202,104430.9592,9.056603774,9.018867925,7457.192111,6284.334961,8.125786164,23.43463303,10,9.75,6.75,6,2.25
552563.437,5272934.957,1278488.602,225114.969,60.93592677,118638.1224,9.352201258,8.65408805,6657.077981,4423.887939,8.031446541,24.82379863,10,9.666666667,6.666666667,6,1.666666667
548813.437,5281184.957,1266946.542,252526.1516,65.97031963,119882.1163,10,5,5142.509892,2899.290771,6.275,23.67808219,9,10,7.6,6,3.2
549063.437,5281184.957,1267766.707,252503.1018,67.45684695,124068.8158,10,5,5189.096785,2741.348145,6.025316456,21.58227848,9,10,8.25,6,3.75
549313.437,5281184.957,1268586.871,252480.0523,66.77520278,129229.5,10,5.070063694,4784.27237,2583.405518,6,18.85168019,9.070063694,10,8.25,6,3.75
548813.437,5280934.957,1266923.492,251705.9867,66.05057471,119079.8049,10,5.202531646,4908.118433,2899.290771,6.436708861,23.61149425,9.202531646,10,7.6,6,3.2
549063.437,5280934.957,1267743.657,251682.9371,66.1757858,122224.4286,10,5.232258065,4857.495441,2741.348145,6.212903226,21.96740396,9.232258065,10,8.25,6,3.75
548813.437,5280684.957,1266900.443,250885.8215,65.29850746,118669.65,10,5.5,4493.838604,2842.292969,6.68125,24.5097589,9.5,10,7,6,3.75
549063.437,5280684.957,1267720.608,250862.7721,64.94581281,121919.1111,10,5.503355705,4197.662541,2420.272034,6.469798658,22.46059113,9.503355705,10,8.25,6,3.75
548813.437,5280434.957,1266877.393,250065.656,63.96674312,118334.45,10,5.817610063,4011.316832,2785.295166,6.949685535,25.53555046,9.817610063,10,7.666666667,6,4.666666667
549063.437,5280434.957,1267697.559,250042.6069,62.35202086,121965.7368,10,5.815602837,3572.490234,1413.09668,6.75177305,25.04563233,9.815602837,10,7.666666667,6,4.666666667
548813.437,5280184.957,1266854.344,249245.4903,62.51261468,118112.5952,10,6,3646.376715,2785.295166,7.088050314,26.76720183,10,10,8,6,6.5
549063.437,5280184.957,1267674.51,249222.4414,58.39068564,119151.7436,10,6,3037.861087,2099.195923,6.887323944,27.49288486,10,10,8,6,6.5
548813.437,5279934.957,1266831.295,248425.3243,56.86075949,116120.4091,10,6,3561.290294,2785.295166,7.093167702,29.83544304,10,10,8,6,6.5
549063.437,5279934.957,1267651.461,248402.2757,48.7997558,118123.0238,10,6,2917.64201,1413.09668,6.812080537,32.74358974,10,10,8,6,6.5
549313.437,5279934.957,1268471.627,248379.2273,40.80216383,121071.725,10,6,2320.474667,1413.09668,6.605042017,37.34775889,10,10,8,6,6.5
548813.437,5279684.957,1266808.247,247605.1581,50.62298851,114327.1087,10,6,3479.38577,1827.389038,7.132911392,32.50344828,10,10,7.5,6.25,5.25
549063.437,5279684.957,1267628.413,247582.1097,40.49597238,116361.9556,10,6,2859.779796,269.4730835,6.7625,37.36363636,10,10,7.5,6.25,5.25
549313.437,5279684.957,1268448.579,247559.0615,32.00385109,118878.6744,10,6,2245.063356,269.4730835,6.489361702,40.20154044,10,10,7.666666667,6.333333333,6.666666667
549063.437,5279434.957,1267605.365,246761.9434,36.45579793,114724.9787,9.9125,6,2958.17211,1048.431061,6.8375,39.16877153,10,10,7.5,6.25,5.25
549313.437,5279434.957,1268425.531,246738.8955,31.45717593,117426.9783,9.89375,6,2402.660668,269.4730835,6.5125,38.54398148,10,10,7.5,6.25,5.25
549063.437,5279184.957,1267582.317,245941.7769,43.51490826,111783.3673,9.575,6,3829.152254,1048.431061,7.09375,33.00344037,10,10,7.5,6.25,5.25
549313.437,5279184.957,1268402.483,245918.7292,39.64293915,114431.9583,9.455696203,6,3347.106179,269.4730835,6.784810127,34.30195178,10,10,7.5,6.25,5.25
549313.437,5278934.957,1268379.436,245098.5627,54.25977011,110644.3469,8.98136646,6,4653.450056,3010.933838,7.074534161,25.36091954,10,10,7.5,6.25,5.25
553063.437,5284684.957,1281211.974,263616.5635,57.37083812,94514.22449,8.126582278,4.088607595,3988.691093,1754.00824,3.088607595,26.98163031,4.867088608,9.666666667,6.666666667,5.666666667,1
553313.437,5284684.957,1282032.131,263593.5143,54.16018307,97773.77083,8.31875,4.075,3619.517087,1481.769165,3.075,30.50457666,4.60625,9.666666667,6.666666667,5.666666667,1
553063.437,5284434.957,1281188.925,262796.4061,53.08934708,102705.102,8.428571429,4.360248447,3497.640744,1754.00824,3.360248447,29.41237113,4.931677019,9.666666667,6.666666667,5.666666667,1
553313.437,5284434.957,1282009.082,262773.3572,49.07789233,106938.4792,8.622641509,4.270440252,3208.798624,1481.769165,3.270440252,33.20847652,4.647798742,9.666666667,6.666666667,5.666666667,1
552313.437,5274934.957,1277852.745,231699.3605,52.90700344,140607.2041,10,7.163522013,4677.872221,3946.69635,5.031446541,35.59471871,10,9,7,6,3.333333333
552313.437,5274684.957,1277829.705,230879.1923,56.84210526,125687.1224,9.910828025,7.420382166,5682.685509,6015.090332,5.076433121,31.28832952,10,9.25,6.75,6,2.75
552313.437,5274434.957,1277806.665,230059.0238,60.63802978,114313.0408,9.772151899,7.715189873,6948.187575,6015.090332,5.151898734,25.88659794,10,9.4,6.8,6,3
552563.437,5274434.957,1278626.833,230035.9844,58.69450801,126141.6735,9.422360248,7.472049689,6375.013728,4414.531982,5.298136646,28.26773455,10,9.25,6.75,6,2.75
552313.437,5274184.957,1277783.625,229238.8551,65.79405034,105673.9388,9.559748428,7.93081761,8058.046727,6015.090332,5.528301887,20.04576659,10,9.5,6.5,6,3.5
552563.437,5274184.957,1278603.794,229215.8159,61.92528736,118896.4082,9.158227848,7.626582278,7166.052148,4481.84314,5.620253165,24.10114943,10,9.333333333,6.333333333,6,3.333333333
548063.437,5282434.957,1264601.303,256696.1272,53.91159587,95849.32653,8,5,4162.659505,1833.525635,6,26.5315729,8,10,5.75,6,2.5
548313.437,5282434.957,1265421.467,256673.0755,56.69124424,95565.06122,8,5,4375.256986,2967.239014,6,24.69585253,8,10,6.6,6,2.2
548563.437,5282434.957,1266241.631,256650.024,58.69520548,96476.44898,8,5,4600.360201,2967.239014,6,22.42237443,8,10,6.6,6,2.2
548063.437,5282184.957,1264578.251,255875.9628,57.81121281,98741.61224,8.301886792,5,4359.843945,2216.555908,6.150943396,22.83409611,8.150943396,10,5.4,6,2.2
548313.437,5282184.957,1265398.416,255852.9113,62.4587156,99448.10204,8.269230769,5,4530.628523,2899.290771,6.134615385,20.51376147,8.134615385,10,6.6,6,2.2
548563.437,5282184.957,1266218.58,255829.86,63.54252874,101507.0612,8.275,5,4777.316344,2899.290771,6.0875,19.26321839,8.1375,10,6.6,6,2.2
548813.437,5282184.957,1267038.744,255806.809,64.88558352,104042.2653,8.113924051,5,5010.609131,2899.290771,6.03164557,19.00686499,8.151898734,10,7.6,6,1.8
549063.437,5282184.957,1267858.908,255783.7582,67.73050459,106882.1224,7.847133758,5,5182.450214,2583.405518,6,17.3956422,8.140127389,10,8.25,6,2
549313.437,5282184.957,1268679.071,255760.7077,68.27586207,110100.9792,7.639240506,5,5239.971824,2583.405518,5.987341772,15.61954023,8.14556962,10,9,6,1
549563.437,5282184.957,1269499.234,255737.6574,69.32068966,113704.8958,7.493670886,5,5291.806062,2583.405518,5.981012658,15.05517241,8.14556962,10,9.25,6,1.25
548063.437,5281934.957,1264555.2,255055.7981,62.46260069,102651.898,8.911392405,5,4554.976143,2557.92334,6.455696203,20.58688147,8.455696203,10,5.4,6,2.2
548313.437,5281934.957,1265375.364,255032.7468,65.76923077,104457.7347,8.8875,5,4773.972781,2899.290771,6.4,18.46039036,8.44375,10,6,6,2.333333333
548563.437,5281934.957,1266195.529,255009.6958,66.96440873,107567.8163,8.860759494,5,4940.254369,2899.290771,6.259493671,18.08725603,8.430379747,10,7,6,2
548813.437,5281934.957,1267015.693,254986.645,67.78971429,111181.3265,8.708074534,5,5085.504438,2899.290771,6.118012422,18.89142857,8.416149068,10,7.6,6,1.8
549063.437,5281934.957,1267835.857,254963.5945,67.90389016,114195.2708,8.597484277,5,5206.955106,2583.405518,6.012578616,18.68306636,8.440251572,10,8.25,6,2
549313.437,5281934.957,1268656.021,254940.5442,67.60366552,117898.5,8.455696203,5,5134.171693,2583.405518,6,18.35280641,8.449367089,10,9,6,1
549563.437,5281934.957,1269476.184,254917.4942,67.66896552,121285.7778,8.378881988,5,4991.561358,2583.405518,6,17.60114943,8.459627329,10,9.2,6,2.4
548063.437,5281684.957,1264532.148,254235.6332,65.19931271,105957.1633,9.518987342,5,4647.526095,2216.555908,6.759493671,20.08934708,8.759493671,10,5.5,6,2
548313.437,5281684.957,1265352.313,254212.5822,68.4183908,107653,9.5,5,4856.377291,2899.290771,6.66875,17.66666667,8.75,10,6,6,2.333333333
548563.437,5281684.957,1266172.478,254189.5314,70.72821101,111363.9796,9.48427673,5,4990.385016,2899.290771,6.440251572,18.0309633,8.742138365,10,7,6,2
548813.437,5281684.957,1266992.643,254166.4808,69.47187141,115178.9583,9.459119497,5,5113.539313,2899.290771,6.232704403,18.88404133,8.748427673,10,7.6,6,1.8
549063.437,5281684.957,1267812.807,254143.4305,68.73593571,118089.6889,9.397515528,5,5168.439651,2583.405518,6.037267081,19.60505166,8.757763975,10,9,6,1
549313.437,5281684.957,1268632.971,254120.3805,68.39105505,122343.8333,9.316455696,5,4941.078482,2583.405518,6,18.39678899,8.759493671,10,9,6,2.5
549563.437,5281684.957,1269453.134,254097.3307,67.84615385,125902.7073,9.325,5.00625,4689.138007,2583.405518,6,17.81171068,8.78125,10,9,6,2.5
548063.437,5281434.957,1264509.097,253415.468,64.76490826,109411.2245,9.987341772,5,4696.06954,2686.531982,6.993670886,21.57912844,8.993670886,10,5.333333333,6,1
548313.437,5281434.957,1265329.263,253392.4172,67.63145809,111201.5714,9.937106918,5,4854.220259,2899.290771,6.867924528,20.33983927,8.968553459,10,6,6,1
548563.437,5281434.957,1266149.428,253369.3667,68.35665138,114296.7917,9.937106918,5,4997.346661,2899.290771,6.578616352,21.47706422,8.968553459,10,6,6,1
548813.437,5281434.957,1266969.592,253346.3164,67.80229885,117418.4222,9.949685535,5,5140.533171,2899.290771,6.301886792,21.81609195,8.974842767,10,7.333333333,6,1
549063.437,5281434.957,1267789.757,253323.2663,68.19610092,122086.2143,9.956521739,5,5187.903884,2583.405518,6.043478261,21.21674312,8.98136646,10,8.666666667,6,3
549313.437,5281434.957,1268609.921,253300.2165,68.27720504,126453.5526,9.98089172,5,4852.813239,2583.405518,6,18.36998855,8.993630573,10,8.666666667,6,3
549563.437,5281434.957,1269430.085,253277.1669,67.55253837,130620.4595,10,5.064516129,4294.811424,2583.405518,6,17.57615112,9.064516129,10,8.666666667,6,3
549563.437,5281184.957,1269407.036,252457.0029,65.1770972,130587.7059,10,5.167883212,3841.475501,2583.405518,6,16.46604527,9.167883212,10,8.666666667,6,3
547563.437,5282434.957,1262960.974,256742.2314,54.82245132,105002.2857,8.267080745,5,3544.943233,1833.525635,5.832298137,23.54180985,7.664596273,10,5,6,2.5
547813.437,5282434.957,1263781.139,256719.1792,53.88901602,97935.69388,8.063694268,5,3950.799843,1833.525635,5.936305732,26.16704805,7.872611465,10,5,6,2.5
547563.437,5282184.957,1262937.922,255922.0665,57.19724771,105020.6122,8.462025316,5,3816.894604,2216.555908,6.132911392,21.41857798,8.101265823,10,5,6,2.5
547813.437,5282184.957,1263758.087,255899.0146,55.18348624,99789,8.327044025,5,4211.764801,2216.555908,6.163522013,23.63188073,8.163522013,10,5,6,2.5
547563.437,5281934.957,1262914.87,255101.9014,57.37757437,104570.898,9.012738854,5,4066.888069,2216.555908,6.477707006,20.9771167,8.477707006,10,5,6,2.5
547813.437,5281934.957,1263735.035,255078.8496,58.67087156,101639.0204,8.931677019,5,4379.021839,2216.555908,6.465838509,21.13876147,8.465838509,10,5,6,2.5
547313.437,5281684.957,1262071.652,254304.7878,61.11021814,109625.7143,9.6375,5,4090.105788,2195.33728,6.775,19.42479908,8.775,10,4.666666667,6,1.666666667
547563.437,5281684.957,1262891.818,254281.736,59.21191294,105277.2449,9.546583851,5,4287.445479,2216.555908,6.763975155,21.4513173,8.763975155,10,5,6,2.5
547813.437,5281684.957,1263711.983,254258.6845,62.12142039,104753.5102,9.544303797,5,4453.67149,2216.555908,6.772151899,21.3207331,8.772151899,10,5,6,2.5
547063.437,5281434.957,1261228.434,253507.6737,62.57258065,114158.3878,9.9875,5,4246.910335,2498.948242,6.9875,19.28801843,8.9875,10,4,6,1
547313.437,5281434.957,1262048.6,253484.6219,61.76808266,108598.9388,10,5,4349.498291,2486.360718,7,20.44202067,9,10,4.5,6,1
547563.437,5281434.957,1262868.766,253461.5704,60.58991982,106529.4286,10,5,4417.681702,2473.773193,7,22.09278351,9,10,4.5,6,1
547813.437,5281434.957,1263688.932,253438.5191,62.56142365,108113.0612,10,5,4569.599056,2473.773193,7,22.08266361,9,10,4.5,6,1
551313.437,5287934.957,1275770.551,274439.9624,46.26116838,97857.18367,8.918238994,4,1818.795285,1132.417664,3,30.11454754,4.037735849,10,10,6,4
551563.437,5287934.957,1276590.707,274416.9083,41.5486827,97136.59184,8.956521739,4,1755.145733,788.494751,3,35.90263459,4,10,10,6,4
551813.437,5287934.957,1277410.862,274393.8545,36.60091743,99052.40816,8.95625,4,1742.722339,788.494751,3,40.47591743,4,10,10,6,4
551313.437,5287684.957,1275747.497,273619.8062,46.66475316,95759.20408,8.955974843,4,1734.036652,1132.417664,3,28.673938,4.044025157,10,10,6,4
551563.437,5287684.957,1276567.653,273596.7524,44.21764032,95546.28571,9,4,1675.428955,788.494751,3,30.35853379,4,10,10,6,4
551813.437,5287684.957,1277387.809,273573.6988,44.51775487,96392.65306,9,4,1675.428955,788.494751,3,31.03780069,4,10,10,6,4
549813.437,5281934.957,1270296.348,254894.4444,66.96,124205.2444,8.471698113,5,4772.044613,2303.206604,5.981132075,17.90628571,8.459119497,10,9.75,6,2.75
550063.437,5281934.957,1271116.511,254871.3948,61.51894374,125720.1111,8.748427673,5,4399.918662,2023.00769,5.86163522,24.79908152,8.352201258,10,9.75,6,2.75
549813.437,5281684.957,1270273.298,254074.2811,66.41522491,127495.7317,9.301886792,5.037735849,4306.435684,2303.206604,6,18.84890427,8.805031447,10,9.75,6,2.75
549563.437,5279684.957,1269268.745,247536.0137,34.59510086,122464.6512,10,6,1600.883184,269.4730835,6.1953125,37.03746398,10,10,8.333333333,6.333333333,6
549563.437,5279434.957,1269245.697,246715.8479,36.38968825,121193.413,9.907894737,6,1847.927041,269.4730835,6.203947368,36.32494005,10,10,8.333333333,6.333333333,6
549813.437,5279434.957,1270065.863,246692.8005,46.80722892,119481.6957,9.905405405,6,1636.41271,1657.409637,6.047297297,31.62168675,10,10,8.333333333,6.333333333,6
549563.437,5279184.957,1269222.65,245895.6818,46.19977038,117650.8333,9.386075949,6,2995.89175,269.4730835,6.455696203,32.26636051,10,10,8.333333333,6.333333333,6
549813.437,5279184.957,1270042.816,245872.6347,54.59816303,117181.2449,9.465838509,6,2735.417912,269.4730835,6.322981366,28.73249139,10,10,8.333333333,6.333333333,6
549563.437,5278934.957,1269199.603,245075.5156,58.49770642,114186.4898,8.811320755,6,4299.544386,1640.203461,6.748427673,23.73509174,10,10,8.333333333,6.333333333,6
549813.437,5278934.957,1270019.769,245052.4687,63.63344788,112688.7143,8.949367089,6,3964.160087,3010.933838,6.639240506,22.86254296,10,10,8.333333333,6.333333333,6
550063.437,5282434.957,1271162.61,256511.7201,58.49599084,113618.2449,7.65,5,4382.352921,2666.648682,5.5625,22.64032073,7.5625,10,10,6,1.333333333
550313.437,5282434.957,1271982.772,256488.6703,60.27439724,114698.898,8.261146497,5,3781.623962,2344.828186,5.318471338,23.34213548,7.318471338,10,10,6,1.333333333
550563.437,5282434.957,1272802.934,256465.6208,59.19266055,118765.7347,8.835443038,5,3253.394027,2192.68045,5.082278481,25.92087156,7.082278481,10,10,6,1.5
550813.437,5282434.957,1273623.096,256442.5715,59.81515499,119916.2449,9,5,3075.809179,1970.386475,5,26.44546498,7,10,9.333333333,6,2.666666667
551063.437,5282434.957,1274443.258,256419.5224,59.90241102,121191.6327,9.076433121,5,3103.075132,2040.532715,4.923566879,26.70723307,7,10,9.333333333,6,2.666666667
551313.437,5282434.957,1275263.419,256396.4736,57.92334096,121825.3878,9.352201258,5,3277.231188,1970.386475,4.647798742,27.23226545,7,10,9.5,6,2.25
551563.437,5282434.957,1276083.58,256373.425,56.3115693,122657,9.670886076,5,3430.990589,2082.907166,4.329113924,28.51088202,7,10,8.8,6,2
549813.437,5282184.957,1270319.397,255714.6074,65.54649828,116623.9149,7.556962025,5,5099.222681,2303.206604,5.96835443,17.98277842,8.132911392,10,10,6,1.333333333
550063.437,5282184.957,1271139.56,255691.5576,60.05606407,119864.8723,8.012578616,5,4566.468137,2023.00769,5.748427673,23.24599542,7.918238994,10,10,6,1.333333333
550313.437,5282184.957,1271959.723,255668.508,58.55097365,122234.8542,8.528301887,5,3935.318028,2023.00769,5.490566038,25.77777778,7.660377358,10,10,6,1.333333333
550563.437,5282184.957,1272779.885,255645.4587,57.38946163,122967.7143,8.937888199,5,3442.158125,2023.00769,5.273291925,28.69988545,7.434782609,10,10,6,1.5
550813.437,5282184.957,1273600.047,255622.4097,58.55287356,124149.4694,9.148148148,5,3184.259463,2110.678955,5.148148148,27.32528736,7.296296296,10,9.5,6,2.25
551063.437,5282184.957,1274420.209,255599.3609,59.33676976,124789.6939,9.221518987,5,3216.070535,2110.678955,5.069620253,25.84879725,7.291139241,10,9.5,6,2.25
551313.437,5282184.957,1275240.37,255576.3123,58.06544202,126744.0816,9.453416149,5,3344.638135,2110.678955,4.757763975,24.00574053,7.211180124,10,9.5,6,2.25
550313.437,5281934.957,1271936.673,254848.3455,60.56946039,125351.6522,9.044025157,5,3949.404325,2023.00769,5.685534591,25.91274397,8.157232704,10,10,6,1.333333333
551313.437,5281934.957,1275217.322,254756.1508,58.17146145,127848.5306,9.622641509,5,3560.381563,2110.678955,5.012578616,21.56731876,7.635220126,10,9.5,6,2.25
552063.437,5268184.957,1276410.578,209577.7498,49.05504587,71286.81633,9,10,1795.386833,816.2510986,10,11.11009174,10,10,10,7,3
552063.437,5267934.957,1276387.545,208757.5732,55.18296893,74194.16327,9,10,1888.2654,816.2510986,10,10.54545455,10,10,9.666666667,6.666666667,3.666666667
552313.437,5267934.957,1277207.721,208734.5401,42.11899314,71851.65306,9,10,1927.691731,816.2510986,10,10.74599542,10,10,9.666666667,6.666666667,3.666666667
552063.437,5267684.957,1276364.511,207937.3964,56.36926606,78441.4898,9,10,2060.290778,816.2510986,10,11.79816514,10,10,9.666666667,6.666666667,3.666666667
552313.437,5267684.957,1277184.688,207914.3635,45.77803204,75866.26531,9,9.98757764,2073.201616,816.2510986,10,11.84897025,10,10,9.666666667,6.666666667,3.666666667
552563.437,5267684.957,1278004.865,207891.3309,37.65517241,74080.16327,9,9.900621118,2070.80244,816.2510986,10,21.44137931,10,10,9.666666667,6.666666667,3.666666667
552063.437,5267434.957,1276341.479,207117.2192,59.60599078,82172.87755,9,10,2327.637578,816.2510986,10,13.83410138,10,10,9.666666667,6.666666667,3.666666667
552313.437,5267434.957,1277161.656,207094.1866,53.56781609,80019.06122,9,9.93081761,2347.682163,1290.071899,10,13.73103448,10,10,9.666666667,6.666666667,3.666666667
552563.437,5267434.957,1277981.833,207071.1542,45.39908257,77823.67347,9,9.767295597,2327.852884,1290.071899,10,19.70298165,10,10,9.666666667,6.666666667,3.666666667
552063.437,5267184.957,1276318.446,206297.0418,55.29735936,85966.59184,9,10,2613.385745,1763.8927,10,16.88174512,10,10,9.666666667,6.666666667,3.666666667
552313.437,5267184.957,1277138.623,206274.0094,55.13287514,84639,9,9.893081761,2555.053958,1763.8927,10,15.79610538,10,10,9.666666667,6.666666667,3.666666667
552563.437,5267184.957,1277958.801,206250.9773,52.2862069,81819.61224,9,9.672955975,2568.291906,1763.8927,10,16.63218391,10,10,9.666666667,6.666666667,3.666666667
552813.437,5267184.957,1278778.978,206227.9455,46.29095074,77972.44898,9,9.385093168,2590.395605,1596.170349,10,21.51546392,10,10,9.5,7,3
552063.437,5266934.957,1276295.413,205476.864,53.16781609,86029.12245,9,10,2675.196442,1763.8927,10,19.16091954,10,10,9.5,7,3
552313.437,5266934.957,1277115.591,205453.8318,53.4684271,86041.26531,9,9.90625,2702.054846,1763.8927,10,18.26980482,10,10,9.5,7,3
552563.437,5266934.957,1277935.769,205430.8,54.69221968,84373.30612,9,9.641509434,2712.644951,1763.8927,10,17.20594966,10,10,9.5,7,3
552813.437,5266934.957,1278755.946,205407.7685,53.03661327,80431.61224,9,9.327044025,2747.447072,1596.170349,10,17.96681922,10,10,9.5,7,3
552063.437,5266684.957,1276272.381,204656.6859,55.43218391,81602.55102,9,10,2675.57516,1763.8927,10,21.25402299,10,10,9.666666667,6.666666667,2.666666667
552313.437,5266684.957,1277092.559,204633.6539,54.05184332,81971.30612,9,9.955974843,2709.477032,1763.8927,10,20.15207373,10,10,9.5,7,3
552563.437,5266684.957,1277912.737,204610.6224,53.07437071,81285.63265,9,9.702531646,2730.073372,1763.8927,10,19.44851259,10,10,9.5,7,3
552813.437,5266684.957,1278732.915,204587.5911,51.82036613,78676.59184,9,9.386075949,2752.096582,1771.938416,10,18.36727689,10,10,9.5,7,3
552313.437,5266434.957,1277069.528,203813.4758,55.72050401,76326.44898,8.993670886,9.987341772,2706.48968,1687.569458,10,21.96678121,10,10,9.666666667,6.666666667,2.666666667
552563.437,5266434.957,1277889.706,203790.4444,51.64187643,76171.02041,9,9.76875,2725.630859,1687.569458,10,22.70022883,10,10,9.666666667,6.666666667,2.666666667
552813.437,5266434.957,1278709.884,203767.4134,50.47416762,73939.85714,9,9.459627329,2748.753773,1947.706482,10,21.19632606,10,10,9.666666667,6.666666667,2.666666667
553063.437,5266434.957,1279530.062,203744.3827,45.23482245,69980.40816,9,9.170886076,2772.211416,2207.843506,10,24.10309278,10,10,9.75,6.75,2.75
552313.437,5266184.957,1277046.496,202993.2972,56.65822785,70930.32653,8.801242236,9.782608696,2656.711727,1687.569458,10,22.15995397,10,10,9.666666667,6.666666667,2.666666667
552563.437,5266184.957,1277866.675,202970.2662,52.67281106,69811.2449,8.817610063,9.635220126,2704.45289,1687.569458,10,24.69354839,10,10,9.666666667,6.666666667,2.666666667
552813.437,5266184.957,1278686.853,202947.2354,50.86697248,68122.89796,8.830188679,9.421383648,2725.821092,1947.706482,10,22.1456422,10,10,9.75,6.75,2.75
553063.437,5266184.957,1279507.031,202924.205,48.00114548,65496.10204,8.855345912,9.188679245,2751.268037,2207.843506,10,22.2187858,10,10,9.75,6.75,2.75
552563.437,5265934.957,1277843.644,202150.0876,57.27574371,63752.08163,8.522012579,9.421383648,2664.07435,1687.569458,10,22.90160183,10,10,9.666666667,6.666666667,2.666666667
552813.437,5265934.957,1278663.823,202127.0571,52.55287356,62876.55102,8.534591195,9.27672956,2680.644067,1947.706482,10,23.11954023,10,10,9.75,6.75,2.75
553063.437,5265934.957,1279484.001,202104.0269,52.39175258,60213.40816,8.503144654,9.125786164,2698.396432,2207.843506,10,20.03550974,10,10,9.75,6.75,2.75
552813.437,5265684.957,1278640.793,201306.8784,57.05154639,57723.97959,8.234177215,9.132911392,2632.657865,1565.93668,10,22.25658648,10,10,9.75,6.75,2.75
552063.437,5269934.957,1276571.819,215318.9766,61.63417431,85592.46939,8.559748428,10,4208.44145,1986.493469,10,20.9587156,10,10,10,6,2.666666667
552063.437,5269684.957,1276548.784,214498.8023,62.89758343,81934.06122,9.1,10,4499.11574,2508.581787,10,20.1726122,10,10,10,6,2.666666667
552063.437,5269434.957,1276525.749,213678.6277,65.43069874,77608.55102,9.6125,10,4805.951826,2508.581787,10,17.66208477,10,10,10,6,3
552313.437,5269434.957,1277345.924,213655.593,63.44050343,81200.44898,9.550632911,10,4681.591639,2508.581787,10,19.8798627,10,10,10,6,3
552063.437,5269184.957,1276502.714,212858.4527,65.21052632,73283.04082,9.863354037,10,4789.075895,2508.581787,10,17.78489703,10,10,10,6,3
552313.437,5269184.957,1277322.889,212835.4183,65.31042383,75528.38776,9.841772152,10,4851.634875,2508.581787,10,18.3768614,10,10,10,6,3
552063.437,5268934.957,1276479.68,212038.2774,59.49199085,69005.28571,9.635220126,10,3882.595632,1132.325562,10,20.00800915,10,10,10,6,3
552313.437,5268934.957,1277299.855,212015.2433,58.39954076,69950.85714,9.645962733,10,4156.424084,1132.325562,10,18.11136625,10,10,10,6,3
552063.437,5268684.957,1276456.646,211218.1019,53.70229885,68151.04082,9.364779874,10,3004.283695,1132.325562,10,18.13103448,10,10,10,6,3
552313.437,5268684.957,1277276.821,211195.0679,49.44851259,65626.32653,9.377358491,10,3261.010186,1132.325562,10,15.05263158,10,10,10,6,3
548063.437,5282684.957,1264624.355,257516.2914,56.12858783,93484.20408,8.107594937,5,3818.825863,2400.382324,5.892405063,25.61997704,7.784810127,10,5.5,6,4
548313.437,5282684.957,1265444.519,257493.2394,57.02068966,92160.95918,8.006329114,5,4177.210028,2967.239014,5.993670886,24.53908046,7.987341772,10,7,6,3
553063.437,5265684.957,1279460.971,201283.8485,56.85354691,55825.46939,8.113924051,9.056962025,2709.127544,2207.843506,10,19.03546911,10,10,9.666666667,6.333333333,3.333333333
553313.437,5265684.957,1280281.15,201260.8189,55.68275862,55655.20408,7.624203822,9,3064.850429,2207.843506,10,18.44942529,10,10,9.666666667,6.333333333,3.333333333
553063.437,5265434.957,1279437.942,200463.6698,60.28784404,51098.95918,7.943037975,9,2634.387308,2207.843506,10,18.70298165,10,10,10,6.5,2.5
553313.437,5265434.957,1280258.12,200440.6404,58.40846682,51635.67347,7.358490566,9,3107.801266,2207.843506,10,17.08810069,10,10,10,6.5,2.5
553313.437,5265184.957,1280235.091,199620.4616,60.0412844,50244.7551,7.544303797,9,2998.130789,2207.843506,10,16.99426606,10,10,10,6.5,2.5
552063.437,5268434.957,1276433.612,210397.926,47.18233945,69139.10204,9.1375,10,2204.317826,1132.325562,10,14.96674312,10,10,10,6,5
552313.437,5268434.957,1277253.788,210374.8923,37.63636364,65650.30612,9.13836478,10,2418.397107,1132.325562,10,13.05063291,10,10,10,6,5
552313.437,5268184.957,1277230.754,209554.7163,35.64759725,68157.10204,9,10,1896.989014,974.2883301,10,10.02631579,10,10,10,6,5
550563.437,5282684.957,1272825.984,257285.7826,62.18213058,108078.6122,8.849056604,5,3149.551072,2318.517578,5.025157233,20.93928981,7.050314465,10,10,6,2
550813.437,5282684.957,1273646.145,257262.733,64.67734554,109926.9796,9,5,3075.244306,1970.386475,5,22.78146453,7,10,9,6,3.5
551063.437,5282684.957,1274466.307,257239.6837,62.56651376,111492.9592,8.99378882,5,3138.408973,1970.386475,4.881987578,25.87844037,7.031055901,10,9,6,3.5
551313.437,5282684.957,1275286.468,257216.6346,58.23226545,112685.5306,9.213836478,5,3303.633407,1970.386475,4.610062893,29.50114416,7.044025157,10,9,6,3.5
551563.437,5282684.957,1276106.628,257193.5858,55.57701149,115320.102,9.53164557,5,3467.69386,1965.864746,4.316455696,31.57816092,7.037974684,10,9,6,3.5
551813.437,5282684.957,1276926.789,257170.5372,51.11582569,119449.0612,9.819875776,5,3568.890384,1965.864746,4.055900621,34.44954128,6.97515528,10,7,6,3
552063.437,5282684.957,1277746.949,257147.4889,45.76524741,122294.102,9.7875,5,3510.026161,1965.864746,4,38.40391254,6.69375,10,7,6,3
552313.437,5282684.957,1278567.109,257124.4408,42.4075775,124301.0408,9.506329114,5,3408.531964,1922.719788,4,40.15154994,6.398734177,10,7,6,3
552563.437,5282684.957,1279387.269,257101.393,40.53828571,125688.2449,9.2375,5,3316.945614,1879.574829,4,41.16228571,6.15,10,7,6,3
548563.437,5286434.957,1266610.483,269772.6151,46.69275029,74860.16327,5.65625,4,4123.606835,2211.218323,4,30.83084005,4.9625,10,6,6,2.5
